True Label,Predicted Label,Confidence
0.0,0,0.05251524
1.0,1,0.7853728
1.0,1,0.8295302
0.0,0,0.011384534
1.0,1,0.81239367
0.0,1,0.50275576
0.0,0,0.27769813
0.0,0,0.20712538
1.0,1,0.8714592
1.0,1,0.95215464
1.0,0,0.38478804
1.0,1,0.96861595
0.0,1,0.61738205
1.0,1,0.8208784
0.0,0,0.02924179
0.0,0,0.026862275
0.0,0,0.05769604
1.0,1,0.97557706
0.0,0,0.024812236
1.0,0,0.08288354
1.0,0,0.36992496
1.0,1,0.9784134
1.0,1,0.9796317
1.0,1,0.95914197
1.0,1,0.9658307
1.0,1,0.93526417
0.0,0,0.1597515
1.0,1,0.8773876
1.0,1,0.78479844
1.0,1,0.9138902
0.0,0,0.030844875
0.0,1,0.60538816
0.0,1,0.56961656
0.0,0,0.14958031
0.0,0,0.18723293
1.0,1,0.964261
1.0,1,0.874605
1.0,1,0.91655844
0.0,0,0.14634222
0.0,0,0.025848236
0.0,0,0.20500877
0.0,1,0.43096563
0.0,0,0.010647924
0.0,0,0.0022160374
1.0,1,0.9682786
1.0,1,0.9656527
1.0,1,0.93117756
0.0,1,0.9733856
0.0,0,0.0013862527
1.0,1,0.9816263
1.0,1,0.9762348
1.0,1,0.97952646
0.0,0,0.018511929
0.0,0,0.0037159137
0.0,0,0.101158276
1.0,1,0.8528977
1.0,1,0.7206235
0.0,1,0.5642947
0.0,0,0.115667254
1.0,1,0.85252863
0.0,0,0.33311749
0.0,1,0.54782134
0.0,1,0.4767193
1.0,1,0.98005617
1.0,1,0.9195397
1.0,1,0.8409492
0.0,0,0.16681571
1.0,1,0.9217692
1.0,1,0.9742436
1.0,1,0.428994
1.0,1,0.8468149
0.0,0,0.0017040627
1.0,1,0.9407098
1.0,1,0.9792053
1.0,1,0.9186321
1.0,1,0.9859965
1.0,1,0.98368496
1.0,1,0.9750874
0.0,0,0.040227395
1.0,1,0.97065514
0.0,0,0.096283205
1.0,1,0.7377473
1.0,1,0.88283217
1.0,1,0.9588755
0.0,0,0.0050487136
1.0,1,0.82434374
1.0,0,0.29786023
0.0,0,0.03793765
1.0,1,0.96097994
0.0,0,0.13911456
0.0,1,0.75075763
1.0,1,0.97768545
1.0,1,0.9194845
1.0,1,0.9038625
0.0,0,0.038440146
0.0,0,0.105762884
0.0,0,0.003696843
0.0,0,0.0080318805
0.0,0,0.001983318
0.0,0,0.26091334
1.0,1,0.52159536
0.0,0,0.21389423
1.0,1,0.90230095
1.0,1,0.7452147
1.0,1,0.833075
1.0,1,0.9725511
1.0,1,0.8217741
1.0,0,0.35004792
1.0,1,0.9788095
1.0,1,0.7639477
1.0,1,0.9818326
0.0,1,0.78668946
1.0,1,0.96130836
1.0,0,0.09722832
1.0,1,0.8949397
1.0,1,0.96713966
0.0,1,0.70420617
1.0,1,0.9524376
1.0,0,0.19174562
0.0,1,0.4938095
1.0,1,0.64434767
1.0,1,0.9289229
0.0,0,0.34049693
1.0,1,0.979366
0.0,0,0.032798134
1.0,1,0.88578063
0.0,0,0.054047354
1.0,1,0.9687674
1.0,1,0.8816821
0.0,0,0.116367035
0.0,0,0.06020563
1.0,1,0.9152658
0.0,0,0.0011146717
0.0,0,0.029409625
0.0,0,0.0074330573
0.0,0,0.024680763
0.0,0,0.0128705725
0.0,1,0.5272435
0.0,0,0.099100806
1.0,1,0.706529
0.0,0,0.00761935
0.0,1,0.6041603
1.0,1,0.7077626
1.0,1,0.8967895
0.0,1,0.4297446
0.0,0,0.032542646
0.0,0,0.0057701846
0.0,0,0.08183336
1.0,1,0.8317456
0.0,0,0.14760883
1.0,1,0.93325204
1.0,1,0.7880169
0.0,0,0.19097796
1.0,1,0.8492344
0.0,0,0.010507871
1.0,1,0.9718872
0.0,0,0.2590066
0.0,0,0.02381727
0.0,0,0.038164534
0.0,0,0.010734954
0.0,0,0.0043639312
0.0,0,0.33112407
1.0,1,0.47425354
1.0,1,0.7343031
0.0,0,0.0055593196
0.0,0,0.00054033287
1.0,1,0.8812503
1.0,1,0.8844687
0.0,0,0.19273269
0.0,0,0.026316702
0.0,0,0.19746871
0.0,0,0.029544245
1.0,1,0.87981844
0.0,0,0.30595765
1.0,1,0.931743
0.0,0,0.026519269
1.0,1,0.9827114
0.0,0,0.25497374
0.0,1,0.7220053
1.0,1,0.6855624
0.0,0,0.24861452
0.0,0,0.14743988
0.0,1,0.8387569
0.0,0,0.0028904567
1.0,1,0.89379776
1.0,1,0.9538235
1.0,1,0.9366496
1.0,1,0.95379895
1.0,1,0.9647219
0.0,0,0.052820615
1.0,1,0.920081
0.0,0,0.005366879
1.0,1,0.8053247
1.0,0,0.20929627
1.0,1,0.94935733
1.0,1,0.9447661
0.0,0,0.05086553
1.0,1,0.8152394
0.0,0,0.05112688
0.0,0,0.05082526
1.0,0,0.3804428
1.0,1,0.8145276
1.0,1,0.80659515
1.0,1,0.9803824
1.0,0,0.4052228
0.0,0,0.0011512948
1.0,1,0.8452593
1.0,1,0.8965852
0.0,0,0.13952446
1.0,0,0.11975857
1.0,1,0.95029294
0.0,0,0.0118392445
1.0,1,0.4415771
0.0,0,0.020849874
1.0,1,0.70340514
1.0,1,0.967533
1.0,0,0.4031234
1.0,1,0.4992505
0.0,0,0.102276504
0.0,0,0.11281459
1.0,1,0.95075536
0.0,0,0.036908563
0.0,0,0.0021043178
1.0,1,0.900876
0.0,0,0.024880098
1.0,1,0.8143239
0.0,0,0.19347584
1.0,1,0.94192696
1.0,1,0.8355062
0.0,0,0.011664946
0.0,0,0.064713284
1.0,1,0.7001667
1.0,1,0.84973514
1.0,1,0.7855476
1.0,1,0.9753251
1.0,1,0.9351685
0.0,0,0.1445999
1.0,1,0.97315645
1.0,1,0.69757545
0.0,0,0.007782035
1.0,1,0.9604207
1.0,1,0.9584716
0.0,0,0.0035827002
0.0,0,0.33991477
0.0,1,0.7229589
1.0,1,0.9464952
0.0,0,0.02426728
0.0,0,0.00072483654
1.0,1,0.9679078
0.0,0,0.03659764
0.0,0,0.10050568
1.0,1,0.9789574
0.0,0,0.010211885
1.0,1,0.84982
0.0,0,0.0017327061
0.0,0,0.0037113836
1.0,1,0.93204653
1.0,1,0.9838041
0.0,1,0.8702139
0.0,0,0.018486276
0.0,0,0.007536295
0.0,0,0.0029820804
1.0,1,0.9602693
0.0,0,0.021196276
0.0,0,0.011922351
1.0,1,0.81628513
1.0,1,0.8586157
1.0,1,0.9748904
0.0,0,0.052325238
1.0,1,0.9575645
1.0,1,0.75684416
0.0,0,0.0012354227
1.0,1,0.8195015
1.0,1,0.6992413
0.0,0,0.08649313
0.0,0,0.0021630186
1.0,1,0.9672864
1.0,1,0.9444624
1.0,1,0.90105987
0.0,1,0.8840786
0.0,0,0.039053712
0.0,1,0.45428187
1.0,1,0.87132263
0.0,0,0.022829434
0.0,0,0.020715108
0.0,0,0.019571595
1.0,0,0.19965291
1.0,0,0.37026182
1.0,0,0.054464735
0.0,0,0.005926458
1.0,1,0.8478068
0.0,0,0.005341242
0.0,0,0.014025719
1.0,1,0.8964713
0.0,0,0.3661151
0.0,0,0.19446021
0.0,1,0.52563965
1.0,1,0.94743824
0.0,0,0.0018306717
0.0,0,0.02518635
0.0,0,0.03728618
0.0,0,0.03916043
0.0,0,0.15641001
0.0,0,0.00421185
1.0,1,0.9528677
0.0,0,0.037312083
0.0,0,0.27655593
1.0,1,0.8742
0.0,0,0.020865986
0.0,0,0.01050014
1.0,1,0.8491209
1.0,1,0.856548
1.0,1,0.70470244
1.0,1,0.95994
0.0,0,0.0032064694
1.0,1,0.85033125
0.0,0,0.10093232
1.0,1,0.979109
1.0,1,0.9713549
0.0,0,0.03868334
1.0,1,0.9562317
1.0,1,0.98006225
1.0,1,0.9770144
0.0,0,0.03844713
1.0,1,0.8948379
0.0,0,0.15055197
1.0,1,0.9481962
1.0,1,0.983615
1.0,1,0.95822823
0.0,1,0.70185757
0.0,0,0.04351412
1.0,1,0.8526852
1.0,1,0.9817756
0.0,0,0.37562677
0.0,1,0.5122719
0.0,0,0.01649467
1.0,1,0.9717483
0.0,0,0.099710256
1.0,1,0.9420411
1.0,1,0.9814925
0.0,0,0.21048638
0.0,0,0.26646855
0.0,1,0.7082863
0.0,0,0.123124965
1.0,1,0.96698815
1.0,1,0.98317313
1.0,1,0.8335968
1.0,1,0.953023
0.0,0,0.06966949
0.0,0,0.08062891
1.0,1,0.72140515
0.0,0,0.16229689
0.0,0,0.030100102
0.0,0,0.08278208
0.0,0,0.41473228
1.0,1,0.8264068
1.0,1,0.98017544
0.0,0,0.0018008823
0.0,0,0.031794623
0.0,0,0.06770333
0.0,0,0.0041310713
0.0,0,0.17171758
1.0,1,0.8305797
0.0,0,0.12209571
0.0,1,0.54856706
0.0,0,0.0022315513
1.0,1,0.6493343
1.0,1,0.97086924
0.0,0,0.0046423543
0.0,0,0.26776758
1.0,1,0.98182106
1.0,1,0.8794674
1.0,1,0.8697325
1.0,1,0.45999444
0.0,1,0.49868667
0.0,1,0.6638086
0.0,0,0.0063834824
1.0,1,0.8636704
0.0,0,0.2653031
1.0,1,0.9583742
0.0,0,0.29346776
0.0,0,0.36893308
1.0,1,0.9163686
1.0,1,0.73402977
1.0,1,0.9530261
1.0,1,0.88443345
0.0,0,0.010744824
1.0,1,0.97898495
0.0,0,0.022390915
0.0,0,0.36602685
0.0,1,0.6243194
0.0,0,0.24603629
1.0,1,0.94961214
0.0,0,0.028619237
1.0,0,0.09685948
1.0,1,0.69779897
0.0,0,0.007456196
1.0,0,0.24180932
0.0,1,0.57890046
1.0,0,0.12173276
1.0,1,0.9795061
1.0,1,0.47243872
0.0,0,0.050353233
1.0,1,0.9815579
1.0,1,0.49873182
0.0,0,0.14038731
1.0,1,0.97361505
0.0,0,0.005832375
0.0,0,0.07841652
1.0,1,0.94166195
0.0,0,0.007385183
1.0,1,0.8466086
0.0,0,0.0039142286
1.0,1,0.9812585
1.0,1,0.8652821
1.0,1,0.8950627
0.0,0,0.020062441
1.0,1,0.7995619
0.0,0,0.009296424
1.0,1,0.701653
0.0,0,0.117672496
1.0,1,0.9205498
0.0,0,0.01620351
0.0,0,0.0875301
0.0,0,0.002612094
1.0,1,0.9261354
0.0,0,0.011037135
0.0,0,0.17066412
0.0,0,0.03294472
0.0,0,0.13247311
1.0,1,0.80617225
1.0,1,0.8230765
1.0,1,0.9542142
1.0,1,0.47722337
0.0,0,0.0051566823
1.0,1,0.81242263
1.0,1,0.9693291
1.0,1,0.9276557
1.0,1,0.96380925
1.0,1,0.9683364
0.0,0,0.009819206
0.0,0,0.0030701158
1.0,1,0.9509231
1.0,1,0.9785323
1.0,1,0.96733975
0.0,0,0.119442
0.0,0,0.055303823
0.0,0,0.15736073
0.0,0,0.14002867
1.0,1,0.62113917
1.0,1,0.94712675
0.0,0,0.29856262
0.0,0,0.0055670994
1.0,1,0.96625805
1.0,1,0.9802954
0.0,0,0.025762232
1.0,1,0.89457583
0.0,1,0.45599887
0.0,0,0.017852467
1.0,1,0.7260815
1.0,1,0.9692571
1.0,1,0.67894816
1.0,1,0.9593601
1.0,1,0.8250944
1.0,1,0.9657041
0.0,0,0.16054165
1.0,1,0.90529835
0.0,0,0.1986437
0.0,0,0.06074932
1.0,1,0.9463972
1.0,1,0.9748245
0.0,0,0.0030235816
0.0,0,0.06034877
0.0,0,0.026530761
0.0,0,0.086204164
1.0,1,0.9369978
1.0,1,0.76016986
0.0,0,0.014577558
1.0,0,0.38863525
0.0,0,0.02002455
0.0,0,0.056036357
1.0,1,0.979993
1.0,1,0.90274906
0.0,0,0.048871428
0.0,0,0.045394056
0.0,0,0.15229073
0.0,0,0.018763157
1.0,1,0.8636785
0.0,0,0.010098506
0.0,0,0.052792173
1.0,1,0.9814274
0.0,0,0.22049473
1.0,1,0.9450345
0.0,0,0.1331554
0.0,0,0.15202586
0.0,0,0.0117435325
0.0,0,0.05941887
1.0,0,0.39519554
1.0,1,0.90026027
1.0,1,0.80748975
0.0,1,0.94082767
0.0,0,0.20191585
0.0,1,0.7502186
0.0,0,0.008535351
1.0,1,0.9746463
1.0,1,0.73482007
0.0,0,0.1023127
0.0,0,0.07056779
0.0,0,0.0037312098
1.0,1,0.9780922
1.0,1,0.5860574
0.0,0,0.023525482
1.0,1,0.9492085
1.0,1,0.78306067
1.0,1,0.95361924
0.0,0,0.21827385
1.0,1,0.9770772
1.0,0,0.28857175
1.0,1,0.8836163
1.0,1,0.94360936
0.0,0,0.24541889
0.0,0,0.007025344
1.0,1,0.9778622
0.0,0,0.027932858
0.0,0,0.25865987
1.0,1,0.81639725
1.0,1,0.9669115
1.0,1,0.89109856
0.0,0,0.019629158
0.0,0,0.16436517
0.0,0,0.0017539354
1.0,1,0.83399534
0.0,0,0.0062567457
0.0,0,0.09944965
1.0,1,0.8264946
1.0,1,0.93695056
0.0,0,0.050335396
1.0,1,0.65276253
0.0,0,0.0059570107
0.0,1,0.80458343
1.0,0,0.3114305
0.0,0,0.0324914
0.0,0,0.13155557
0.0,0,0.0068195416
0.0,1,0.5299304
0.0,0,0.08264553
0.0,0,0.29788584
1.0,1,0.95431536
1.0,1,0.7879803
1.0,1,0.81662095
0.0,0,0.0063358373
0.0,0,0.056204226
1.0,0,0.38186723
1.0,1,0.814056
1.0,1,0.9569742
1.0,1,0.80192256
1.0,1,0.6974982
1.0,1,0.9389055
1.0,1,0.9713015
1.0,1,0.9578684
1.0,1,0.8906726
1.0,1,0.97736734
0.0,0,0.13899352
1.0,1,0.9714902
1.0,1,0.53412485
1.0,1,0.82793474
1.0,1,0.91404665
1.0,1,0.7145786
0.0,0,0.01886605
1.0,1,0.9617067
1.0,1,0.8548414
1.0,1,0.8959637
1.0,1,0.7781698
0.0,1,0.7743173
1.0,0,0.33224344
0.0,0,0.374675
1.0,1,0.9334915
0.0,1,0.5159806
1.0,1,0.83015597
0.0,0,0.0021512806
0.0,0,0.2907264
1.0,1,0.87130356
1.0,1,0.8609178
1.0,1,0.9421282
1.0,1,0.88680387
0.0,0,0.0048859944
0.0,0,0.0051163672
1.0,1,0.91064256
0.0,0,0.06685309
0.0,0,0.10711276
1.0,1,0.86270267
0.0,1,0.50331616
1.0,1,0.7683228
1.0,1,0.84091914
0.0,0,0.014171827
0.0,0,0.28831944
1.0,1,0.8908754
0.0,0,0.004892855
0.0,0,0.004926731
1.0,1,0.7317412
0.0,0,0.014214799
0.0,0,0.0047255945
0.0,0,0.21949261
1.0,1,0.7710634
0.0,0,0.034834445
1.0,1,0.7575593
0.0,1,0.5970221
0.0,0,0.32240158
1.0,1,0.98468965
1.0,1,0.97996545
0.0,0,0.002947645
0.0,0,0.036020216
1.0,1,0.80306005
0.0,0,0.017887656
1.0,1,0.9791597
1.0,1,0.97704124
0.0,0,0.009053835
1.0,1,0.889427
0.0,0,0.40201932
1.0,1,0.9284238
1.0,1,0.96707284
1.0,1,0.72834504
1.0,1,0.963183
0.0,0,0.007018907
1.0,1,0.95615464
1.0,1,0.9226337
1.0,1,0.9825509
1.0,1,0.83548564
1.0,1,0.70921254
1.0,1,0.9817531
0.0,0,0.018799843
1.0,1,0.750358
1.0,1,0.69403934
0.0,0,0.0048400713
0.0,1,0.42802536
0.0,0,0.005839585
1.0,1,0.7218576
1.0,1,0.87823004
1.0,1,0.9812642
1.0,1,0.8622339
1.0,1,0.90870386
0.0,1,0.92790437
0.0,1,0.5024793
0.0,0,0.05082764
0.0,0,0.0063429144
1.0,1,0.96240467
1.0,1,0.8443353
0.0,0,0.029274808
1.0,1,0.9579318
1.0,0,0.26511148
0.0,0,0.010863728
1.0,1,0.8942281
0.0,0,0.14339322
0.0,0,0.08566567
0.0,0,0.032167956
0.0,0,0.165555
1.0,1,0.6864868
1.0,1,0.85651916
1.0,1,0.8441826
1.0,1,0.80636394
0.0,0,0.39805314
0.0,1,0.7074801
1.0,0,0.113606475
1.0,1,0.92234373
0.0,0,0.010732373
0.0,0,0.13759677
0.0,0,0.007831246
1.0,1,0.98501426
1.0,1,0.9513519
0.0,0,0.28025287
1.0,1,0.8620775
0.0,1,0.46857694
1.0,1,0.8426543
1.0,1,0.9826948
0.0,0,0.06562944
1.0,1,0.9546673
1.0,1,0.97264534
0.0,0,0.003524048
1.0,1,0.9626261
0.0,0,0.24161461
0.0,0,0.00947728
1.0,1,0.94083107
1.0,1,0.9028405
1.0,1,0.86491543
0.0,0,0.14899085
0.0,1,0.8065739
0.0,0,0.0032838958
0.0,0,0.01863873
1.0,1,0.8089874
1.0,0,0.21958244
1.0,1,0.94297886
1.0,1,0.82471985
0.0,0,0.019059572
1.0,1,0.759746
0.0,1,0.70928
1.0,1,0.98233247
1.0,1,0.8468742
0.0,0,0.07986037
0.0,0,0.019684412
1.0,1,0.50002325
1.0,1,0.9704617
0.0,0,0.16716963
1.0,1,0.861012
1.0,1,0.7272481
1.0,1,0.9769784
0.0,0,0.05456367
0.0,1,0.5391092
1.0,1,0.70283735
0.0,0,0.011724279
0.0,0,0.07538626
0.0,0,0.028388947
0.0,0,0.019792534
0.0,1,0.49830288
1.0,1,0.97799677
1.0,1,0.9802927
0.0,0,0.012621352
0.0,0,0.0035735623
1.0,1,0.9682336
0.0,0,0.39005387
0.0,0,0.038581904
0.0,0,0.025403105
0.0,1,0.63369423
0.0,0,0.015388191
0.0,0,0.005746592
0.0,1,0.49727505
0.0,0,0.012517136
0.0,1,0.6363485
0.0,0,0.07018545
1.0,1,0.93911034
1.0,1,0.98735934
1.0,1,0.7035397
0.0,0,0.0011828002
0.0,0,0.0020906378
1.0,1,0.93925256
0.0,0,0.36908266
0.0,0,0.009790323
1.0,1,0.9401615
1.0,1,0.9692328
0.0,0,0.051911507
1.0,1,0.96711135
1.0,1,0.77355015
0.0,0,0.13961266
0.0,0,0.07311982
0.0,0,0.018029029
1.0,1,0.68200636
1.0,1,0.93575835
1.0,1,0.7895236
1.0,1,0.97169447
1.0,1,0.6599988
1.0,1,0.9562017
0.0,0,0.32849237
0.0,0,0.03561892
1.0,1,0.89758986
0.0,0,0.3870426
1.0,1,0.97736037
1.0,1,0.8141462
0.0,0,0.0067436188
0.0,0,0.19216582
0.0,0,0.002374548
1.0,1,0.9782484
0.0,0,0.3680165
1.0,1,0.95338106
1.0,1,0.8401407
1.0,1,0.7309737
0.0,0,0.0006113802
0.0,0,0.005248543
0.0,0,0.3015495
1.0,1,0.9798264
1.0,1,0.8781273
0.0,0,0.1386938
1.0,1,0.98115456
1.0,1,0.94129586
1.0,1,0.98385286
0.0,0,0.006575923
0.0,0,0.026235519
1.0,1,0.95107377
0.0,0,0.003936177
0.0,0,0.07955302
1.0,1,0.97240776
0.0,1,0.48489228
0.0,0,0.30468398
1.0,1,0.6014328
0.0,0,0.15282324
0.0,0,0.009372504
0.0,0,0.27941653
1.0,1,0.96629626
1.0,1,0.5901189
1.0,1,0.89511085
0.0,0,0.18922842
1.0,0,0.3009791
0.0,0,0.29128546
0.0,0,0.0026648513
1.0,1,0.96812093
1.0,1,0.9656833
0.0,0,0.18888414
1.0,1,0.72804487
0.0,0,0.0010565846
0.0,0,0.0194038
1.0,1,0.9227974
1.0,1,0.9753852
0.0,0,0.009930271
0.0,0,0.089483894
0.0,0,0.014554922
0.0,1,0.9370491
0.0,0,0.0025704808
1.0,1,0.47215462
1.0,1,0.9462828
0.0,0,0.004236105
0.0,0,0.26115596
1.0,1,0.8725301
0.0,0,0.029203884
0.0,0,0.02499258
0.0,1,0.4680648
1.0,1,0.87564135
0.0,0,0.123894125
0.0,0,0.049843825
1.0,1,0.93767345
1.0,1,0.8438219
0.0,0,0.27038348
0.0,1,0.6607573
1.0,1,0.97805387
0.0,0,0.012750348
0.0,0,0.018456535
0.0,1,0.8533181
1.0,1,0.69866645
1.0,1,0.9414485
1.0,1,0.9761345
0.0,0,0.25596622
1.0,1,0.9841168
1.0,1,0.8439062
0.0,0,0.0148243345
1.0,1,0.88516265
1.0,1,0.8234653
0.0,0,0.078841195
1.0,1,0.9235634
1.0,1,0.92214715
0.0,0,0.35896066
1.0,1,0.8816751
1.0,1,0.59286976
1.0,1,0.9525807
1.0,1,0.46165568
0.0,0,0.041404486
1.0,1,0.8534294
1.0,1,0.89972526
0.0,0,0.09629238
1.0,1,0.92650795
0.0,0,0.03484054
1.0,1,0.9847846
0.0,0,0.0200178
0.0,0,0.013284857
0.0,0,0.036856797
0.0,0,0.23621471
1.0,1,0.90062237
0.0,0,0.01576657
0.0,0,0.09114305
1.0,1,0.887251
0.0,0,0.021392453
0.0,1,0.67904127
0.0,0,0.009875122
0.0,0,0.15816568
1.0,1,0.6412659
1.0,1,0.71423435
0.0,0,0.0025460522
1.0,1,0.98079926
1.0,1,0.93791705
1.0,1,0.84140915
0.0,0,0.013291893
0.0,0,0.16645278
1.0,1,0.713544
0.0,0,0.2407421
1.0,1,0.8859365
0.0,0,0.026573943
0.0,1,0.7279262
0.0,0,0.0023026075
1.0,1,0.98028964
0.0,0,0.0549199
1.0,1,0.964406
1.0,1,0.92437285
0.0,1,0.874525
1.0,1,0.85685074
1.0,1,0.945028
0.0,0,0.0038700013
0.0,0,0.021064332
1.0,1,0.7541113
0.0,1,0.7747371
0.0,0,0.0051457346
0.0,0,0.26835087
0.0,1,0.9314045
1.0,1,0.9856523
1.0,1,0.6721408
0.0,1,0.58784175
1.0,1,0.94009984
1.0,1,0.8750895
1.0,1,0.65746564
1.0,1,0.6421488
1.0,1,0.95917815
0.0,0,0.017293636
1.0,1,0.8829697
1.0,1,0.45824116
1.0,1,0.9805516
1.0,1,0.9446943
0.0,0,0.14728269
0.0,0,0.016163522
1.0,1,0.98260355
0.0,1,0.7814829
0.0,0,0.08206154
1.0,1,0.9372692
1.0,1,0.9252105
1.0,1,0.85870254
0.0,0,0.16943493
0.0,0,0.06295265
0.0,0,0.23039626
0.0,0,0.0039973324
0.0,0,0.0016388397
0.0,0,0.17646289
1.0,1,0.45774168
1.0,1,0.88269687
1.0,1,0.90035456
1.0,1,0.83121276
0.0,0,0.051805265
0.0,1,0.87054366
0.0,0,0.031045048
0.0,0,0.006901501
0.0,0,0.08052106
1.0,1,0.79687154
0.0,0,0.041169
1.0,1,0.7783959
0.0,0,0.011947116
1.0,1,0.9642542
0.0,0,0.13599332
0.0,1,0.44938052
0.0,0,0.03155373
0.0,0,0.15010351
1.0,1,0.7226316
1.0,1,0.75087696
0.0,0,0.15917824
0.0,0,0.08226579
0.0,0,0.00023956693
0.0,0,0.005590246
0.0,0,0.0045432122
0.0,0,0.00064764894
0.0,0,0.14898379
0.0,0,0.01708587
0.0,1,0.73873985
1.0,1,0.9548724
0.0,0,0.015930047
1.0,1,0.89521784
0.0,0,0.0034569008
0.0,0,0.17621022
1.0,1,0.96608305
1.0,1,0.5654397
1.0,1,0.96469355
1.0,1,0.9565673
0.0,0,0.059837487
1.0,1,0.70844585
0.0,0,0.019758351
0.0,0,0.02214695
1.0,1,0.91881794
0.0,1,0.55130446
1.0,1,0.9169924
0.0,0,0.0070518716
1.0,1,0.8791708
0.0,0,0.12426401
1.0,1,0.94170743
1.0,1,0.9358035
0.0,0,0.054636482
1.0,1,0.93226147
0.0,0,0.20331311
1.0,1,0.95504814
0.0,0,0.002040409
0.0,1,0.6010579
0.0,1,0.7242025
0.0,0,0.008081497
0.0,0,0.04782758
0.0,0,0.018283412
0.0,1,0.81758213
1.0,1,0.5931851
0.0,0,0.0004882649
1.0,1,0.85853535
1.0,1,0.914804
0.0,0,0.04948691
0.0,1,0.5478563
0.0,0,0.0129638
1.0,1,0.72250724
1.0,1,0.80110633
0.0,0,0.02518721
0.0,0,0.048720505
1.0,1,0.90388733
1.0,1,0.5721574
0.0,1,0.7006243
0.0,1,0.4494241
0.0,0,0.33524415
1.0,1,0.9673165
1.0,0,0.33232275
1.0,1,0.9639012
0.0,0,0.07269326
0.0,0,0.11003401
0.0,0,0.0038439184
1.0,1,0.888154
0.0,1,0.4579194
0.0,0,0.34705126
0.0,0,0.019365305
1.0,1,0.9780496
0.0,0,0.018842578
1.0,1,0.6469792
0.0,0,0.11118819
0.0,0,0.14536823
1.0,1,0.97125876
0.0,0,0.036447898
1.0,1,0.736421
0.0,0,0.23918217
1.0,1,0.8789562
1.0,1,0.96777016
1.0,1,0.80562127
0.0,0,0.370458
1.0,1,0.58716655
1.0,1,0.96633965
1.0,1,0.88033193
0.0,0,0.0050556585
0.0,1,0.96214056
0.0,1,0.5092152
1.0,1,0.8448796
1.0,0,0.058439467
1.0,1,0.9276049
1.0,1,0.6541277
1.0,1,0.95795554
0.0,0,0.003216484
1.0,1,0.95543534
0.0,0,0.022031792
0.0,0,0.1048836
0.0,0,0.03483465
1.0,1,0.9504405
1.0,1,0.9822454
1.0,1,0.7968666
0.0,0,0.05994686
1.0,1,0.9784125
1.0,1,0.98256385
0.0,0,0.19809513
0.0,0,0.22657757
1.0,1,0.71011907
0.0,0,0.0069313673
0.0,0,0.014213591
0.0,0,0.041426126
1.0,1,0.9758562
0.0,0,0.00307698
0.0,0,0.1641681
0.0,0,0.023941424
1.0,1,0.9819297
0.0,0,0.032732625
1.0,0,0.3300433
0.0,0,0.07192049
1.0,1,0.9661669
0.0,0,0.04704674
0.0,0,0.004538591
0.0,0,0.109952666
0.0,0,0.002640476
0.0,0,0.20701267
0.0,0,0.25380948
1.0,1,0.82016623
1.0,1,0.47142497
1.0,1,0.93462634
0.0,0,0.010879966
1.0,0,0.34055606
1.0,1,0.98420566
0.0,0,0.038386162
0.0,0,0.023523485
0.0,0,0.0023869504
1.0,1,0.982408
1.0,1,0.8646688
1.0,1,0.77965236
1.0,1,0.9001872
1.0,1,0.7529931
1.0,1,0.886364
1.0,1,0.9660413
1.0,1,0.9809909
1.0,1,0.7496291
0.0,0,0.32500553
0.0,0,0.008577461
0.0,1,0.94039094
0.0,0,0.16273284
0.0,0,0.3010759
1.0,1,0.96027255
1.0,1,0.96130925
0.0,0,0.35207987
1.0,1,0.9615613
1.0,1,0.9105225
1.0,0,0.18055606
0.0,0,0.035276346
0.0,0,0.028313931
1.0,1,0.98690075
1.0,1,0.88156205
0.0,0,0.01987236
0.0,0,0.2222994
1.0,1,0.83162653
1.0,1,0.9636125
0.0,0,0.0070668794
0.0,0,0.11987191
0.0,1,0.6464632
0.0,0,0.20408593
0.0,0,0.023925511
0.0,0,0.06642196
1.0,1,0.92711276
0.0,0,0.3978738
1.0,1,0.9727172
0.0,0,0.080519475
1.0,1,0.97583956
0.0,0,0.042840246
1.0,1,0.9817604
1.0,1,0.85489345
0.0,0,0.28482068
0.0,0,0.0077696
1.0,1,0.8496931
1.0,1,0.6940088
1.0,1,0.89550304
1.0,1,0.95833147
1.0,1,0.8533711
0.0,1,0.45975453
0.0,0,0.01282623
1.0,1,0.9180756
1.0,1,0.9531881
1.0,0,0.19079795
1.0,1,0.92429215
0.0,0,0.1864235
1.0,1,0.9592819
0.0,0,0.017687326
0.0,0,0.061273836
1.0,1,0.7630689
0.0,0,0.009800729
1.0,1,0.97971314
1.0,1,0.7731137
0.0,0,0.04608607
0.0,0,0.006831996
0.0,0,0.009252819
0.0,0,0.0052617984
0.0,0,0.025279678
1.0,1,0.6815716
1.0,1,0.9350729
1.0,1,0.7724036
1.0,0,0.102684215
1.0,1,0.6799964
0.0,0,0.015028323
1.0,1,0.9761931
1.0,1,0.9802304
1.0,1,0.9807397
1.0,1,0.9177733
1.0,1,0.9548523
0.0,1,0.44571483
0.0,0,0.19953412
1.0,1,0.9565932
0.0,0,0.082217194
1.0,1,0.98313046
1.0,1,0.73769414
1.0,1,0.6772246
0.0,0,0.007930754
0.0,0,0.06557285
1.0,1,0.8156936
0.0,0,0.0074971044
0.0,0,0.0017708979
1.0,1,0.572343
1.0,1,0.8311356
0.0,1,0.8167026
1.0,1,0.7944821
0.0,0,0.07149931
1.0,1,0.9194922
1.0,1,0.89729774
0.0,0,0.1139882
0.0,1,0.5737127
1.0,1,0.9545093
0.0,0,0.057208017
1.0,1,0.9746129
1.0,1,0.97600985
1.0,1,0.8707506
1.0,1,0.9662944
1.0,1,0.8616764
0.0,0,0.4173889
0.0,0,0.28765488
0.0,0,0.010796875
1.0,1,0.5230199
0.0,0,0.0057459907
0.0,0,0.010870647
1.0,1,0.643938
1.0,1,0.96315205
1.0,1,0.46980232
1.0,1,0.81226575
1.0,1,0.5545957
1.0,1,0.9401014
0.0,0,0.06398665
1.0,1,0.8416378
1.0,1,0.45081523
1.0,1,0.8884439
0.0,0,0.13157928
0.0,0,0.041551493
1.0,1,0.8460962
1.0,1,0.92362726
0.0,1,0.78288674
0.0,1,0.84660816
1.0,1,0.9490451
1.0,1,0.95622534
1.0,1,0.7694005
1.0,1,0.73613584
1.0,1,0.8957004
0.0,0,0.0127200065
1.0,1,0.46371588
0.0,0,0.0043527475
0.0,0,0.00941902
1.0,1,0.9756748
1.0,1,0.97744983
1.0,1,0.839843
0.0,0,0.029538702
0.0,0,0.0040192762
0.0,0,0.21752171
0.0,0,0.122669764
0.0,0,0.008011646
0.0,0,0.024139607
0.0,0,0.015764676
0.0,0,0.003662252
0.0,0,0.31909272
1.0,1,0.7956743
0.0,0,0.107987955
0.0,0,0.021041168
1.0,1,0.9657393
0.0,1,0.5784037
0.0,0,0.007036063
1.0,1,0.9791347
1.0,1,0.9809968
1.0,1,0.49634326
0.0,0,0.1082927
0.0,0,0.31060097
0.0,0,0.20138632
1.0,1,0.9613054
0.0,1,0.70545363
1.0,1,0.9760348
0.0,0,0.002613273
0.0,0,0.0066012624
1.0,1,0.97482014
0.0,0,0.010386325
1.0,1,0.9823388
0.0,0,0.030280113
0.0,0,0.0039817537
1.0,1,0.91423094
1.0,1,0.9796531
1.0,1,0.9784901
0.0,0,0.004013037
0.0,0,0.0061989417
1.0,1,0.78101236
0.0,0,0.09892087
0.0,0,0.07452228
0.0,0,0.008464231
0.0,0,0.2149273
0.0,0,0.013919974
0.0,0,0.02171296
0.0,0,0.062430825
0.0,0,0.02895107
0.0,0,0.1575178
1.0,1,0.81911993
0.0,0,0.048107717
1.0,1,0.925245
1.0,1,0.8947163
1.0,1,0.9659319
0.0,1,0.7738265
1.0,1,0.9784215
0.0,0,0.30436265
0.0,0,0.029871847
1.0,1,0.9206732
1.0,0,0.2668884
1.0,1,0.75350946
1.0,1,0.9745312
1.0,1,0.9691845
0.0,0,0.054856293
0.0,0,0.07005787
0.0,1,0.9340827
1.0,1,0.980933
0.0,0,0.24228787
0.0,0,0.047116205
0.0,0,0.19017163
0.0,0,0.12862542
1.0,1,0.77722186
0.0,0,0.05879269
0.0,0,0.12571439
0.0,0,0.04256982
0.0,0,0.004359121
0.0,0,0.08241668
1.0,1,0.97217107
0.0,0,0.012253613
1.0,1,0.9657003
1.0,1,0.7287031
1.0,1,0.6172148
0.0,1,0.44024712
0.0,0,0.010038419
1.0,1,0.9612332
0.0,0,0.0830192
1.0,1,0.9676318
0.0,0,0.1227597
0.0,0,0.003016158
0.0,0,0.027519511
1.0,1,0.85472417
0.0,1,0.59428144
0.0,0,0.06954171
0.0,0,0.120213054
1.0,1,0.97991794
0.0,0,0.0033576086
0.0,0,0.0562683
1.0,1,0.772961
0.0,0,0.013354022
1.0,1,0.96687615
0.0,0,0.3125558
0.0,1,0.5717208
0.0,0,0.01778237
1.0,1,0.79895866
1.0,1,0.8559303
0.0,0,0.0073426217
0.0,0,0.28004962
1.0,1,0.8565109
0.0,0,0.08015196
0.0,0,0.16488072
1.0,1,0.92951185
1.0,1,0.89545083
0.0,0,0.051942427
0.0,0,0.19941474
1.0,1,0.79195684
1.0,1,0.94846493
0.0,0,0.02433062
0.0,0,0.058346406
0.0,0,0.09504042
0.0,0,0.051520318
1.0,1,0.98235685
0.0,0,0.027150981
1.0,1,0.8159886
0.0,1,0.8956785
1.0,1,0.9552851
1.0,1,0.9117867
1.0,1,0.8503082
1.0,0,0.32236677
0.0,0,0.083776675
0.0,0,0.034095224
1.0,1,0.89475596
0.0,0,0.008259957
1.0,1,0.55443287
1.0,1,0.9424735
1.0,1,0.96914965
0.0,0,0.025324682
1.0,1,0.8536632
1.0,1,0.9716192
0.0,1,0.63639784
1.0,1,0.8855611
1.0,1,0.7868848
1.0,1,0.8947954
1.0,1,0.7458387
1.0,1,0.9332097
0.0,0,0.011026449
1.0,1,0.86085784
1.0,1,0.9405018
0.0,0,0.030670827
0.0,0,0.024558611
0.0,0,0.013772119
0.0,0,0.0471089
0.0,0,0.23340079
1.0,0,0.37801826
0.0,0,0.059388775
1.0,1,0.66629946
1.0,1,0.9592984
0.0,0,0.08095824
1.0,0,0.3465854
0.0,0,0.06826029
0.0,1,0.8419584
1.0,1,0.789416
1.0,1,0.96651566
1.0,1,0.63075143
0.0,0,0.007370652
0.0,0,0.13404776
0.0,0,0.004927912
0.0,0,0.3554605
0.0,0,0.004402752
1.0,1,0.79442203
0.0,0,0.02195581
1.0,1,0.8569818
1.0,1,0.85366136
0.0,0,0.023205323
0.0,0,0.00016245147
0.0,0,0.31335488
1.0,1,0.9761753
0.0,0,0.047987893
0.0,0,0.004568921
0.0,0,0.26946035
1.0,1,0.79606473
0.0,1,0.6705326
0.0,0,0.00816954
0.0,0,0.21001142
0.0,0,0.021289557
1.0,1,0.83803385
1.0,0,0.33334786
1.0,1,0.9116365
0.0,0,0.32178625
1.0,1,0.93330264
1.0,1,0.76599073
0.0,0,0.07491727
1.0,1,0.9522261
1.0,1,0.8509828
0.0,0,0.023851136
0.0,0,0.028714094
0.0,0,0.383038
1.0,1,0.9715879
1.0,1,0.8361423
1.0,1,0.9368379
1.0,1,0.7579826
0.0,1,0.4868692
1.0,1,0.96220684
1.0,1,0.97417897
1.0,1,0.839818
0.0,0,0.013500371
1.0,1,0.9811352
0.0,0,0.0021091518
0.0,0,0.02307268
0.0,0,0.08895101
1.0,1,0.9731307
1.0,1,0.8436304
1.0,1,0.9701259
1.0,1,0.9803236
1.0,1,0.97621113
1.0,1,0.9678794
0.0,0,0.096181266
0.0,0,0.027119428
0.0,0,0.09602677
1.0,1,0.9807101
0.0,0,0.2657322
0.0,0,0.29261395
0.0,0,0.4166649
0.0,0,0.01792661
1.0,1,0.8745662
1.0,1,0.9747642
1.0,1,0.8184742
1.0,1,0.9701153
1.0,1,0.97104263
0.0,0,0.040531598
0.0,0,0.11560849
1.0,1,0.8468836
0.0,0,0.08768275
0.0,0,0.081727855
0.0,1,0.8473113
1.0,1,0.7777412
0.0,0,0.014424629
1.0,1,0.9807797
0.0,0,0.0038399897
1.0,1,0.7354381
1.0,0,0.01766392
1.0,1,0.8388623
1.0,1,0.8568892
0.0,0,0.040438965
0.0,1,0.79246926
1.0,1,0.9718527
1.0,1,0.8646829
0.0,0,0.03596972
1.0,1,0.84221184
0.0,0,0.0167931
1.0,1,0.8814482
1.0,1,0.6812416
0.0,0,0.02501406
1.0,1,0.98268455
0.0,1,0.7085674
0.0,0,0.02793262
0.0,0,0.010344577
1.0,1,0.97219056
0.0,0,0.008768628
1.0,0,0.3856611
1.0,1,0.9570714
1.0,1,0.7366283
0.0,1,0.45186523
0.0,0,0.014831788
0.0,0,0.013805521
1.0,1,0.95627344
1.0,1,0.826215
1.0,1,0.9623393
0.0,0,0.024882108
0.0,0,0.016955573
1.0,1,0.9526229
0.0,0,0.15834889
1.0,1,0.43504632
0.0,0,0.1685208
0.0,0,0.024709154
0.0,0,0.00918926
1.0,1,0.88630277
1.0,1,0.92117256
1.0,1,0.89036244
1.0,0,0.16736647
0.0,0,0.0040103183
1.0,1,0.6989119
1.0,1,0.9263347
0.0,0,0.01975162
0.0,0,0.17182915
0.0,0,0.06313911
0.0,0,0.0076457765
0.0,0,0.17674944
0.0,0,0.07138203
1.0,1,0.45636976
1.0,1,0.9458745
1.0,1,0.6595743
0.0,0,0.002111828
0.0,1,0.7437452
0.0,0,0.013423359
1.0,1,0.90175194
1.0,1,0.825661
1.0,1,0.5016712
1.0,1,0.9755738
0.0,0,0.03409825
0.0,0,0.10040224
0.0,0,0.014211559
0.0,0,0.009002595
0.0,0,0.17944749
1.0,1,0.98431545
0.0,0,0.29039058
0.0,1,0.8244334
0.0,1,0.49752992
0.0,0,0.00764217
0.0,0,0.058943894
1.0,1,0.8659993
0.0,0,0.01538081
1.0,1,0.5728195
0.0,1,0.6992113
1.0,1,0.9623343
0.0,1,0.55376744
0.0,0,0.011344903
0.0,0,0.09994906
0.0,0,0.049833924
1.0,1,0.91902035
0.0,0,0.023729196
1.0,1,0.98207206
0.0,1,0.7885765
1.0,1,0.967192
1.0,1,0.96871215
1.0,0,0.31967312
1.0,1,0.82729816
0.0,0,0.009412905
0.0,1,0.7327373
1.0,1,0.8434852
0.0,0,0.018420842
1.0,1,0.9721485
1.0,1,0.8925351
0.0,0,0.12823194
1.0,1,0.9061153
0.0,0,0.0004676181
0.0,0,0.11550292
1.0,1,0.79156005
1.0,1,0.84687126
1.0,1,0.97805333
0.0,0,0.38541058
0.0,0,0.01629738
0.0,0,0.010655709
1.0,1,0.98269653
0.0,0,0.016047126
1.0,1,0.9758926
1.0,1,0.8445569
1.0,1,0.97914755
0.0,0,0.0371152
1.0,1,0.74338496
0.0,0,0.15824322
1.0,1,0.900452
0.0,0,0.008757123
0.0,0,0.0081428
1.0,0,0.107717134
1.0,0,0.29778907
1.0,1,0.9449951
1.0,1,0.9776164
1.0,1,0.8368143
1.0,1,0.86560756
0.0,0,0.013398987
0.0,0,0.21950701
1.0,1,0.955498
1.0,1,0.9742474
0.0,0,0.08728195
1.0,1,0.98570496
1.0,1,0.8930545
1.0,1,0.6935239
0.0,1,0.87475544
1.0,1,0.55328465
0.0,0,0.0798659
0.0,0,0.38537094
1.0,1,0.76481277
1.0,1,0.98003143
0.0,0,0.009143042
0.0,0,0.26190075
0.0,0,0.0086777685
1.0,1,0.4502962
1.0,1,0.75084245
0.0,0,0.003941124
1.0,1,0.5632335
1.0,1,0.89511925
0.0,1,0.6321147
0.0,0,0.06095231
1.0,1,0.96937597
1.0,1,0.95358217
1.0,1,0.9630109
0.0,0,0.15981932
0.0,0,0.020307504
1.0,1,0.98201853
0.0,0,0.0039822133
1.0,1,0.7218773
1.0,1,0.9497619
0.0,0,0.14285478
0.0,0,0.08022528
1.0,1,0.97247106
1.0,1,0.95854414
0.0,1,0.8667284
1.0,1,0.98320186
1.0,1,0.9677065
0.0,0,0.017145744
1.0,1,0.8977217
1.0,1,0.8919128
0.0,0,0.21034017
1.0,1,0.8012984
1.0,1,0.9583248
1.0,1,0.97959614
0.0,0,0.049371816
1.0,1,0.979394
1.0,1,0.6972567
1.0,1,0.8320877
0.0,0,0.19547929
1.0,1,0.9248203
0.0,0,0.17885022
1.0,1,0.9766543
1.0,1,0.6653446
0.0,0,0.4130261
0.0,0,0.01847459
1.0,1,0.9604724
1.0,1,0.945046
0.0,0,0.015123148
0.0,0,0.0301564
0.0,0,0.018341087
1.0,1,0.9792988
0.0,0,0.09583304
0.0,0,0.12006668
0.0,0,0.008298796
0.0,1,0.60003597
0.0,0,0.010947876
0.0,0,0.0068241227
0.0,1,0.73814076
1.0,1,0.9698548
1.0,1,0.79145527
1.0,1,0.961304
1.0,1,0.77425504
0.0,0,0.013252325
0.0,0,0.2850616
0.0,0,0.021781921
0.0,0,0.032537438
1.0,1,0.98408574
1.0,1,0.43220782
1.0,1,0.9824048
0.0,0,0.0045924266
0.0,1,0.77079046
1.0,1,0.94461143
0.0,0,0.02170067
1.0,1,0.8884305
0.0,0,0.0030228114
1.0,1,0.9731329
1.0,1,0.9687687
0.0,1,0.70907736
1.0,1,0.98368627
1.0,1,0.951804
0.0,0,0.07819915
0.0,0,0.22718723
0.0,0,0.028980495
1.0,1,0.6260031
0.0,0,0.039479557
0.0,0,0.19959627
1.0,1,0.8573686
1.0,0,0.080308884
1.0,1,0.9811633
1.0,1,0.86943525
0.0,0,0.007019113
0.0,0,0.03312073
0.0,0,0.007679101
0.0,1,0.8200511
0.0,0,0.009287407
1.0,1,0.75296354
0.0,0,0.0011946976
0.0,0,0.008062522
0.0,0,0.071753815
0.0,0,0.00074863096
1.0,1,0.4380367
1.0,1,0.80910623
1.0,1,0.98188
0.0,0,0.09096782
1.0,1,0.97972035
0.0,0,0.23741254
0.0,0,0.00824994
1.0,1,0.79996175
0.0,0,0.09046789
1.0,1,0.9005243
0.0,0,0.0125579275
1.0,1,0.93295085
0.0,0,0.030327084
0.0,1,0.4859204
0.0,0,0.018597817
0.0,0,0.0027591712
1.0,1,0.9845341
1.0,1,0.9104921
1.0,1,0.97035736
0.0,0,0.03508365
1.0,1,0.9243262
0.0,0,0.009216796
0.0,0,0.0024321494
1.0,1,0.8653563
0.0,0,0.008370088
1.0,1,0.97921103
0.0,0,0.27117395
0.0,0,0.086003944
1.0,1,0.95507455
0.0,1,0.5875417
1.0,1,0.9625634
1.0,1,0.9028501
0.0,0,0.008017328
0.0,0,0.038420696
1.0,1,0.98445874
1.0,1,0.93619007
1.0,1,0.8581601
1.0,1,0.80498505
1.0,1,0.98242587
0.0,0,0.29365888
1.0,1,0.96519256
1.0,1,0.84290075
0.0,0,0.058790065
0.0,0,0.06603186
1.0,1,0.98243314
0.0,0,0.0016726417
1.0,1,0.6578632
1.0,0,0.2614442
1.0,1,0.8974662
1.0,1,0.93674546
0.0,0,0.12269516
1.0,1,0.97006446
0.0,0,0.33382353
1.0,0,0.029207509
1.0,1,0.94478786
0.0,0,0.006483313
0.0,0,0.008067458
1.0,1,0.738762
0.0,0,0.24508977
1.0,1,0.9707389
0.0,0,0.07072887
1.0,1,0.98352003
0.0,1,0.8522413
0.0,0,0.047342937
1.0,1,0.9787654
1.0,1,0.848559
1.0,1,0.8616421
1.0,1,0.8930801
0.0,0,0.009913922
1.0,1,0.98053205
1.0,1,0.877775
1.0,0,0.32427278
0.0,0,0.005418842
0.0,0,0.08203051
1.0,1,0.93858993
0.0,0,0.0035345135
1.0,1,0.8781713
0.0,0,0.19123143
0.0,0,0.13819999
1.0,1,0.7661774
1.0,1,0.9472014
1.0,1,0.73200047
0.0,0,0.002899392
0.0,0,0.005340221
1.0,1,0.71454966
1.0,1,0.83263123
0.0,0,0.01174241
0.0,0,0.01749379
0.0,0,0.053443078
1.0,1,0.97468454
0.0,0,0.35630086
1.0,1,0.806254
0.0,0,0.09372217
1.0,1,0.52410066
1.0,1,0.9277441
1.0,1,0.80919206
1.0,1,0.97288203
0.0,0,0.049162544
0.0,0,0.021491764
1.0,1,0.9835424
0.0,0,0.051998105
0.0,1,0.48594984
0.0,0,0.009308121
0.0,0,0.060450315
0.0,1,0.527029
1.0,1,0.8919107
0.0,0,0.02535266
1.0,1,0.9534668
0.0,0,0.075815156
1.0,1,0.9039674
0.0,0,0.03532167
1.0,1,0.9195463
1.0,1,0.9778967
1.0,1,0.8490839
1.0,0,0.26629415
0.0,0,0.007024313
0.0,0,0.0360184
1.0,1,0.92997956
0.0,0,0.20084518
0.0,0,0.02177736
1.0,1,0.7735025
0.0,0,0.03175722
1.0,1,0.93311477
1.0,1,0.9455718
0.0,0,0.20364986
1.0,1,0.9411366
1.0,1,0.65378684
1.0,0,0.24630184
0.0,1,0.59445834
1.0,0,0.37498242
0.0,0,0.043042615
0.0,0,0.123953976
0.0,0,0.15370901
0.0,0,0.038126882
1.0,1,0.9776439
0.0,0,0.037564643
0.0,0,0.12637798
1.0,1,0.97060066
0.0,0,0.006583665
1.0,1,0.9808175
1.0,1,0.91982317
0.0,0,0.005264175
1.0,0,0.39134872
1.0,1,0.5751163
0.0,1,0.52620614
1.0,1,0.96631724
1.0,1,0.97609055
1.0,1,0.7055037
0.0,0,0.0017984735
0.0,0,0.0037426797
0.0,0,0.100292176
0.0,0,0.0052374057
1.0,1,0.76432633
1.0,1,0.58787763
0.0,0,0.012561648
1.0,1,0.8147274
1.0,1,0.88727355
0.0,0,0.3315994
1.0,1,0.9301908
1.0,1,0.8067074
0.0,0,0.059132658
0.0,0,0.00037546456
1.0,1,0.71276003
1.0,1,0.9795524
0.0,1,0.8564302
0.0,0,0.020053117
1.0,1,0.8435352
0.0,0,0.15202953
1.0,1,0.93742955
1.0,0,0.33428547
1.0,1,0.97088295
1.0,1,0.89912695
1.0,1,0.97290635
0.0,0,0.05262266
0.0,1,0.8037697
0.0,0,0.3893789
0.0,1,0.62025964
1.0,1,0.5268321
1.0,1,0.95187426
1.0,1,0.86477804
0.0,0,0.008627681
1.0,1,0.88919085
0.0,0,0.011320569
1.0,1,0.7681497
0.0,0,0.00758862
1.0,1,0.9615917
0.0,0,0.02576206
0.0,0,0.021698574
0.0,0,0.027380671
1.0,1,0.9259603
0.0,0,0.013812403
1.0,1,0.87223756
0.0,0,0.032766033
1.0,1,0.9460888
0.0,0,0.2463524
1.0,1,0.97569877
0.0,0,0.36980683
1.0,1,0.877995
1.0,1,0.97373426
0.0,0,0.12355366
1.0,1,0.7791577
1.0,1,0.9635179
0.0,0,0.058714066
1.0,1,0.9768356
0.0,0,0.13223018
1.0,1,0.960648
0.0,0,0.33006963
0.0,0,0.1849647
1.0,1,0.5613837
0.0,0,0.034383144
1.0,1,0.9789945
0.0,0,0.07185127
1.0,1,0.7159096
0.0,0,0.053253137
0.0,0,0.008256384
1.0,1,0.88208765
1.0,1,0.97173035
1.0,1,0.96148616
0.0,0,0.015349732
1.0,1,0.95023984
1.0,1,0.88661397
1.0,1,0.9855643
0.0,0,0.011962253
1.0,1,0.9717557
0.0,0,0.017882487
0.0,0,0.030828416
0.0,0,0.07326542
1.0,1,0.88852644
0.0,0,0.007366154
0.0,0,0.009028073
0.0,0,0.029212406
1.0,1,0.7234871
1.0,1,0.96245766
1.0,1,0.940566
0.0,0,0.30903476
0.0,1,0.55602574
1.0,1,0.9812306
1.0,1,0.95901555
1.0,1,0.9725014
0.0,0,0.2353988
0.0,0,0.018291922
1.0,1,0.53483915
1.0,1,0.83019376
0.0,0,0.011947684
1.0,0,0.23674026
1.0,1,0.9699934
0.0,0,0.0036243517
0.0,0,0.3367766
0.0,0,0.005331295
1.0,1,0.87522566
1.0,1,0.9832113
1.0,1,0.8185273
1.0,1,0.95463127
1.0,1,0.6549634
1.0,1,0.9797946
0.0,0,0.018517068
1.0,1,0.93985486
1.0,1,0.98037606
1.0,1,0.9705093
0.0,1,0.50505555
1.0,1,0.98025024
1.0,1,0.975405
1.0,1,0.9478545
1.0,1,0.90703136
0.0,0,0.016063003
1.0,1,0.89652824
0.0,0,0.13429512
1.0,1,0.8980816
1.0,1,0.98259234
0.0,0,0.16773608
0.0,0,0.05166314
1.0,1,0.9747
1.0,0,0.25749373
1.0,1,0.5538006
0.0,0,0.11919717
1.0,1,0.9133543
1.0,1,0.7645763
0.0,1,0.49408063
0.0,0,0.0034897344
0.0,0,0.01714673
1.0,1,0.8129494
1.0,1,0.8991179
1.0,1,0.84238327
1.0,0,0.29209146
0.0,1,0.50888896
0.0,1,0.8181694
1.0,0,0.39384595
1.0,1,0.70180726
0.0,0,0.23810598
1.0,0,0.4125926
1.0,0,0.3917421
1.0,1,0.8997957
0.0,0,0.06910295
1.0,1,0.6970886
0.0,0,0.030761627
1.0,1,0.9839027
0.0,0,0.18787447
0.0,0,0.024811659
0.0,0,0.00960864
1.0,1,0.48989728
0.0,0,0.26947138
1.0,1,0.8973579
1.0,1,0.97041285
1.0,0,0.17021498
0.0,0,0.2730993
0.0,0,0.00074467814
0.0,0,0.3425729
0.0,0,0.043086417
1.0,1,0.9581247
1.0,1,0.9344706
0.0,0,0.005134657
1.0,1,0.96264505
0.0,0,0.1805514
0.0,0,0.005397221
0.0,0,0.13903268
1.0,1,0.7961086
1.0,1,0.80550313
0.0,0,0.005949239
1.0,1,0.8942721
0.0,0,0.012798493
0.0,1,0.8409004
1.0,1,0.85959315
1.0,1,0.9661096
1.0,1,0.86710304
1.0,1,0.88541853
1.0,1,0.8277202
1.0,0,0.39203492
0.0,0,0.024344755
1.0,1,0.97271407
0.0,0,0.0064254957
0.0,0,0.0181758
0.0,0,0.13563552
0.0,0,0.16634645
0.0,0,0.0069350437
1.0,1,0.9728441
0.0,0,0.17193533
1.0,1,0.88412726
1.0,1,0.98146087
0.0,0,0.35538647
0.0,1,0.76508725
1.0,1,0.94627994
1.0,1,0.9530168
0.0,0,0.008128633
0.0,0,0.07352069
1.0,1,0.5522169
1.0,1,0.9708208
1.0,1,0.9558098
0.0,0,0.21241705
1.0,1,0.9795432
0.0,0,0.01061073
0.0,0,0.0036078636
0.0,0,0.00076416385
0.0,0,0.0074001625
0.0,0,0.021882083
0.0,0,0.05203687
0.0,0,0.2039298
1.0,1,0.9656046
1.0,1,0.8741395
0.0,0,0.06943084
1.0,1,0.8099278
1.0,1,0.9697281
1.0,1,0.919397
0.0,0,0.173623
1.0,1,0.82342815
1.0,1,0.91700006
0.0,0,0.16750237
0.0,0,0.06675279
1.0,0,0.28974867
1.0,1,0.98098385
1.0,1,0.89912117
0.0,0,0.020853937
0.0,1,0.9025775
0.0,0,0.3010822
1.0,1,0.78358114
0.0,0,0.1320845
1.0,1,0.7236115
1.0,1,0.92478466
0.0,0,0.21386942
1.0,1,0.98264325
0.0,0,0.016862912
0.0,0,0.05851086
1.0,1,0.8479146
0.0,0,0.0023475292
1.0,1,0.8804811
1.0,1,0.97705287
0.0,0,0.3053819
1.0,1,0.85286754
0.0,0,0.24599375
0.0,0,0.25636992
1.0,1,0.8481353
0.0,1,0.6577207
1.0,1,0.80818343
0.0,0,0.35680094
0.0,1,0.75727606
0.0,0,0.014156327
1.0,1,0.8587493
0.0,0,0.20400755
0.0,0,0.0431806
1.0,1,0.8792371
0.0,1,0.4836565
0.0,0,0.22917537
0.0,0,0.010798076
0.0,0,0.006225164
0.0,0,0.015695734
0.0,0,0.010112231
1.0,1,0.5586365
0.0,1,0.5505732
0.0,1,0.4806065
0.0,1,0.59325016
0.0,1,0.4754557
0.0,0,0.024329307
1.0,1,0.9829189
1.0,1,0.67258227
0.0,0,0.055267803
1.0,1,0.8446786
0.0,0,0.17863762
1.0,1,0.73615885
1.0,1,0.9641861
0.0,0,0.022842899
0.0,0,0.02811682
0.0,0,0.3848371
0.0,0,0.02388948
1.0,1,0.95876163
0.0,0,0.038165953
1.0,1,0.9837289
1.0,1,0.8916058
1.0,1,0.97925633
0.0,0,0.002486234
0.0,1,0.4375574
1.0,1,0.9521743
0.0,0,0.020938264
1.0,1,0.48213345
0.0,0,0.070517085
0.0,0,0.11596707
0.0,0,0.032344066
0.0,0,0.0016662863
1.0,1,0.92804015
0.0,0,0.14796796
1.0,1,0.8934948
0.0,0,0.26653218
1.0,1,0.893495
1.0,1,0.98147845
0.0,0,0.011898445
0.0,0,0.0013567635
0.0,1,0.7069596
1.0,1,0.93400943
1.0,1,0.8799177
0.0,0,0.12198529
1.0,1,0.4664065
0.0,0,0.11918413
0.0,0,0.083669536
1.0,1,0.8337678
1.0,1,0.96817005
1.0,1,0.9234668
0.0,0,0.003048925
0.0,0,0.0081229685
0.0,0,0.0071515967
1.0,1,0.8135349
0.0,0,0.11672423
1.0,1,0.66103333
0.0,0,0.05185488
1.0,1,0.835695
1.0,1,0.55144
0.0,0,0.002690039
1.0,1,0.9570435
0.0,0,0.1714386
0.0,0,0.13137436
1.0,1,0.9185963
1.0,1,0.9786906
0.0,0,0.012847783
1.0,1,0.78085905
1.0,1,0.97616374
1.0,1,0.9053713
1.0,1,0.7324282
0.0,1,0.61638016
1.0,0,0.35122442
1.0,1,0.9291176
0.0,0,0.17567518
1.0,1,0.9203068
1.0,1,0.7659027
1.0,1,0.93301105
1.0,1,0.98108363
0.0,0,0.045381114
0.0,0,0.027828204
1.0,1,0.9827731
1.0,1,0.8760205
1.0,0,0.23924151
0.0,0,0.22486646
1.0,1,0.9144498
1.0,1,0.912812
0.0,0,0.17634828
0.0,0,0.032129038
1.0,1,0.69737875
1.0,1,0.82462364
0.0,0,0.10959507
1.0,1,0.980681
1.0,1,0.9496514
0.0,0,0.03975405
0.0,0,0.012437243
1.0,1,0.9536027
0.0,0,0.0032902476
0.0,0,0.4061834
1.0,0,0.3508962
1.0,1,0.87894154
1.0,1,0.8747426
0.0,0,0.018689545
0.0,1,0.6327965
0.0,0,0.010534017
0.0,0,0.017805103
1.0,1,0.8631545
0.0,0,0.016159302
1.0,1,0.85090953
0.0,0,0.0036744967
1.0,1,0.46771517
0.0,0,0.022679035
1.0,1,0.95763284
0.0,0,0.03934463
0.0,0,0.10298031
0.0,0,0.020699007
0.0,1,0.5612984
0.0,0,0.031560417
0.0,0,0.15837853
1.0,1,0.94502723
0.0,0,0.052207008
1.0,1,0.67040527
0.0,0,0.2501745
1.0,1,0.76381147
0.0,0,0.21566008
0.0,1,0.94452363
1.0,1,0.98542553
0.0,0,0.007879684
0.0,0,0.102148585
1.0,1,0.88765466
1.0,1,0.79820746
1.0,1,0.8393061
1.0,0,0.16785273
1.0,1,0.96082497
1.0,1,0.96397644
0.0,0,0.019623185
1.0,1,0.7163398
1.0,1,0.934861
1.0,1,0.6648998
1.0,1,0.9217395
0.0,0,0.0069028935
0.0,0,0.015643798
0.0,1,0.4969988
0.0,0,0.019299032
1.0,1,0.9166222
0.0,0,0.065227106
0.0,0,0.007705313
0.0,1,0.48615283
1.0,1,0.49314174
0.0,0,0.041785985
1.0,1,0.8522918
0.0,0,0.0073387893
0.0,0,0.019289704
1.0,1,0.88806576
1.0,1,0.97940356
0.0,0,0.03533811
0.0,0,0.041955166
0.0,0,0.0450545
1.0,1,0.813332
1.0,1,0.87478274
1.0,1,0.9287119
0.0,0,0.05890817
1.0,1,0.843386
1.0,1,0.7615258
0.0,0,0.05379446
0.0,1,0.7421186
1.0,1,0.983984
0.0,1,0.7670064
0.0,1,0.75744957
0.0,0,0.0050421553
0.0,0,0.11315857
0.0,0,0.0076402607
0.0,1,0.52202564
1.0,1,0.8848644
1.0,1,0.9447036
0.0,0,0.012795216
0.0,0,0.001645415
1.0,1,0.6025989
1.0,1,0.45677578
0.0,1,0.4935458
0.0,0,0.021385059
1.0,0,0.20506543
1.0,1,0.6499322
0.0,0,0.011722528
0.0,0,0.16943814
0.0,0,0.011040346
0.0,1,0.44590372
1.0,1,0.88037044
1.0,1,0.91137755
0.0,0,0.28309986
1.0,1,0.9652883
0.0,0,0.17423445
0.0,0,0.042259127
1.0,0,0.08905961
1.0,1,0.8603118
1.0,1,0.9406615
0.0,0,0.019681355
0.0,0,0.15357888
1.0,1,0.9778075
1.0,1,0.9500684
1.0,1,0.8947639
1.0,1,0.75651765
0.0,0,0.2780101
1.0,1,0.9813097
1.0,1,0.79593873
0.0,0,0.040868647
1.0,1,0.9546917
0.0,0,0.016967826
1.0,0,0.22150873
1.0,1,0.45646337
1.0,1,0.90453684
0.0,0,0.0387835
0.0,0,0.013959903
1.0,1,0.9817295
0.0,0,0.0022511713
1.0,1,0.978666
1.0,1,0.8084489
1.0,0,0.21941027
0.0,0,0.017805446
1.0,1,0.8446027
0.0,0,0.0033123074
1.0,1,0.89647317
1.0,1,0.5393412
0.0,0,0.03880143
0.0,0,0.33760872
1.0,1,0.9531449
1.0,1,0.79136014
0.0,1,0.6907536
1.0,1,0.80543804
1.0,1,0.84056664
0.0,0,0.087766886
1.0,0,0.26899055
0.0,0,0.016087614
0.0,0,0.321585
1.0,1,0.6864003
1.0,1,0.9780928
0.0,1,0.6784215
0.0,1,0.96397555
1.0,1,0.9432328
1.0,1,0.9758683
0.0,1,0.53445673
1.0,1,0.81242305
1.0,1,0.58746815
1.0,1,0.94507945
1.0,1,0.93887377
0.0,0,0.000859918
0.0,0,0.07933374
1.0,1,0.92001367
0.0,0,0.010623118
0.0,0,0.043276157
1.0,1,0.94793063
1.0,1,0.89410615
0.0,0,0.32936573
1.0,1,0.86942416
0.0,0,0.054233328
1.0,1,0.91048557
0.0,0,0.007481456
1.0,1,0.9739689
0.0,0,0.003613698
1.0,1,0.7900667
1.0,1,0.87691545
1.0,1,0.7425291
1.0,1,0.6616167
0.0,0,0.026173064
0.0,0,0.01290184
0.0,0,0.05891344
1.0,1,0.9637928
1.0,1,0.96487725
1.0,1,0.94699264
0.0,0,0.0028432438
1.0,1,0.96965873
1.0,1,0.83029836
0.0,0,0.008319024
0.0,0,0.009257734
0.0,0,0.3326242
1.0,1,0.98084396
1.0,1,0.9847512
1.0,0,0.41472974
0.0,0,0.06702759
1.0,1,0.90986043
0.0,0,0.01374526
1.0,1,0.9654676
1.0,1,0.8141475
0.0,0,0.107156724
0.0,0,0.044357207
0.0,0,0.056690942
1.0,1,0.977843
0.0,0,0.044398263
0.0,0,0.09389072
1.0,1,0.832895
0.0,0,0.03669278
1.0,1,0.8545124
1.0,1,0.96796066
0.0,1,0.61133325
0.0,0,0.12597434
0.0,0,0.22956932
0.0,0,0.15279718
0.0,0,0.011823289
0.0,0,0.36933947
0.0,0,0.0032767165
0.0,0,0.014730566
0.0,1,0.78522587
0.0,0,0.04426897
1.0,1,0.97611994
0.0,0,0.021890879
1.0,1,0.7220024
1.0,1,0.66555023
1.0,1,0.95437646
0.0,0,0.19245869
0.0,0,0.38710132
1.0,1,0.837982
1.0,0,0.40516967
0.0,0,0.0067881723
0.0,0,0.08039581
1.0,1,0.97814703
1.0,1,0.97933114
1.0,1,0.80778897
0.0,0,0.14079262
1.0,1,0.97609276
0.0,0,0.06682374
0.0,0,0.008933093
0.0,0,0.24688329
0.0,0,0.012706588
0.0,0,0.005385298
1.0,1,0.8853015
1.0,1,0.924346
0.0,0,0.3437659
1.0,1,0.9213382
0.0,1,0.4336928
0.0,0,0.16418825
1.0,1,0.85933864
1.0,1,0.55251956
0.0,1,0.80097955
1.0,1,0.5308129
0.0,0,0.11147873
1.0,1,0.98074543
0.0,0,0.0023183266
0.0,1,0.4274529
0.0,1,0.89190286
0.0,0,0.022189578
1.0,1,0.9482582
1.0,1,0.98001057
0.0,0,0.34675106
1.0,1,0.7977371
0.0,0,0.009133924
0.0,0,0.023983244
1.0,1,0.95068616
1.0,1,0.5021832
0.0,0,0.010283763
1.0,1,0.7132329
0.0,0,0.058411885
1.0,1,0.9806261
0.0,0,0.23960401
0.0,0,0.01789446
0.0,0,0.0063348105
0.0,0,0.023157807
1.0,1,0.88199306
0.0,0,0.107098565
0.0,0,0.03572291
0.0,0,0.027212638
0.0,0,0.01506911
1.0,1,0.9645636
1.0,1,0.95312804
0.0,0,0.0071876706
1.0,1,0.95702195
1.0,0,0.26464725
0.0,0,0.0028727823
1.0,1,0.9732109
1.0,1,0.85806036
1.0,1,0.8504287
1.0,1,0.60779226
0.0,0,0.0044086976
1.0,0,0.36507142
0.0,0,0.22999637
0.0,0,0.010519077
1.0,1,0.7646485
0.0,0,0.011380922
1.0,1,0.98348063
0.0,0,0.0235999
0.0,0,0.018900724
0.0,0,0.26987237
1.0,0,0.20153463
1.0,1,0.8661114
1.0,1,0.9474685
0.0,0,0.015411689
1.0,1,0.8734193
1.0,1,0.869534
1.0,1,0.9571287
1.0,1,0.82839394
1.0,1,0.96393603
1.0,1,0.8611429
0.0,0,0.15251265
1.0,1,0.87700677
1.0,1,0.9343441
0.0,1,0.7887679
0.0,0,0.009286029
0.0,0,0.030492894
0.0,0,0.0039560366
0.0,0,0.0058992794
1.0,1,0.9455506
0.0,0,0.14134923
0.0,0,0.014959426
0.0,0,0.00302716
0.0,1,0.816906
0.0,0,0.28275344
0.0,0,0.013470943
1.0,1,0.9022798
1.0,1,0.84177065
0.0,0,0.008684754
1.0,1,0.8485161
0.0,0,0.15990181
0.0,0,0.033540346
0.0,0,0.012920259
1.0,1,0.9815161
0.0,0,0.014259577
0.0,0,0.025691494
0.0,0,0.073297866
0.0,0,0.11123591
1.0,1,0.9055806
1.0,1,0.9174611
1.0,1,0.971192
1.0,1,0.8515395
1.0,1,0.9709644
0.0,0,0.0053035654
1.0,1,0.96847874
0.0,0,0.070717394
1.0,1,0.8443407
0.0,1,0.63527024
0.0,1,0.48866194
0.0,0,0.0032986526
1.0,1,0.97998095
1.0,1,0.6109626
0.0,1,0.9084635
0.0,0,0.011715636
0.0,0,0.026098192
1.0,1,0.7590727
1.0,1,0.81078684
0.0,0,0.03193252
1.0,1,0.82524955
1.0,1,0.9756786
0.0,0,0.012129051
0.0,0,0.025126273
1.0,1,0.903408
0.0,1,0.51984763
1.0,1,0.9216975
0.0,0,0.35072774
0.0,1,0.5441594
1.0,1,0.95978415
0.0,0,0.040007897
0.0,0,0.004541864
1.0,1,0.88537884
1.0,1,0.9184861
1.0,1,0.85858166
1.0,1,0.8969896
0.0,0,0.044491883
0.0,0,0.031940263
1.0,1,0.8775328
1.0,1,0.47826654
0.0,0,0.08219896
0.0,0,0.12331778
1.0,1,0.9691712
1.0,1,0.97350633
1.0,1,0.7771522
1.0,1,0.7391403
0.0,0,0.016413052
1.0,1,0.9235796
1.0,1,0.7229748
0.0,0,0.3605454
1.0,1,0.7722588
0.0,0,0.11436776
1.0,1,0.98485374
0.0,1,0.73259723
1.0,1,0.96220106
0.0,0,0.016161332
1.0,1,0.8889662
1.0,1,0.57317495
0.0,0,0.025573367
1.0,1,0.9055924
0.0,0,0.40236276
0.0,0,0.008465172
1.0,1,0.83773804
1.0,1,0.6919317
1.0,1,0.8497957
0.0,0,0.0034383456
0.0,0,0.013134336
0.0,1,0.51828647
1.0,1,0.9818053
0.0,0,0.015320886
0.0,0,0.014788783
0.0,0,0.007470099
0.0,0,0.2399039
0.0,0,0.044887874
0.0,1,0.62065697
1.0,1,0.98452187
0.0,0,0.142505
0.0,0,0.05262632
0.0,0,0.13744915
0.0,0,0.12180254
1.0,0,0.21250917
0.0,0,0.002725934
1.0,1,0.8490767
0.0,0,0.021037215
1.0,1,0.89486396
1.0,1,0.97268236
1.0,1,0.83793986
1.0,1,0.9498607
1.0,1,0.84691507
0.0,1,0.43859217
0.0,0,0.24868439
1.0,1,0.9419719
0.0,0,0.042253904
1.0,1,0.96949434
1.0,1,0.9737355
1.0,1,0.79895544
1.0,1,0.9847922
0.0,1,0.96562046
1.0,1,0.9562899
0.0,0,0.027824268
0.0,0,0.02016572
1.0,1,0.84315556
0.0,1,0.56990373
0.0,1,0.52752376
0.0,0,0.022413924
0.0,0,0.014636584
0.0,0,0.038224626
0.0,0,0.006500856
1.0,1,0.8545994
1.0,1,0.75381017
1.0,0,0.13078614
1.0,1,0.57421106
1.0,1,0.88297254
0.0,0,0.0032898707
1.0,0,0.15217555
1.0,1,0.7831876
1.0,1,0.91420454
0.0,0,0.017312087
1.0,1,0.89185286
1.0,1,0.884323
1.0,1,0.7988846
1.0,1,0.5296143
1.0,1,0.9559103
1.0,1,0.7396414
0.0,0,0.015158715
1.0,1,0.9098796
0.0,1,0.93314743
0.0,0,0.017576305
0.0,1,0.4383012
1.0,1,0.86400175
0.0,0,0.21325606
1.0,1,0.9288378
1.0,1,0.9100602
0.0,0,0.010855665
0.0,0,0.012521739
1.0,1,0.87942594
0.0,1,0.86422825
0.0,0,0.06728111
0.0,0,0.067382544
0.0,0,0.028814128
1.0,1,0.92984736
0.0,0,0.015391861
1.0,1,0.8113921
1.0,1,0.679525
1.0,1,0.98128563
0.0,0,0.27845064
1.0,1,0.84526974
1.0,1,0.9016638
0.0,0,0.002778662
0.0,1,0.43888053
0.0,0,0.039007805
1.0,1,0.96257484
1.0,1,0.96067744
1.0,1,0.7133791
0.0,0,0.17618994
0.0,0,0.034134153
1.0,1,0.96306676
0.0,0,0.09880985
0.0,1,0.9463719
1.0,1,0.58938354
0.0,0,0.07554967
0.0,0,0.032514997
1.0,1,0.8579062
0.0,0,0.3527236
1.0,1,0.86117744
1.0,1,0.74014044
0.0,0,0.30482522
1.0,1,0.8634533
0.0,0,0.071059726
1.0,1,0.6839655
1.0,1,0.96091753
0.0,0,0.3416718
1.0,1,0.9563142
0.0,0,0.40841365
1.0,1,0.9164182
1.0,1,0.8016123
1.0,1,0.6409745
1.0,1,0.9285345
1.0,1,0.8557837
0.0,0,0.007147112
1.0,1,0.47391677
1.0,1,0.97886306
0.0,0,0.042611256
0.0,0,0.3338329
0.0,0,0.01168418
1.0,1,0.9296283
1.0,1,0.9566203
1.0,1,0.9863106
0.0,0,0.028526412
0.0,0,0.014644459
0.0,0,0.034328133
1.0,1,0.9752038
0.0,0,0.009288346
0.0,0,0.11396528
1.0,1,0.94991
1.0,1,0.93520164
1.0,1,0.79863894
1.0,1,0.9667364
0.0,1,0.42177445
1.0,1,0.9804687
1.0,1,0.84908503
0.0,0,0.021989914
1.0,1,0.9797533
0.0,0,0.03349768
0.0,1,0.42277613
1.0,1,0.9745719
1.0,1,0.9245105
1.0,1,0.97512263
1.0,1,0.9628641
0.0,0,0.10077076
1.0,1,0.9312656
1.0,1,0.74652314
1.0,1,0.935463
1.0,1,0.77542996
0.0,1,0.43316004
1.0,1,0.9043194
0.0,0,0.38090175
0.0,0,0.16860682
1.0,1,0.9070022
1.0,1,0.83774865
0.0,0,0.03406181
1.0,1,0.898708
0.0,0,0.06680063
1.0,1,0.9749298
1.0,0,0.22203837
1.0,0,0.3627924
0.0,0,0.302302
1.0,1,0.9714381
0.0,0,0.018902777
1.0,1,0.8565229
0.0,0,0.02005781
0.0,0,0.017622186
1.0,1,0.95680803
1.0,1,0.7936488
0.0,0,0.22403531
0.0,0,0.02648002
1.0,1,0.51023555
1.0,1,0.697409
1.0,1,0.7083555
1.0,1,0.72985363
1.0,1,0.55724984
1.0,1,0.71836346
0.0,0,0.01775024
1.0,1,0.9702347
1.0,0,0.28492597
1.0,1,0.5838845
1.0,1,0.9523682
0.0,1,0.47957993
1.0,1,0.7073499
0.0,0,0.03538906
1.0,1,0.9658515
0.0,0,0.12248175
1.0,1,0.94855255
1.0,1,0.899772
1.0,1,0.9601531
1.0,1,0.9776293
1.0,1,0.9662925
1.0,1,0.96573555
1.0,1,0.91130215
1.0,1,0.9785506
1.0,1,0.9320075
1.0,1,0.97533894
0.0,0,0.005431392
0.0,0,0.003984126
0.0,0,0.0022466807
0.0,0,0.15283814
1.0,1,0.42485636
1.0,1,0.9653834
1.0,1,0.93441117
1.0,1,0.49632457
1.0,1,0.97703665
0.0,0,0.055306166
1.0,1,0.9722636
0.0,0,0.012270692
0.0,0,0.008863597
1.0,1,0.80012715
0.0,0,0.009791137
0.0,0,0.0012113913
1.0,0,0.27747923
1.0,1,0.85398287
0.0,0,0.00046560811
0.0,0,0.015961876
0.0,0,0.059245277
1.0,1,0.9154786
0.0,0,0.1287063
0.0,0,0.12105366
0.0,1,0.82549244
1.0,1,0.73668295
0.0,0,0.022570819
0.0,0,0.22004922
1.0,1,0.6818616
0.0,1,0.521775
1.0,1,0.9802141
0.0,0,0.33097166
1.0,1,0.9801632
1.0,1,0.97309566
1.0,1,0.8545391
0.0,1,0.7422234
1.0,1,0.97697777
1.0,1,0.8889501
1.0,1,0.8261524
1.0,1,0.9412558
0.0,0,0.03522513
1.0,1,0.9758479
0.0,0,0.082831286
1.0,1,0.566581
1.0,1,0.7639395
1.0,1,0.8321021
0.0,0,0.010766794
1.0,1,0.92803055
0.0,0,0.21800703
1.0,1,0.9713476
1.0,1,0.78043777
1.0,1,0.9805673
0.0,0,0.005793245
0.0,0,0.27448875
0.0,0,0.011228271
0.0,0,0.124037035
0.0,0,0.019480033
0.0,0,0.15490367
1.0,1,0.9820458
0.0,0,0.106258735
1.0,1,0.9822074
0.0,0,0.009085088
1.0,0,0.3709562
0.0,0,0.2156623
1.0,1,0.97981244
1.0,1,0.82934105
0.0,0,0.048357528
0.0,0,0.0191136
0.0,0,0.09170739
0.0,0,0.05007781
0.0,0,0.040518768
0.0,0,0.17528996
1.0,1,0.68291414
0.0,0,0.009020888
0.0,0,0.012615661
0.0,0,0.4123327
0.0,0,0.03396336
0.0,0,0.007342055
0.0,0,0.010602945
1.0,1,0.9364039
1.0,1,0.9522322
0.0,0,0.009568148
1.0,1,0.95693207
1.0,1,0.8917708
0.0,0,0.018392136
1.0,0,0.15217726
0.0,0,0.17005862
0.0,0,0.065726824
1.0,1,0.88225967
1.0,1,0.9520371
1.0,1,0.9284874
1.0,1,0.7875579
0.0,1,0.42475396
0.0,0,0.02122487
1.0,1,0.77319324
1.0,1,0.9587985
0.0,0,0.01812725
1.0,1,0.49627212
1.0,1,0.42306978
0.0,0,0.009499648
0.0,0,0.0031884827
0.0,0,0.02752583
0.0,0,0.008626579
0.0,0,0.06533025
0.0,0,0.0172735
0.0,0,0.016333591
1.0,0,0.18675694
0.0,0,0.031091169
1.0,1,0.9484969
0.0,0,0.16218756
1.0,1,0.97657275
0.0,0,0.027209314
1.0,1,0.9386577
0.0,0,0.32060272
0.0,0,0.047386464
1.0,1,0.9763929
0.0,1,0.8016803
0.0,0,0.08630496
1.0,1,0.915635
0.0,1,0.8101333
0.0,0,0.02870408
0.0,0,0.03209063
1.0,1,0.6574577
1.0,0,0.14106508
1.0,1,0.67741394
1.0,1,0.98156554
1.0,1,0.9563278
1.0,1,0.8919519
0.0,0,0.0077095805
1.0,1,0.4922307
1.0,0,0.35996595
0.0,0,0.00065086904
0.0,1,0.4975338
0.0,0,0.05125496
0.0,0,0.0155665465
0.0,0,0.020788051
0.0,0,0.040100373
0.0,0,0.021094797
0.0,0,0.006626146
1.0,1,0.9023246
1.0,1,0.96796733
1.0,1,0.9389103
1.0,1,0.93598175
1.0,1,0.9835224
1.0,1,0.94207954
0.0,0,0.0148893865
0.0,0,0.002919118
0.0,1,0.54511434
0.0,1,0.7897776
0.0,0,0.012510512
0.0,0,0.02097793
1.0,1,0.6041744
0.0,0,0.16194732
0.0,0,0.010883088
1.0,0,0.18112537
1.0,1,0.97761744
1.0,1,0.9582967
0.0,0,0.055099998
0.0,0,0.3050794
1.0,1,0.964246
1.0,1,0.9795964
1.0,1,0.5288798
1.0,1,0.977973
0.0,0,0.2955807
1.0,1,0.9315602
1.0,1,0.9204206
0.0,0,0.0016658888
1.0,1,0.8572986
1.0,1,0.9781801
0.0,0,0.0035711504
0.0,0,0.41529924
1.0,0,0.37627155
0.0,0,0.019670824
0.0,0,0.3336546
1.0,1,0.9285134
1.0,1,0.8684164
0.0,0,0.007949241
1.0,1,0.97813314
0.0,0,0.019450445
1.0,1,0.7963928
0.0,0,0.019556623
1.0,1,0.89366126
1.0,1,0.9164763
0.0,0,0.023118204
1.0,1,0.63379747
1.0,1,0.97988135
0.0,0,0.08163168
1.0,1,0.9262116
1.0,1,0.7800937
1.0,1,0.8647211
1.0,1,0.8516044
1.0,1,0.8757702
0.0,0,0.06027036
1.0,1,0.79503655
1.0,1,0.84837824
1.0,1,0.8775011
0.0,0,0.024294892
1.0,1,0.5739827
1.0,1,0.9335395
1.0,1,0.87932324
1.0,1,0.7964769
1.0,1,0.79999447
0.0,0,0.0143428
0.0,0,0.3510694
0.0,0,0.38394022
1.0,1,0.74328744
0.0,0,0.026094763
1.0,1,0.97663784
0.0,0,0.005691574
0.0,0,0.008002688
1.0,1,0.89124453
1.0,1,0.93815464
1.0,1,0.94794434
1.0,1,0.9389093
0.0,0,0.0148692
1.0,1,0.9827566
1.0,1,0.90308744
0.0,0,0.045724485
0.0,0,0.012268732
0.0,0,0.35060745
0.0,0,0.015147884
1.0,1,0.7842757
1.0,1,0.51479787
0.0,0,0.030799454
1.0,1,0.7619823
0.0,0,0.04635647
1.0,1,0.80468035
1.0,1,0.8243215
1.0,1,0.95657843
0.0,1,0.9072974
0.0,0,0.044290066
0.0,1,0.93051785
1.0,1,0.98035866
0.0,1,0.8674059
1.0,1,0.91092885
1.0,1,0.9835399
1.0,1,0.97452503
0.0,0,0.0082656145
1.0,1,0.8220699
1.0,1,0.9787804
1.0,1,0.9638645
0.0,0,0.061496772
1.0,1,0.9407795
1.0,1,0.9522655
0.0,0,0.014740465
0.0,0,0.0055188932
0.0,0,0.01926518
1.0,1,0.8525085
0.0,0,0.3736434
0.0,0,0.21308395
0.0,0,0.010828194
0.0,0,0.0046603754
1.0,1,0.87151504
0.0,0,0.0073044063
1.0,1,0.9554715
0.0,0,0.020142507
0.0,1,0.49405256
1.0,1,0.92458385
1.0,1,0.9803662
1.0,1,0.9711718
1.0,0,0.118896864
1.0,1,0.7626834
0.0,0,0.010419151
1.0,1,0.98107576
0.0,0,0.07073725
0.0,0,0.032534637
1.0,1,0.83615655
1.0,1,0.98185986
1.0,1,0.9803705
1.0,1,0.69935524
1.0,1,0.9813282
1.0,1,0.91968083
1.0,0,0.015382211
0.0,0,0.0010151961
1.0,1,0.945068
1.0,1,0.9500166
0.0,0,0.026630798
0.0,0,0.020591173
0.0,0,0.017829286
1.0,1,0.96151483
1.0,1,0.91418904
0.0,0,0.02372446
1.0,1,0.855913
1.0,1,0.9704053
0.0,0,0.09493265
1.0,1,0.7246225
0.0,0,0.0030199012
1.0,1,0.8578213
1.0,1,0.9532269
0.0,0,0.0030799024
0.0,0,0.15593491
0.0,0,0.064001
0.0,0,0.020351868
0.0,0,0.16839802
1.0,1,0.78526133
1.0,1,0.90146494
0.0,0,0.0014150115
0.0,0,0.021295737
1.0,1,0.6197952
0.0,1,0.45904106
1.0,1,0.79910606
0.0,0,0.16991623
1.0,1,0.9525291
1.0,0,0.052250154
0.0,0,0.12050733
0.0,0,0.003487026
0.0,1,0.9608071
1.0,1,0.9839116
1.0,1,0.98190784
1.0,1,0.80450565
1.0,1,0.8906767
0.0,0,0.005397812
1.0,1,0.97342
0.0,0,0.004748896
1.0,1,0.97833204
1.0,0,0.3695609
1.0,1,0.8695988
0.0,0,0.042977452
0.0,1,0.6663929
1.0,1,0.4993227
0.0,0,0.32609633
0.0,0,0.0075059403
1.0,1,0.98097456
1.0,1,0.8095024
1.0,1,0.7969744
1.0,1,0.9749826
1.0,1,0.894483
0.0,0,0.02721304
0.0,0,0.19989163
1.0,1,0.9595701
1.0,1,0.88791436
0.0,0,0.0044087903
0.0,0,0.029925691
1.0,1,0.8972934
1.0,1,0.98015356
0.0,0,0.08452445
0.0,0,0.1769613
0.0,0,0.009842107
1.0,1,0.82129097
0.0,0,0.009782172
0.0,0,0.0093630785
1.0,1,0.76237696
1.0,1,0.58386075
1.0,1,0.5697163
1.0,1,0.97027594
0.0,0,0.012712912
0.0,0,0.008606482
1.0,1,0.9092692
0.0,0,0.04139941
0.0,1,0.7111825
0.0,0,0.06012897
0.0,0,0.18001592
1.0,1,0.7765919
1.0,1,0.8840769
1.0,1,0.980347
0.0,0,0.10214375
1.0,1,0.6975922
0.0,0,0.0089156255
1.0,1,0.6069751
1.0,0,0.035223495
1.0,1,0.8261893
0.0,0,0.33603442
1.0,1,0.8805986
0.0,1,0.8075626
0.0,0,0.2100875
1.0,1,0.59995806
0.0,0,0.19088276
1.0,1,0.8864127
1.0,1,0.5508541
1.0,1,0.96468353
0.0,0,0.01630846
1.0,1,0.98063636
1.0,1,0.975373
1.0,1,0.9613138
1.0,1,0.8546475
1.0,1,0.44520092
1.0,1,0.80017674
0.0,0,0.0034233266
0.0,1,0.856817
0.0,0,0.010130618
0.0,0,0.03330934
1.0,1,0.9448642
0.0,0,0.02219944
1.0,1,0.6316688
0.0,0,0.31007746
0.0,0,0.011229331
0.0,1,0.59729964
0.0,0,0.15246621
1.0,1,0.8624373
1.0,1,0.7159147
0.0,0,0.26019853
0.0,0,0.17450847
0.0,0,0.0048834337
0.0,1,0.8291022
0.0,0,0.00781948
0.0,0,0.032046247
0.0,1,0.47052997
0.0,0,0.13702658
1.0,1,0.5353879
0.0,0,0.11484396
1.0,0,0.051501207
1.0,1,0.7451181
1.0,0,0.23190439
0.0,0,0.18868907
1.0,1,0.62301755
0.0,0,0.013547069
0.0,0,0.019233404
0.0,0,0.13745694
0.0,0,0.05182626
0.0,0,0.18369997
1.0,1,0.980683
1.0,1,0.8731107
1.0,1,0.6409086
0.0,1,0.58882713
1.0,1,0.92015696
0.0,0,0.06545073
1.0,1,0.93010366
1.0,1,0.8193226
0.0,0,0.012534652
1.0,1,0.81985927
1.0,0,0.3611718
0.0,0,0.18147106
0.0,0,0.15174101
1.0,1,0.95131147
0.0,0,0.15717673
1.0,1,0.8449658
1.0,1,0.9293544
1.0,1,0.8137552
0.0,0,0.31694308
0.0,0,0.03902521
0.0,0,0.0066082175
0.0,0,0.23219708
1.0,1,0.7164541
1.0,1,0.95491654
1.0,1,0.83535516
0.0,0,0.005639537
0.0,0,0.013308832
1.0,1,0.9771367
1.0,1,0.7284482
1.0,1,0.96511364
0.0,1,0.5369413
0.0,0,0.004387993
0.0,0,0.05779738
1.0,1,0.73739386
1.0,1,0.5340537
1.0,1,0.97733325
0.0,0,0.005107446
1.0,1,0.42002606
1.0,1,0.9587831
1.0,1,0.8766046
0.0,0,0.1451361
0.0,0,0.004640337
0.0,0,0.27873325
1.0,1,0.8111689
1.0,1,0.9124832
1.0,1,0.97245926
0.0,0,0.15706843
1.0,1,0.888444
1.0,1,0.76019955
0.0,0,0.17553404
1.0,1,0.5824295
1.0,0,0.37998295
0.0,0,0.0892058
1.0,1,0.9778679
1.0,1,0.93938494
0.0,0,0.41907096
0.0,0,0.017317612
1.0,1,0.88045394
1.0,1,0.9733797
1.0,1,0.8063969
0.0,0,0.0051006805
0.0,0,0.01689526
1.0,1,0.86606586
0.0,0,0.08997121
1.0,1,0.97333854
0.0,0,0.033052884
0.0,0,0.15841559
1.0,1,0.96309346
1.0,1,0.67878544
0.0,1,0.7925708
1.0,1,0.8280664
0.0,0,0.26523724
0.0,0,0.0060632066
0.0,0,0.018973075
1.0,1,0.9067901
0.0,1,0.83166414
0.0,0,0.007453081
1.0,1,0.8667469
1.0,1,0.7168082
0.0,0,0.0072387443
1.0,1,0.6650331
1.0,1,0.9765557
0.0,0,0.012135086
0.0,0,0.008953089
1.0,1,0.9736742
0.0,0,0.105731584
0.0,0,0.014816997
0.0,0,0.14601626
1.0,1,0.90910065
1.0,1,0.9555473
1.0,1,0.94392836
1.0,1,0.7746533
1.0,1,0.94901085
0.0,0,0.3739706
1.0,0,0.07079239
1.0,1,0.90476286
1.0,1,0.8684687
0.0,0,0.009091449
1.0,1,0.6123965
0.0,0,0.12275371
0.0,0,0.02541189
1.0,1,0.9647245
0.0,0,0.27824858
1.0,1,0.876884
0.0,0,0.03960394
0.0,0,0.005106556
1.0,1,0.58077943
1.0,1,0.95084894
1.0,1,0.9116472
1.0,1,0.53636384
0.0,0,0.164446
1.0,0,0.0150412945
0.0,0,0.10851959
0.0,0,0.06763639
1.0,1,0.90272033
0.0,1,0.7905818
0.0,0,0.011799369
0.0,0,0.29481313
0.0,0,0.2808581
1.0,1,0.82989275
0.0,0,0.021867188
0.0,0,0.008046829
0.0,0,0.0024838774
0.0,0,0.08677074
0.0,0,0.0047013657
0.0,1,0.81567776
1.0,1,0.9553332
1.0,1,0.9820935
1.0,1,0.88315654
1.0,1,0.78251576
1.0,1,0.8588997
1.0,1,0.92969257
0.0,0,0.022536676
1.0,0,0.35000682
1.0,1,0.9362936
1.0,1,0.9689246
1.0,1,0.95665145
1.0,1,0.857124
0.0,0,0.015997387
0.0,0,0.029133724
0.0,0,0.089171246
0.0,1,0.6865628
1.0,0,0.34070525
0.0,0,0.022241687
0.0,0,0.013738552
0.0,0,0.056354143
1.0,1,0.50905037
1.0,1,0.80552715
1.0,1,0.7447071
1.0,1,0.9487815
0.0,0,0.14844845
1.0,1,0.9559813
1.0,1,0.8542672
1.0,1,0.8590474
1.0,1,0.9650896
0.0,0,0.17398661
1.0,1,0.8593652
0.0,1,0.61914754
1.0,1,0.8621703
0.0,0,0.08827796
1.0,1,0.8527432
0.0,0,0.0009117754
1.0,1,0.85684305
0.0,0,0.08369229
1.0,1,0.93618816
1.0,1,0.8711518
0.0,0,0.038514715
1.0,1,0.98143744
0.0,0,0.098204285
0.0,0,0.1630635
0.0,0,0.17439173
1.0,1,0.8897234
1.0,1,0.97692394
1.0,1,0.94798344
1.0,1,0.9531286
0.0,0,0.019285392
0.0,1,0.8651152
0.0,1,0.5915358
1.0,1,0.96154296
0.0,0,0.011178639
1.0,1,0.97905093
0.0,0,0.21063222
0.0,0,0.028193407
1.0,1,0.8842899
1.0,1,0.9246907
0.0,0,0.010327253
1.0,1,0.87968767
0.0,0,0.41261944
0.0,0,0.02544007
0.0,0,0.02138335
1.0,1,0.94700056
0.0,0,0.020954804
0.0,1,0.55379283
0.0,0,0.00974928
0.0,0,0.013152049
1.0,1,0.82516664
0.0,1,0.89970326
1.0,1,0.8843143
1.0,1,0.66819465
1.0,1,0.833747
0.0,0,0.11807336
0.0,0,0.0014832718
1.0,1,0.91462266
1.0,1,0.8545697
0.0,0,0.20269132
0.0,0,0.025832063
0.0,0,0.001308827
0.0,0,0.29638675
1.0,0,0.020715535
1.0,1,0.46986592
1.0,1,0.9604774
1.0,0,0.34182522
0.0,0,0.009458127
1.0,1,0.96637946
0.0,0,0.024177004
1.0,1,0.95383716
1.0,1,0.97421414
0.0,0,0.022476314
0.0,0,0.023307562
1.0,1,0.9792446
0.0,0,0.027914856
0.0,0,0.005375148
1.0,1,0.7686814
1.0,1,0.43671322
1.0,1,0.9709023
0.0,0,0.13778566
1.0,1,0.77436364
0.0,0,0.019126857
1.0,1,0.8757473
1.0,1,0.9790557
1.0,1,0.47631937
1.0,1,0.8999072
1.0,0,0.23886752
1.0,1,0.8572768
0.0,0,0.027468039
1.0,1,0.59445316
1.0,1,0.54068965
0.0,0,0.36196032
0.0,0,0.118911356
0.0,0,0.01316911
1.0,1,0.9806931
0.0,0,0.017018892
0.0,0,0.03799514
1.0,1,0.96379846
1.0,1,0.9433087
0.0,0,0.015220701
1.0,1,0.9726336
1.0,1,0.8727795
1.0,1,0.9697257
1.0,1,0.71176857
1.0,1,0.973696
0.0,0,0.23910761
1.0,1,0.7472639
1.0,1,0.7734966
0.0,0,0.005504928
1.0,0,0.32645008
1.0,1,0.9802068
1.0,1,0.8950444
0.0,0,0.013210166
0.0,0,0.0057149427
1.0,1,0.8576999
1.0,1,0.84107435
0.0,0,0.12891465
1.0,1,0.8833575
0.0,0,0.004264049
1.0,1,0.8967231
0.0,0,0.32247213
0.0,0,0.089710474
0.0,0,0.010983517
0.0,0,0.00069660926
0.0,0,0.041180804
1.0,1,0.6985214
1.0,1,0.87688273
1.0,1,0.9059659
0.0,0,0.000881996
0.0,0,0.003906456
1.0,1,0.8713583
1.0,0,0.31656873
0.0,0,0.3442955
0.0,0,0.18693632
0.0,0,0.007973238
0.0,1,0.77633566
0.0,0,0.067519724
0.0,0,0.019092342
0.0,0,0.009481199
0.0,0,0.030922737
0.0,0,0.004613207
1.0,1,0.8066404
0.0,0,0.029171215
0.0,0,0.034505185
1.0,1,0.88150716
0.0,0,0.0060531083
0.0,0,0.02119737
0.0,0,0.102383725
0.0,0,0.0054066717
1.0,1,0.95604175
0.0,0,0.06107283
1.0,1,0.57661486
0.0,0,0.0058728904
1.0,1,0.77438974
1.0,1,0.87270105
0.0,0,0.39971864
1.0,1,0.7874899
1.0,0,0.22497568
1.0,1,0.91415733
1.0,1,0.8446092
1.0,1,0.7913512
1.0,1,0.70916826
0.0,0,0.08389967
0.0,0,0.012882319
0.0,0,0.0057443073
1.0,1,0.8299991
1.0,1,0.8602403
1.0,0,0.33773232
0.0,0,0.029627757
1.0,1,0.9793058
0.0,0,0.006871726
1.0,1,0.91883105
1.0,0,0.23110972
1.0,1,0.9051627
1.0,1,0.6462047
0.0,0,0.029615358
1.0,1,0.97606874
1.0,1,0.96251154
1.0,1,0.94669634
1.0,0,0.40630686
1.0,1,0.48927718
0.0,0,0.18736535
1.0,1,0.9793603
1.0,1,0.9644848
1.0,1,0.9211136
1.0,1,0.81886697
0.0,0,0.3976116
0.0,0,0.09223088
0.0,0,0.21230234
1.0,1,0.90731835
1.0,1,0.815135
1.0,1,0.95201075
1.0,1,0.9790366
0.0,0,0.04355988
0.0,1,0.67939925
1.0,0,0.1263133
0.0,1,0.4529048
0.0,0,0.06840554
1.0,1,0.98081166
0.0,0,0.016013287
1.0,1,0.90609914
1.0,1,0.8508121
0.0,0,0.0018863534
1.0,1,0.9630361
1.0,1,0.82540166
0.0,0,0.31399226
0.0,0,0.011162105
0.0,0,0.0071061314
1.0,1,0.90994084
0.0,0,0.015574273
1.0,0,0.29819897
0.0,0,0.019966122
1.0,1,0.97250473
0.0,1,0.48202875
0.0,0,0.38200358
0.0,0,0.0385576
1.0,1,0.6212112
0.0,0,0.044917136
1.0,1,0.5186097
1.0,1,0.82759404
0.0,0,0.043477427
1.0,1,0.9713892
0.0,0,0.005876953
1.0,1,0.47680068
1.0,1,0.5921613
1.0,1,0.9699344
1.0,1,0.9756492
0.0,0,0.0937391
1.0,1,0.8324421
1.0,1,0.9542516
0.0,0,0.008810883
0.0,0,0.0005014485
0.0,0,0.014466516
1.0,1,0.72795284
1.0,1,0.9793554
1.0,1,0.90186775
1.0,1,0.9209151
0.0,0,0.007872076
0.0,0,0.0024000795
0.0,0,0.20101687
1.0,1,0.6837379
1.0,1,0.61732084
0.0,0,0.013741771
1.0,1,0.9769823
0.0,0,0.012635485
0.0,0,0.0038884995
0.0,1,0.69222057
1.0,1,0.8133061
1.0,1,0.7000059
0.0,0,0.010295645
1.0,1,0.8316127
0.0,0,0.005625665
0.0,0,0.01892364
1.0,1,0.95955855
1.0,1,0.9599452
0.0,1,0.96956134
0.0,0,0.20736045
0.0,0,0.048521046
1.0,1,0.8274038
0.0,0,0.04577768
1.0,1,0.9570746
1.0,1,0.98215383
0.0,0,0.29053795
1.0,1,0.88785
0.0,0,0.06257583
1.0,1,0.6269243
0.0,0,0.15139872
0.0,0,0.15952164
1.0,0,0.14060086
1.0,1,0.89111465
0.0,0,0.056544535
1.0,1,0.9531846
0.0,0,0.3387428
0.0,0,0.04506596
0.0,0,0.024192818
0.0,0,0.002862352
1.0,1,0.94998914
1.0,1,0.80247515
1.0,1,0.9285751
0.0,1,0.5645271
0.0,0,0.18941054
1.0,1,0.9775412
1.0,1,0.9679841
1.0,1,0.9533278
1.0,1,0.9208204
0.0,1,0.46109512
1.0,1,0.9830011
0.0,0,0.008845544
1.0,1,0.97738004
1.0,1,0.9802241
1.0,1,0.65797555
0.0,0,0.0031906548
0.0,0,0.027591484
1.0,1,0.8018969
0.0,1,0.66916305
0.0,0,0.032469254
1.0,1,0.8170582
1.0,1,0.9747392
0.0,0,0.03628949
0.0,0,0.007948896
0.0,0,0.026667563
1.0,1,0.8902515
1.0,1,0.8214292
1.0,1,0.91952634
0.0,0,0.19373174
0.0,0,0.00041135034
1.0,1,0.9834015
1.0,1,0.9337884
1.0,1,0.9781606
1.0,1,0.92058355
0.0,0,0.00025818532
1.0,1,0.6666542
0.0,0,0.12303566
0.0,0,0.01054524
0.0,0,0.008640824
1.0,1,0.8846279
1.0,0,0.24124444
1.0,1,0.9301761
0.0,0,0.0031793506
0.0,0,0.022538481
0.0,0,0.21470444
1.0,1,0.8366676
0.0,1,0.7324294
0.0,0,0.04876363
0.0,0,0.007193771
1.0,1,0.9725186
1.0,1,0.877048
1.0,1,0.850028
0.0,0,0.07045068
0.0,0,0.07521843
0.0,0,0.0035263025
0.0,0,0.00041662293
1.0,1,0.93830335
1.0,1,0.9375821
0.0,0,0.39848796
0.0,0,0.010479435
1.0,1,0.7654004
1.0,1,0.95298237
0.0,0,0.16426395
0.0,1,0.91477334
0.0,1,0.6493226
0.0,0,0.0060530277
1.0,1,0.9761592
1.0,1,0.9833141
1.0,1,0.70352495
1.0,1,0.94113505
1.0,1,0.9521141
1.0,1,0.8965285
0.0,0,0.14140497
1.0,0,0.12893647
1.0,1,0.85746074
1.0,1,0.46076074
0.0,0,0.06302034
1.0,1,0.85223985
1.0,1,0.4853051
0.0,0,0.0388458
1.0,1,0.9405605
0.0,0,0.023322416
0.0,0,0.064969175
0.0,0,0.12187496
1.0,1,0.98286647
1.0,1,0.953566
0.0,0,0.057170607
1.0,1,0.8937821
1.0,1,0.9695015
0.0,0,0.0048238486
1.0,1,0.9812826
1.0,1,0.44758946
1.0,1,0.8753711
1.0,1,0.9600149
0.0,0,0.046360392
1.0,1,0.8916253
0.0,0,0.035439078
0.0,0,0.023309592
0.0,1,0.43046367
1.0,1,0.80085516
0.0,0,0.015939305
1.0,1,0.8417289
0.0,1,0.8855793
0.0,0,0.05254803
0.0,0,0.014144166
0.0,0,0.04094472
1.0,1,0.8847726
0.0,0,0.002392226
1.0,1,0.9326972
1.0,1,0.9400955
0.0,0,0.008983153
1.0,1,0.9492942
0.0,0,0.0064414795
0.0,0,0.11046921
1.0,1,0.83574194
1.0,1,0.88806856
1.0,1,0.9821965
0.0,0,0.3094212
1.0,1,0.80358934
0.0,0,0.009672682
0.0,0,0.0271344
0.0,0,0.17909835
1.0,1,0.70964336
1.0,1,0.89561117
0.0,0,0.13625315
1.0,1,0.57235515
1.0,1,0.94223154
1.0,1,0.9112615
1.0,1,0.8463836
1.0,1,0.73263776
0.0,0,0.031949073
0.0,0,0.050335098
0.0,0,0.023648914
0.0,0,0.02869744
1.0,1,0.83667696
1.0,1,0.975762
0.0,0,0.38748217
0.0,0,0.32378176
0.0,1,0.83900744
1.0,1,0.69666314
0.0,0,0.2955459
1.0,1,0.84126836
1.0,1,0.96209604
1.0,1,0.94478995
0.0,0,0.0072458033
1.0,1,0.88920367
1.0,1,0.847727
0.0,0,0.0052967346
1.0,1,0.97728145
0.0,0,0.005165555
1.0,1,0.5601777
1.0,1,0.984972
0.0,0,0.25867304
1.0,1,0.96706057
1.0,1,0.82239145
0.0,0,0.27639416
0.0,0,0.017436739
1.0,1,0.62332845
0.0,0,0.27835634
1.0,1,0.94751656
0.0,0,0.0052118553
1.0,1,0.9831297
1.0,1,0.6743064
1.0,1,0.95477986
1.0,1,0.9574532
0.0,0,0.16752608
1.0,1,0.9811921
0.0,0,0.025179587
1.0,1,0.9521146
1.0,1,0.5384258
1.0,1,0.69983375
0.0,0,0.106094226
0.0,0,0.39259374
0.0,1,0.7921492
1.0,1,0.88474137
0.0,0,0.24776646
0.0,1,0.7824
0.0,0,0.0018726367
1.0,1,0.92190963
0.0,0,0.2714853
1.0,1,0.96357715
0.0,0,0.12622696
1.0,1,0.9432702
0.0,0,0.31650648
1.0,1,0.692067
0.0,0,0.0010281223
1.0,1,0.9508637
1.0,1,0.87523675
0.0,1,0.47154197
0.0,0,0.0017584362
1.0,1,0.64346826
0.0,0,0.0016015192
0.0,0,0.025710355
0.0,0,0.011893311
0.0,0,0.05477642
1.0,1,0.80739886
1.0,1,0.69193363
0.0,0,0.04079366
1.0,1,0.93631727
1.0,0,0.20662713
1.0,1,0.88300085
1.0,1,0.73148966
0.0,0,0.08802278
1.0,1,0.81732917
0.0,0,0.011873932
0.0,0,0.016085893
1.0,1,0.76489305
0.0,0,0.010643619
1.0,1,0.7486143
0.0,1,0.48866197
0.0,0,0.27965444
0.0,0,0.037856694
0.0,0,0.29375365
0.0,1,0.5844263
1.0,1,0.68488353
1.0,1,0.87441117
1.0,1,0.9419742
1.0,1,0.9710141
1.0,1,0.80291414
0.0,1,0.7581152
1.0,1,0.9067913
1.0,1,0.88099736
0.0,0,0.05646366
0.0,0,0.029807461
0.0,0,0.2040584
1.0,1,0.51905906
0.0,0,0.04815701
0.0,0,0.0121574905
0.0,0,0.14831153
1.0,0,0.14091927
0.0,1,0.5463704
1.0,0,0.051008888
0.0,0,0.3288703
0.0,0,0.0048275106
0.0,0,0.0040668417
1.0,1,0.9559228
1.0,1,0.9800114
1.0,1,0.66588277
1.0,1,0.80452144
1.0,1,0.94113976
1.0,1,0.47131345
1.0,1,0.8943444
1.0,1,0.9701223
1.0,1,0.7536373
0.0,0,0.015314758
1.0,1,0.9613747
0.0,0,0.021210853
0.0,1,0.5933349
1.0,1,0.96198446
0.0,0,0.12410003
0.0,0,0.0004109858
0.0,0,0.09906483
0.0,1,0.44392115
0.0,1,0.72626257
1.0,1,0.77350795
0.0,0,0.0421402
0.0,0,0.321042
0.0,0,0.20581672
0.0,0,0.067454405
0.0,1,0.61127937
1.0,1,0.6019374
0.0,0,0.10096891
1.0,1,0.82277846
0.0,0,0.023499079
1.0,1,0.89283335
0.0,0,0.2867459
0.0,0,0.0435891
1.0,1,0.6994122
0.0,0,0.0010770556
1.0,1,0.8883148
0.0,1,0.5415526
1.0,1,0.7656484
0.0,0,0.13940759
0.0,0,0.047321837
1.0,1,0.74051064
1.0,1,0.97985315
1.0,1,0.5147594
1.0,1,0.8559732
0.0,0,0.061687313
0.0,0,0.10545445
0.0,0,0.0053744595
0.0,0,0.10544303
1.0,1,0.9686785
1.0,0,0.19626854
1.0,1,0.9485915
0.0,0,0.026728366
0.0,0,0.007327505
0.0,0,0.10803594
1.0,1,0.94641334
1.0,1,0.8925598
1.0,1,0.9379616
0.0,0,0.027791137
0.0,0,0.07498822
1.0,1,0.97082835
0.0,0,0.031248545
0.0,0,0.018587219
1.0,1,0.82051337
0.0,0,0.0025878577
0.0,0,0.04188995
1.0,1,0.83279145
1.0,1,0.90645087
0.0,0,0.00047514227
0.0,0,0.0045164977
1.0,1,0.7274475
1.0,1,0.98321956
0.0,0,0.03008203
1.0,1,0.98163766
1.0,1,0.84659636
0.0,0,0.29360262
1.0,1,0.7410611
1.0,1,0.8869172
1.0,1,0.9637609
0.0,0,0.06292249
0.0,0,0.023395669
0.0,0,0.37036788
1.0,1,0.97746664
1.0,1,0.81730187
0.0,0,0.11148605
1.0,1,0.9531789
1.0,1,0.93505955
0.0,0,0.0040992945
1.0,0,0.37553284
1.0,1,0.984098
0.0,0,0.35136527
1.0,1,0.9807321
1.0,0,0.39607346
0.0,0,0.2627333
1.0,1,0.97228587
1.0,1,0.96858543
1.0,1,0.97628945
1.0,1,0.70655173
1.0,1,0.6149112
0.0,1,0.63473225
0.0,1,0.855281
1.0,1,0.64220124
1.0,1,0.6244588
0.0,0,0.007614376
1.0,1,0.5729332
1.0,1,0.9710575
0.0,1,0.7729579
0.0,1,0.7086239
1.0,1,0.42199707
0.0,0,0.013342951
0.0,0,0.041548647
1.0,1,0.6637614
1.0,1,0.9135519
0.0,0,0.027502965
0.0,0,0.30893138
0.0,0,0.00908434
0.0,0,0.1434203
0.0,0,0.0035838578
1.0,1,0.9825395
1.0,1,0.8190312
0.0,0,0.05013523
0.0,0,0.0021816771
1.0,1,0.64894104
1.0,1,0.7533306
1.0,1,0.9765535
0.0,0,0.14768599
0.0,0,0.01582866
0.0,0,0.18039204
1.0,1,0.9839413
0.0,1,0.4687105
1.0,1,0.82124645
1.0,1,0.82724047
0.0,0,0.060392518
1.0,1,0.98074406
0.0,0,0.38834977
0.0,0,0.0018598727
0.0,0,0.02353559
0.0,0,0.08131032
1.0,1,0.95971173
1.0,1,0.60850894
1.0,1,0.98429555
1.0,1,0.9583201
1.0,1,0.9435413
0.0,0,0.07496041
0.0,0,0.004309408
0.0,0,0.24416582
0.0,0,0.10849454
0.0,0,0.022075001
1.0,1,0.9722417
1.0,0,0.33149692
0.0,0,0.016528044
1.0,1,0.97425216
1.0,1,0.8846885
0.0,0,0.014970335
1.0,1,0.96086264
1.0,1,0.84379596
0.0,0,0.05694428
0.0,0,0.016679635
1.0,1,0.9691078
1.0,1,0.97639704
0.0,0,0.109964795
0.0,0,0.034335896
0.0,1,0.899011
0.0,0,0.011723627
1.0,1,0.9536334
0.0,0,0.24298799
1.0,1,0.9664578
1.0,1,0.9838415
0.0,0,0.03388792
1.0,1,0.7741083
1.0,0,0.24007303
0.0,0,0.016165031
0.0,0,0.0016801599
1.0,1,0.8609731
1.0,1,0.8413439
0.0,0,0.13420574
1.0,1,0.6338115
1.0,1,0.8504547
1.0,1,0.7752413
0.0,1,0.97364104
1.0,1,0.5138688
0.0,0,0.031059941
0.0,0,0.01747196
0.0,0,0.029493818
0.0,0,0.0030288298
1.0,1,0.97729343
0.0,0,0.020166812
1.0,1,0.9828992
1.0,1,0.8999451
1.0,1,0.955594
0.0,0,0.0011034727
0.0,0,0.09370014
1.0,1,0.9786941
0.0,0,0.0065982295
1.0,1,0.90894496
0.0,0,0.009312951
0.0,0,0.3552511
0.0,0,0.22779797
0.0,1,0.86384
1.0,1,0.8347095
0.0,0,0.1139227
0.0,0,0.011413497
1.0,1,0.728127
0.0,0,0.16704673
0.0,0,0.031237151
0.0,0,0.033941194
0.0,0,0.038172305
0.0,1,0.7570547
1.0,1,0.97285557
1.0,1,0.92465496
1.0,1,0.74201846
1.0,1,0.9461026
1.0,1,0.9593589
0.0,0,0.20194262
1.0,0,0.4182764
1.0,1,0.98154783
0.0,1,0.5475894
0.0,0,0.031859368
0.0,0,0.008203069
1.0,1,0.96262985
1.0,1,0.76971066
0.0,0,0.0024188627
1.0,1,0.8279784
0.0,0,0.0038852387
0.0,0,0.081050046
1.0,1,0.8195249
0.0,0,0.0028890742
1.0,1,0.9748855
0.0,0,0.052655518
1.0,1,0.8558342
1.0,1,0.97907346
0.0,0,0.2647172
0.0,0,0.040895533
0.0,0,0.007299177
0.0,0,0.031200534
1.0,1,0.89119077
0.0,0,0.00988252
1.0,1,0.95497864
1.0,1,0.81540155
0.0,0,0.0036288956
1.0,1,0.88712686
1.0,1,0.87654984
0.0,0,0.0088858735
0.0,0,0.026193999
1.0,1,0.88015574
1.0,1,0.75541174
0.0,0,0.041842036
1.0,0,0.2718382
0.0,0,0.08963942
0.0,0,0.32907718
1.0,1,0.72491604
1.0,1,0.87105495
0.0,0,0.006351172
0.0,0,0.18302844
1.0,1,0.88523674
0.0,0,0.022963118
1.0,1,0.8392552
0.0,0,0.013750284
0.0,0,0.014368378
1.0,1,0.9790581
0.0,0,0.006258136
1.0,1,0.51071346
1.0,1,0.8549279
1.0,1,0.97264427
1.0,1,0.9638353
1.0,1,0.8169934
0.0,0,0.11311197
1.0,0,0.21632311
1.0,1,0.98023313
0.0,1,0.5269766
0.0,0,0.032798078
0.0,0,0.010675185
1.0,1,0.8073841
1.0,1,0.94684386
0.0,0,0.04674889
0.0,0,0.010557292
1.0,1,0.98083425
0.0,0,0.0014221356
0.0,0,0.00091194524
1.0,1,0.9534826
1.0,1,0.7159977
1.0,1,0.9622107
0.0,0,0.03660107
1.0,1,0.9760056
1.0,1,0.97827464
1.0,1,0.94577235
0.0,1,0.7010819
0.0,0,0.15682493
1.0,0,0.3569288
0.0,0,0.016878026
0.0,0,0.057571284
0.0,1,0.48993602
1.0,1,0.7428534
1.0,1,0.9501756
1.0,1,0.8568914
1.0,1,0.87015486
0.0,0,0.016616216
0.0,0,0.13777778
1.0,1,0.9080775
1.0,1,0.7767915
1.0,1,0.9743421
1.0,1,0.9180062
0.0,0,0.032305412
0.0,0,0.057139017
0.0,0,0.05349541
0.0,0,0.027465047
0.0,0,0.0022663535
0.0,1,0.6289729
0.0,1,0.46979836
0.0,0,0.120379075
1.0,1,0.5134336
1.0,1,0.8754364
1.0,1,0.93132305
1.0,1,0.98076737
0.0,0,0.0075287125
1.0,1,0.959302
0.0,0,0.035081603
0.0,0,0.20226203
0.0,0,0.10476629
0.0,0,0.009798591
1.0,0,0.27469206
0.0,0,0.20692585
1.0,1,0.9821073
0.0,0,0.021182958
0.0,0,0.043285172
0.0,0,0.0105406875
1.0,1,0.7632914
1.0,1,0.96334857
1.0,0,0.28304645
1.0,1,0.9085414
1.0,1,0.9594339
0.0,0,0.22884224
1.0,1,0.6147205
1.0,1,0.96403825
1.0,1,0.9841255
0.0,0,0.005854819
0.0,0,0.25659996
0.0,0,0.057972163
1.0,1,0.80044305
0.0,0,0.013992392
1.0,1,0.81534314
0.0,0,0.035176177
1.0,0,0.24248737
0.0,0,0.010945832
1.0,1,0.84588057
0.0,1,0.5433353
0.0,0,0.23381753
0.0,0,0.023374794
1.0,1,0.8987123
0.0,0,0.0020270436
0.0,0,0.025246108
1.0,1,0.72089386
1.0,1,0.51333404
1.0,1,0.6220759
1.0,1,0.85980767
1.0,1,0.9029609
0.0,0,0.19979838
1.0,1,0.9636077
0.0,0,0.1362122
1.0,1,0.81641537
1.0,1,0.46867725
1.0,1,0.58783704
1.0,1,0.97784024
1.0,0,0.25136346
1.0,0,0.1436861
0.0,0,0.003044095
0.0,1,0.79221845
1.0,1,0.794109
0.0,0,0.0074734115
1.0,1,0.8461064
0.0,0,0.015296748
1.0,1,0.88255626
0.0,1,0.6196141
0.0,0,0.18091811
1.0,1,0.95994455
1.0,1,0.85508645
1.0,1,0.94447607
0.0,0,0.20355986
0.0,0,0.03592118
0.0,0,0.06596147
1.0,1,0.7443224
0.0,0,0.34537363
0.0,0,0.0048353006
1.0,1,0.71709585
1.0,1,0.8073448
0.0,0,0.09718662
1.0,1,0.744624
1.0,1,0.81394356
0.0,0,0.097454414
0.0,0,0.03533779
1.0,1,0.58933294
1.0,1,0.5194262
1.0,1,0.749477
0.0,0,0.15488797
1.0,1,0.87293
1.0,1,0.8196899
1.0,0,0.28147763
0.0,0,0.25771028
0.0,1,0.4778147
0.0,0,0.037578713
1.0,0,0.26859462
0.0,0,0.056795076
1.0,1,0.5426291
1.0,1,0.9833121
1.0,1,0.7768496
1.0,1,0.940643
0.0,0,0.28430784
1.0,1,0.7484217
1.0,1,0.8743747
0.0,0,0.09108561
1.0,1,0.8573432
0.0,0,0.019693032
0.0,0,0.23786786
0.0,0,0.004179399
1.0,1,0.9823106
1.0,1,0.89493144
0.0,0,0.038584854
0.0,1,0.7482574
1.0,1,0.6052201
0.0,0,0.0049837832
1.0,1,0.8748123
0.0,0,0.02687551
0.0,0,0.0030536316
1.0,1,0.82800317
1.0,1,0.9705189
1.0,1,0.9837459
0.0,0,0.00856211
0.0,0,0.013539935
0.0,0,0.1422124
1.0,1,0.5566471
0.0,1,0.5584842
1.0,1,0.9077989
0.0,0,0.01435761
1.0,1,0.8941178
1.0,1,0.50190616
0.0,0,0.05815585
1.0,1,0.8393404
0.0,0,0.03978561
1.0,1,0.9414689
0.0,0,0.0046355776
0.0,0,0.28534213
1.0,0,0.11011747
0.0,0,0.13703008
1.0,1,0.98283345
0.0,0,0.08116598
0.0,0,0.0024023065
1.0,1,0.8564641
1.0,1,0.7291664
1.0,1,0.829922
0.0,0,0.023198934
1.0,1,0.9673214
1.0,1,0.9794242
1.0,1,0.8966284
1.0,0,0.373848
1.0,1,0.84272397
0.0,0,0.01749448
1.0,1,0.5822625
1.0,1,0.9565084
1.0,0,0.22507565
0.0,1,0.44681302
1.0,1,0.9724562
1.0,1,0.83365357
0.0,0,0.020147646
1.0,1,0.84966904
1.0,1,0.9101391
0.0,0,0.028003016
1.0,1,0.9383438
0.0,0,0.0043311743
1.0,1,0.977989
1.0,1,0.9610706
0.0,0,0.07535388
0.0,0,0.0040583424
1.0,1,0.6167966
0.0,0,0.1377396
0.0,0,0.043915976
0.0,0,0.3113303
1.0,1,0.87150633
1.0,1,0.9791902
0.0,0,0.0086485585
0.0,0,0.010850598
0.0,0,0.045249317
1.0,1,0.91139317
0.0,0,0.0071859825
0.0,0,0.0041040746
0.0,0,0.004831072
1.0,1,0.7002771
1.0,1,0.7601306
1.0,1,0.72820693
0.0,0,0.40763158
1.0,1,0.98306423
1.0,1,0.87500083
1.0,1,0.95098335
0.0,0,0.023923457
0.0,0,0.047914337
0.0,0,0.21370712
0.0,0,0.0034565113
1.0,1,0.87177145
1.0,1,0.82555604
1.0,1,0.9567993
1.0,1,0.983346
0.0,0,0.16101366
1.0,1,0.8464638
1.0,1,0.6894773
1.0,1,0.85419184
1.0,1,0.97773147
1.0,0,0.10519153
0.0,0,0.04166069
1.0,1,0.769082
0.0,0,0.019243887
1.0,1,0.82162344
1.0,1,0.97694725
1.0,1,0.9727742
1.0,1,0.9791451
0.0,0,0.0015685091
1.0,1,0.94253665
1.0,1,0.80247444
0.0,0,0.007910015
0.0,0,0.031363636
1.0,1,0.5874542
1.0,1,0.88058
1.0,1,0.981525
0.0,0,0.0092385225
1.0,1,0.66679925
0.0,0,0.017006055
1.0,1,0.9339443
0.0,0,0.037237495
0.0,0,0.034629054
0.0,0,0.24357195
0.0,0,0.04751525
0.0,0,0.057124987
1.0,1,0.7860538
1.0,1,0.98184913
0.0,0,0.006354911
1.0,1,0.9709111
0.0,0,0.21671027
1.0,1,0.95754933
0.0,0,0.03429021
0.0,1,0.45201004
0.0,0,0.04030516
1.0,1,0.9243517
1.0,1,0.710983
0.0,0,0.050915945
1.0,1,0.9767143
0.0,0,0.07721606
1.0,1,0.88811177
0.0,1,0.52486974
1.0,0,0.34620568
1.0,1,0.66174304
1.0,1,0.7215098
0.0,1,0.82901186
0.0,0,0.093293846
0.0,1,0.9261667
0.0,0,0.025147654
1.0,1,0.89329296
1.0,1,0.96385115
1.0,1,0.9802946
1.0,1,0.66421854
0.0,1,0.5467863
1.0,1,0.8308657
1.0,1,0.9666874
1.0,1,0.95004517
1.0,1,0.7171897
0.0,0,0.012840323
0.0,0,0.0044756015
0.0,0,0.016571226
0.0,1,0.6123636
1.0,1,0.9548207
0.0,0,0.06259942
1.0,1,0.96916556
0.0,0,0.037511606
1.0,1,0.95281184
0.0,0,0.20023654
0.0,0,0.01292237
1.0,1,0.51758504
0.0,0,0.07462483
0.0,1,0.76380855
1.0,1,0.7829292
0.0,1,0.700305
1.0,1,0.9516796
0.0,0,0.07854138
1.0,1,0.6993166
1.0,1,0.96645284
1.0,1,0.6427037
0.0,0,0.27452782
1.0,1,0.6540488
1.0,1,0.9710596
1.0,0,0.25935185
1.0,0,0.07407543
0.0,0,0.046300113
0.0,0,0.0019988643
1.0,1,0.8897787
1.0,1,0.93397504
1.0,1,0.882041
1.0,1,0.966069
1.0,1,0.96605235
0.0,0,0.048059277
1.0,1,0.8819156
1.0,0,0.18440478
0.0,0,0.06410842
0.0,1,0.44784266
1.0,1,0.88606596
1.0,1,0.9007541
1.0,1,0.87268525
1.0,1,0.756172
0.0,1,0.6126839
1.0,1,0.9038907
1.0,1,0.95577615
1.0,1,0.8782881
1.0,1,0.9727802
0.0,0,0.114803195
1.0,1,0.9694979
0.0,0,0.018123904
1.0,1,0.9710505
0.0,0,0.008831275
0.0,0,0.30522677
0.0,0,0.0148444455
1.0,1,0.96278775
1.0,1,0.9656256
0.0,0,0.1696686
1.0,1,0.80074835
1.0,1,0.675748
1.0,1,0.9422107
0.0,1,0.70190704
1.0,1,0.7801404
1.0,1,0.8279833
1.0,1,0.97613204
0.0,0,0.002131024
0.0,1,0.58226293
1.0,1,0.61647224
1.0,1,0.9797457
1.0,1,0.91931826
0.0,0,0.04327693
0.0,0,0.015225769
1.0,1,0.9257776
1.0,1,0.72252834
0.0,0,0.21442217
0.0,1,0.5812737
1.0,1,0.96053886
1.0,1,0.6596743
1.0,1,0.8913801
1.0,1,0.9754077
0.0,0,0.023007808
1.0,1,0.8316407
1.0,1,0.82750726
1.0,1,0.78747106
1.0,1,0.93624175
1.0,1,0.86465764
1.0,1,0.98046815
0.0,0,0.013204392
1.0,1,0.76049054
0.0,0,0.04953794
0.0,0,0.007204073
0.0,0,0.028019583
1.0,1,0.9691421
0.0,0,0.2409265
1.0,1,0.7377657
1.0,0,0.07783766
1.0,1,0.6054152
1.0,1,0.7678025
0.0,1,0.63254815
0.0,0,0.06783627
1.0,1,0.8325666
0.0,0,0.019446036
1.0,1,0.8469415
0.0,0,0.3012912
0.0,0,0.23870581
0.0,0,0.06797395
0.0,0,0.08817544
0.0,1,0.87840164
0.0,1,0.5586037
1.0,1,0.8742409
1.0,1,0.9744897
1.0,1,0.9486175
0.0,0,0.2627596
1.0,1,0.9750373
1.0,1,0.8316838
1.0,1,0.98260593
1.0,1,0.930496
0.0,0,0.05400507
0.0,0,0.048360366
0.0,0,0.017536309
0.0,0,0.15176256
1.0,1,0.7229844
0.0,0,0.076752305
1.0,1,0.6227808
1.0,1,0.96803343
1.0,1,0.79288435
1.0,1,0.81824553
1.0,1,0.92639935
1.0,1,0.93859065
0.0,0,0.09849139
0.0,1,0.4875009
0.0,0,0.011501763
0.0,0,0.1047682
0.0,1,0.5338205
1.0,1,0.9271951
0.0,0,0.0071235695
0.0,0,0.0077057728
1.0,0,0.03044971
0.0,1,0.6149266
1.0,1,0.8258094
1.0,1,0.9152838
1.0,1,0.98337907
0.0,0,0.0069020367
0.0,0,0.033346657
1.0,1,0.45556077
0.0,0,0.15599988
0.0,0,0.188279
0.0,0,0.0024016956
1.0,1,0.97735196
0.0,0,0.0309557
0.0,1,0.7450056
1.0,1,0.70495117
1.0,1,0.9654483
0.0,0,0.0701393
0.0,0,0.009804431
1.0,1,0.9662501
1.0,1,0.9793793
1.0,1,0.92526627
0.0,0,0.014930322
0.0,0,0.020727074
0.0,0,0.08450475
1.0,1,0.97353125
1.0,0,0.122878365
1.0,1,0.94092345
0.0,1,0.8224356
0.0,0,0.07372137
1.0,1,0.94090277
1.0,1,0.75502014
0.0,0,0.013647633
1.0,1,0.98383564
0.0,0,0.036525097
1.0,1,0.96414185
1.0,0,0.1932613
0.0,0,0.0009312739
1.0,1,0.9371358
0.0,0,0.02239164
0.0,0,0.027248872
0.0,0,0.007915683
1.0,1,0.9700696
0.0,1,0.95005465
0.0,1,0.78864646
0.0,0,0.33610684
0.0,1,0.5362369
0.0,0,0.01739743
1.0,1,0.919391
1.0,1,0.7445977
0.0,0,0.023403456
0.0,0,0.01883438
1.0,1,0.94482
0.0,0,0.028158415
1.0,1,0.8606147
0.0,0,0.09042918
0.0,0,0.048254374
0.0,0,0.3803392
1.0,1,0.77913123
0.0,0,0.16631204
1.0,0,0.25603715
0.0,0,0.04657795
0.0,0,0.058364317
1.0,1,0.9348471
0.0,0,0.002612208
1.0,1,0.82594746
0.0,1,0.8314906
0.0,0,0.0027727396
1.0,1,0.49164507
0.0,0,0.028172212
1.0,1,0.91968143
1.0,1,0.9372864
0.0,0,0.06595982
0.0,0,0.053356525
1.0,1,0.9095975
1.0,1,0.5198056
1.0,1,0.9345348
0.0,0,0.021374932
0.0,1,0.7840594
0.0,0,0.24249133
0.0,0,0.17256804
1.0,1,0.7355087
0.0,0,0.04184762
1.0,1,0.49524924
0.0,0,0.2410951
0.0,0,0.11781441
1.0,1,0.8871053
0.0,0,0.043080226
0.0,0,0.0023618923
0.0,0,0.00731382
1.0,0,0.06462449
1.0,1,0.95379514
0.0,0,0.057305027
0.0,0,0.008770055
1.0,1,0.9638474
0.0,0,0.014318977
0.0,0,0.33132422
0.0,0,0.0022550495
1.0,1,0.7891033
0.0,0,0.013606985
1.0,1,0.8809025
0.0,0,0.0077310894
0.0,0,0.07313259
0.0,0,0.013203473
1.0,1,0.6599481
1.0,1,0.96761155
1.0,1,0.8364215
0.0,0,0.009922117
1.0,1,0.9744014
0.0,0,0.01802956
1.0,1,0.8624792
1.0,1,0.9794651
0.0,0,0.010889356
0.0,0,0.29618883
0.0,0,0.0047151702
0.0,0,0.009173878
1.0,0,0.26829138
0.0,0,0.13203749
1.0,1,0.883672
0.0,0,0.029629642
0.0,0,0.08897254
0.0,0,0.006533264
1.0,1,0.9607922
1.0,1,0.62313116
1.0,0,0.34276414
0.0,0,0.023295468
0.0,0,0.010830993
0.0,0,0.052409124
0.0,1,0.61192673
0.0,0,0.3143018
0.0,0,0.050535243
1.0,1,0.6630162
1.0,1,0.7867607
1.0,1,0.9616292
0.0,0,0.017639015
1.0,1,0.9792397
1.0,1,0.97836685
1.0,1,0.63291144
1.0,1,0.9778293
0.0,0,0.0027000462
0.0,0,0.00208614
0.0,0,0.002919125
1.0,1,0.9671605
1.0,1,0.9280051
1.0,1,0.90140325
0.0,0,0.0028428966
1.0,1,0.6618991
0.0,0,0.013920386
0.0,1,0.96289015
0.0,1,0.87482417
0.0,0,0.40211415
1.0,1,0.9743364
1.0,1,0.92902267
0.0,1,0.47959906
1.0,1,0.8090114
0.0,0,0.029022062
0.0,0,0.28579697
0.0,0,0.20466
1.0,1,0.88839066
0.0,0,0.0012841242
1.0,1,0.9499144
1.0,1,0.839635
0.0,0,0.0047614956
1.0,1,0.91689086
1.0,1,0.85744137
1.0,1,0.8930023
0.0,0,0.022655064
1.0,1,0.7435894
1.0,0,0.3379722
0.0,0,0.012096914
1.0,1,0.9867038
0.0,0,0.0013195348
1.0,1,0.8786265
0.0,1,0.77262455
1.0,1,0.9561413
1.0,1,0.912451
1.0,1,0.86838204
0.0,1,0.57920116
0.0,0,0.00651012
0.0,0,0.21159013
0.0,0,0.047693826
0.0,0,0.008173869
1.0,1,0.9839385
1.0,1,0.96315813
1.0,1,0.71131206
1.0,1,0.6388857
0.0,0,0.04736231
1.0,1,0.9537924
0.0,0,0.002326426
1.0,1,0.9333028
0.0,1,0.6575587
0.0,1,0.8065334
1.0,1,0.8410463
1.0,1,0.6483145
0.0,0,0.0937143
1.0,1,0.4540927
0.0,0,0.015307756
1.0,1,0.67203414
1.0,1,0.9354206
1.0,1,0.94282186
1.0,1,0.92107284
1.0,1,0.7853919
0.0,1,0.6766476
1.0,1,0.84398466
0.0,0,0.009456381
0.0,0,0.1721554
1.0,1,0.9222578
1.0,1,0.8886316
1.0,1,0.96935666
1.0,1,0.87250185
1.0,1,0.97205406
1.0,1,0.9116318
1.0,1,0.9721134
0.0,0,0.069084436
0.0,0,0.014990332
0.0,0,0.085366614
0.0,0,0.21546955
1.0,1,0.955992
1.0,1,0.77023727
1.0,1,0.6238535
1.0,1,0.7995749
0.0,0,0.03819431
0.0,0,0.02883841
0.0,0,0.014099387
1.0,1,0.6947402
1.0,1,0.7523805
0.0,0,0.12395259
0.0,0,0.09010188
0.0,0,0.14700556
1.0,1,0.62547714
0.0,0,0.2450872
0.0,0,0.028011667
0.0,0,0.098922834
1.0,1,0.68418205
0.0,0,0.041716296
1.0,1,0.90804696
1.0,1,0.9821578
0.0,0,0.40964732
0.0,0,0.0024969561
1.0,1,0.9737821
0.0,1,0.45857346
1.0,1,0.66842294
0.0,0,0.12219296
1.0,1,0.7027515
0.0,0,0.007480192
0.0,0,0.014629679
1.0,1,0.98692816
0.0,0,0.0058176126
0.0,0,0.0020756607
0.0,0,0.38263947
1.0,1,0.9235211
1.0,1,0.9355476
0.0,0,0.1869778
1.0,1,0.96135265
0.0,0,0.3245225
1.0,1,0.53555113
1.0,1,0.9768359
0.0,0,0.09102414
1.0,1,0.97820246
0.0,0,0.01124003
1.0,1,0.94439757
1.0,1,0.97766006
1.0,1,0.94529146
0.0,0,0.24760687
1.0,1,0.6985636
0.0,0,0.0065155164
0.0,0,0.045793645
1.0,1,0.9686474
0.0,0,0.032772183
0.0,0,0.08124368
1.0,1,0.9693519
0.0,0,0.059890736
0.0,1,0.53718555
1.0,1,0.9421558
1.0,0,0.0395632
1.0,1,0.98126686
1.0,1,0.9601877
1.0,1,0.97258335
1.0,0,0.37533084
1.0,1,0.92185956
0.0,0,0.19319274
1.0,1,0.6917677
1.0,1,0.89308435
0.0,0,0.0038071608
0.0,0,0.06100948
1.0,0,0.346778
0.0,0,0.040831655
1.0,1,0.9550426
0.0,0,0.026962997
0.0,0,0.010587374
0.0,1,0.8697293
1.0,1,0.84526783
1.0,1,0.89916396
0.0,0,0.03519688
1.0,1,0.9515102
1.0,1,0.55201066
1.0,1,0.8430803
1.0,1,0.9807774
0.0,0,0.03629305
0.0,0,0.106089085
0.0,0,0.009049852
0.0,0,0.03691077
1.0,1,0.9667593
0.0,0,0.012424014
0.0,1,0.89431405
1.0,1,0.82193005
1.0,1,0.9705073
0.0,0,0.013663072
0.0,0,0.043243416
0.0,1,0.6549083
1.0,1,0.96321315
1.0,1,0.83337015
0.0,0,0.023112185
0.0,0,0.005627757
1.0,1,0.9779052
1.0,1,0.9769719
0.0,0,0.016380021
0.0,0,0.056385543
0.0,0,0.008923065
1.0,1,0.8123842
1.0,1,0.94062686
1.0,1,0.5090475
0.0,0,0.0078340955
1.0,1,0.8119385
1.0,1,0.58777
0.0,0,0.0031450146
0.0,0,0.12943545
1.0,1,0.75959635
1.0,1,0.8929622
0.0,0,0.019651184
1.0,0,0.075573236
1.0,1,0.9193522
0.0,1,0.79009014
0.0,0,0.09431658
0.0,0,0.014743063
1.0,1,0.9336089
0.0,0,0.074976146
0.0,0,0.0020623312
1.0,1,0.8917566
0.0,0,0.25409925
1.0,0,0.15281162
0.0,0,0.14425541
0.0,0,0.17205186
1.0,1,0.9636127
1.0,1,0.94568306
1.0,1,0.9807123
0.0,1,0.71910816
1.0,1,0.8230378
0.0,1,0.56431943
1.0,1,0.98071796
1.0,1,0.94605404
1.0,1,0.8702228
1.0,1,0.95008105
0.0,0,0.026974805
1.0,1,0.98287296
0.0,0,0.0105173495
0.0,0,0.019131409
1.0,1,0.98202235
1.0,1,0.9604485
0.0,0,0.2933384
1.0,1,0.9609195
1.0,1,0.8451834
1.0,1,0.95477057
0.0,0,0.03910953
0.0,0,0.10548256
0.0,0,0.07811243
1.0,1,0.84507823
0.0,0,0.036552124
0.0,0,0.23314835
0.0,1,0.7581934
1.0,1,0.9737064
0.0,0,0.13753542
0.0,0,0.12645231
1.0,0,0.3661582
1.0,1,0.9460604
1.0,1,0.92509186
1.0,1,0.70842075
0.0,0,0.00973167
1.0,1,0.9768936
1.0,1,0.9812852
0.0,0,0.021102756
1.0,1,0.7046912
1.0,1,0.8479845
0.0,0,0.012324154
0.0,0,0.087058425
1.0,1,0.95917976
0.0,0,0.34515503
1.0,1,0.97895277
1.0,1,0.89890254
0.0,1,0.609607
0.0,0,0.121038936
1.0,1,0.8936808
0.0,0,0.027941061
0.0,1,0.6311623
1.0,1,0.96418816
0.0,0,0.020750215
0.0,1,0.74954116
0.0,0,0.32171673
1.0,1,0.9729346
1.0,1,0.9422065
0.0,0,0.05114867
1.0,1,0.4358105
0.0,0,0.0027930932
1.0,1,0.93169093
0.0,0,0.011463798
1.0,1,0.91335905
0.0,0,0.0021336712
0.0,0,0.0020656744
0.0,0,0.0013457073
1.0,1,0.9507844
1.0,1,0.844074
1.0,1,0.90806127
0.0,0,0.011888784
0.0,0,0.050835967
1.0,1,0.946515
0.0,0,0.3424967
0.0,0,0.04118847
1.0,1,0.98297375
1.0,1,0.89558136
1.0,0,0.31165308
1.0,1,0.68505424
0.0,0,0.023018092
0.0,0,0.029540896
1.0,1,0.8459587
1.0,1,0.9632635
0.0,0,0.14600275
0.0,0,0.040706147
1.0,1,0.98004854
1.0,1,0.762068
1.0,1,0.96856767
0.0,0,0.007909566
1.0,1,0.97937155
1.0,1,0.961775
0.0,0,0.033778846
1.0,1,0.9548205
1.0,1,0.82566416
0.0,0,0.08821162
0.0,0,0.036510803
0.0,0,0.0006982214
1.0,0,0.36934868
0.0,0,0.02392522
0.0,0,0.038004387
0.0,0,0.030334687
0.0,0,0.038790658
0.0,0,0.087030776
1.0,1,0.42767438
0.0,0,0.25731567
1.0,1,0.5957047
0.0,0,0.004512523
0.0,1,0.720331
0.0,0,0.045492444
0.0,0,0.002517913
0.0,0,0.2767621
1.0,1,0.8948818
0.0,0,0.014226438
0.0,0,0.028490683
1.0,0,0.40283453
0.0,1,0.65987486
0.0,0,0.008455707
0.0,0,0.011895502
0.0,0,0.2671628
0.0,0,0.14102045
0.0,0,0.0038242294
0.0,1,0.43583366
1.0,1,0.6406125
1.0,1,0.919739
1.0,1,0.98496836
1.0,1,0.59625834
1.0,1,0.9330087
0.0,0,0.15914078
1.0,1,0.59483993
1.0,1,0.95166314
1.0,1,0.9772448
1.0,1,0.5676944
1.0,1,0.9100305
1.0,1,0.96896905
0.0,0,0.16894308
1.0,1,0.9793046
0.0,0,0.046198647
0.0,0,0.0022504504
1.0,1,0.97500837
1.0,1,0.74854004
1.0,1,0.9217745
0.0,0,0.053578954
0.0,0,0.0018028035
1.0,1,0.72395945
1.0,1,0.7094494
1.0,1,0.98431116
0.0,0,0.39132646
1.0,1,0.83733785
1.0,1,0.7945541
1.0,1,0.97977144
1.0,1,0.9624029
0.0,0,0.12817119
0.0,0,0.052683394
1.0,1,0.9796381
0.0,0,0.02292572
0.0,0,0.010607327
1.0,1,0.9774214
1.0,1,0.626455
0.0,0,0.016666405
0.0,0,0.32757786
1.0,1,0.8118436
1.0,1,0.5009639
1.0,1,0.9514092
0.0,0,0.023688124
1.0,1,0.92087984
0.0,0,0.009093051
0.0,0,0.019290397
0.0,0,0.00087251083
0.0,0,0.26313418
1.0,1,0.8406236
1.0,1,0.9317392
1.0,1,0.92125154
1.0,1,0.79423386
1.0,1,0.8343443
0.0,0,0.14760128
1.0,1,0.95601094
0.0,0,0.08917349
0.0,0,0.026869524
1.0,1,0.8444558
0.0,0,0.011504354
1.0,1,0.7399496
0.0,0,0.09597806
0.0,0,0.08245342
0.0,0,0.011517283
0.0,0,0.30316153
0.0,0,0.018300863
0.0,0,0.15901467
0.0,0,0.3916914
0.0,0,0.05553372
1.0,1,0.66899645
1.0,1,0.8545808
0.0,0,0.031976473
1.0,1,0.7235353
1.0,0,0.29234755
0.0,1,0.7597579
1.0,1,0.95326394
0.0,0,0.18779382
0.0,0,0.07945665
0.0,0,0.14482775
1.0,1,0.9550346
0.0,0,0.012615715
1.0,1,0.8910094
1.0,1,0.8114129
1.0,1,0.98258996
0.0,1,0.48490703
1.0,1,0.6557379
0.0,0,0.021457383
1.0,1,0.9788643
0.0,0,0.3341184
0.0,0,0.019924175
0.0,1,0.45796674
0.0,0,0.0038658308
1.0,1,0.51517725
0.0,0,0.068910144
1.0,1,0.8721528
0.0,0,0.004024431
1.0,1,0.94283336
1.0,1,0.9298068
0.0,0,0.0015497082
1.0,1,0.8346024
0.0,0,0.011812799
1.0,1,0.5635546
1.0,1,0.8724316
1.0,1,0.972167
1.0,1,0.9327221
1.0,1,0.9831468
0.0,0,0.16415276
1.0,1,0.86013746
1.0,1,0.97346425
1.0,1,0.71421546
1.0,1,0.8682076
1.0,1,0.76339924
1.0,1,0.9800855
1.0,1,0.8304411
0.0,0,0.07185023
0.0,0,0.11178434
1.0,1,0.8946746
0.0,0,0.091022074
1.0,1,0.74240583
0.0,0,0.104323104
1.0,1,0.94872606
0.0,0,0.3338187
1.0,1,0.8815569
0.0,0,0.04608454
1.0,1,0.8088626
0.0,1,0.6263971
1.0,1,0.44945052
0.0,0,0.05892908
1.0,1,0.9452155
0.0,0,0.01631506
1.0,1,0.42878813
1.0,1,0.8078693
0.0,0,0.011202952
0.0,0,0.006191904
0.0,0,0.007650354
1.0,1,0.9596917
0.0,0,0.014984335
1.0,1,0.9809911
0.0,0,0.0030733484
0.0,0,0.03894322
0.0,0,0.0233737
1.0,1,0.8447652
0.0,0,0.012084567
1.0,1,0.9742247
1.0,1,0.90208715
0.0,0,0.0012275964
1.0,1,0.46403196
1.0,1,0.9819744
1.0,1,0.9665068
0.0,1,0.82755744
1.0,1,0.81816846
1.0,1,0.9579952
0.0,0,0.068787925
0.0,0,0.120127
1.0,1,0.9734135
1.0,1,0.9179861
1.0,1,0.9446325
0.0,0,0.07614831
1.0,1,0.9723169
0.0,0,0.04977525
1.0,1,0.7204259
1.0,1,0.58323896
1.0,1,0.95845443
0.0,0,0.13674708
0.0,0,0.3635603
1.0,1,0.92556643
0.0,0,0.050435733
0.0,0,0.05210683
0.0,0,0.0050627743
0.0,0,0.002030419
1.0,1,0.45509544
0.0,0,0.018684437
0.0,0,0.008266858
0.0,0,0.013810215
0.0,0,0.029198108
1.0,1,0.50477815
0.0,0,0.023747848
0.0,0,0.062216677
1.0,1,0.82058406
1.0,1,0.92218643
0.0,0,0.10438002
0.0,0,0.01403626
0.0,0,0.20260566
1.0,1,0.93099093
1.0,1,0.9825439
0.0,0,0.039313283
1.0,1,0.9137933
0.0,0,0.23026122
1.0,1,0.9341806
0.0,0,0.00861888
1.0,0,0.38040602
0.0,0,0.04119598
0.0,0,0.006291401
0.0,0,0.075370744
0.0,0,0.3743115
1.0,1,0.78064275
0.0,0,0.06961564
1.0,1,0.9731751
0.0,0,0.31795087
0.0,0,0.014701326
1.0,0,0.28166297
1.0,1,0.94168705
1.0,1,0.86943156
1.0,1,0.81707734
1.0,1,0.8615651
0.0,0,0.26754108
1.0,1,0.97358614
1.0,1,0.88554317
0.0,0,0.3573277
1.0,1,0.64229953
1.0,1,0.8560879
0.0,0,0.057592202
0.0,0,0.0058080675
1.0,1,0.8573075
1.0,1,0.97961235
1.0,1,0.960614
1.0,1,0.98247004
1.0,1,0.9247258
0.0,0,0.041852515
0.0,0,0.0052517
1.0,1,0.8527859
1.0,1,0.8164477
1.0,1,0.9827102
0.0,0,0.003968743
0.0,0,0.009459526
1.0,1,0.9440743
1.0,1,0.96199137
0.0,0,0.013451306
0.0,0,0.18079762
1.0,1,0.97772926
0.0,0,0.06501177
1.0,1,0.9397545
1.0,1,0.7056267
0.0,0,0.0007543163
1.0,1,0.84801126
0.0,0,0.18970421
1.0,1,0.7650243
0.0,0,0.018882493
1.0,1,0.9797109
1.0,1,0.87001365
1.0,1,0.96531904
0.0,1,0.80913836
0.0,0,0.014498933
1.0,1,0.93846977
1.0,1,0.6509892
0.0,0,0.01574979
1.0,0,0.15527514
0.0,0,0.016521575
1.0,1,0.97239864
1.0,1,0.5771322
0.0,0,0.003833944
1.0,1,0.7996366
1.0,1,0.8923933
1.0,1,0.7342708
0.0,0,0.014021949
1.0,1,0.8772383
0.0,0,0.008674628
1.0,1,0.4505016
0.0,0,0.13073114
0.0,0,0.010172337
1.0,1,0.85286146
1.0,1,0.88772684
1.0,1,0.8573945
1.0,1,0.85299325
0.0,0,0.010829533
1.0,1,0.96624523
0.0,0,0.24183923
0.0,0,0.16646956
1.0,1,0.95968354
0.0,0,0.054025006
1.0,1,0.882295
1.0,1,0.88894135
0.0,0,0.008262098
1.0,1,0.9669682
1.0,1,0.8027677
1.0,1,0.83736753
1.0,1,0.8338711
0.0,0,0.08822745
0.0,0,0.24701431
1.0,1,0.8827156
1.0,1,0.89924145
0.0,0,0.070460156
0.0,0,0.06103548
1.0,1,0.9841533
1.0,1,0.8753686
1.0,1,0.978074
0.0,0,0.16724272
0.0,0,0.00406044
0.0,0,0.007562282
0.0,0,0.0032302435
1.0,1,0.9232336
1.0,1,0.7867921
0.0,0,0.009488424
0.0,0,0.23686735
0.0,0,0.20672831
1.0,1,0.980531
1.0,1,0.83965796
0.0,0,0.03151163
0.0,0,0.020081716
0.0,0,0.020063378
1.0,1,0.8429722
0.0,0,0.0039014844
0.0,0,0.036140874
1.0,1,0.9581086
1.0,1,0.9735304
1.0,1,0.8183913
0.0,0,0.025201755
1.0,1,0.79625446
1.0,1,0.9615649
1.0,1,0.7701617
0.0,0,0.011152999
1.0,1,0.83352023
1.0,1,0.9332326
0.0,0,0.014645758
1.0,1,0.9537568
1.0,1,0.9655756
0.0,0,0.15309443
1.0,1,0.97719973
0.0,0,0.031834744
0.0,0,0.18601426
1.0,1,0.9805381
0.0,0,0.04158763
0.0,0,0.30698535
0.0,0,0.02977735
0.0,0,0.071107015
1.0,1,0.9716098
1.0,1,0.9389478
0.0,0,0.0065239207
0.0,0,0.0034331193
1.0,0,0.07978681
1.0,1,0.95589304
0.0,0,0.08546472
0.0,0,0.0074446057
0.0,1,0.43163565
1.0,1,0.6306871
1.0,1,0.98140424
0.0,0,0.41161922
1.0,1,0.7299408
1.0,1,0.6108653
0.0,0,0.19684581
0.0,0,0.0042627575
0.0,1,0.58271265
1.0,1,0.98039156
1.0,1,0.9384007
1.0,1,0.8066243
0.0,1,0.5398528
0.0,0,0.090883
1.0,1,0.90480745
0.0,0,0.009200655
0.0,0,0.12674691
0.0,0,0.0064239437
1.0,1,0.5749341
1.0,1,0.8422731
1.0,1,0.8366123
1.0,1,0.91739595
0.0,0,0.09346426
0.0,0,0.045248743
0.0,0,0.06085552
1.0,1,0.9334812
0.0,0,0.074355006
0.0,0,0.028957572
0.0,0,0.36903244
1.0,1,0.7459331
0.0,0,0.032841135
1.0,1,0.96771884
0.0,0,0.017983235
1.0,1,0.9593978
1.0,1,0.92959714
1.0,1,0.83874464
0.0,0,0.021781586
1.0,1,0.931329
0.0,0,0.13248682
1.0,1,0.7446133
1.0,1,0.96053666
0.0,0,0.07407462
1.0,1,0.88106835
1.0,1,0.96692395
1.0,0,0.097057536
0.0,0,0.23199217
1.0,1,0.9275529
0.0,0,0.05616997
1.0,1,0.78887254
0.0,0,0.015148546
0.0,0,0.25401968
1.0,1,0.63588583
0.0,0,0.2505895
1.0,0,0.36151123
1.0,1,0.9423502
1.0,0,0.40842175
1.0,1,0.91546977
1.0,1,0.82696366
0.0,0,0.3318074
1.0,1,0.9796391
0.0,0,0.044068065
1.0,1,0.8815556
1.0,1,0.7614459
0.0,0,0.0065463157
0.0,0,0.010417627
0.0,1,0.95851135
1.0,1,0.93352574
1.0,1,0.79664737
0.0,0,0.0037909513
1.0,1,0.6327388
0.0,0,0.029340424
1.0,1,0.78668916
0.0,0,0.007523085
0.0,0,0.01757414
1.0,1,0.7927316
0.0,0,0.016868928
0.0,0,0.059411444
0.0,0,0.070463225
1.0,1,0.97416705
1.0,1,0.96190935
0.0,0,0.06105163
1.0,1,0.9801522
1.0,1,0.9795823
0.0,0,0.16650678
0.0,0,0.025405785
1.0,1,0.8128321
1.0,1,0.9778243
1.0,1,0.9705378
1.0,1,0.5734233
0.0,0,0.006874385
1.0,1,0.9675937
0.0,0,0.12595989
0.0,1,0.42966577
0.0,0,0.06423705
0.0,0,0.13787438
1.0,1,0.93334854
1.0,1,0.9810251
0.0,0,0.008758852
1.0,1,0.86961573
1.0,1,0.87100166
0.0,0,0.021463662
0.0,0,0.015522132
1.0,1,0.86554235
1.0,1,0.98466206
1.0,1,0.9247415
0.0,0,0.006386042
1.0,1,0.7062191
0.0,0,0.0055399695
1.0,1,0.9643445
1.0,1,0.9811463
0.0,1,0.53798354
1.0,1,0.81941986
1.0,1,0.9785171
0.0,0,0.014347182
0.0,0,0.0051252972
0.0,0,0.2187039
0.0,0,0.040708654
0.0,1,0.94735533
0.0,0,0.01092378
1.0,1,0.5358079
1.0,1,0.6102435
1.0,0,0.270342
0.0,0,0.01652751
0.0,0,0.026321901
0.0,1,0.6573777
0.0,1,0.5951923
1.0,1,0.95867205
1.0,1,0.76286674
1.0,1,0.97994083
0.0,0,0.0042631384
0.0,0,0.22157736
0.0,0,0.15644352
1.0,1,0.97268325
1.0,1,0.9810065
1.0,1,0.8809105
1.0,1,0.70041776
1.0,1,0.9475869
0.0,0,0.41125956
1.0,1,0.980563
1.0,1,0.82562983
0.0,1,0.45962965
0.0,0,0.026406521
0.0,0,0.18894526
1.0,1,0.93458045
0.0,0,0.34166887
0.0,0,0.0057748836
0.0,0,0.04358559
0.0,0,0.27142626
0.0,0,0.028163908
1.0,1,0.96257377
0.0,0,0.048569568
0.0,0,0.06142638
0.0,0,0.016001863
1.0,1,0.968228
0.0,0,0.40671474
0.0,1,0.4566374
1.0,1,0.82792306
0.0,0,0.05970454
0.0,0,0.0021891824
0.0,0,0.013760525
1.0,0,0.36609113
0.0,0,0.20520009
1.0,1,0.85694003
1.0,0,0.04504373
1.0,1,0.96950895
0.0,0,0.2790758
1.0,1,0.8041415
1.0,1,0.97190493
1.0,1,0.76337886
0.0,0,0.07120925
0.0,0,0.16733444
1.0,1,0.8546022
1.0,1,0.60047853
1.0,1,0.9715341
0.0,0,0.2459356
1.0,1,0.9520439
0.0,1,0.6086791
1.0,1,0.59128517
0.0,0,0.16880469
0.0,0,0.01065528
0.0,0,0.045640435
0.0,0,0.14868394
1.0,1,0.938743
0.0,0,0.08674833
0.0,0,0.006956432
0.0,0,0.34536138
0.0,1,0.9147705
1.0,1,0.9853534
0.0,0,0.30787238
1.0,1,0.86690605
0.0,0,0.05492897
0.0,0,0.4045148
1.0,1,0.77507246
0.0,0,0.015314356
1.0,1,0.66282356
1.0,1,0.8969646
0.0,0,0.023170993
0.0,0,0.0036113139
1.0,1,0.9768644
0.0,0,0.045803085
1.0,1,0.96645886
0.0,0,0.040645424
0.0,0,0.005610324
0.0,0,0.015371374
0.0,0,0.06290714
1.0,1,0.9210231
0.0,0,0.12184023
0.0,0,0.011749157
1.0,1,0.61165416
0.0,0,0.043614473
0.0,1,0.5751975
0.0,0,0.025836201
0.0,0,0.02765884
0.0,0,0.007967817
1.0,1,0.8082819
1.0,1,0.7618055
0.0,0,0.020687943
1.0,1,0.96439034
0.0,0,0.019472046
1.0,1,0.869571
1.0,1,0.8127005
0.0,0,0.08012728
1.0,1,0.861709
0.0,0,0.0072644656
0.0,0,0.21706893
0.0,0,0.010665611
1.0,1,0.88978183
1.0,1,0.7375243
1.0,1,0.9810783
0.0,0,0.025353782
1.0,1,0.7921528
1.0,1,0.51469517
1.0,1,0.9298556
0.0,0,0.0324325
1.0,1,0.97293735
1.0,1,0.97883165
1.0,1,0.9551395
0.0,0,0.17457125
0.0,0,0.3844612
1.0,0,0.3137144
0.0,0,0.12569794
1.0,1,0.80484843
0.0,0,0.016221946
0.0,0,0.13892691
1.0,1,0.83527005
0.0,1,0.42553526
1.0,0,0.18258107
0.0,0,0.015341013
0.0,0,0.07262152
0.0,0,0.066008754
1.0,1,0.9515948
1.0,1,0.9173888
1.0,1,0.9849087
0.0,0,0.046262145
1.0,1,0.8442389
0.0,0,0.16335008
0.0,1,0.6681465
1.0,1,0.97129154
0.0,0,0.048632964
0.0,0,0.3829565
1.0,1,0.7357967
1.0,1,0.7858872
0.0,1,0.4777759
1.0,1,0.9513428
0.0,0,0.0047348
0.0,0,0.31954762
1.0,1,0.8583107
1.0,1,0.9728605
0.0,0,0.0207195
1.0,1,0.9785241
0.0,0,0.013654394
1.0,1,0.96864265
0.0,0,0.0703132
0.0,1,0.6394887
0.0,0,0.013616819
0.0,0,0.34494147
1.0,1,0.8258149
0.0,0,0.11762923
1.0,1,0.7975605
1.0,1,0.8969949
1.0,1,0.83036745
1.0,1,0.76524
0.0,0,0.0071530463
0.0,0,0.3540401
1.0,1,0.9848827
0.0,0,0.022716517
0.0,0,0.108771935
0.0,0,0.22087947
1.0,1,0.8632779
0.0,0,0.18796803
1.0,1,0.9761366
0.0,1,0.7524258
1.0,1,0.94923216
0.0,0,0.11545757
0.0,0,0.08406125
1.0,1,0.9573957
0.0,0,0.026427027
1.0,1,0.8176573
1.0,1,0.93731916
1.0,1,0.9514336
1.0,1,0.9836354
0.0,0,0.0074812328
1.0,1,0.9134197
0.0,0,0.027492965
1.0,1,0.9762671
1.0,1,0.79999495
1.0,1,0.69814867
0.0,0,0.039887764
0.0,0,0.0023511248
1.0,1,0.945388
1.0,1,0.87656367
1.0,1,0.9840477
0.0,0,0.12931114
0.0,0,0.010239368
1.0,1,0.9624475
0.0,1,0.48973405
1.0,1,0.7350038
0.0,0,0.35729906
0.0,0,0.0022734625
0.0,0,0.055771656
1.0,1,0.90980893
0.0,0,0.021786701
1.0,0,0.2969117
1.0,1,0.9691715
1.0,1,0.982561
0.0,0,0.35351798
0.0,0,0.013633505
0.0,0,0.41400516
1.0,1,0.92666847
1.0,1,0.67699665
0.0,0,0.085239954
1.0,1,0.9706255
0.0,0,0.0050036306
1.0,1,0.87822706
0.0,0,0.054696035
0.0,0,0.0061405273
1.0,1,0.9811649
0.0,0,0.046351515
1.0,1,0.8318209
0.0,1,0.90633476
0.0,0,0.004788927
1.0,1,0.8386997
1.0,1,0.6735843
0.0,0,0.0153174475
1.0,1,0.9768894
0.0,0,0.051253963
0.0,0,0.0120415725
0.0,1,0.5799493
0.0,0,0.30882162
0.0,0,0.035858467
0.0,1,0.5773839
1.0,1,0.89726967
1.0,1,0.98292166
1.0,1,0.7946677
1.0,1,0.78292966
1.0,1,0.7968887
0.0,0,0.059213676
0.0,0,0.017438455
0.0,0,0.015902204
0.0,0,0.045305535
0.0,0,0.029689847
1.0,1,0.92688334
0.0,0,0.016837697
0.0,0,0.07255128
0.0,0,0.055593148
1.0,1,0.9579177
1.0,1,0.97104675
0.0,0,0.014341324
1.0,1,0.8641834
1.0,1,0.8955387
0.0,0,0.0031098789
0.0,0,0.3615395
1.0,1,0.9693321
1.0,1,0.43137285
1.0,1,0.879255
0.0,0,0.0077611636
1.0,1,0.56525594
1.0,1,0.95432675
0.0,0,0.0060953023
0.0,1,0.9259976
1.0,1,0.6747756
1.0,1,0.59429383
0.0,0,0.008079949
0.0,0,0.01034015
1.0,1,0.7223345
1.0,1,0.9817986
1.0,1,0.8645106
0.0,0,0.066588
1.0,1,0.9679893
0.0,0,0.0004972303
1.0,1,0.7178988
0.0,1,0.45423
1.0,1,0.9120137
1.0,1,0.832707
1.0,1,0.6536292
0.0,1,0.61745095
0.0,0,0.0453757
0.0,0,0.0031859633
1.0,1,0.9466089
0.0,0,0.008129964
0.0,0,0.004456244
1.0,1,0.9494077
1.0,1,0.8871778
0.0,1,0.72471666
0.0,0,0.018272428
1.0,1,0.9309769
0.0,0,0.0035768426
1.0,1,0.9846943
0.0,0,0.18148333
1.0,1,0.7673038
1.0,1,0.9605667
0.0,0,0.0221554
1.0,1,0.95170707
1.0,1,0.56575704
0.0,0,0.113149635
1.0,1,0.9787019
0.0,0,0.0039903577
1.0,1,0.9743971
1.0,1,0.7482184
1.0,1,0.8511724
0.0,0,0.024364805
0.0,0,0.008156638
1.0,1,0.6965188
0.0,0,0.03741094
0.0,0,0.16648242
0.0,0,0.020432454
1.0,1,0.8230578
0.0,0,0.051778406
1.0,0,0.31045374
0.0,0,0.038226686
1.0,1,0.9614797
1.0,1,0.9786218
1.0,1,0.84877944
0.0,0,0.019401876
1.0,1,0.89076644
0.0,0,0.058939192
0.0,0,0.018811183
0.0,0,0.20963126
0.0,0,0.05807538
0.0,0,0.014762413
0.0,0,0.17038858
1.0,1,0.8928946
1.0,1,0.9619634
1.0,1,0.6693011
0.0,0,0.0025104163
1.0,1,0.9701031
1.0,1,0.59116644
1.0,1,0.9649961
0.0,0,0.0046744314
1.0,1,0.57543266
1.0,1,0.9425163
1.0,1,0.9145491
1.0,1,0.9710804
1.0,1,0.98131603
1.0,1,0.85491425
0.0,0,0.0074778204
1.0,1,0.9636723
0.0,0,0.0029654247
1.0,1,0.8378046
0.0,0,0.020285835
1.0,1,0.78426147
0.0,1,0.913036
1.0,0,0.19233711
1.0,1,0.8908411
1.0,1,0.87317675
1.0,1,0.7919369
1.0,1,0.94313943
0.0,0,0.012688057
1.0,1,0.9627517
0.0,0,0.058049764
0.0,0,0.024670223
1.0,1,0.8161057
1.0,1,0.7544722
0.0,0,0.020135853
1.0,1,0.5216441
1.0,1,0.8635603
0.0,0,0.023299128
1.0,1,0.8150226
0.0,0,0.012247833
1.0,1,0.9446651
1.0,1,0.9589247
1.0,1,0.82624924
0.0,0,0.030336374
0.0,0,0.010289836
0.0,0,0.18883991
0.0,1,0.83220303
1.0,1,0.97647464
1.0,1,0.66574705
1.0,1,0.7734586
1.0,1,0.9746286
0.0,0,0.22594614
0.0,0,0.003418344
0.0,0,0.05090111
1.0,1,0.93121135
0.0,0,0.11635951
1.0,1,0.7962875
1.0,1,0.8421606
0.0,1,0.61632633
1.0,1,0.53279537
0.0,0,0.15343423
1.0,1,0.7780989
0.0,0,0.020266946
1.0,1,0.8016825
1.0,1,0.9306561
1.0,1,0.9732166
0.0,1,0.9075479
1.0,1,0.89940035
0.0,0,0.012558632
0.0,1,0.90498424
0.0,0,0.18731141
1.0,1,0.80894834
1.0,1,0.90269566
1.0,1,0.82859504
1.0,1,0.901517
0.0,0,0.0055301487
0.0,0,0.09332678
1.0,1,0.86693394
1.0,1,0.7198817
1.0,1,0.8519717
1.0,1,0.9502035
0.0,1,0.64233863
0.0,0,0.019733634
1.0,1,0.7806562
1.0,1,0.8830028
0.0,1,0.44625762
0.0,1,0.81733024
0.0,1,0.5609319
0.0,0,0.0047652507
0.0,0,0.11658105
1.0,1,0.74665475
0.0,0,0.022808183
1.0,1,0.7935069
0.0,0,0.017612215
0.0,0,0.20385621
1.0,1,0.6712564
1.0,1,0.97382706
1.0,1,0.8060615
1.0,1,0.80798006
0.0,0,0.063059635
1.0,1,0.97370464
1.0,1,0.67191815
0.0,0,0.041100822
0.0,0,0.013275079
0.0,1,0.7550107
0.0,0,0.1727067
1.0,1,0.9224721
0.0,0,0.013729944
0.0,0,0.022805782
0.0,0,0.26561198
1.0,1,0.93935496
1.0,1,0.9631344
0.0,0,0.0079249265
1.0,1,0.95348084
0.0,0,0.022237957
1.0,1,0.9746727
1.0,1,0.73627985
0.0,1,0.79432625
0.0,0,0.006254881
0.0,0,0.057771605
0.0,0,0.010717004
0.0,0,0.0098828655
1.0,1,0.9445773
0.0,0,0.19785818
0.0,0,0.25624788
0.0,0,0.03413949
0.0,0,0.19984065
0.0,1,0.96271527
1.0,1,0.9807134
0.0,0,0.05124323
0.0,0,0.23229061
0.0,0,0.11356169
0.0,1,0.8113666
1.0,0,0.22442144
1.0,1,0.8702284
1.0,1,0.8757126
1.0,1,0.9301475
0.0,0,0.0040255263
1.0,1,0.5568944
0.0,0,0.18550172
0.0,1,0.74291086
0.0,0,0.0009819018
0.0,0,0.004922387
1.0,1,0.7532982
0.0,0,0.38923356
1.0,1,0.84915143
0.0,0,0.07059933
0.0,0,0.011909881
0.0,0,0.0032759423
1.0,1,0.9829761
0.0,1,0.6989436
1.0,1,0.9467902
0.0,0,0.033766463
0.0,0,0.09131201
1.0,1,0.8739386
1.0,1,0.9781418
1.0,0,0.022715386
0.0,0,0.012110121
1.0,1,0.9409789
0.0,0,0.015982201
0.0,1,0.76769656
1.0,1,0.9794073
1.0,1,0.9662676
0.0,0,0.01726421
0.0,1,0.72597635
0.0,0,0.007959588
0.0,0,0.17788269
0.0,0,0.3983128
0.0,1,0.75689936
0.0,0,0.11988514
0.0,0,0.01966834
1.0,1,0.9734233
0.0,0,0.008734858
1.0,1,0.85438985
0.0,0,0.33379287
0.0,0,0.062624775
1.0,0,0.05578057
0.0,0,0.18017451
1.0,1,0.9587476
0.0,0,0.019377688
0.0,0,0.025248785
0.0,0,0.03835791
0.0,0,0.01409587
0.0,0,0.027954664
0.0,0,0.0034385612
0.0,0,0.062215976
1.0,1,0.8349602
0.0,0,0.06864384
0.0,0,0.026122188
1.0,1,0.7195581
0.0,0,0.18259838
1.0,1,0.87286943
1.0,1,0.94534975
0.0,0,0.29150924
1.0,1,0.96908844
1.0,1,0.9758386
0.0,0,0.009786829
0.0,0,0.003650051
0.0,0,0.089196034
1.0,1,0.95435476
1.0,1,0.90804887
1.0,1,0.8502028
0.0,0,0.01391614
1.0,1,0.9777928
1.0,1,0.79906225
1.0,1,0.92798984
1.0,1,0.5824733
0.0,0,0.059672933
1.0,1,0.7791117
0.0,0,0.017143149
0.0,1,0.50675464
1.0,1,0.9063046
1.0,1,0.6650101
1.0,1,0.9397606
0.0,0,0.052847985
0.0,0,0.03697609
0.0,0,0.008687019
0.0,0,0.17986202
1.0,1,0.753319
0.0,0,0.005949481
0.0,0,0.0050334674
1.0,1,0.915226
1.0,1,0.9084213
0.0,1,0.86354405
1.0,1,0.93342555
1.0,1,0.68726385
1.0,0,0.23992468
0.0,1,0.49283907
1.0,1,0.89887476
1.0,0,0.21093737
0.0,0,0.007679075
1.0,0,0.14990795
1.0,1,0.96794695
0.0,0,0.0049967463
1.0,1,0.981471
0.0,0,0.07901874
0.0,0,0.04201226
1.0,1,0.75132686
1.0,1,0.8342298
0.0,1,0.7622004
1.0,1,0.4904358
1.0,1,0.98293215
1.0,1,0.97172666
1.0,1,0.9668358
1.0,0,0.28138155
0.0,0,0.35830855
0.0,0,0.011589708
1.0,1,0.7784958
0.0,0,0.0002693908
0.0,0,0.14178115
1.0,1,0.94652766
1.0,1,0.98493856
0.0,0,0.28645688
0.0,0,0.16843371
0.0,0,0.007938583
0.0,0,0.005432668
0.0,0,0.019281443
0.0,0,0.12447551
0.0,0,0.005546205
1.0,1,0.647481
1.0,1,0.8366971
0.0,0,0.3500254
0.0,1,0.5902728
0.0,0,0.034590125
0.0,0,0.059863314
1.0,1,0.94307506
1.0,1,0.9802093
0.0,0,0.0052534114
1.0,1,0.9722684
1.0,1,0.9640156
1.0,1,0.46887156
0.0,0,0.012126692
1.0,1,0.8260021
0.0,0,0.13624935
0.0,0,0.057688918
0.0,0,0.024765914
0.0,0,0.07875665
1.0,1,0.9813499
1.0,1,0.9667129
0.0,0,0.061855864
1.0,1,0.80603963
0.0,1,0.49033478
1.0,1,0.969053
0.0,0,0.37885004
1.0,1,0.5208951
1.0,0,0.4005841
1.0,1,0.9044116
1.0,1,0.9821916
1.0,1,0.9425895
1.0,1,0.6460836
0.0,0,0.029478638
1.0,1,0.76299757
0.0,0,0.21116734
0.0,0,0.14695951
0.0,0,0.0012641083
0.0,0,0.0029672144
0.0,0,0.024489876
1.0,1,0.90168756
0.0,0,0.004135364
1.0,1,0.96993434
0.0,0,0.08132467
1.0,1,0.9736157
1.0,1,0.9238785
1.0,1,0.92833614
0.0,0,0.002643899
1.0,1,0.91364044
1.0,1,0.8627489
0.0,0,0.1303625
0.0,0,0.17716919
1.0,1,0.8407985
0.0,0,0.05946245
1.0,0,0.31698936
0.0,0,0.017525041
1.0,1,0.9780198
0.0,0,0.19420364
1.0,1,0.643084
0.0,0,0.08497175
0.0,0,0.15908445
1.0,1,0.9044119
0.0,0,0.0016726671
1.0,1,0.9823182
1.0,1,0.9754993
0.0,0,0.045801256
1.0,1,0.72433865
0.0,0,0.18741295
0.0,0,0.011077131
1.0,1,0.57440627
1.0,1,0.9784346
1.0,1,0.93017113
1.0,1,0.9814365
1.0,1,0.89678556
1.0,0,0.14065969
1.0,1,0.9780052
1.0,1,0.9024548
0.0,1,0.62087905
0.0,1,0.62258595
0.0,0,0.02741157
1.0,1,0.9782018
0.0,1,0.60215694
0.0,0,0.0048327916
0.0,0,0.0052205296
1.0,1,0.97109103
1.0,1,0.9846254
0.0,0,0.16598031
1.0,1,0.905593
0.0,0,0.18694104
1.0,1,0.9356882
0.0,0,0.030754479
0.0,0,0.024503525
1.0,1,0.60516655
0.0,0,0.0006111763
0.0,0,0.004257212
0.0,0,0.16953386
0.0,0,0.22780037
1.0,1,0.8793217
0.0,0,0.007402801
0.0,0,0.00833948
0.0,0,0.010162543
1.0,1,0.9784766
0.0,0,0.09345159
1.0,1,0.60110223
0.0,0,0.071325466
0.0,0,0.3670897
1.0,1,0.52360696
1.0,1,0.8931049
0.0,0,0.026226014
1.0,1,0.85717803
0.0,0,0.11546229
0.0,0,0.040359996
1.0,1,0.95292014
0.0,1,0.4487263
0.0,0,0.14142527
1.0,1,0.9818607
1.0,1,0.87519217
0.0,0,0.0065750354
1.0,1,0.9822348
1.0,1,0.87816226
1.0,1,0.9706672
0.0,0,0.36935115
0.0,0,0.001073294
0.0,0,0.0020772952
1.0,1,0.65950245
1.0,1,0.61763304
1.0,1,0.9699173
0.0,1,0.582829
1.0,1,0.521137
0.0,0,0.01533909
1.0,1,0.71668506
0.0,0,0.13045876
0.0,1,0.7975849
1.0,1,0.9726375
0.0,0,0.0060139224
1.0,1,0.95238906
1.0,1,0.60862744
1.0,1,0.88420165
1.0,1,0.9700896
1.0,1,0.8368417
0.0,0,0.017336521
0.0,0,0.006600618
1.0,1,0.86845654
0.0,0,0.09736721
1.0,1,0.7689956
1.0,1,0.92953473
1.0,1,0.9646848
1.0,1,0.9761821
0.0,1,0.44627133
1.0,1,0.9480388
0.0,0,0.010560157
0.0,0,0.029494666
1.0,1,0.93947625
1.0,1,0.9626191
0.0,0,0.18380335
1.0,1,0.9347449
0.0,0,0.08389821
0.0,0,0.16392618
1.0,1,0.94717085
1.0,1,0.87737715
0.0,0,0.0016111969
1.0,1,0.80063385
0.0,0,0.041515134
1.0,1,0.8940701
1.0,1,0.628415
1.0,1,0.8556878
1.0,1,0.9579137
1.0,1,0.8259251
1.0,1,0.6646434
0.0,0,0.17460345
0.0,1,0.73274505
0.0,1,0.74745077
1.0,1,0.8308302
1.0,1,0.94381523
0.0,0,0.00848223
1.0,1,0.9761422
0.0,0,0.120931536
1.0,1,0.5551327
0.0,0,0.011102417
1.0,1,0.93749774
1.0,1,0.97820735
0.0,0,0.063936025
0.0,0,0.029659692
1.0,1,0.682153
1.0,1,0.92573327
1.0,1,0.9777165
1.0,1,0.8695101
1.0,1,0.96653295
1.0,1,0.84788924
1.0,1,0.9841497
0.0,0,0.076956205
1.0,1,0.97846514
0.0,0,0.004610296
1.0,1,0.97776216
1.0,1,0.97489357
0.0,0,0.16863671
1.0,0,0.07465379
1.0,1,0.9377185
1.0,0,0.2765355
0.0,1,0.55414826
1.0,1,0.84213555
0.0,0,0.07518225
0.0,0,0.11778153
1.0,1,0.9583967
0.0,1,0.76587445
0.0,0,0.010619234
0.0,0,0.0046489956
1.0,1,0.92539376
0.0,0,0.404928
1.0,1,0.78028834
0.0,0,0.101443395
1.0,1,0.89678913
0.0,0,0.11508061
1.0,1,0.94825417
1.0,1,0.93615663
1.0,1,0.8325763
0.0,0,0.13181578
0.0,1,0.6848165
0.0,0,0.004559157
0.0,0,0.053234354
0.0,0,0.11663744
0.0,0,0.03700018
0.0,0,0.25173596
1.0,1,0.978281
1.0,1,0.8964627
1.0,1,0.95538014
0.0,1,0.7669939
1.0,1,0.88897026
1.0,1,0.9698756
0.0,0,0.18795098
1.0,1,0.9442682
1.0,1,0.8913897
0.0,0,0.09970384
0.0,0,0.03616121
1.0,1,0.94643676
1.0,1,0.8147464
1.0,1,0.93404377
1.0,1,0.8112267
1.0,1,0.9587569
0.0,0,0.32832816
1.0,1,0.9668316
0.0,0,0.011356167
0.0,0,0.11147252
0.0,1,0.46115044
0.0,0,0.018637756
0.0,0,0.0044252845
0.0,1,0.96352154
0.0,0,0.09846206
0.0,0,0.22402832
0.0,0,0.11395675
0.0,0,0.21096142
1.0,1,0.98164
1.0,1,0.9779637
1.0,1,0.8498754
1.0,1,0.42663985
0.0,0,0.2860925
0.0,0,0.006391557
0.0,0,0.021398883
1.0,1,0.968348
0.0,0,0.039229736
0.0,0,0.029315215
0.0,1,0.830564
1.0,1,0.9341005
0.0,0,0.2237902
1.0,1,0.88084966
0.0,0,0.1340136
1.0,0,0.03159136
1.0,0,0.12969728
0.0,0,0.0064220754
0.0,0,0.022162834
0.0,0,0.19352138
1.0,1,0.8387194
1.0,1,0.5750612
0.0,1,0.73127145
0.0,1,0.6432244
1.0,1,0.9150778
0.0,0,0.07097711
0.0,1,0.79916745
0.0,0,0.006865464
0.0,0,0.019457731
0.0,0,0.24474083
0.0,1,0.94917274
0.0,0,0.22763549
0.0,0,0.006490685
0.0,0,0.0033745011
0.0,0,0.087886386
1.0,1,0.9672111
0.0,0,0.032413356
1.0,1,0.97913295
1.0,1,0.76852274
1.0,1,0.90678936
1.0,1,0.95762944
0.0,1,0.59358084
0.0,0,0.009397339
1.0,0,0.09913179
1.0,1,0.9713554
0.0,0,0.04489317
1.0,0,0.27049437
1.0,1,0.7493824
0.0,0,0.0054005575
1.0,1,0.8076018
1.0,1,0.8817512
1.0,1,0.96775377
0.0,0,0.008782025
1.0,1,0.88453645
0.0,0,0.12305949
1.0,1,0.95076054
1.0,1,0.9161806
1.0,1,0.98045194
0.0,0,0.35495755
1.0,1,0.98327035
0.0,0,0.010239417
1.0,1,0.98386896
0.0,0,0.013585766
1.0,1,0.80573004
0.0,0,0.0900482
1.0,1,0.8326461
0.0,0,0.009757344
0.0,0,0.012838256
1.0,1,0.8261549
1.0,1,0.8803896
1.0,1,0.9427315
1.0,1,0.5799091
0.0,0,0.0077920854
0.0,0,0.15080713
0.0,0,0.012141959
1.0,1,0.9786288
1.0,1,0.8510122
1.0,1,0.8086529
0.0,0,0.09882489
0.0,0,0.070604265
1.0,1,0.841419
0.0,0,0.0072033945
0.0,0,0.012374894
0.0,1,0.8006269
1.0,0,0.20346004
0.0,0,0.2855424
1.0,1,0.67938626
1.0,1,0.9476187
1.0,1,0.8576236
0.0,1,0.47028118
0.0,0,0.00085613795
1.0,1,0.82138896
1.0,1,0.95093155
0.0,0,0.0024175916
0.0,0,0.011490238
1.0,1,0.8513695
0.0,0,0.019538097
1.0,1,0.92607206
1.0,1,0.56642044
1.0,1,0.9712456
0.0,0,0.09170764
0.0,0,0.22571366
1.0,1,0.7685584
0.0,0,0.05952314
1.0,1,0.96405464
1.0,1,0.9767148
1.0,1,0.68162596
1.0,1,0.88591355
1.0,1,0.86072224
1.0,1,0.9248138
0.0,0,0.20463738
1.0,1,0.9793908
1.0,1,0.7483412
0.0,0,0.31617588
0.0,0,0.0035636907
1.0,1,0.4790811
1.0,1,0.981977
1.0,1,0.82030165
1.0,0,0.3172356
0.0,0,0.043318115
1.0,1,0.98369694
0.0,0,0.23611227
0.0,0,0.10468739
1.0,0,0.25088847
0.0,0,0.00060684443
1.0,1,0.9809153
1.0,1,0.9754527
0.0,0,0.072183706
1.0,1,0.81180775
1.0,0,0.41981566
1.0,1,0.98252684
0.0,1,0.47890577
0.0,0,0.18633674
1.0,1,0.97797894
1.0,1,0.70406544
0.0,0,0.011500661
0.0,0,0.0799418
1.0,1,0.94792336
1.0,1,0.60721976
1.0,1,0.926542
0.0,0,0.0054237093
1.0,1,0.914924
1.0,1,0.9788737
0.0,0,0.16030568
1.0,1,0.9396509
1.0,1,0.784325
0.0,0,0.011063972
0.0,0,0.15018666
0.0,0,0.056787565
1.0,1,0.9598334
1.0,1,0.9509509
1.0,1,0.70950854
1.0,1,0.9739447
1.0,1,0.8050387
1.0,1,0.5435463
0.0,0,0.16352573
1.0,1,0.7337205
1.0,1,0.86686754
0.0,0,0.40690804
0.0,0,0.09010237
0.0,0,0.13871801
0.0,0,0.061103053
1.0,1,0.93127525
1.0,1,0.9824465
1.0,1,0.83156776
1.0,1,0.9609289
1.0,1,0.94649166
1.0,1,0.85573393
1.0,1,0.6691914
0.0,0,0.0065597724
1.0,1,0.83993423
1.0,1,0.8717353
0.0,1,0.46687755
1.0,1,0.73035043
0.0,0,0.007659667
1.0,1,0.70622694
1.0,1,0.9544029
0.0,0,0.11793618
0.0,1,0.46723258
1.0,0,0.280099
0.0,0,0.013850518
0.0,0,0.13463777
1.0,1,0.9823262
1.0,0,0.34485677
0.0,1,0.5025079
1.0,1,0.7118987
0.0,0,0.02127536
1.0,1,0.93631434
0.0,0,0.019763468
0.0,0,0.055736974
0.0,0,0.014911455
1.0,1,0.44126955
0.0,0,0.013307324
1.0,1,0.7200302
1.0,1,0.8607861
1.0,1,0.9774782
0.0,0,0.19989952
1.0,1,0.8355306
0.0,0,0.016236668
0.0,0,0.08168314
1.0,1,0.9752642
0.0,0,0.12352369
0.0,0,0.13275664
1.0,1,0.53744876
1.0,1,0.95106417
0.0,0,0.0046230163
1.0,1,0.78809917
1.0,1,0.7395596
1.0,1,0.9350571
1.0,1,0.93257797
0.0,0,0.15001482
1.0,1,0.4386658
1.0,1,0.919782
0.0,0,0.0783589
0.0,0,0.3333386
1.0,1,0.96074903
1.0,1,0.953644
0.0,0,0.013028868
0.0,0,0.009755852
0.0,0,0.20561725
0.0,0,0.0031069757
1.0,1,0.97882915
0.0,1,0.46750197
0.0,0,0.029107844
0.0,0,0.10543138
1.0,1,0.771706
0.0,0,0.019239208
0.0,0,0.09781533
0.0,0,0.011896326
1.0,1,0.8653894
1.0,1,0.7143154
1.0,1,0.7264408
1.0,1,0.8232092
1.0,1,0.48125187
0.0,0,0.06660392
1.0,1,0.9797082
0.0,0,0.018104747
0.0,1,0.77367735
0.0,1,0.7908387
0.0,0,0.02281679
0.0,0,0.39674765
0.0,0,0.04935179
1.0,1,0.9426147
1.0,1,0.95462185
1.0,1,0.9649478
1.0,1,0.9558734
1.0,1,0.9019047
1.0,1,0.7162614
1.0,1,0.9813273
0.0,0,0.221949
0.0,0,0.0030387365
0.0,0,0.012464154
1.0,1,0.9513073
0.0,1,0.572423
0.0,1,0.88169837
0.0,0,0.036538992
0.0,0,0.008066465
0.0,0,0.34817174
0.0,0,0.039577894
1.0,1,0.78479195
1.0,1,0.9810318
0.0,0,0.0028192503
0.0,0,0.0012531466
1.0,1,0.80189383
0.0,1,0.42132846
0.0,0,0.016273452
1.0,1,0.80396414
1.0,1,0.8730851
1.0,1,0.8084837
0.0,0,0.08550783
1.0,1,0.9275931
1.0,1,0.9082293
0.0,0,0.011722877
1.0,1,0.9491184
1.0,1,0.97022444
0.0,0,0.08689326
1.0,1,0.883971
1.0,1,0.8956584
1.0,1,0.9789769
1.0,1,0.9747856
0.0,0,0.0002641021
1.0,1,0.950995
1.0,1,0.8381719
1.0,1,0.64534837
1.0,1,0.8638861
0.0,0,0.09685046
1.0,1,0.8853566
1.0,1,0.9423649
0.0,0,0.00958308
1.0,1,0.9843115
0.0,0,0.01864778
1.0,1,0.8738181
0.0,0,0.19129287
0.0,1,0.70116615
1.0,1,0.9477145
0.0,0,0.055616707
1.0,1,0.9356265
1.0,1,0.705279
1.0,1,0.6495223
0.0,0,0.0040105274
0.0,0,0.00063652487
1.0,1,0.7909671
0.0,0,0.36688834
1.0,1,0.97849417
0.0,0,0.023716064
1.0,1,0.98150766
0.0,0,0.004535625
0.0,0,0.006573858
0.0,0,0.18445802
1.0,1,0.8705204
0.0,0,0.18645953
0.0,1,0.8518432
0.0,1,0.4908976
0.0,0,0.035796773
1.0,0,0.15499589
1.0,1,0.90548575
0.0,0,0.3197867
1.0,1,0.5146215
0.0,1,0.80368507
0.0,0,0.035658866
0.0,1,0.55507267
0.0,0,0.2483501
1.0,1,0.4203764
0.0,0,0.043365285
0.0,0,0.0045378953
1.0,0,0.08088055
1.0,1,0.7888537
0.0,0,0.16796665
1.0,1,0.929671
0.0,0,0.013425456
0.0,0,0.20607997
1.0,1,0.9762632
0.0,0,0.00615536
1.0,1,0.936038
0.0,0,0.014474091
0.0,0,0.0017815187
0.0,0,0.028854107
1.0,1,0.9341072
0.0,1,0.74593174
0.0,0,0.04810528
0.0,0,0.18724221
0.0,0,0.015299988
0.0,0,0.009279477
0.0,1,0.79547596
0.0,0,0.04164931
1.0,1,0.8200572
1.0,1,0.9343372
1.0,1,0.92547923
0.0,1,0.7007836
1.0,1,0.80191034
0.0,0,0.016499963
0.0,0,0.0035931673
1.0,1,0.8825339
1.0,1,0.6658483
0.0,0,0.017042832
1.0,1,0.42701355
0.0,0,0.04840016
0.0,0,0.023439808
0.0,0,0.042043205
0.0,0,0.3371873
0.0,0,0.38115644
1.0,1,0.5624684
1.0,1,0.91644096
1.0,0,0.2695431
1.0,1,0.965378
0.0,0,0.008369361
0.0,0,0.019399012
0.0,0,0.0045642974
0.0,0,0.021703737
1.0,1,0.9636813
0.0,0,0.00858868
1.0,1,0.9851575
1.0,1,0.8451718
1.0,1,0.983422
0.0,0,0.024034608
0.0,0,0.14058785
0.0,0,0.003922837
0.0,1,0.7487967
1.0,1,0.950822
1.0,1,0.80129683
1.0,1,0.94711477
0.0,0,0.15993418
0.0,0,0.04557775
1.0,1,0.88501066
0.0,0,0.09378158
1.0,0,0.38486695
1.0,1,0.76322305
0.0,0,0.1476276
0.0,0,0.06258328
0.0,0,0.08521057
0.0,0,0.049105775
1.0,1,0.97105217
0.0,0,0.057137776
0.0,0,0.026160305
0.0,0,0.05277401
0.0,1,0.4873764
1.0,1,0.8887304
1.0,1,0.98327017
1.0,1,0.93938196
1.0,1,0.7662847
1.0,1,0.8695259
0.0,0,0.03472503
1.0,1,0.9669297
1.0,1,0.9237345
1.0,1,0.83784235
0.0,0,0.08059003
1.0,1,0.9422305
1.0,1,0.95647204
0.0,0,0.02004621
1.0,1,0.9428275
0.0,0,0.02476995
0.0,0,0.31707507
1.0,1,0.8842665
0.0,0,0.0033610715
0.0,0,0.027648654
1.0,1,0.97041756
0.0,0,0.021390697
1.0,1,0.98448735
0.0,0,0.20477106
0.0,0,0.12390906
0.0,0,0.055550274
0.0,0,0.060738403
1.0,1,0.946252
1.0,1,0.83748055
0.0,0,0.09101392
1.0,1,0.9717883
0.0,0,0.16949676
0.0,1,0.8275302
0.0,1,0.448367
1.0,1,0.62895036
1.0,0,0.2169815
0.0,0,0.005485779
0.0,0,0.046249375
1.0,1,0.8681415
0.0,0,0.05572044
1.0,1,0.9838922
0.0,0,0.078530826
0.0,0,0.07974002
1.0,1,0.8106103
0.0,0,0.11537123
0.0,0,0.27270046
0.0,0,0.013005895
0.0,0,0.005019016
1.0,1,0.8268653
1.0,1,0.9860504
0.0,0,0.026956618
1.0,1,0.64341176
1.0,1,0.85643584
0.0,1,0.7782317
0.0,0,0.010371441
0.0,0,0.21291192
0.0,0,0.24980576
0.0,0,0.11018512
1.0,1,0.9419522
0.0,0,0.015024349
1.0,1,0.7759544
1.0,1,0.8284408
0.0,1,0.4653048
0.0,0,0.0015658292
1.0,1,0.75947547
1.0,1,0.96770364
0.0,0,0.015213725
0.0,0,0.2460128
1.0,0,0.27867857
0.0,0,0.017150331
1.0,0,0.34209356
0.0,0,0.030786049
0.0,0,0.3170495
0.0,0,0.003959018
0.0,0,0.0031604504
1.0,1,0.94556326
0.0,0,0.07345942
1.0,1,0.9842364
0.0,0,0.3595196
1.0,1,0.84319365
1.0,1,0.9860744
0.0,1,0.55180115
1.0,1,0.8985649
1.0,1,0.4282479
0.0,0,0.09423753
1.0,1,0.9769292
1.0,1,0.9075224
0.0,0,0.12775616
1.0,1,0.9686922
0.0,0,0.0051979795
1.0,1,0.8900573
0.0,0,0.011744773
1.0,1,0.94178355
1.0,1,0.9789313
1.0,1,0.96823066
1.0,1,0.7087725
1.0,1,0.70605713
0.0,0,0.0066474983
0.0,0,0.012683786
0.0,0,0.0074662594
0.0,0,0.037266262
1.0,1,0.51672685
0.0,1,0.66181576
0.0,0,0.008973827
1.0,1,0.77582985
0.0,0,0.13178411
0.0,0,0.08177139
0.0,0,0.20153524
0.0,0,0.011891233
0.0,0,0.015627591
0.0,1,0.52340186
1.0,1,0.8059119
1.0,1,0.95621115
1.0,1,0.9596573
0.0,1,0.47648874
0.0,0,0.0007489514
1.0,1,0.82217574
1.0,0,0.33747905
0.0,0,0.099100776
1.0,0,0.38427928
0.0,1,0.82259893
0.0,0,0.049468007
1.0,1,0.8914103
0.0,0,0.0150732435
0.0,0,0.0014199844
1.0,1,0.682272
1.0,1,0.9625704
1.0,1,0.9630745
0.0,0,0.025256958
1.0,1,0.943301
1.0,1,0.95891225
0.0,1,0.9416156
0.0,1,0.74344265
1.0,1,0.9722404
0.0,0,0.021415936
1.0,0,0.34006906
0.0,0,0.0015873996
0.0,0,0.100326166
1.0,1,0.78382
1.0,1,0.9693216
0.0,0,0.00910059
1.0,1,0.9521625
1.0,1,0.8781739
1.0,1,0.84676594
0.0,0,0.014858782
1.0,1,0.91873413
0.0,0,0.17554046
0.0,0,0.16796505
0.0,0,0.003898713
1.0,1,0.9650281
1.0,1,0.97069174
1.0,1,0.4822533
1.0,1,0.7616137
1.0,1,0.962324
1.0,1,0.96521735
1.0,1,0.90481824
0.0,0,0.049580052
1.0,1,0.93833596
1.0,0,0.1638261
1.0,1,0.9819759
0.0,0,0.28787208
1.0,1,0.9817444
1.0,1,0.7665711
0.0,0,0.28893736
0.0,0,0.19081014
1.0,1,0.94723153
1.0,1,0.96206135
0.0,0,0.2035853
0.0,0,0.0115449475
0.0,1,0.7970196
1.0,1,0.95293736
0.0,0,0.042604797
1.0,1,0.98388857
0.0,0,0.055824585
0.0,0,0.01092853
0.0,0,0.032802153
1.0,1,0.9696577
0.0,0,0.044265136
0.0,0,0.08407286
0.0,0,0.10039314
1.0,1,0.9554631
1.0,1,0.8306453
0.0,1,0.4360841
0.0,0,0.3683561
1.0,1,0.6209247
1.0,1,0.43050146
1.0,1,0.8202106
1.0,1,0.8562338
0.0,0,0.025588332
1.0,1,0.82682985
0.0,0,0.0037491587
0.0,0,0.012113662
0.0,0,0.010497792
0.0,0,0.15902409
1.0,1,0.8579093
0.0,0,0.017162055
1.0,1,0.9022814
1.0,1,0.9750101
1.0,1,0.95225394
0.0,0,0.0029710904
0.0,0,0.03475951
0.0,0,0.020170826
1.0,1,0.9059653
1.0,1,0.9780803
0.0,0,0.029928323
0.0,1,0.79678464
1.0,1,0.8087868
0.0,0,0.0130421445
0.0,1,0.73011935
1.0,1,0.8965134
0.0,0,0.12853481
1.0,1,0.9149921
0.0,0,0.08675901
1.0,1,0.97924495
0.0,0,0.02793712
0.0,0,0.13120635
1.0,0,0.38030127
1.0,1,0.9817696
0.0,0,0.17512444
1.0,1,0.7667823
0.0,0,0.13645437
1.0,1,0.9642175
1.0,1,0.90778744
1.0,1,0.74169964
1.0,1,0.9730574
0.0,0,0.052396197
0.0,0,0.055304203
1.0,1,0.9804199
1.0,1,0.85453904
0.0,0,0.0083092535
0.0,0,0.04031204
1.0,1,0.9352164
0.0,1,0.72171414
0.0,0,0.012764599
0.0,1,0.42981064
0.0,0,0.004163082
1.0,1,0.58469903
0.0,0,0.09166966
0.0,0,0.18940742
1.0,1,0.9375904
1.0,1,0.9077554
0.0,0,0.111615345
1.0,1,0.7615144
1.0,1,0.7782323
1.0,1,0.8505688
1.0,1,0.7685434
0.0,1,0.45854458
1.0,1,0.9595457
1.0,1,0.9684516
1.0,1,0.9151387
0.0,0,0.22296202
1.0,1,0.97711444
1.0,1,0.97986245
0.0,0,0.013397354
1.0,1,0.9272142
0.0,0,0.09159345
1.0,1,0.83862996
0.0,0,0.1539421
0.0,0,0.193625
0.0,0,0.26068223
1.0,1,0.9400447
0.0,0,0.025256623
0.0,0,0.0027499644
0.0,0,0.28384206
1.0,0,0.010783209
0.0,0,0.061102808
0.0,0,0.032445814
1.0,1,0.9469553
1.0,1,0.87383664
1.0,1,0.8372232
1.0,1,0.85719025
0.0,0,0.028349733
0.0,0,0.060758952
0.0,1,0.8240943
0.0,0,0.006258783
0.0,0,0.018962374
1.0,1,0.9211796
1.0,1,0.9611121
1.0,1,0.7535398
0.0,0,0.06273367
1.0,1,0.80705035
1.0,1,0.9615929
0.0,0,0.006699019
1.0,1,0.8518196
0.0,0,0.024624782
0.0,0,0.04423895
0.0,0,0.04920756
0.0,0,0.009569274
1.0,1,0.95803547
0.0,0,0.0028703099
0.0,0,0.05709858
1.0,1,0.60332465
1.0,0,0.03973396
0.0,0,0.08172323
0.0,0,0.00093710487
1.0,1,0.98353684
0.0,0,0.21616651
1.0,0,0.31819192
0.0,0,0.08453774
0.0,0,0.057057723
0.0,0,0.19447957
0.0,0,0.018896982
1.0,1,0.75084084
0.0,0,0.10820107
0.0,1,0.49138185
0.0,1,0.46206367
0.0,0,0.02920532
0.0,0,0.21112785
0.0,0,0.00060089823
0.0,0,0.05068192
1.0,0,0.17317487
1.0,1,0.92011446
1.0,1,0.4675829
1.0,1,0.7393136
0.0,0,0.0018537741
1.0,1,0.76558805
1.0,1,0.97215676
1.0,1,0.97970295
0.0,0,0.04130032
1.0,1,0.8989818
1.0,1,0.8637349
0.0,1,0.49495447
1.0,1,0.9473667
1.0,1,0.9803616
0.0,0,0.031206843
1.0,1,0.7962837
0.0,0,0.27369747
0.0,0,0.018893406
1.0,1,0.8476856
0.0,0,0.0085813105
1.0,1,0.90579116
1.0,1,0.61350906
0.0,0,0.047557723
1.0,1,0.95488125
1.0,1,0.97237885
0.0,0,0.008464167
0.0,0,0.008470064
1.0,1,0.7907944
0.0,0,0.0025121174
1.0,1,0.97988635
1.0,1,0.8152914
0.0,0,0.00065787754
1.0,1,0.93027896
0.0,0,0.036848497
1.0,0,0.18318859
0.0,0,0.035348035
1.0,0,0.036227923
1.0,1,0.95037454
1.0,1,0.8123135
0.0,0,0.12347577
0.0,1,0.63115275
1.0,1,0.97733414
0.0,0,0.06886524
1.0,1,0.6005255
1.0,1,0.98322177
0.0,0,0.023620948
1.0,0,0.20713356
0.0,0,0.06089514
1.0,1,0.9676436
1.0,1,0.725272
0.0,0,0.14121331
0.0,0,0.06841853
1.0,1,0.94924307
0.0,0,0.1751877
0.0,0,0.020088023
1.0,1,0.9821248
1.0,1,0.84913695
1.0,1,0.97591424
1.0,1,0.9737674
0.0,0,0.011543707
0.0,0,0.024825335
0.0,0,0.004003395
1.0,1,0.9204287
0.0,0,0.022387633
1.0,1,0.87624675
0.0,0,0.01600952
0.0,1,0.96314037
1.0,1,0.89728475
1.0,1,0.5240229
1.0,1,0.7963495
0.0,1,0.5839015
1.0,1,0.96567965
1.0,1,0.97184414
0.0,0,0.011628589
0.0,1,0.5340499
0.0,0,0.012126298
1.0,0,0.18614528
0.0,0,0.1630458
1.0,1,0.9748719
1.0,1,0.8038878
1.0,1,0.6796802
1.0,0,0.10840932
1.0,1,0.86128616
0.0,0,0.3407668
0.0,0,0.024437359
1.0,1,0.9786718
1.0,1,0.8304952
0.0,0,0.01464137
0.0,0,0.23126327
0.0,0,0.009252706
0.0,0,0.006576839
0.0,0,0.0021388503
1.0,1,0.5135876
0.0,0,0.12327933
0.0,0,0.0055660703
0.0,0,0.009305713
0.0,0,0.029800938
1.0,1,0.96822166
0.0,0,0.0026481976
1.0,1,0.9170788
1.0,1,0.9486007
0.0,0,0.04591604
0.0,0,0.023740565
0.0,1,0.684111
0.0,0,0.0018007382
1.0,0,0.27765143
0.0,0,0.2521302
0.0,0,0.115152515
0.0,0,0.021775616
0.0,0,0.015527989
1.0,1,0.9603244
1.0,1,0.43108413
0.0,0,0.18076299
1.0,1,0.91615546
1.0,1,0.79902774
1.0,1,0.96226275
1.0,1,0.9291472
1.0,1,0.8378583
1.0,1,0.89735156
0.0,0,0.14809084
0.0,0,0.013267862
0.0,0,0.023566362
1.0,1,0.9582184
1.0,1,0.60639656
0.0,0,0.0034704036
1.0,1,0.97320545
1.0,1,0.9256364
0.0,0,0.1440144
0.0,0,0.14633521
1.0,1,0.94185007
0.0,0,0.0014118362
1.0,1,0.98233783
1.0,1,0.5963127
1.0,1,0.5356196
1.0,1,0.98571986
0.0,0,0.07154244
1.0,1,0.6068708
0.0,0,0.3302796
1.0,1,0.8517878
1.0,1,0.84367627
0.0,0,0.030750284
1.0,1,0.8868902
0.0,0,0.12017559
1.0,1,0.9191566
0.0,0,0.103134245
1.0,1,0.7501544
1.0,1,0.89460903
1.0,1,0.97957015
1.0,1,0.9804448
0.0,1,0.5395819
0.0,0,0.022221638
0.0,0,0.01886628
1.0,1,0.84315467
1.0,1,0.9424461
1.0,1,0.5872569
0.0,0,0.03207451
1.0,1,0.8068715
0.0,0,0.015198859
1.0,1,0.95574564
1.0,1,0.9702494
0.0,0,0.030379798
1.0,1,0.9375111
0.0,0,0.20831876
1.0,1,0.7272786
1.0,1,0.87970376
1.0,1,0.9719324
0.0,0,0.044079643
1.0,1,0.95002633
1.0,1,0.95489365
0.0,0,0.17694367
1.0,1,0.8324572
1.0,1,0.86701787
1.0,1,0.97312045
1.0,1,0.9002319
1.0,1,0.4846376
1.0,1,0.71355903
1.0,0,0.28887895
1.0,1,0.8638679
0.0,0,0.28369012
0.0,1,0.8587774
0.0,0,0.09362522
0.0,0,0.050183807
0.0,0,0.02009003
1.0,1,0.9644445
0.0,0,0.21540026
0.0,0,0.067486554
1.0,1,0.49400586
0.0,0,0.0059324163
0.0,0,0.0071530896
0.0,0,0.028593738
1.0,1,0.86793447
0.0,0,0.001077772
1.0,1,0.81362045
1.0,1,0.98306006
1.0,1,0.97747886
0.0,1,0.6820874
1.0,1,0.8684072
0.0,0,0.044328824
1.0,0,0.32595998
1.0,1,0.87621933
1.0,1,0.9824861
1.0,1,0.978375
0.0,0,0.1418226
1.0,1,0.9680031
1.0,1,0.83408064
0.0,0,0.39372596
0.0,1,0.502227
0.0,0,0.33276385
1.0,1,0.97300524
1.0,1,0.80260694
1.0,1,0.8499687
0.0,0,0.35633522
0.0,0,0.21253209
1.0,1,0.56718814
0.0,0,0.014421845
0.0,0,0.0064050043
1.0,1,0.779152
0.0,0,0.1628116
0.0,0,0.00746978
0.0,0,0.01893727
1.0,1,0.94806314
0.0,0,0.0143662235
0.0,0,0.21807615
1.0,1,0.9806982
1.0,1,0.9457501
0.0,0,0.0073173176
1.0,1,0.8143909
1.0,1,0.98104453
0.0,0,0.24076368
1.0,1,0.97506243
1.0,1,0.9777766
0.0,0,0.026467491
1.0,1,0.97543883
0.0,0,0.11102199
0.0,0,0.0057054264
0.0,0,0.31819487
1.0,1,0.9813746
0.0,0,0.21523497
0.0,0,0.35819143
0.0,0,0.3464113
0.0,0,0.0061975257
0.0,0,0.061060492
1.0,1,0.9198762
0.0,0,0.0024670465
0.0,0,0.0057348595
1.0,1,0.8720012
0.0,0,0.02143301
1.0,1,0.8475316
1.0,0,0.103210755
0.0,0,0.14658077
0.0,0,0.1704127
1.0,1,0.8869632
0.0,1,0.77894044
0.0,0,0.14029267
1.0,1,0.6879438
1.0,1,0.6706511
1.0,0,0.22561362
0.0,0,0.31050745
1.0,1,0.9765415
0.0,0,0.012414954
1.0,1,0.92707336
0.0,0,0.16958103
0.0,0,0.011269544
0.0,0,0.004042946
1.0,1,0.92477316
0.0,0,0.09817664
1.0,1,0.979688
1.0,1,0.9775079
1.0,1,0.9671256
0.0,1,0.4587023
1.0,1,0.8403926
0.0,0,0.0023976897
1.0,1,0.62497425
1.0,1,0.96188974
0.0,0,0.087057315
0.0,0,0.01607975
1.0,1,0.9258758
0.0,0,0.038295668
1.0,1,0.9647747
1.0,1,0.9818213
1.0,1,0.8605814
0.0,0,0.40182313
0.0,0,0.12151539
0.0,0,0.10592025
0.0,0,0.028468063
1.0,1,0.76329863
1.0,1,0.8766108
0.0,0,0.17882335
1.0,1,0.9812754
0.0,0,0.08369895
1.0,1,0.94173515
1.0,1,0.8659091
0.0,1,0.7923254
1.0,1,0.7930203
0.0,0,0.012532257
0.0,0,0.0051123155
1.0,1,0.95500696
1.0,1,0.97921854
1.0,1,0.84136486
1.0,1,0.93791676
0.0,0,0.046919648
0.0,0,0.02309305
1.0,1,0.9259367
1.0,1,0.8291685
0.0,0,0.033806335
0.0,0,0.005213299
1.0,1,0.8294335
1.0,1,0.98342973
0.0,1,0.51311195
0.0,0,0.0041590016
0.0,0,0.02883929
1.0,1,0.6694156
0.0,0,0.3752133
0.0,0,0.021891624
1.0,1,0.8274398
0.0,0,0.09229218
0.0,0,0.0851337
0.0,0,0.14837773
1.0,1,0.920039
0.0,0,0.009295409
0.0,1,0.6043638
1.0,1,0.8535614
1.0,1,0.88152754
1.0,1,0.71277076
0.0,0,0.21940957
1.0,1,0.9821865
1.0,1,0.96498483
0.0,0,0.007496044
0.0,0,0.001226739
1.0,1,0.42720878
1.0,1,0.8080014
1.0,1,0.98174703
0.0,0,0.021672845
0.0,0,0.0031279915
1.0,1,0.72288215
0.0,0,0.18697454
1.0,1,0.5928408
0.0,0,0.03133735
1.0,1,0.6761351
1.0,0,0.25066137
1.0,0,0.088412344
0.0,0,0.0098259635
0.0,0,0.0037090797
0.0,0,0.0006635807
1.0,1,0.9111003
1.0,1,0.93011594
0.0,0,0.08726612
1.0,1,0.82660645
1.0,1,0.91179353
1.0,1,0.9805435
0.0,0,0.026365899
1.0,1,0.9251156
1.0,1,0.89615285
0.0,0,0.029660093
0.0,1,0.5408228
1.0,1,0.9629243
0.0,0,0.013725448
0.0,0,0.07651746
1.0,1,0.90939134
1.0,1,0.57154286
0.0,1,0.7633801
0.0,0,0.07285584
1.0,1,0.9209539
1.0,1,0.66738933
0.0,1,0.9784293
0.0,0,0.05071854
1.0,1,0.9767674
1.0,1,0.8141991
0.0,0,0.017236855
1.0,1,0.8587767
1.0,1,0.59308267
0.0,0,0.028147215
0.0,0,0.40437475
0.0,1,0.77719337
0.0,0,0.39407894
0.0,1,0.5741648
0.0,1,0.8352876
1.0,1,0.86362374
0.0,0,0.013817522
1.0,1,0.9277336
0.0,0,0.037511114
1.0,1,0.97017246
1.0,1,0.8501439
1.0,1,0.75003254
0.0,0,0.025737636
1.0,0,0.11261987
0.0,0,0.16417524
1.0,1,0.7283641
1.0,1,0.52989966
1.0,0,0.22240162
0.0,1,0.44337046
1.0,1,0.87489915
1.0,1,0.8032483
0.0,0,0.0070123766
1.0,1,0.9691468
0.0,0,0.0037157286
1.0,1,0.9299889
0.0,0,0.06350527
0.0,0,0.0141231045
1.0,1,0.96704173
1.0,1,0.9692396
0.0,0,0.3205305
0.0,1,0.53186256
0.0,0,0.016193101
1.0,1,0.96455413
1.0,1,0.9842845
0.0,1,0.85334647
0.0,0,0.027285483
0.0,0,0.023554321
0.0,0,0.0031885307
1.0,1,0.92677903
1.0,1,0.93909794
1.0,1,0.9462854
1.0,1,0.98060083
1.0,1,0.43699405
1.0,1,0.9527293
0.0,0,0.07495603
0.0,0,0.009256514
1.0,1,0.97325426
1.0,1,0.9670704
1.0,1,0.5839064
0.0,0,0.08189394
1.0,1,0.96802306
0.0,0,0.007788326
1.0,1,0.94780225
1.0,1,0.98185235
0.0,0,0.004282808
0.0,0,0.07104553
1.0,1,0.8244455
0.0,0,0.20136417
1.0,1,0.9535806
0.0,0,0.08100995
1.0,1,0.8966698
0.0,0,0.008074987
0.0,0,0.007440731
0.0,0,0.24828818
1.0,1,0.95570874
0.0,1,0.81459624
0.0,0,0.0029513824
0.0,0,0.05660828
0.0,1,0.42849344
0.0,1,0.607443
0.0,0,0.048279922
0.0,0,0.070654705
0.0,0,0.0049594324
1.0,1,0.74217486
1.0,1,0.9842511
0.0,0,0.002888576
1.0,1,0.86814606
0.0,1,0.5128701
0.0,0,0.081257775
0.0,0,0.02458932
0.0,0,0.0011257328
1.0,0,0.36870256
0.0,0,0.10168219
1.0,1,0.8892033
1.0,1,0.9715869
1.0,1,0.94583344
0.0,0,0.18627195
1.0,1,0.62835336
0.0,0,0.013383406
1.0,1,0.97479403
0.0,0,0.009473042
0.0,0,0.01623367
1.0,1,0.8642828
0.0,0,0.025943274
1.0,1,0.839597
1.0,0,0.28897578
1.0,1,0.97839355
1.0,1,0.97109985
0.0,0,0.050725885
0.0,0,0.008971854
0.0,0,0.0019119113
1.0,1,0.4415658
1.0,1,0.9724528
0.0,1,0.5516011
0.0,0,0.06701044
1.0,1,0.9819914
0.0,0,0.013923181
1.0,1,0.7744638
1.0,1,0.8633875
1.0,1,0.920337
0.0,0,0.1395974
1.0,1,0.87790066
0.0,0,0.06313298
1.0,1,0.9664867
0.0,0,0.007425477
1.0,1,0.7730142
1.0,1,0.86142814
0.0,1,0.59369195
0.0,1,0.63177985
1.0,1,0.85818624
1.0,1,0.9792987
1.0,1,0.92689854
1.0,1,0.78164744
1.0,1,0.9776443
0.0,0,0.014560497
1.0,1,0.86160594
0.0,0,0.18659058
1.0,1,0.8212879
0.0,0,0.018711112
1.0,1,0.9788347
1.0,1,0.8568194
1.0,1,0.9637772
1.0,1,0.6892061
0.0,0,0.052326914
1.0,1,0.91394407
0.0,0,0.006653688
0.0,0,0.032947302
1.0,1,0.9406875
1.0,1,0.9514904
1.0,1,0.94325644
0.0,0,0.050828196
0.0,0,0.08068487
0.0,0,0.017569153
1.0,1,0.95366144
1.0,1,0.78656614
1.0,1,0.56575
0.0,1,0.7394883
1.0,1,0.9799663
1.0,1,0.6031642
0.0,1,0.9679836
0.0,0,0.014642911
1.0,1,0.6591356
0.0,0,0.0010528985
0.0,0,0.008244453
1.0,1,0.97265553
0.0,0,0.016185503
0.0,0,0.074273065
0.0,0,0.02210452
1.0,1,0.8221615
1.0,0,0.16957304
1.0,1,0.96879286
1.0,1,0.97655606
0.0,0,0.0072512804
0.0,0,0.011889058
1.0,1,0.973829
0.0,0,0.0017853165
1.0,1,0.9471295
0.0,0,0.013592656
1.0,1,0.9801425
0.0,0,0.14898306
0.0,0,0.0033704415
0.0,0,0.014751875
0.0,1,0.5742855
1.0,1,0.8966116
0.0,0,0.14933267
1.0,1,0.962344
0.0,0,0.033039574
0.0,1,0.800534
0.0,1,0.73098016
0.0,0,0.04520771
1.0,1,0.7978401
1.0,1,0.9473859
0.0,0,0.020712497
1.0,1,0.8158283
1.0,1,0.95573705
1.0,0,0.38664848
0.0,0,0.043869685
1.0,1,0.9792213
0.0,0,0.0040554763
1.0,1,0.977148
0.0,0,0.012339139
1.0,1,0.9815924
1.0,1,0.9112221
1.0,1,0.81638443
1.0,1,0.9842777
0.0,0,0.0080926195
1.0,1,0.84302366
0.0,0,0.03259792
0.0,0,0.16486953
1.0,1,0.9757381
1.0,1,0.9669951
1.0,1,0.45653278
0.0,0,0.011124411
1.0,1,0.9390401
1.0,1,0.9818979
1.0,1,0.80515
0.0,0,0.037761446
0.0,0,0.02155328
0.0,0,0.037252765
1.0,1,0.75363266
0.0,0,0.03315012
1.0,1,0.8330137
0.0,0,0.0014796448
1.0,1,0.97924
0.0,0,0.012712476
1.0,1,0.9829544
0.0,0,0.0018728587
1.0,1,0.72215486
1.0,1,0.9789662
0.0,0,0.008612269
1.0,1,0.9793092
1.0,1,0.89986914
0.0,0,0.34928533
0.0,0,0.19432688
1.0,1,0.8010165
1.0,1,0.51584065
1.0,1,0.9678481
0.0,0,0.012241315
1.0,1,0.97840905
1.0,1,0.96019185
0.0,0,0.29565305
1.0,1,0.95552397
0.0,0,0.16081987
1.0,1,0.7604014
1.0,1,0.7787285
0.0,0,0.053465083
1.0,1,0.98437047
1.0,1,0.9820525
0.0,1,0.7040554
0.0,0,0.007087477
1.0,0,0.31230167
0.0,0,0.123186946
0.0,0,0.01571476
1.0,1,0.8557208
0.0,0,0.1292249
1.0,1,0.8578087
1.0,1,0.5866734
1.0,1,0.8574995
0.0,0,0.2314265
1.0,1,0.98148555
1.0,1,0.9462503
0.0,0,0.13074435
1.0,1,0.7969459
1.0,1,0.9721608
0.0,0,0.029480582
1.0,1,0.48994067
1.0,1,0.95639694
0.0,0,0.012490405
0.0,0,0.01548566
0.0,0,0.0023647929
1.0,1,0.9510845
1.0,1,0.969094
0.0,1,0.53861827
1.0,1,0.937271
1.0,1,0.6140913
1.0,1,0.97837675
0.0,0,0.0037555974
0.0,0,0.051913086
0.0,0,0.06451878
1.0,1,0.81094414
0.0,0,0.21082127
0.0,0,0.15171316
0.0,0,0.09869207
1.0,1,0.88214153
0.0,0,0.05703428
0.0,0,0.026556883
1.0,1,0.8450897
0.0,0,0.23246504
0.0,0,0.009993931
0.0,0,0.001051086
1.0,1,0.9569649
1.0,1,0.8085474
0.0,0,0.018524107
0.0,0,0.017024638
0.0,1,0.6156057
1.0,1,0.97540575
1.0,1,0.93819094
1.0,1,0.9191729
1.0,1,0.4634665
1.0,1,0.66468316
1.0,1,0.9803202
1.0,1,0.96989554
1.0,1,0.86057365
0.0,0,0.0020289933
0.0,1,0.51893985
1.0,1,0.86205137
1.0,1,0.6652721
0.0,0,0.3128463
1.0,1,0.8640228
0.0,0,0.22880621
0.0,0,0.06964113
1.0,1,0.8227494
1.0,1,0.91591084
0.0,0,0.026906885
0.0,0,0.044218156
0.0,0,0.015400494
0.0,1,0.57370925
1.0,1,0.82405406
1.0,1,0.91331196
1.0,1,0.56064785
0.0,0,0.058582596
0.0,0,0.005674063
1.0,1,0.59212565
0.0,0,0.086025536
0.0,0,0.005413202
1.0,1,0.9593438
0.0,0,0.0092746215
0.0,0,0.026818084
0.0,0,0.01774682
0.0,0,0.010605707
0.0,0,0.31816158
1.0,1,0.8090987
0.0,0,0.0032364551
0.0,0,0.0016443883
0.0,0,0.23432198
0.0,0,0.03559559
1.0,1,0.9798484
0.0,0,0.0011366603
1.0,1,0.96945924
0.0,0,0.07094328
0.0,0,0.0754694
1.0,1,0.98589104
1.0,1,0.91049683
1.0,1,0.7995054
1.0,1,0.98138344
0.0,0,0.10528588
0.0,0,0.0061139814
0.0,0,0.0112114595
0.0,0,0.06907511
1.0,1,0.9107768
0.0,0,0.2630486
1.0,1,0.95356
0.0,0,0.25934845
1.0,1,0.8843644
0.0,0,0.014889786
0.0,0,0.38858172
1.0,1,0.8861461
0.0,1,0.6451389
0.0,0,0.026385149
1.0,1,0.85700154
1.0,1,0.9480152
0.0,0,0.13158692
1.0,1,0.9857904
0.0,1,0.89109486
1.0,1,0.9690073
1.0,1,0.558685
1.0,1,0.98023623
0.0,0,0.17677921
1.0,0,0.25031847
0.0,0,0.11243473
1.0,1,0.74096775
0.0,1,0.4326652
1.0,1,0.82344615
1.0,1,0.98301023
1.0,1,0.9024807
0.0,0,0.065992475
0.0,0,0.12647599
1.0,1,0.5982827
0.0,0,0.032381497
1.0,1,0.8585453
0.0,0,0.01460564
1.0,1,0.87951106
0.0,0,0.014585074
1.0,1,0.8575167
0.0,0,0.15376265
0.0,0,0.011052604
0.0,0,0.003704459
0.0,0,0.17035732
0.0,0,0.025261784
0.0,0,0.03560519
1.0,1,0.7810434
0.0,0,0.036209743
1.0,1,0.9312121
0.0,1,0.9085445
0.0,1,0.5731432
0.0,0,0.044329472
0.0,1,0.5955296
0.0,0,0.0036862537
1.0,1,0.90110075
0.0,0,0.35021275
0.0,1,0.7481537
1.0,1,0.98102957
1.0,1,0.95554656
0.0,0,0.0127364835
0.0,1,0.6990113
0.0,0,0.027167162
0.0,1,0.71374404
1.0,1,0.8088671
1.0,1,0.9048097
0.0,1,0.5609224
0.0,0,0.036880836
0.0,0,0.011297824
0.0,0,0.020514928
1.0,1,0.9364635
1.0,1,0.96558785
0.0,0,0.025218865
1.0,1,0.86631304
0.0,0,0.031606372
0.0,0,0.0044524632
0.0,1,0.5494988
1.0,1,0.89907396
1.0,1,0.83520985
1.0,1,0.8714929
0.0,0,0.11824228
1.0,1,0.9833441
1.0,1,0.9146826
0.0,0,0.009611771
1.0,1,0.74690616
1.0,1,0.9827136
1.0,1,0.90020806
0.0,0,0.09942821
1.0,1,0.5785543
0.0,0,0.013314768
1.0,0,0.048223186
0.0,1,0.44171524
1.0,1,0.977647
1.0,1,0.60256004
0.0,0,0.048824724
1.0,1,0.94505984
1.0,0,0.39697358
0.0,0,0.093579866
0.0,0,0.035661925
0.0,0,0.009606816
1.0,1,0.975674
0.0,0,0.07410924
1.0,1,0.95966
1.0,1,0.9582476
0.0,1,0.641074
0.0,0,0.052368972
0.0,1,0.5069835
0.0,0,0.027718984
1.0,1,0.97961605
0.0,0,0.004067506
0.0,0,0.28881282
0.0,1,0.60662484
1.0,1,0.8147655
0.0,1,0.799398
0.0,0,0.17261037
0.0,0,0.34099576
1.0,1,0.981332
1.0,1,0.43242523
0.0,1,0.7904488
1.0,1,0.85974556
1.0,1,0.6745348
1.0,1,0.6042019
1.0,1,0.9137769
0.0,0,0.0042996323
0.0,0,0.004872656
1.0,1,0.9518301
0.0,0,0.03364721
1.0,1,0.91383576
1.0,1,0.8855103
0.0,0,0.026588509
1.0,1,0.94135696
1.0,1,0.867063
0.0,0,0.23086305
0.0,0,0.05752723
1.0,1,0.91507685
1.0,1,0.9282171
0.0,0,0.110952035
0.0,0,0.0049020085
0.0,0,0.0033753463
1.0,1,0.95981914
1.0,1,0.9680664
0.0,0,0.086999156
1.0,1,0.8956824
0.0,0,0.08288451
0.0,0,0.23709968
0.0,0,0.26733372
0.0,1,0.4259192
1.0,1,0.89855814
1.0,1,0.97697806
1.0,1,0.9010711
1.0,1,0.8819115
0.0,0,0.015335187
1.0,1,0.8888007
0.0,0,0.012305908
1.0,0,0.33158836
0.0,0,0.048176877
0.0,0,0.09932815
1.0,1,0.9809112
1.0,0,0.22038479
1.0,1,0.8703249
0.0,0,0.121247545
1.0,1,0.97495705
1.0,1,0.9748598
1.0,1,0.96548754
1.0,1,0.9583562
1.0,1,0.9670279
1.0,0,0.38048482
0.0,0,0.13102792
0.0,1,0.7895148
0.0,0,0.018704083
1.0,1,0.9795104
1.0,1,0.83620965
0.0,0,0.018255156
0.0,0,0.0027106907
1.0,1,0.97972065
1.0,1,0.8734687
0.0,1,0.6422349
0.0,0,0.0014436014
1.0,1,0.8755733
1.0,1,0.98121226
1.0,1,0.87922955
0.0,0,0.004232188
1.0,1,0.89998883
0.0,0,0.024237026
1.0,1,0.9741384
0.0,0,0.0048342687
1.0,1,0.88443565
0.0,0,0.17302148
0.0,0,0.26977307
1.0,1,0.97431344
1.0,1,0.9718328
1.0,1,0.6838645
0.0,0,0.012362289
1.0,1,0.7877222
0.0,1,0.57500017
1.0,1,0.98122597
1.0,1,0.45957083
0.0,0,0.045811743
0.0,0,0.17095456
1.0,1,0.97483957
0.0,0,0.042074732
1.0,1,0.8648265
0.0,0,0.23093282
1.0,1,0.85879064
0.0,0,0.015643634
1.0,1,0.89892244
1.0,1,0.9520656
0.0,1,0.5050787
1.0,1,0.95798934
0.0,0,0.06704393
0.0,0,0.0034493
1.0,1,0.73812103
1.0,1,0.9433715
0.0,0,0.17557094
0.0,1,0.64391804
1.0,1,0.47360525
0.0,0,0.040814225
1.0,1,0.84304905
1.0,1,0.55391324
1.0,0,0.3612546
1.0,1,0.50649095
0.0,0,0.028528037
0.0,0,0.2719164
1.0,1,0.7766535
0.0,0,0.1565886
1.0,0,0.40476164
1.0,1,0.7239746
1.0,1,0.92253387
0.0,0,0.09228566
0.0,1,0.51979446
0.0,0,0.0051860097
1.0,1,0.8160163
0.0,0,0.006816855
1.0,1,0.7924717
1.0,1,0.9617856
0.0,1,0.817075
0.0,0,0.013631152
0.0,0,0.087543085
1.0,1,0.8519326
0.0,0,0.022053009
1.0,1,0.8744601
1.0,1,0.8540057
0.0,0,0.15168509
1.0,1,0.87852216
0.0,0,0.017941264
1.0,0,0.1786719
1.0,1,0.76284945
0.0,0,0.19549172
1.0,1,0.8930545
0.0,0,0.039270785
0.0,0,0.028852917
1.0,1,0.79039896
0.0,0,0.040070754
0.0,0,0.1387565
1.0,1,0.9707306
0.0,0,0.3895954
1.0,1,0.96532434
1.0,1,0.9850467
0.0,0,0.008322655
1.0,1,0.92058
1.0,1,0.7852189
1.0,1,0.56767714
1.0,1,0.52956605
1.0,1,0.9588034
1.0,0,0.40387884
1.0,1,0.8899003
0.0,0,0.02825049
1.0,1,0.9828677
1.0,1,0.97949886
0.0,0,0.016011236
1.0,1,0.9769819
0.0,1,0.43562102
0.0,0,0.035676736
1.0,1,0.8642612
0.0,0,0.009886967
0.0,0,0.014563049
1.0,1,0.985568
0.0,0,0.0119491005
0.0,0,0.0030228288
0.0,0,0.10498015
0.0,0,0.29178277
0.0,0,0.0155403875
1.0,1,0.9789881
0.0,1,0.61177576
0.0,0,0.18131502
1.0,1,0.42297274
0.0,0,0.0015784092
1.0,1,0.6458347
1.0,1,0.8876345
0.0,0,0.08151965
0.0,0,0.045549452
1.0,1,0.9451099
0.0,0,0.027623987
1.0,1,0.8498751
1.0,1,0.9736736
0.0,0,0.0123618
1.0,1,0.9060902
0.0,0,0.031871404
0.0,0,0.016437193
0.0,1,0.7691919
1.0,1,0.87967163
1.0,1,0.9701014
1.0,1,0.9392971
0.0,1,0.86882293
0.0,1,0.44411406
0.0,0,0.022067169
1.0,1,0.9829
0.0,1,0.9617917
1.0,1,0.7360877
1.0,1,0.9694586
0.0,0,0.021601748
1.0,1,0.97648793
0.0,0,0.0008796301
0.0,1,0.8634165
0.0,0,0.12448055
1.0,1,0.88632447
1.0,0,0.41576642
1.0,1,0.8454256
1.0,1,0.8488982
0.0,1,0.4665291
0.0,0,0.05118328
0.0,0,0.02908317
1.0,1,0.82760197
0.0,0,0.018241728
0.0,0,0.0028053909
1.0,1,0.9484247
1.0,1,0.5860628
1.0,1,0.9770599
1.0,1,0.9055439
0.0,0,0.010626686
0.0,0,0.007649479
1.0,1,0.8117709
0.0,0,0.2910264
0.0,0,0.1212065
1.0,1,0.6336795
1.0,1,0.88327336
1.0,1,0.9643698
0.0,0,0.021214752
1.0,0,0.41392133
0.0,0,0.0024939363
0.0,0,0.012621109
1.0,1,0.9493134
0.0,0,0.12164147
0.0,0,0.0075893817
0.0,0,0.02790468
0.0,1,0.48560128
1.0,1,0.6947007
0.0,0,0.06048657
1.0,1,0.971036
0.0,0,0.0019565148
1.0,1,0.7507292
1.0,1,0.97802055
0.0,0,0.052731793
0.0,0,0.021057991
1.0,1,0.5438996
1.0,1,0.45406628
0.0,0,0.0911723
1.0,1,0.9709438
1.0,1,0.985397
0.0,0,0.16090545
1.0,1,0.9636105
0.0,0,0.06688668
0.0,1,0.6404544
0.0,0,0.0075058304
0.0,0,0.010368446
0.0,0,0.00210996
0.0,0,0.026894381
0.0,0,0.06785439
1.0,1,0.87665796
1.0,1,0.97709453
0.0,0,0.4150021
1.0,1,0.9446189
1.0,1,0.8882543
0.0,0,0.014456566
0.0,0,0.02512945
1.0,1,0.9181694
1.0,1,0.9526725
1.0,1,0.9340496
0.0,0,0.0134214265
1.0,1,0.7345861
1.0,1,0.9641934
0.0,0,0.19100772
1.0,0,0.20129603
1.0,1,0.9815064
1.0,1,0.9855142
1.0,1,0.699666
1.0,1,0.72794026
0.0,0,0.008622088
1.0,1,0.97762686
0.0,0,0.40153062
0.0,0,0.079750165
1.0,1,0.9103154
1.0,1,0.9448743
1.0,1,0.906552
1.0,1,0.5609102
1.0,1,0.97532684
1.0,1,0.9810201
0.0,0,0.038626883
1.0,1,0.8477588
1.0,1,0.8008939
0.0,0,0.01456023
0.0,0,0.08949982
1.0,1,0.78547543
1.0,0,0.3750854
0.0,0,0.039455317
1.0,1,0.97979045
1.0,1,0.88524914
0.0,0,0.038071457
0.0,0,0.1014068
0.0,0,0.0014158998
1.0,1,0.8132887
1.0,1,0.8478209
0.0,1,0.47700045
0.0,0,0.19348285
1.0,1,0.8497572
1.0,0,0.3178366
0.0,1,0.64790463
1.0,1,0.8126335
0.0,0,0.010212318
0.0,0,0.036988348
1.0,1,0.9630029
1.0,1,0.7175876
1.0,1,0.7929526
1.0,1,0.73950225
1.0,1,0.98205537
0.0,0,0.22110035
0.0,1,0.4364971
0.0,0,0.11795396
0.0,1,0.43394893
1.0,1,0.98344964
0.0,0,0.2741788
1.0,1,0.9643419
1.0,1,0.8698696
0.0,0,0.0151807135
0.0,0,0.111153975
0.0,0,0.053286634
0.0,1,0.52090776
0.0,0,0.08953348
0.0,0,0.06012439
1.0,1,0.930781
1.0,1,0.8820509
1.0,1,0.9351439
1.0,1,0.97712934
1.0,1,0.96975493
0.0,0,0.116719395
0.0,0,0.10093314
1.0,1,0.57638633
0.0,0,0.4051123
1.0,1,0.7229507
1.0,1,0.9408743
0.0,0,0.066860646
0.0,1,0.5201102
0.0,0,0.031409293
0.0,1,0.7643515
0.0,1,0.97895044
1.0,1,0.91567224
1.0,1,0.7738754
0.0,0,0.018819854
0.0,0,0.08822642
1.0,1,0.93778974
1.0,1,0.97915345
1.0,1,0.9037315
0.0,0,0.007557656
0.0,0,0.02030838
1.0,1,0.9762048
1.0,1,0.89988405
1.0,1,0.9812137
0.0,0,0.017473517
1.0,1,0.9549398
1.0,1,0.8423892
0.0,0,0.081367254
0.0,0,0.35037333
0.0,0,0.0145927165
0.0,0,0.0587755
0.0,0,0.0014006043
0.0,0,0.074832514
1.0,1,0.6816643
1.0,1,0.711975
1.0,1,0.8700643
1.0,1,0.82365435
1.0,1,0.9473376
0.0,0,0.003483871
0.0,1,0.46050468
1.0,1,0.9584636
0.0,0,0.1702013
0.0,0,0.023906449
1.0,1,0.79815567
0.0,0,0.07294002
1.0,1,0.6417031
0.0,0,0.016229216
1.0,1,0.8043652
0.0,0,0.4134418
1.0,1,0.89908683
0.0,0,0.0063692895
0.0,0,0.0075615775
1.0,1,0.93520653
1.0,1,0.8066524
0.0,0,0.0014572201
0.0,0,0.01227768
0.0,0,0.032634918
1.0,1,0.9737321
1.0,1,0.69256735
0.0,0,0.15265791
0.0,0,0.2828718
0.0,0,0.14914668
0.0,0,0.149272
1.0,1,0.70996404
0.0,0,0.10819991
1.0,1,0.98315895
0.0,0,0.03647647
0.0,1,0.7143769
0.0,0,0.25004292
0.0,0,0.033665176
1.0,1,0.9823857
1.0,1,0.84540236
1.0,1,0.9360004
1.0,0,0.40928927
0.0,0,0.0963308
0.0,0,0.029103186
0.0,0,0.030503301
1.0,1,0.9614946
1.0,1,0.9524388
1.0,1,0.8714744
1.0,1,0.7860523
0.0,0,0.021576561
0.0,0,0.23274688
1.0,1,0.9761685
0.0,1,0.6870489
1.0,1,0.95164496
0.0,0,0.041039377
0.0,0,0.0074116313
1.0,1,0.8774987
0.0,0,0.120933436
0.0,0,0.050716035
1.0,0,0.30678576
1.0,1,0.79558897
0.0,0,0.0067467047
0.0,0,0.015460389
0.0,0,0.025227433
1.0,1,0.56478643
0.0,0,0.028200751
1.0,1,0.97916764
0.0,1,0.5352096
1.0,1,0.7279173
1.0,1,0.9631414
0.0,0,0.006518372
1.0,1,0.97344714
1.0,1,0.97523475
1.0,1,0.88199645
0.0,0,0.029822702
0.0,0,0.08018789
0.0,1,0.84258914
0.0,0,0.10811982
0.0,0,0.017578125
1.0,1,0.7980334
1.0,1,0.9495962
0.0,0,0.00733574
0.0,0,0.047247842
0.0,0,0.076003745
1.0,1,0.97741145
0.0,0,0.08900723
0.0,0,0.041166104
0.0,0,0.065356106
0.0,0,0.015209368
1.0,1,0.97134626
1.0,1,0.8929658
0.0,1,0.5388806
1.0,1,0.97754943
0.0,0,0.04716793
1.0,1,0.48240533
1.0,1,0.9560765
1.0,1,0.78972435
0.0,0,0.01847759
1.0,1,0.95441186
0.0,1,0.91607577
1.0,1,0.9674908
1.0,1,0.90549356
1.0,1,0.9411746
1.0,1,0.97150016
1.0,1,0.95648825
0.0,0,0.014007161
1.0,1,0.83248866
0.0,0,0.057526957
1.0,1,0.71657836
1.0,1,0.6353945
1.0,1,0.64991605
1.0,1,0.79855144
0.0,0,0.010955313
0.0,0,0.009512479
1.0,1,0.98388344
0.0,0,0.0048765703
0.0,0,0.40265018
1.0,1,0.9754001
1.0,1,0.9744403
0.0,0,0.0528293
0.0,0,0.19411582
0.0,0,0.017055992
1.0,1,0.8841529
0.0,0,0.0412377
1.0,1,0.97073674
1.0,1,0.9819634
0.0,0,0.01092481
1.0,0,0.3385235
1.0,1,0.8329464
0.0,0,0.32906583
1.0,1,0.9334551
1.0,1,0.96101123
1.0,1,0.9535337
0.0,1,0.6520933
1.0,1,0.81569135
1.0,1,0.8183414
0.0,0,0.08834322
1.0,1,0.9829937
0.0,0,0.0070592077
0.0,0,0.008878891
1.0,1,0.86031705
0.0,0,0.15216862
1.0,1,0.7753086
0.0,0,0.009897041
1.0,1,0.57207584
0.0,0,0.38660803
1.0,1,0.9821928
1.0,1,0.92186064
0.0,0,0.01534573
1.0,1,0.897691
1.0,1,0.9268358
0.0,0,0.0070817843
1.0,1,0.87690324
1.0,1,0.95286673
0.0,1,0.82160354
0.0,1,0.8904613
1.0,1,0.7792053
1.0,1,0.9302733
1.0,1,0.97411823
1.0,1,0.89248157
1.0,1,0.81799424
0.0,0,0.038167577
0.0,0,0.1550232
1.0,1,0.55009055
0.0,0,0.010336565
0.0,0,0.075780965
1.0,1,0.42690277
0.0,0,0.12728699
0.0,0,0.01962071
0.0,0,0.24933416
0.0,0,0.022353647
1.0,1,0.90566474
1.0,1,0.94667786
1.0,1,0.9140908
1.0,1,0.9647971
0.0,0,0.021793118
1.0,1,0.97379076
0.0,0,0.023779316
0.0,0,0.15723342
1.0,1,0.61780846
0.0,0,0.20305294
0.0,0,0.006389413
1.0,1,0.80041766
1.0,1,0.93709224
1.0,0,0.3776823
0.0,0,0.081589006
1.0,1,0.7793094
0.0,0,0.0059801973
1.0,1,0.9512089
0.0,1,0.81874955
0.0,0,0.00095854566
0.0,0,0.06732867
0.0,1,0.53976536
1.0,1,0.6669549
1.0,1,0.5132282
0.0,0,0.23233852
1.0,1,0.42964402
1.0,1,0.6869731
0.0,1,0.76301205
0.0,0,0.15947779
0.0,0,0.06700117
0.0,0,0.0071680807
1.0,1,0.807607
1.0,1,0.76196754
1.0,1,0.60985523
1.0,1,0.8532492
1.0,1,0.67673814
1.0,1,0.74326015
1.0,1,0.78884053
0.0,0,0.028568756
0.0,1,0.8730362
1.0,1,0.94051737
1.0,0,0.37896958
1.0,1,0.97535086
1.0,1,0.6665677
0.0,0,0.12840489
0.0,0,0.06506698
0.0,1,0.9650577
1.0,1,0.96312565
0.0,0,0.0030130912
1.0,1,0.8947365
1.0,1,0.7116362
1.0,1,0.8004949
1.0,1,0.8969158
0.0,0,0.24796167
0.0,0,0.018448927
1.0,1,0.9705406
0.0,0,0.013560924
1.0,1,0.92874146
1.0,1,0.723577
1.0,1,0.9772754
0.0,0,0.00517048
1.0,1,0.9813865
1.0,1,0.9399315
1.0,0,0.33079416
1.0,1,0.98341477
0.0,0,0.025131056
1.0,1,0.9771904
1.0,1,0.9644617
1.0,1,0.9479295
0.0,1,0.4851772
1.0,1,0.59561723
1.0,1,0.96371084
1.0,1,0.9832721
1.0,1,0.5984609
1.0,0,0.38250178
0.0,0,0.012445116
0.0,0,0.0398707
1.0,1,0.9189657
0.0,0,0.065874375
0.0,0,0.30768904
0.0,0,0.006302423
0.0,0,0.07733448
1.0,1,0.9726066
1.0,1,0.84191597
1.0,1,0.89863497
0.0,1,0.6359553
1.0,1,0.9657733
0.0,0,0.0067316047
0.0,0,0.022876516
0.0,0,0.082089595
0.0,0,0.04969684
1.0,1,0.97377485
0.0,0,0.13888782
0.0,0,0.04525628
0.0,0,0.00057508395
0.0,0,0.014450181
1.0,1,0.9033866
0.0,0,0.022669766
1.0,0,0.059198357
1.0,1,0.9628713
0.0,0,0.033139624
0.0,0,0.30380562
0.0,0,0.19552134
1.0,1,0.9782662
1.0,1,0.673971
1.0,1,0.8771094
1.0,1,0.9070947
1.0,1,0.97499716
0.0,1,0.5571124
1.0,1,0.9677566
0.0,0,0.003967654
0.0,0,0.27147976
1.0,1,0.9824611
0.0,0,0.054816872
0.0,0,0.06491412
1.0,1,0.93150157
1.0,1,0.8543555
0.0,0,0.024488786
0.0,0,0.07227935
0.0,0,0.00835858
1.0,1,0.95803314
1.0,1,0.90546304
0.0,1,0.43442187
1.0,1,0.95920163
1.0,1,0.6877504
0.0,0,0.008766217
1.0,1,0.8539805
1.0,0,0.35045138
0.0,1,0.8342413
1.0,0,0.36173946
0.0,0,0.18503295
1.0,1,0.9727453
0.0,0,0.0013111297
0.0,0,0.019150745
0.0,1,0.6162038
0.0,0,0.11549541
1.0,1,0.9646006
0.0,0,0.011128052
1.0,1,0.9838
1.0,1,0.9624919
1.0,1,0.98244464
0.0,0,0.0032346237
0.0,0,0.016831756
0.0,0,0.018258268
1.0,1,0.6732733
1.0,1,0.79184926
0.0,1,0.8348554
0.0,0,0.002391565
0.0,0,0.16420178
0.0,0,0.0021129034
1.0,1,0.96380025
0.0,0,0.008032656
1.0,1,0.9707799
1.0,1,0.880356
1.0,1,0.84370375
1.0,1,0.8371916
1.0,1,0.9097857
1.0,1,0.83876103
1.0,1,0.9844842
0.0,0,0.005758731
1.0,1,0.49801368
0.0,1,0.63504493
0.0,0,0.08936849
0.0,0,0.025732605
1.0,1,0.9744609
1.0,1,0.5613306
1.0,1,0.8086037
1.0,1,0.58200496
0.0,0,0.25897253
0.0,0,0.058649454
1.0,1,0.9753401
0.0,0,0.025577458
1.0,1,0.8440737
1.0,1,0.96909165
1.0,1,0.97049934
1.0,1,0.7435668
0.0,0,0.038468134
0.0,0,0.029489169
1.0,1,0.92591715
1.0,1,0.9486706
1.0,1,0.68288845
0.0,0,0.018389001
0.0,0,0.14887616
0.0,0,0.005409547
0.0,1,0.9759578
1.0,1,0.6236774
1.0,1,0.8735167
0.0,0,0.08949836
1.0,1,0.96466136
0.0,0,0.041031457
0.0,0,0.010902512
1.0,1,0.8487954
1.0,1,0.9604709
1.0,1,0.83443666
1.0,1,0.9786121
0.0,1,0.43878168
0.0,0,0.037171353
0.0,0,0.011007557
0.0,0,0.033077907
0.0,0,0.019261083
0.0,0,0.070728265
1.0,0,0.018933875
1.0,1,0.83772045
1.0,1,0.77585316
1.0,1,0.9721068
0.0,1,0.648801
1.0,1,0.89296275
1.0,1,0.94325465
1.0,0,0.3883664
0.0,0,0.03799084
1.0,1,0.6333627
1.0,1,0.9783968
1.0,1,0.8563298
1.0,1,0.8380158
0.0,0,0.0029692522
1.0,1,0.92823
1.0,1,0.97142196
0.0,1,0.8636352
0.0,0,0.06281895
0.0,0,0.009499796
1.0,1,0.658108
0.0,0,0.028497037
1.0,1,0.6988605
1.0,1,0.93773764
0.0,0,0.044152625
0.0,0,0.033833556
0.0,1,0.42453134
1.0,1,0.88956606
1.0,1,0.98686165
0.0,0,0.057401855
0.0,1,0.73367447
1.0,1,0.8875285
0.0,0,0.007936387
1.0,1,0.96224713
1.0,1,0.9423138
0.0,0,0.3657257
1.0,1,0.9735936
1.0,1,0.95890963
1.0,1,0.88805985
1.0,1,0.9789241
0.0,0,0.006697579
0.0,0,0.029481947
0.0,0,0.030756727
1.0,1,0.8908807
0.0,0,0.025249923
0.0,0,0.12405618
0.0,0,0.014340522
1.0,1,0.885594
0.0,0,0.019464858
0.0,0,0.1023199
1.0,1,0.9726858
0.0,0,0.03477846
1.0,1,0.67504674
0.0,0,0.15517503
1.0,1,0.98152584
0.0,0,0.024563624
1.0,1,0.9489009
0.0,1,0.5104296
1.0,1,0.78677785
0.0,0,0.017176265
1.0,1,0.9289474
1.0,1,0.8987285
0.0,0,0.022736154
1.0,1,0.8368371
1.0,1,0.95833796
1.0,1,0.9645654
0.0,0,0.21015096
1.0,0,0.38125435
1.0,1,0.96329933
1.0,1,0.87581646
0.0,0,0.26858005
1.0,1,0.8133178
0.0,0,0.011700236
1.0,1,0.96424454
0.0,0,0.014091635
1.0,1,0.95956767
1.0,1,0.86221814
1.0,0,0.39923933
0.0,0,0.020399597
0.0,0,0.012693316
1.0,0,0.119921215
0.0,0,0.06983087
0.0,0,0.0056920224
1.0,1,0.9734034
1.0,1,0.9761526
0.0,0,0.19478422
0.0,0,0.012885884
0.0,0,0.2943841
1.0,1,0.8969101
1.0,1,0.8807526
1.0,1,0.96171266
0.0,0,0.01222029
0.0,0,0.008186055
1.0,1,0.60242057
1.0,1,0.82400954
0.0,0,0.009593478
0.0,0,0.017886449
0.0,0,0.07672545
1.0,1,0.48372966
0.0,0,0.05102507
1.0,1,0.9741609
0.0,0,0.026955519
1.0,1,0.8214599
1.0,1,0.9427408
1.0,1,0.9568412
0.0,0,0.0055832523
1.0,1,0.9709891
0.0,0,0.060859617
1.0,1,0.9605603
1.0,1,0.9747931
1.0,1,0.9594319
0.0,0,0.024932982
1.0,1,0.6684757
1.0,1,0.78231287
0.0,0,0.12681147
1.0,1,0.6568148
1.0,1,0.75277305
1.0,1,0.969144
1.0,1,0.8777237
0.0,0,0.07440931
0.0,0,0.055958595
0.0,0,0.0070049027
0.0,1,0.80967724
0.0,0,0.015335251
0.0,0,0.016498214
0.0,0,0.025565388
1.0,1,0.9202739
0.0,0,0.17749476
1.0,1,0.88712144
1.0,1,0.972398
1.0,1,0.94035614
1.0,1,0.6197716
1.0,1,0.8955316
0.0,0,0.017209332
1.0,1,0.9837817
1.0,1,0.97382605
1.0,1,0.9663141
0.0,0,0.0051940945
1.0,1,0.9098971
0.0,0,0.010895161
1.0,1,0.9793028
0.0,0,0.14602388
1.0,1,0.6165372
0.0,0,0.18072231
1.0,1,0.9126916
0.0,0,0.010307084
0.0,0,0.15927282
0.0,0,0.002543398
0.0,0,0.0052118655
0.0,0,0.00070445164
1.0,1,0.95780826
1.0,1,0.92788166
1.0,1,0.9712809
0.0,0,0.005282459
1.0,1,0.951179
1.0,1,0.9779235
0.0,0,0.041119374
1.0,1,0.9209256
1.0,1,0.9076036
1.0,1,0.9575781
0.0,0,0.016328098
1.0,1,0.94172144
0.0,0,0.0045392476
1.0,1,0.948339
1.0,1,0.79217756
0.0,1,0.51956916
1.0,1,0.9760345
1.0,1,0.5870219
1.0,1,0.84485066
1.0,1,0.775633
0.0,0,0.024384547
1.0,1,0.86982125
1.0,1,0.96013516
1.0,1,0.9002706
0.0,0,0.0034586752
0.0,0,0.23190361
1.0,1,0.8090669
0.0,0,0.018209228
0.0,0,0.38404745
0.0,0,0.23713659
1.0,1,0.90258443
0.0,0,0.01300581
0.0,0,0.023310028
0.0,1,0.82379484
1.0,1,0.9157294
0.0,0,0.020563008
1.0,1,0.93359643
1.0,1,0.9496857
1.0,1,0.6610364
0.0,0,0.03181523
1.0,0,0.36196083
0.0,0,0.054790244
0.0,1,0.45199296
0.0,1,0.43602437
1.0,1,0.9777261
0.0,1,0.635997
0.0,0,0.010134445
1.0,1,0.7759004
1.0,1,0.9817785
0.0,0,0.26124853
0.0,0,0.10836653
1.0,1,0.9341706
1.0,1,0.8572022
1.0,1,0.9680699
0.0,1,0.82631737
0.0,0,0.0040031876
0.0,1,0.8239527
1.0,1,0.98167837
1.0,1,0.8533153
1.0,1,0.5617399
0.0,0,0.013575136
1.0,1,0.5223694
0.0,1,0.57048553
1.0,1,0.7739402
0.0,0,0.07532655
1.0,1,0.9789396
0.0,0,0.01857169
0.0,0,0.1504095
0.0,1,0.5053647
0.0,0,0.008827127
0.0,0,0.007096929
0.0,0,0.35196045
0.0,0,0.008696844
0.0,0,0.1085081
1.0,1,0.5012317
1.0,1,0.9753495
1.0,1,0.96818393
0.0,0,0.021699551
1.0,1,0.8262983
1.0,1,0.9794496
0.0,0,0.0053930148
0.0,0,0.15959457
0.0,0,0.006343756
0.0,0,0.07482438
0.0,0,0.037738774
1.0,1,0.91865045
0.0,0,0.22159734
0.0,0,0.03755108
0.0,0,0.046387393
0.0,0,0.030131457
0.0,1,0.8488417
0.0,0,0.22233424
0.0,0,0.00090076635
0.0,0,0.1877157
0.0,0,0.009213848
1.0,1,0.8741715
1.0,1,0.98138607
0.0,0,0.4034488
0.0,0,0.058550786
0.0,0,0.0038620043
0.0,0,0.029445661
0.0,0,0.09913446
1.0,1,0.9767107
1.0,0,0.23173356
1.0,1,0.88548166
0.0,0,0.08554022
1.0,1,0.8225256
0.0,0,0.03195778
1.0,1,0.9533335
1.0,1,0.4752418
1.0,0,0.34179577
0.0,0,0.017678048
0.0,0,0.08837742
0.0,0,0.00381469
1.0,0,0.0937887
1.0,1,0.9808784
0.0,0,0.0039241505
1.0,1,0.9431941
0.0,0,0.03996786
1.0,0,0.24224171
1.0,1,0.97218025
1.0,1,0.9255225
1.0,1,0.90611243
1.0,1,0.9817857
1.0,1,0.47287464
1.0,1,0.9811256
1.0,1,0.8700371
0.0,0,0.050973628
0.0,0,0.19926491
1.0,1,0.89313793
1.0,1,0.82214016
0.0,0,0.00821766
1.0,1,0.86232364
1.0,1,0.8066773
0.0,1,0.6981677
1.0,1,0.8360692
1.0,1,0.94759023
1.0,1,0.840569
0.0,0,0.37290704
0.0,0,0.004855074
0.0,0,0.009204879
0.0,0,0.034331255
1.0,1,0.7603696
0.0,0,0.022920571
0.0,0,0.09816266
0.0,0,0.002352943
1.0,1,0.98120433
0.0,1,0.6114681
1.0,1,0.9091221
1.0,1,0.9657253
0.0,0,0.017143263
1.0,1,0.78233296
0.0,0,0.07600701
1.0,1,0.97589344
1.0,1,0.7352455
1.0,1,0.9803779
0.0,0,0.0031386856
0.0,1,0.5250057
0.0,0,0.008958738
1.0,1,0.9844865
1.0,1,0.9827722
1.0,1,0.9587091
0.0,0,0.029363018
1.0,1,0.90748847
0.0,1,0.8457397
0.0,0,0.0045499434
0.0,0,0.03696272
1.0,1,0.8053479
1.0,1,0.98156714
1.0,1,0.95060396
0.0,0,0.008674054
1.0,1,0.91814995
0.0,1,0.7066467
1.0,1,0.9564744
1.0,1,0.76324826
1.0,1,0.91235757
1.0,1,0.9815056
1.0,1,0.830296
0.0,1,0.85096025
0.0,0,0.12891111
0.0,0,0.26584217
0.0,1,0.6902118
0.0,0,0.038962886
0.0,0,0.037381098
1.0,1,0.85602736
0.0,0,0.05010901
0.0,1,0.4904456
0.0,0,0.009972591
1.0,1,0.8585181
0.0,0,0.15084158
1.0,1,0.8316193
0.0,0,0.006568936
0.0,0,0.017427854
1.0,1,0.9836937
1.0,1,0.5706976
1.0,1,0.6080535
1.0,1,0.85990393
1.0,1,0.70513475
0.0,0,0.19680229
0.0,0,0.077363
1.0,1,0.82850415
0.0,0,0.20044267
0.0,0,0.014132589
0.0,1,0.7770928
0.0,1,0.82788163
1.0,1,0.9742781
0.0,0,0.064472
1.0,1,0.9555834
1.0,1,0.9795743
0.0,0,0.0123646185
1.0,1,0.7866237
0.0,0,0.005177549
0.0,0,0.07867678
1.0,1,0.98185575
1.0,1,0.9780979
1.0,0,0.20372678
0.0,0,0.010422464
1.0,1,0.98010546
0.0,0,0.0018370408
0.0,0,0.22602603
1.0,1,0.75651
1.0,1,0.521342
1.0,1,0.9303323
0.0,0,0.12594694
1.0,1,0.90463996
1.0,1,0.8492334
1.0,1,0.964108
0.0,0,0.1749607
0.0,0,0.3911469
0.0,0,0.2753264
1.0,1,0.94997424
0.0,0,0.010317027
0.0,0,0.024110815
1.0,1,0.9744962
1.0,1,0.9635731
1.0,0,0.37369558
0.0,0,0.03101576
1.0,1,0.9049041
1.0,1,0.9613538
0.0,0,0.030537691
1.0,1,0.42094293
0.0,0,0.07529421
0.0,0,0.11305067
0.0,0,0.11798405
1.0,0,0.05457196
1.0,1,0.64059025
0.0,0,0.16206516
0.0,1,0.74445295
1.0,1,0.95259845
0.0,0,0.013093432
1.0,1,0.9385073
0.0,0,0.03091929
1.0,1,0.9262202
0.0,0,0.056051508
0.0,0,0.02125252
0.0,0,0.03235566
0.0,0,0.21148643
1.0,0,0.4160965
1.0,1,0.86041695
0.0,0,0.41806322
0.0,1,0.7958994
1.0,1,0.76738113
1.0,1,0.9819209
0.0,0,0.13300093
0.0,0,0.16759776
0.0,0,0.012471157
0.0,1,0.49770358
0.0,0,0.0073003904
0.0,0,0.16369079
1.0,0,0.22267783
0.0,0,0.011342846
1.0,1,0.92435575
0.0,0,0.018605772
0.0,0,0.05225757
0.0,0,0.39502928
0.0,0,0.13881701
0.0,0,0.049160242
0.0,0,0.009482299
0.0,0,0.016433828
1.0,0,0.36138922
0.0,0,0.019453546
1.0,1,0.8747544
0.0,0,0.022031536
1.0,1,0.5819315
1.0,1,0.97042125
1.0,1,0.9562983
1.0,1,0.5069921
1.0,1,0.9051394
0.0,0,0.415574
0.0,1,0.78355926
1.0,1,0.98385316
0.0,0,0.021236597
0.0,0,0.2967811
0.0,0,0.069760144
0.0,0,0.18038982
1.0,1,0.9351637
1.0,1,0.5959001
1.0,1,0.9756022
1.0,1,0.7892598
1.0,1,0.92142034
0.0,0,0.23596309
1.0,1,0.98206526
0.0,0,0.14510557
0.0,0,0.002528367
1.0,1,0.8957457
0.0,0,0.009311305
1.0,1,0.98157644
0.0,0,0.066624835
0.0,0,0.08495073
0.0,1,0.6111866
1.0,1,0.96476734
1.0,1,0.95505184
0.0,0,0.050857425
1.0,1,0.8397249
1.0,1,0.84940475
1.0,1,0.9589188
1.0,1,0.7899862
0.0,0,0.017347183
1.0,1,0.5835135
0.0,0,0.07520149
0.0,0,0.065226555
1.0,1,0.9651738
1.0,1,0.9807916
1.0,1,0.9254137
0.0,0,0.10281614
0.0,0,0.15162005
1.0,1,0.9465533
1.0,1,0.7513488
1.0,1,0.78948545
0.0,1,0.6790829
0.0,0,0.030912228
0.0,0,0.025303738
1.0,1,0.82281315
1.0,1,0.9793688
0.0,0,0.006519138
0.0,0,0.013437422
0.0,0,0.010525152
0.0,0,0.35927677
1.0,1,0.9800706
0.0,0,0.038775187
1.0,1,0.8462092
1.0,1,0.95074666
1.0,1,0.91432154
1.0,1,0.55932236
0.0,0,0.16830154
1.0,1,0.9740741
0.0,0,0.0056478907
1.0,1,0.9799075
1.0,1,0.66184413
1.0,1,0.97317046
1.0,1,0.8524896
0.0,0,0.15884933
1.0,1,0.9622467
1.0,1,0.8555944
0.0,0,0.01750557
0.0,0,0.010556564
1.0,1,0.5650168
0.0,0,0.010100895
0.0,0,0.045840055
0.0,0,0.0018091386
0.0,0,0.0052340976
0.0,0,0.02333415
1.0,1,0.77076375
1.0,1,0.9559058
1.0,1,0.97715586
0.0,0,0.003159022
1.0,1,0.65329075
1.0,1,0.96812993
1.0,1,0.94769466
0.0,0,0.05473297
1.0,1,0.7145997
1.0,1,0.9257619
1.0,1,0.977532
0.0,0,0.039813768
1.0,1,0.9107066
0.0,0,0.35527596
0.0,0,0.0069401986
1.0,0,0.28043962
1.0,1,0.8870506
1.0,1,0.977998
1.0,1,0.9567454
1.0,1,0.86287296
0.0,0,0.173463
1.0,1,0.7800738
0.0,0,0.0027020343
1.0,1,0.83327055
0.0,1,0.94045746
1.0,1,0.9802494
0.0,0,0.01937536
0.0,1,0.47317213
0.0,0,0.23939611
0.0,1,0.8960259
0.0,0,0.01725338
0.0,0,0.25941503
0.0,0,0.0426895
1.0,1,0.97414505
0.0,0,0.012016275
1.0,1,0.95838434
1.0,1,0.8041755
1.0,1,0.6083574
1.0,1,0.9690062
0.0,0,0.011948325
0.0,0,0.0010890197
0.0,0,0.25424132
1.0,1,0.97964084
1.0,1,0.9629766
0.0,0,0.25928918
0.0,0,0.2737069
1.0,1,0.8887852
1.0,1,0.8456637
1.0,1,0.98036903
0.0,0,0.17657694
0.0,0,0.13998437
0.0,0,0.04112459
1.0,1,0.79659367
0.0,0,0.025626298
0.0,0,0.10231793
0.0,0,0.004366578
0.0,0,0.12481468
0.0,0,0.012563072
0.0,1,0.9422253
0.0,0,0.025510425
1.0,1,0.47134733
0.0,1,0.8031695
0.0,1,0.8076142
0.0,0,0.27061605
0.0,0,0.17381367
0.0,0,0.019231983
1.0,1,0.9786216
0.0,0,0.37047565
1.0,1,0.42559066
0.0,0,0.0025669148
0.0,0,0.027345842
0.0,0,0.021948379
1.0,1,0.7889756
0.0,0,0.0025379334
1.0,1,0.75619256
0.0,0,0.0036799544
1.0,1,0.752876
0.0,0,0.0013299008
0.0,0,0.18062894
1.0,1,0.7876617
1.0,1,0.42477706
0.0,0,0.112672105
1.0,1,0.9733222
0.0,0,0.094144106
0.0,0,0.003161006
1.0,1,0.7410724
1.0,1,0.9200697
1.0,1,0.93024445
1.0,1,0.98446304
0.0,0,0.0032301927
0.0,0,0.33931378
0.0,0,0.032770626
1.0,1,0.51653236
0.0,0,0.010901123
0.0,0,0.063732855
1.0,1,0.9004725
1.0,1,0.6565486
0.0,0,0.063666366
1.0,1,0.98313606
1.0,1,0.9508856
0.0,0,0.09869052
1.0,1,0.9327658
0.0,0,0.122250125
1.0,1,0.80248314
0.0,0,0.37880853
1.0,1,0.7169233
1.0,0,0.35330477
1.0,1,0.66837156
1.0,1,0.982296
1.0,1,0.9608772
1.0,1,0.8893858
0.0,0,0.050729662
0.0,0,0.11899582
1.0,1,0.8062822
1.0,1,0.933785
0.0,0,0.08508912
1.0,1,0.83103603
0.0,1,0.5203414
0.0,1,0.96488523
0.0,0,0.011200712
1.0,1,0.8336655
0.0,0,0.41927007
0.0,1,0.4893465
1.0,1,0.60877717
0.0,1,0.46000633
0.0,0,0.028457152
1.0,1,0.81599116
0.0,0,0.005084339
0.0,0,0.009953575
1.0,1,0.9685925
0.0,0,0.007811612
1.0,1,0.90923256
0.0,0,0.0014564708
1.0,1,0.9793302
1.0,1,0.8995893
0.0,1,0.5721072
1.0,1,0.8805429
1.0,1,0.82227325
0.0,1,0.545785
0.0,0,0.33763397
0.0,0,0.022329496
1.0,1,0.9783997
1.0,1,0.97858995
1.0,1,0.9375926
1.0,1,0.95895284
0.0,1,0.5430106
0.0,1,0.6449081
0.0,0,0.18967867
0.0,0,0.009039489
1.0,1,0.8897613
0.0,0,0.06957333
0.0,0,0.0071010254
1.0,1,0.975001
0.0,0,0.00028395504
0.0,1,0.5362917
1.0,1,0.96373737
0.0,0,0.018808924
0.0,0,0.08037805
0.0,0,0.10741653
1.0,1,0.91259784
0.0,0,0.006212342
1.0,1,0.776433
0.0,1,0.6333245
0.0,0,0.10942971
1.0,1,0.9265136
0.0,0,0.008373414
0.0,1,0.7270944
0.0,0,0.0014884461
0.0,0,0.008035917
0.0,0,0.21186869
1.0,1,0.81833136
1.0,1,0.44891512
0.0,0,0.23839608
1.0,1,0.9435159
1.0,1,0.60903525
0.0,0,0.051955838
0.0,0,0.0018457631
1.0,1,0.9564111
0.0,0,0.014918076
0.0,0,0.005456388
0.0,0,0.004480714
1.0,1,0.7526665
1.0,1,0.9280237
1.0,1,0.95672053
1.0,1,0.75252587
1.0,1,0.9598455
1.0,1,0.49683353
1.0,1,0.82180274
0.0,0,0.027909666
0.0,0,0.019191695
0.0,0,0.013226697
1.0,1,0.7887378
1.0,1,0.9491043
0.0,0,0.009674433
0.0,0,0.0058733383
0.0,0,0.03057385
0.0,1,0.74798757
0.0,0,0.03530493
0.0,1,0.956819
1.0,1,0.95650065
0.0,0,0.26244828
0.0,0,0.08648219
1.0,1,0.88809276
1.0,1,0.974895
1.0,1,0.96706575
1.0,1,0.7648442
1.0,0,0.2990831
1.0,1,0.889448
1.0,1,0.87930936
1.0,1,0.9254251
1.0,1,0.91074985
1.0,1,0.8552474
1.0,1,0.8640672
0.0,0,0.025404098
0.0,0,0.013695884
1.0,1,0.96586436
0.0,0,0.041611828
1.0,1,0.691072
1.0,1,0.8103143
1.0,1,0.73124933
0.0,1,0.9770906
1.0,0,0.3414145
1.0,1,0.86385226
0.0,0,0.27157608
1.0,1,0.9047216
1.0,1,0.9469534
1.0,1,0.9849745
0.0,0,0.036406174
1.0,1,0.9748308
0.0,0,0.00060006866
0.0,0,0.17610177
0.0,0,0.0071399254
1.0,1,0.97848964
1.0,1,0.9788751
0.0,1,0.512713
0.0,0,0.013568508
1.0,1,0.683663
0.0,0,0.07703309
0.0,0,0.026550284
1.0,1,0.9602115
1.0,1,0.85994774
1.0,1,0.87981933
1.0,1,0.60786474
0.0,0,0.0046639293
1.0,1,0.9051285
0.0,1,0.9143294
1.0,1,0.98155487
1.0,1,0.9393916
0.0,0,0.12404071
1.0,1,0.81519747
1.0,1,0.832237
0.0,0,0.0075442703
1.0,1,0.95999193
1.0,1,0.9189747
0.0,0,0.054998495
0.0,0,0.21160309
0.0,0,0.09234457
1.0,1,0.9775869
0.0,0,0.06538982
1.0,1,0.7615516
1.0,1,0.97320485
1.0,1,0.9835678
1.0,1,0.855044
1.0,1,0.73544484
0.0,0,0.01057949
0.0,1,0.9363699
0.0,0,0.032631185
0.0,0,0.11587487
1.0,1,0.9049953
0.0,0,0.0063534956
0.0,0,0.01073176
0.0,0,0.0038857353
1.0,1,0.84144855
0.0,0,0.073549286
0.0,1,0.5655308
1.0,1,0.59899426
0.0,0,0.20117171
1.0,1,0.7513992
0.0,0,0.08367414
1.0,1,0.9539324
1.0,1,0.921459
1.0,0,0.043823484
1.0,1,0.9687624
0.0,0,0.28034484
1.0,1,0.8555069
1.0,1,0.9151804
0.0,0,0.13217916
0.0,0,0.010778679
1.0,1,0.7444651
0.0,0,0.1163648
1.0,1,0.9749952
0.0,0,0.007570973
0.0,0,0.030295892
1.0,1,0.90960056
1.0,1,0.9679181
1.0,1,0.5579511
0.0,0,0.22642581
1.0,1,0.9814067
1.0,1,0.8849372
0.0,0,0.011982481
0.0,0,0.14742842
1.0,1,0.92927676
0.0,0,0.041399118
1.0,1,0.84551007
0.0,0,0.259056
1.0,1,0.7602336
1.0,1,0.9698515
0.0,0,0.00639123
1.0,1,0.95248127
1.0,1,0.96836203
1.0,1,0.93211097
0.0,0,0.0430701
0.0,0,0.14064921
1.0,1,0.83177996
1.0,1,0.8882082
0.0,0,0.00043573228
0.0,0,0.00954439
1.0,0,0.21435188
0.0,0,0.12194227
0.0,0,0.029562332
0.0,0,0.016740786
0.0,0,0.23484956
0.0,0,0.09402607
0.0,0,0.022934727
1.0,1,0.77002215
1.0,1,0.6034702
0.0,0,0.006111035
1.0,1,0.95817137
0.0,0,0.012609799
1.0,1,0.9253479
1.0,1,0.97206616
0.0,0,0.017284164
0.0,0,0.12822385
1.0,1,0.79442465
0.0,0,0.3502423
0.0,0,0.29446203
0.0,1,0.4427998
0.0,0,0.058125224
1.0,1,0.9614729
1.0,1,0.9328991
1.0,1,0.68686146
0.0,0,0.070162475
0.0,1,0.5071934
1.0,1,0.966411
1.0,1,0.9577259
0.0,0,0.15460429
1.0,0,0.1712368
0.0,0,0.13689594
1.0,1,0.8534304
0.0,0,0.13937151
0.0,0,0.00787309
1.0,1,0.72093916
1.0,1,0.98265684
1.0,1,0.80608046
0.0,0,0.018042775
1.0,1,0.6512235
0.0,0,0.08523328
1.0,1,0.89614326
1.0,1,0.9779078
1.0,1,0.9164068
1.0,1,0.9560671
0.0,0,0.019217886
0.0,1,0.74908376
1.0,1,0.76639843
1.0,1,0.73466223
1.0,1,0.7139027
0.0,0,0.0040186765
0.0,0,0.21866591
1.0,1,0.86613333
0.0,0,0.010272738
0.0,0,0.09728393
1.0,1,0.9138702
1.0,1,0.88114375
0.0,0,0.016997455
0.0,0,0.17178044
1.0,1,0.77877295
1.0,1,0.85367215
0.0,0,0.048919458
1.0,1,0.8701254
1.0,1,0.9490799
0.0,0,0.29716063
1.0,1,0.8689036
1.0,1,0.96654797
1.0,1,0.8180295
0.0,0,0.0064666597
0.0,0,0.080691375
0.0,1,0.51686287
0.0,1,0.93224
0.0,0,0.1248712
1.0,1,0.8881909
1.0,1,0.8973892
1.0,1,0.75026816
0.0,0,0.08627044
0.0,0,0.08129169
1.0,0,0.13356887
0.0,0,0.02491143
1.0,1,0.910918
0.0,1,0.6089976
1.0,1,0.8447381
0.0,0,0.0075579993
0.0,0,0.14862213
1.0,1,0.8300596
0.0,0,0.021237995
1.0,1,0.73349917
0.0,0,0.019771395
1.0,1,0.97670984
1.0,1,0.9773119
0.0,0,0.1490342
1.0,1,0.9724722
0.0,0,0.002540848
1.0,1,0.8345841
0.0,0,0.015836218
1.0,1,0.9608248
0.0,0,0.0044738194
1.0,1,0.78424156
0.0,1,0.65604174
1.0,1,0.8793971
1.0,1,0.9797385
0.0,0,0.16120206
1.0,1,0.98502415
0.0,0,0.08670303
1.0,1,0.7961212
0.0,0,0.020699361
1.0,1,0.97996676
0.0,0,0.008906537
1.0,1,0.9468688
1.0,0,0.18570402
1.0,1,0.9640877
1.0,1,0.9570783
1.0,1,0.94867605
1.0,1,0.97505337
1.0,0,0.25694874
1.0,1,0.9296789
1.0,1,0.98078054
0.0,1,0.57489
0.0,0,0.025704432
0.0,0,0.010174138
0.0,1,0.8740694
1.0,1,0.84136456
0.0,1,0.657079
0.0,0,0.4033215
1.0,1,0.9580711
1.0,1,0.7915137
1.0,1,0.8076687
1.0,0,0.27675843
1.0,1,0.9701174
0.0,0,0.0070873187
0.0,1,0.6858741
1.0,1,0.8882576
0.0,0,0.041445535
1.0,1,0.7869264
1.0,1,0.92548096
0.0,0,0.17605828
0.0,0,0.031345915
0.0,0,0.36199188
0.0,0,0.12062595
1.0,1,0.48723817
0.0,0,0.027925279
0.0,0,0.006306958
1.0,1,0.82019037
1.0,1,0.98047763
0.0,0,0.21846187
0.0,0,0.008546245
1.0,1,0.9611845
0.0,0,0.01213
0.0,1,0.56672883
1.0,1,0.9674433
0.0,0,0.037655205
1.0,1,0.97073364
0.0,0,0.009541669
1.0,1,0.7177752
1.0,1,0.9635679
1.0,1,0.69697183
1.0,1,0.96251184
1.0,1,0.9697014
1.0,0,0.10052206
0.0,0,0.14604232
0.0,0,0.092650324
0.0,0,0.32062277
0.0,0,0.20041986
0.0,0,0.33341995
1.0,1,0.48978746
1.0,1,0.94258195
1.0,1,0.7310359
1.0,1,0.9741535
0.0,1,0.80596685
1.0,1,0.86977786
1.0,1,0.7129153
0.0,0,0.020777056
1.0,1,0.5468193
0.0,1,0.8819591
0.0,0,0.16624603
1.0,1,0.97932863
1.0,1,0.71821415
1.0,1,0.8266861
1.0,1,0.78640807
1.0,1,0.6523329
1.0,0,0.23722811
1.0,1,0.7061683
1.0,1,0.90797293
0.0,0,0.03368358
0.0,0,0.008390068
0.0,0,0.0048206793
0.0,0,0.10631497
1.0,1,0.76861113
0.0,0,0.18021058
0.0,1,0.63291824
1.0,1,0.94001865
1.0,1,0.8605497
1.0,1,0.98120046
1.0,1,0.52870476
0.0,0,0.20568758
1.0,1,0.74927276
0.0,1,0.8035326
1.0,0,0.37545398
1.0,1,0.87058735
0.0,1,0.85821736
1.0,1,0.8373372
0.0,0,0.31731433
0.0,0,0.04921486
1.0,1,0.98250526
1.0,1,0.766052
1.0,1,0.89273655
1.0,1,0.9627168
1.0,1,0.63483155
0.0,0,0.017432492
0.0,0,0.06347035
1.0,1,0.5612827
1.0,0,0.24503365
1.0,1,0.7432028
1.0,1,0.9576148
0.0,0,0.13364877
1.0,1,0.9141992
0.0,0,0.02665305
1.0,1,0.94110703
0.0,1,0.43378785
0.0,0,0.0013516686
0.0,0,0.075983115
0.0,0,0.20069307
0.0,0,0.0012714876
0.0,0,0.14456509
0.0,0,0.017440995
1.0,1,0.9628372
1.0,1,0.9339767
0.0,0,0.03539827
1.0,1,0.98002154
0.0,0,0.016272314
0.0,0,0.11412073
0.0,0,0.008542283
0.0,0,0.007909405
1.0,0,0.023255538
1.0,1,0.8892081
1.0,1,0.6742577
0.0,0,0.014291576
0.0,0,0.08708667
0.0,0,0.05545826
1.0,1,0.9100138
0.0,0,0.03617458
1.0,0,0.17229535
1.0,1,0.88975364
1.0,1,0.9263031
0.0,1,0.42717096
0.0,0,0.3295231
1.0,1,0.9789515
0.0,0,0.008569528
1.0,1,0.69299257
0.0,0,0.00052530685
0.0,0,0.045501888
1.0,1,0.8224632
1.0,1,0.96578276
0.0,0,0.012062886
0.0,0,0.069466986
1.0,1,0.87577754
0.0,1,0.70587444
1.0,1,0.8394169
1.0,1,0.9169229
0.0,0,0.27637866
1.0,1,0.95880365
0.0,0,0.05882069
0.0,0,0.014097838
0.0,0,0.0052633914
1.0,1,0.76941466
0.0,0,0.007651426
0.0,0,0.05226854
0.0,0,0.009723731
0.0,0,0.07151074
0.0,0,0.11477948
1.0,1,0.82231164
0.0,0,0.00885365
1.0,1,0.9640812
1.0,1,0.97892475
0.0,0,0.0041463478
1.0,1,0.6918932
1.0,1,0.93814105
1.0,1,0.9165199
0.0,0,0.014486102
0.0,0,0.006735967
0.0,0,0.033295386
1.0,1,0.96449435
0.0,0,0.0020042001
0.0,1,0.9628176
1.0,1,0.9779478
1.0,1,0.6045677
1.0,0,0.1182315
1.0,1,0.79703784
1.0,1,0.9702491
1.0,1,0.9713837
0.0,0,0.008351082
1.0,1,0.9682553
0.0,0,0.117836215
0.0,0,0.0032957424
0.0,0,0.008771987
1.0,1,0.6096089
1.0,1,0.9317831
0.0,0,0.02298386
1.0,1,0.86380976
1.0,1,0.8634046
1.0,1,0.96595925
1.0,0,0.21490298
1.0,0,0.20797765
1.0,1,0.7917825
0.0,0,0.033738572
1.0,0,0.15703638
0.0,0,0.0053908946
1.0,1,0.88960904
1.0,1,0.88615775
0.0,0,0.013065735
1.0,1,0.9745788
1.0,1,0.9715935
1.0,1,0.9661248
1.0,1,0.9790846
1.0,1,0.92687345
0.0,1,0.46902803
1.0,1,0.94943845
1.0,1,0.8784339
1.0,1,0.9641013
0.0,0,0.05345163
1.0,1,0.7365395
1.0,1,0.9807508
1.0,1,0.7775997
0.0,0,0.012051037
0.0,0,0.005341014
0.0,0,0.047246005
0.0,1,0.43894872
0.0,0,0.0338205
1.0,1,0.9264608
1.0,1,0.9251464
0.0,0,0.05926579
0.0,1,0.52699697
1.0,1,0.77250236
0.0,0,0.06767985
1.0,1,0.87542415
1.0,1,0.9395375
1.0,1,0.605368
1.0,1,0.59144515
0.0,0,0.01140887
1.0,1,0.9449196
1.0,1,0.9751994
1.0,1,0.8863038
1.0,1,0.7581243
1.0,1,0.97782195
1.0,1,0.9692776
1.0,1,0.7232443
1.0,1,0.42306507
0.0,0,0.011838408
1.0,1,0.8803268
0.0,0,0.23074389
0.0,1,0.51250017
0.0,0,0.23089024
0.0,0,0.0021755912
1.0,1,0.9560793
1.0,1,0.87781644
0.0,0,0.11863089
1.0,1,0.85844845
0.0,0,0.011003385
1.0,1,0.9438293
1.0,0,0.41116622
1.0,1,0.75136966
0.0,0,0.10381373
0.0,0,0.01703047
1.0,1,0.9724202
0.0,0,0.009985121
0.0,0,0.2453772
0.0,0,0.016135324
0.0,0,0.08069027
1.0,1,0.96197724
1.0,1,0.98320115
1.0,1,0.9708193
0.0,1,0.68499815
1.0,1,0.9773535
1.0,1,0.82543564
1.0,1,0.96894777
1.0,1,0.97602427
0.0,0,0.1769961
1.0,1,0.57960343
1.0,1,0.9743964
0.0,0,0.03658641
1.0,1,0.66696453
0.0,0,0.040494476
0.0,0,0.1391261
1.0,1,0.91049755
1.0,1,0.97425175
1.0,1,0.77455455
1.0,1,0.80486727
0.0,0,0.020205272
1.0,1,0.9565691
1.0,1,0.8146492
0.0,0,0.047119085
1.0,1,0.6875369
0.0,0,0.008297877
0.0,0,0.20149064
0.0,0,0.33174494
0.0,0,0.021857714
1.0,1,0.981567
1.0,1,0.8588901
0.0,1,0.8033847
0.0,1,0.7650081
1.0,1,0.8632574
0.0,0,0.1940166
0.0,0,0.008937874
1.0,0,0.37819147
1.0,0,0.25608063
0.0,1,0.8108247
1.0,1,0.95820105
1.0,1,0.7923016
1.0,1,0.94559526
0.0,0,0.0075455774
1.0,1,0.74473685
0.0,0,0.32238603
1.0,1,0.8890694
1.0,1,0.87907153
0.0,0,0.0375865
0.0,0,0.029105797
1.0,1,0.5516497
0.0,0,0.014419661
1.0,1,0.93148786
1.0,1,0.7768664
0.0,0,0.025204502
1.0,1,0.97801566
0.0,0,0.3535622
1.0,0,0.22535264
0.0,0,0.020810252
1.0,1,0.9817562
1.0,1,0.939581
0.0,0,0.34950912
0.0,0,0.16153362
0.0,0,0.037038647
1.0,1,0.7604718
0.0,0,0.39144748
1.0,1,0.970864
1.0,1,0.6021218
0.0,0,0.10028617
1.0,1,0.9735199
1.0,1,0.9261605
1.0,1,0.89418405
0.0,0,0.022520984
1.0,1,0.96968436
1.0,1,0.6371732
1.0,1,0.68403256
1.0,1,0.96550703
1.0,1,0.7439146
1.0,1,0.96658957
0.0,0,0.074875094
0.0,0,0.00913764
0.0,0,0.05383883
0.0,0,0.016329102
1.0,1,0.66611874
0.0,0,0.047118142
0.0,0,0.008075193
0.0,0,0.019096658
1.0,1,0.61976093
1.0,1,0.7657102
0.0,0,0.1708672
1.0,1,0.779181
1.0,1,0.9652681
0.0,0,0.011998438
0.0,0,0.009895331
0.0,1,0.52958596
1.0,1,0.7877605
0.0,0,0.0791629
1.0,1,0.9627649
1.0,0,0.2083525
1.0,1,0.9403159
1.0,1,0.46792242
1.0,1,0.9676755
1.0,1,0.95507747
1.0,1,0.9710375
0.0,0,0.1343895
0.0,1,0.87793446
1.0,1,0.9291803
0.0,0,0.007654225
1.0,1,0.8187351
1.0,1,0.77196133
0.0,0,0.015081671
0.0,0,0.003587173
1.0,1,0.9702797
1.0,0,0.07956303
0.0,0,0.02086176
0.0,0,0.021256244
0.0,0,0.029127115
1.0,0,0.40259558
1.0,1,0.9743122
1.0,1,0.96133566
0.0,0,0.016860515
0.0,0,0.01677604
1.0,1,0.76561654
1.0,1,0.9341115
0.0,0,0.0013071608
0.0,0,0.013203175
0.0,0,0.08452504
1.0,1,0.9533976
0.0,0,0.19959825
1.0,1,0.9353789
1.0,1,0.95971304
0.0,0,0.2507979
1.0,1,0.8819631
1.0,1,0.8501455
0.0,0,0.12628527
0.0,0,0.05237051
1.0,1,0.95608
0.0,0,0.013931524
1.0,1,0.9487487
1.0,1,0.81551045
1.0,1,0.8195055
0.0,0,0.023624282
1.0,1,0.9638117
1.0,1,0.98007464
1.0,1,0.98277384
0.0,0,0.011626757
1.0,1,0.98362774
1.0,1,0.89357376
1.0,1,0.97822154
1.0,1,0.83844227
0.0,0,0.1710814
0.0,1,0.7644276
0.0,0,0.039928854
1.0,1,0.96779406
1.0,1,0.8581401
1.0,1,0.915647
1.0,1,0.9415363
1.0,1,0.9213062
0.0,0,0.018025843
0.0,0,0.008968243
1.0,1,0.8149586
0.0,0,0.042096704
1.0,1,0.8566593
1.0,1,0.8146935
1.0,1,0.8983173
1.0,1,0.64871764
0.0,0,0.2381906
0.0,0,0.018641714
0.0,0,0.017204655
1.0,1,0.88852453
1.0,1,0.7303426
0.0,0,0.017953131
0.0,0,0.18352988
1.0,1,0.93905735
1.0,1,0.58119506
1.0,1,0.9234926
1.0,1,0.9407152
1.0,1,0.86331344
1.0,1,0.78899086
1.0,1,0.53513044
1.0,1,0.8401652
0.0,0,0.039904915
1.0,1,0.8955314
0.0,0,0.001839137
1.0,1,0.96184605
1.0,1,0.85856867
1.0,1,0.6096333
1.0,1,0.65528214
0.0,1,0.4847359
1.0,1,0.4347889
1.0,1,0.9670763
0.0,0,0.06021347
1.0,1,0.88933957
0.0,0,0.048796345
1.0,1,0.97914845
1.0,1,0.9290014
1.0,1,0.972983
1.0,1,0.5736891
1.0,1,0.7297455
0.0,0,0.09446207
0.0,1,0.5025116
0.0,0,0.13380015
1.0,1,0.93526024
1.0,1,0.6964961
1.0,1,0.94626117
0.0,0,0.021723116
1.0,1,0.72306925
0.0,0,0.006826104
0.0,0,0.050924525
1.0,1,0.9440252
1.0,1,0.8242843
0.0,0,0.18391675
1.0,1,0.7301841
1.0,1,0.94026184
1.0,1,0.465662
1.0,1,0.8076569
0.0,0,0.012962647
0.0,0,0.2395543
1.0,1,0.5087771
1.0,1,0.86300254
1.0,0,0.22177497
0.0,0,0.01481358
0.0,0,0.00053605204
1.0,1,0.7417414
0.0,0,0.15284611
1.0,1,0.92146516
1.0,1,0.98091584
1.0,1,0.94658667
0.0,0,0.16824956
0.0,0,0.023149325
1.0,1,0.9394183
1.0,1,0.73747337
1.0,1,0.9801405
0.0,0,0.19287746
0.0,0,0.3103462
0.0,1,0.43063942
1.0,0,0.08219983
1.0,1,0.8559073
0.0,0,0.006983886
1.0,1,0.9674591
1.0,1,0.96287084
1.0,1,0.96655685
1.0,1,0.5763397
0.0,0,0.012399621
0.0,1,0.4282012
0.0,0,0.34269375
1.0,1,0.940596
0.0,0,0.05032549
1.0,1,0.98224044
1.0,1,0.9743453
1.0,1,0.5931227
0.0,0,0.10587319
0.0,0,0.012499572
0.0,0,0.33501428
1.0,1,0.9791323
1.0,1,0.7460621
0.0,0,0.055308882
0.0,1,0.43629813
0.0,0,0.023440512
0.0,0,0.005691598
0.0,0,0.1532301
1.0,0,0.047758907
0.0,0,0.057640504
1.0,1,0.91237545
1.0,1,0.96689916
0.0,0,0.3181413
0.0,0,0.15810266
1.0,1,0.8618088
0.0,0,0.023541208
1.0,1,0.9333824
1.0,1,0.604283
0.0,0,0.0047178334
0.0,0,0.06774408
0.0,0,0.0037192288
0.0,0,0.022493282
0.0,0,0.008947163
1.0,0,0.24579696
0.0,0,0.20585339
1.0,1,0.8613001
0.0,0,0.41355893
1.0,1,0.96423334
0.0,1,0.8662643
0.0,1,0.6169058
1.0,1,0.9784109
0.0,0,0.32661957
0.0,0,0.056978833
1.0,1,0.98328924
0.0,0,0.36489937
0.0,0,0.01940891
0.0,0,0.084672116
1.0,1,0.7614074
1.0,1,0.9710123
0.0,0,0.0072614923
1.0,1,0.49175653
0.0,0,0.12125874
1.0,1,0.9739741
1.0,1,0.8079281
1.0,1,0.9572971
0.0,0,0.06338194
0.0,0,0.025297977
0.0,0,0.021451008
1.0,1,0.92979485
0.0,0,0.008147311
0.0,0,0.097193316
1.0,1,0.98067904
0.0,0,0.10889691
0.0,1,0.44624245
0.0,1,0.54861045
1.0,1,0.87355024
0.0,0,0.06845653
1.0,1,0.9743217
0.0,0,0.30329406
1.0,1,0.74576163
1.0,0,0.2782555
1.0,1,0.7733437
1.0,1,0.84907377
0.0,1,0.51470864
1.0,1,0.71496403
0.0,0,0.045694478
1.0,1,0.9790956
1.0,1,0.9661173
1.0,1,0.9121443
0.0,0,0.075485915
0.0,0,0.00041207758
0.0,0,0.020514928
1.0,1,0.9761749
1.0,1,0.91455305
1.0,1,0.9832533
0.0,0,0.038583767
1.0,1,0.8343754
1.0,1,0.9441953
1.0,1,0.97635525
1.0,0,0.28347093
1.0,1,0.87032616
1.0,1,0.7818799
1.0,1,0.8665464
0.0,0,0.39285046
0.0,0,0.32615668
1.0,1,0.570275
1.0,1,0.80661345
1.0,1,0.9081744
0.0,0,0.011293989
1.0,1,0.6549218
1.0,1,0.91276544
0.0,0,0.060242597
1.0,1,0.8907783
1.0,1,0.96676195
0.0,0,0.12862903
0.0,0,0.036003936
1.0,1,0.6279394
1.0,1,0.8721239
1.0,1,0.4906141
1.0,1,0.9347394
0.0,0,0.12716141
1.0,1,0.9514471
0.0,0,0.1259284
0.0,0,0.22415116
0.0,1,0.7759044
1.0,1,0.9591073
1.0,1,0.74596053
1.0,1,0.9716358
0.0,0,0.09564504
0.0,1,0.5961946
0.0,0,0.025339961
0.0,0,0.001828097
1.0,1,0.97937894
0.0,0,0.066308886
1.0,1,0.8229752
0.0,0,0.07299925
0.0,0,0.011129185
1.0,0,0.0133403195
1.0,1,0.8479315
1.0,1,0.8495869
1.0,0,0.083449386
1.0,0,0.22078003
1.0,1,0.97598565
1.0,1,0.9704771
0.0,0,0.16717762
1.0,1,0.852465
1.0,1,0.984625
1.0,1,0.9806624
0.0,0,0.0031166512
1.0,1,0.9790414
1.0,0,0.07980919
1.0,1,0.86263734
0.0,0,0.005680785
0.0,1,0.79264206
1.0,1,0.97974473
1.0,1,0.9848236
0.0,0,0.10749662
0.0,1,0.64473784
1.0,1,0.97852963
0.0,0,0.009005645
1.0,1,0.97138315
0.0,0,0.006940606
0.0,0,0.022890866
1.0,1,0.46760198
1.0,1,0.9714593
0.0,0,0.0031278874
0.0,0,0.02977231
0.0,0,0.03080589
0.0,0,0.08469463
1.0,1,0.8998425
1.0,1,0.97824043
1.0,1,0.8637665
0.0,1,0.4244219
1.0,1,0.83608526
0.0,0,0.014366325
1.0,1,0.8184993
1.0,1,0.9527605
0.0,0,0.0060716174
1.0,1,0.7952978
1.0,1,0.9017272
1.0,1,0.8012534
1.0,1,0.83347046
0.0,0,0.008100991
0.0,0,0.021986904
0.0,0,0.1037868
1.0,1,0.9826539
0.0,0,0.14591691
0.0,0,0.030976161
0.0,0,0.12660532
1.0,1,0.94436526
0.0,0,0.06152316
1.0,1,0.79345155
0.0,0,0.019155474
1.0,1,0.84619063
1.0,1,0.9606029
0.0,1,0.9434322
1.0,1,0.8361591
1.0,1,0.9792581
0.0,0,0.05437098
0.0,0,0.052440338
1.0,1,0.4704143
1.0,1,0.9334741
0.0,0,0.09718251
0.0,1,0.54737306
1.0,1,0.9722913
1.0,1,0.7417097
0.0,0,0.013470137
1.0,1,0.9829016
0.0,0,0.012878633
0.0,1,0.6783785
0.0,0,0.10479275
0.0,0,0.0023633316
0.0,0,0.02299599
1.0,1,0.94500923
0.0,0,0.38251758
1.0,1,0.68014866
1.0,1,0.9533386
1.0,1,0.972849
0.0,0,0.1994018
0.0,0,0.008920269
1.0,1,0.48101398
0.0,0,0.06471366
1.0,1,0.88459975
0.0,0,0.0066361628
1.0,1,0.7952449
0.0,0,0.0041965665
1.0,1,0.97974664
0.0,0,0.2288901
1.0,1,0.49497336
1.0,1,0.4442485
0.0,0,0.011208828
1.0,1,0.95153403
0.0,0,0.15891539
0.0,0,0.026774915
1.0,1,0.9333174
0.0,0,0.049620673
0.0,0,0.033051774
1.0,1,0.88982236
0.0,0,0.015520068
1.0,1,0.50294113
0.0,0,0.15547748
0.0,0,0.23142673
1.0,1,0.9689151
1.0,1,0.96915835
1.0,1,0.55517435
1.0,1,0.9295441
0.0,0,0.23217319
0.0,1,0.7502215
1.0,1,0.9801994
0.0,0,0.016704084
0.0,0,0.007279157
0.0,0,0.3404593
1.0,1,0.5435686
1.0,1,0.87765485
1.0,1,0.95991594
1.0,1,0.94834954
1.0,0,0.09295468
0.0,0,0.0315629
0.0,0,0.1336462
0.0,0,0.018342769
1.0,1,0.9808113
0.0,0,0.023288378
0.0,0,0.14317381
1.0,1,0.8356688
0.0,0,0.02310909
1.0,1,0.9573106
1.0,0,0.31279665
1.0,1,0.9677966
0.0,0,0.3004374
0.0,0,0.011059297
1.0,0,0.26484594
0.0,0,0.16993283
0.0,0,0.13560036
1.0,1,0.85397005
1.0,1,0.98305607
0.0,0,0.39688733
0.0,0,0.21866128
1.0,1,0.80369353
1.0,1,0.80599755
0.0,0,0.057593174
0.0,0,0.045996018
0.0,0,0.03332014
0.0,0,0.02022435
1.0,1,0.8242605
0.0,0,0.20361915
0.0,0,0.030733613
0.0,0,0.012537343
0.0,0,0.05284862
1.0,1,0.8187879
1.0,1,0.7716963
1.0,1,0.8872666
0.0,0,0.17002586
0.0,0,0.2594909
1.0,1,0.8689748
1.0,1,0.94525737
1.0,1,0.94910204
0.0,0,0.035270166
0.0,0,0.045919683
0.0,0,0.0030099484
1.0,1,0.96889
0.0,0,0.030559719
1.0,1,0.9751319
1.0,1,0.88711596
0.0,0,0.004463313
0.0,0,0.01222653
1.0,1,0.5880103
1.0,1,0.9721307
1.0,1,0.9736316
1.0,1,0.6917285
0.0,0,0.038656306
1.0,0,0.34337205
0.0,1,0.6661428
0.0,0,0.044557035
0.0,1,0.93057793
1.0,1,0.80025876
1.0,0,0.33007437
1.0,1,0.8003176
1.0,1,0.61860883
0.0,1,0.61346054
0.0,0,0.037268218
0.0,0,0.09012009
0.0,1,0.69473493
0.0,0,0.0048413854
0.0,0,0.04102414
1.0,1,0.8889853
0.0,0,0.03353843
0.0,0,0.016287504
1.0,1,0.97315496
0.0,0,0.19884303
1.0,1,0.9739052
0.0,0,0.3979289
0.0,0,0.008718387
0.0,1,0.6461681
1.0,1,0.8512548
0.0,0,0.39967048
1.0,1,0.9663892
0.0,0,0.021164274
1.0,1,0.9212142
1.0,1,0.90990853
1.0,1,0.731861
0.0,0,0.09275673
0.0,0,0.35458553
1.0,1,0.95973825
1.0,1,0.79480016
1.0,1,0.91607004
0.0,0,0.0090312185
0.0,0,0.15453665
1.0,1,0.98094195
1.0,0,0.15544288
0.0,0,0.005340743
1.0,1,0.97670615
1.0,1,0.9692581
0.0,0,0.022476722
0.0,0,0.14123398
1.0,1,0.8797622
0.0,0,0.020479796
1.0,1,0.8259772
1.0,1,0.75723046
1.0,1,0.6681154
1.0,1,0.75616145
1.0,1,0.9781966
1.0,1,0.8582229
0.0,0,0.0036635397
0.0,0,0.012007237
1.0,1,0.53460085
0.0,0,0.007097917
1.0,1,0.744763
0.0,0,0.09719339
0.0,0,0.15776025
1.0,0,0.036476716
1.0,1,0.9601289
1.0,1,0.7746464
1.0,1,0.9692578
1.0,1,0.95537305
1.0,1,0.9725053
0.0,0,0.0062542
1.0,1,0.98177344
0.0,0,0.02098126
0.0,0,0.06086336
1.0,1,0.9757904
1.0,1,0.795906
1.0,1,0.9342475
1.0,1,0.56213856
1.0,1,0.9240562
1.0,1,0.96131825
1.0,1,0.9832854
0.0,0,0.15651213
1.0,1,0.8678656
1.0,0,0.22178955
0.0,0,0.0050944504
0.0,0,0.022121025
1.0,1,0.9795297
0.0,0,0.40523022
0.0,0,0.22492565
1.0,1,0.934903
1.0,1,0.9050086
1.0,1,0.8139647
0.0,0,0.02653158
0.0,0,0.011084504
0.0,0,0.0043763923
0.0,0,0.21368761
0.0,0,0.03382715
0.0,0,0.033447295
0.0,1,0.73706746
1.0,0,0.16891854
0.0,0,0.03533794
0.0,0,0.02006084
0.0,0,0.084278084
1.0,1,0.87778276
0.0,0,0.045705438
1.0,1,0.96593654
1.0,1,0.7882793
0.0,1,0.89233553
1.0,1,0.9816044
1.0,1,0.967231
0.0,0,0.03272103
1.0,1,0.9715577
1.0,1,0.91970545
1.0,1,0.7921466
0.0,0,0.0038374823
0.0,0,0.0056792744
1.0,1,0.907267
0.0,0,0.011014366
1.0,1,0.58726275
1.0,1,0.935704
0.0,0,0.09935385
1.0,1,0.9796862
1.0,1,0.9738638
1.0,1,0.9564253
0.0,0,0.28583506
1.0,1,0.5316024
0.0,1,0.43217292
0.0,0,0.02671215
0.0,0,0.027655654
0.0,0,0.005318677
1.0,1,0.96479845
0.0,0,0.11685254
0.0,0,0.003771341
0.0,1,0.6119427
0.0,0,0.013255499
1.0,1,0.8412509
0.0,0,0.21289064
1.0,1,0.88638985
1.0,1,0.82863176
0.0,0,0.024377879
1.0,1,0.70423603
0.0,1,0.8413668
0.0,0,0.012069103
0.0,0,0.0013524154
1.0,1,0.97837424
0.0,0,0.023149936
1.0,1,0.9646581
0.0,0,0.008186799
1.0,1,0.65650463
0.0,0,0.18668248
1.0,1,0.74944067
0.0,0,0.18064566
0.0,0,0.17444123
0.0,0,0.093372546
1.0,1,0.88090444
0.0,0,0.0027550675
0.0,0,0.023251476
0.0,0,0.21370941
0.0,0,0.056875203
1.0,1,0.7818118
0.0,1,0.5221266
1.0,1,0.8743695
0.0,1,0.8262003
0.0,1,0.7869355
1.0,1,0.96993315
1.0,1,0.94817233
1.0,1,0.9412833
1.0,1,0.9685424
0.0,0,0.071157485
0.0,0,0.01454239
1.0,1,0.92800003
1.0,0,0.18191989
1.0,1,0.5099858
1.0,1,0.93524796
0.0,0,0.010637753
1.0,1,0.9739692
0.0,0,0.08120058
0.0,1,0.44215
0.0,0,0.014859468
1.0,1,0.9599148
0.0,0,0.3476355
0.0,0,0.10981525
1.0,1,0.91271347
1.0,1,0.9504704
0.0,0,0.039985616
0.0,0,0.00420307
1.0,1,0.82532275
0.0,0,0.002463339
1.0,1,0.62694186
1.0,1,0.94295776
0.0,0,0.0049225925
1.0,1,0.9800444
1.0,1,0.96207494
1.0,1,0.8193343
1.0,1,0.97462445
0.0,0,0.0058015506
1.0,1,0.9827675
0.0,0,0.027718805
0.0,0,0.0082380725
0.0,0,0.027807157
1.0,1,0.86658114
0.0,0,0.014361301
0.0,0,0.009661329
1.0,1,0.7913601
0.0,0,0.04948738
1.0,1,0.96823156
1.0,1,0.7627144
1.0,1,0.8108863
1.0,1,0.5691105
1.0,1,0.95674056
1.0,1,0.56622475
1.0,1,0.9848872
1.0,1,0.9692562
1.0,1,0.978007
0.0,0,0.06457004
0.0,0,0.013354135
1.0,1,0.7398403
1.0,1,0.98200876
0.0,0,0.20962383
0.0,1,0.56394565
1.0,1,0.9789099
0.0,0,0.030069763
0.0,1,0.565233
0.0,0,0.004856609
0.0,0,0.10782686
0.0,0,0.08325924
1.0,1,0.8093672
0.0,1,0.5038776
0.0,1,0.606367
1.0,1,0.8072473
1.0,1,0.94265604
0.0,0,0.112492315
1.0,1,0.9072832
0.0,0,0.0076582795
0.0,1,0.48850334
1.0,0,0.26297215
0.0,1,0.96906394
1.0,1,0.960059
1.0,1,0.9540653
0.0,1,0.73323405
1.0,1,0.52089024
0.0,0,0.19925582
1.0,1,0.96891844
1.0,1,0.7486608
1.0,1,0.85640395
0.0,1,0.6541375
1.0,1,0.66981685
0.0,0,0.054970596
0.0,0,0.027013762
1.0,1,0.75589633
0.0,0,0.0067232307
1.0,1,0.9657117
0.0,0,0.0104750795
1.0,1,0.85224426
1.0,1,0.93675756
0.0,0,0.016674379
0.0,0,0.0063714297
1.0,0,0.30215654
1.0,1,0.9800291
0.0,0,0.03835334
0.0,0,0.3820698
0.0,0,0.3074394
0.0,0,0.02007875
1.0,1,0.9463395
0.0,0,0.39350706
0.0,0,0.04774888
1.0,1,0.7263516
0.0,0,0.13795793
1.0,1,0.9783202
1.0,1,0.9025849
0.0,0,0.028115932
0.0,0,0.01828689
0.0,0,0.10540214
1.0,1,0.88658273
1.0,1,0.97348094
0.0,0,0.24547023
1.0,1,0.940398
0.0,0,0.23203857
0.0,0,0.022227982
1.0,1,0.9167184
0.0,0,0.015496822
1.0,1,0.97864115
1.0,1,0.87211764
0.0,0,0.06589282
1.0,1,0.9631533
1.0,1,0.8658924
0.0,0,0.090056136
1.0,1,0.98167324
1.0,1,0.70071256
0.0,1,0.8215849
0.0,1,0.73230773
1.0,1,0.67223656
0.0,1,0.77045655
1.0,1,0.81608313
1.0,1,0.9754388
0.0,0,0.008905186
1.0,1,0.96439964
1.0,1,0.8435525
1.0,1,0.972654
1.0,1,0.97837454
1.0,1,0.76983076
0.0,0,0.1061604
0.0,0,0.013105411
1.0,1,0.97226745
0.0,0,0.013962043
0.0,0,0.011018016
0.0,0,0.019306244
0.0,0,0.018717796
0.0,0,0.29488996
0.0,0,0.003449328
1.0,1,0.93996096
0.0,0,0.12818542
1.0,1,0.9437653
0.0,0,0.14743951
0.0,0,0.11692426
0.0,1,0.5465268
0.0,0,0.12010684
1.0,1,0.98135155
0.0,0,0.39946285
0.0,0,0.019884836
0.0,0,0.009665797
0.0,0,0.051659126
0.0,0,0.009297407
1.0,1,0.9679715
1.0,1,0.94047856
0.0,0,0.000542187
0.0,0,0.107758075
0.0,0,0.02612403
1.0,1,0.7453547
0.0,0,0.21834907
0.0,0,0.15975912
0.0,0,0.050142705
1.0,1,0.9600258
0.0,0,0.058218434
1.0,1,0.52181506
0.0,0,0.33492023
1.0,1,0.8418819
1.0,1,0.9171012
1.0,1,0.6993025
1.0,0,0.15259515
1.0,1,0.9228173
0.0,0,0.023489363
1.0,1,0.9789655
0.0,0,0.017207235
0.0,0,0.013472823
1.0,1,0.9630922
0.0,0,0.0016224703
0.0,0,0.025706312
0.0,0,0.0060162237
1.0,1,0.96330756
0.0,0,0.32347608
1.0,1,0.9839545
1.0,1,0.8048284
1.0,1,0.77741873
1.0,1,0.8832507
0.0,0,0.011769044
1.0,1,0.5359403
1.0,1,0.9848047
1.0,1,0.94167787
1.0,1,0.9676929
0.0,0,0.06344571
0.0,1,0.5853145
0.0,0,0.04296856
1.0,1,0.92885613
1.0,1,0.51586086
0.0,0,0.0008839731
1.0,1,0.7967663
1.0,1,0.97303426
1.0,1,0.9110662
0.0,1,0.7642407
0.0,0,0.014506137
1.0,1,0.97168016
0.0,0,0.02905266
1.0,1,0.9730666
1.0,1,0.92587495
0.0,0,0.011280993
1.0,0,0.18945809
1.0,1,0.90759504
0.0,0,0.061628696
1.0,1,0.98103154
0.0,0,0.07074758
0.0,0,0.32821822
0.0,1,0.4279039
0.0,0,0.01653344
0.0,0,0.39691824
0.0,0,0.18515174
1.0,1,0.97993034
1.0,1,0.7838309
0.0,0,0.19914708
1.0,1,0.97934294
0.0,0,0.020868175
0.0,1,0.77369255
0.0,0,0.020629158
1.0,1,0.96827495
1.0,1,0.96730703
1.0,1,0.7848539
0.0,0,0.3072884
1.0,1,0.9717032
1.0,1,0.91724855
0.0,1,0.53105617
0.0,0,0.014400165
0.0,0,0.023687035
0.0,1,0.5242324
1.0,1,0.8973881
0.0,1,0.44454533
1.0,1,0.916732
0.0,0,0.004253801
0.0,0,0.015017632
1.0,1,0.98135585
1.0,1,0.9674313
1.0,1,0.5781632
0.0,0,0.08636742
1.0,1,0.787314
1.0,1,0.9679561
1.0,1,0.81754744
1.0,1,0.9677307
0.0,0,0.2523047
0.0,0,0.19940521
1.0,1,0.9215981
0.0,0,0.08155387
1.0,1,0.9699234
0.0,0,0.076119155
1.0,1,0.86461765
1.0,1,0.97644454
1.0,1,0.9772523
0.0,0,0.010825733
0.0,1,0.46552882
1.0,1,0.9719996
0.0,0,0.001871873
0.0,0,0.0044768
1.0,1,0.9826779
0.0,0,0.0064005298
1.0,1,0.9641985
0.0,0,0.0037368084
0.0,0,0.0118726725
1.0,1,0.8585023
1.0,1,0.98013073
1.0,1,0.93454045
1.0,1,0.96403563
1.0,1,0.9784868
1.0,1,0.51625633
1.0,1,0.8051806
0.0,0,0.27551475
0.0,1,0.5117198
1.0,1,0.9723161
0.0,0,0.006584208
0.0,0,0.30708423
0.0,0,0.0043326616
0.0,0,0.1332822
0.0,0,0.0047638933
0.0,1,0.4820789
0.0,0,0.18944472
1.0,1,0.63419056
0.0,0,0.09031209
1.0,1,0.9023305
0.0,1,0.49719355
1.0,1,0.9558251
0.0,0,0.010967182
1.0,1,0.9738852
0.0,0,0.011560941
0.0,0,0.03725625
0.0,0,0.008504122
1.0,1,0.8113344
1.0,1,0.98293346
1.0,1,0.6761397
0.0,0,0.2781301
1.0,1,0.78375846
0.0,0,0.15877745
1.0,1,0.9230167
1.0,0,0.29621634
0.0,0,0.19960865
0.0,0,0.05920452
1.0,1,0.9622022
0.0,0,0.0620172
0.0,0,0.005177323
1.0,1,0.8840273
0.0,0,0.019237911
0.0,0,0.015545801
0.0,1,0.47908726
0.0,0,0.23395042
1.0,1,0.9241868
1.0,1,0.8724055
1.0,1,0.97272635
0.0,1,0.6708423
0.0,0,0.14231637
1.0,1,0.95408654
1.0,1,0.88338596
1.0,0,0.068764515
1.0,1,0.89157057
1.0,1,0.76791894
0.0,0,0.12192266
0.0,0,0.32667994
1.0,1,0.79991376
1.0,1,0.8542799
1.0,1,0.9570342
1.0,1,0.5848682
1.0,1,0.7866658
0.0,1,0.597625
1.0,1,0.7814614
0.0,0,0.3268386
1.0,1,0.9600709
0.0,1,0.6686075
0.0,0,0.036839023
0.0,1,0.54795074
1.0,0,0.34223896
1.0,0,0.08669071
0.0,0,0.065147236
0.0,0,0.08381617
0.0,0,0.038106985
0.0,1,0.8252114
1.0,1,0.8026303
1.0,1,0.76527035
1.0,1,0.74088645
0.0,0,0.007487949
0.0,0,0.014082687
1.0,1,0.6105132
1.0,1,0.98532724
1.0,1,0.83123934
0.0,0,0.006950101
0.0,0,0.18923667
1.0,1,0.952811
0.0,0,0.02490425
0.0,0,0.0042175
1.0,1,0.97766554
0.0,0,0.29671314
1.0,1,0.9789249
0.0,0,0.054404028
1.0,1,0.8394662
0.0,0,0.22091179
0.0,1,0.62935483
0.0,0,0.166601
1.0,1,0.58250034
1.0,1,0.6899203
0.0,0,0.039984588
0.0,0,0.2581327
1.0,1,0.978972
0.0,0,0.07098978
1.0,1,0.91968274
1.0,1,0.938937
1.0,1,0.740418
1.0,1,0.9780331
1.0,1,0.75487995
1.0,1,0.81024057
0.0,1,0.7678894
1.0,1,0.96545726
0.0,0,0.020650813
1.0,1,0.4681282
1.0,1,0.73130804
0.0,0,0.02605703
0.0,0,0.044938788
1.0,1,0.8710913
0.0,0,0.029550215
1.0,1,0.9665187
0.0,0,0.0076348116
0.0,1,0.78850454
0.0,0,0.0076559354
1.0,1,0.98066676
0.0,1,0.7410547
0.0,0,0.021740872
1.0,1,0.96278733
1.0,1,0.95521015
1.0,1,0.93211645
1.0,1,0.78852993
1.0,1,0.8990602
1.0,1,0.7801138
0.0,0,0.055101957
1.0,1,0.6592034
1.0,1,0.6252303
0.0,0,0.01240991
0.0,0,0.093064085
0.0,1,0.70545626
0.0,0,0.105580464
0.0,1,0.7533407
1.0,1,0.98141456
1.0,1,0.9217043
1.0,1,0.9250642
0.0,0,0.036996868
1.0,1,0.9595949
1.0,1,0.9489434
1.0,1,0.9642073
0.0,0,0.011717861
1.0,1,0.9589883
1.0,1,0.9778033
1.0,1,0.7884614
0.0,1,0.49147937
1.0,1,0.9791112
1.0,1,0.6836648
1.0,1,0.9788106
1.0,1,0.9131743
1.0,1,0.70121545
0.0,0,0.010804995
1.0,1,0.87638617
0.0,0,0.28340814
1.0,1,0.94531965
1.0,1,0.4946766
0.0,0,0.17197926
1.0,1,0.8572206
0.0,1,0.70303607
0.0,0,0.028710568
0.0,0,0.006036657
1.0,1,0.9275645
1.0,1,0.96646774
0.0,1,0.86349934
1.0,1,0.9440014
0.0,0,0.0044986205
1.0,1,0.9280349
0.0,0,0.062253527
1.0,1,0.91982687
1.0,1,0.8753774
0.0,0,0.2739582
0.0,0,0.0058205533
1.0,1,0.9291911
0.0,1,0.98115456
0.0,0,0.12789121
1.0,1,0.8564352
0.0,0,0.097473465
0.0,0,0.014278838
0.0,0,0.12009997
1.0,1,0.8382368
0.0,0,0.001901197
0.0,0,0.042187326
1.0,1,0.98689234
1.0,1,0.9777062
0.0,0,0.011282265
0.0,0,0.05635043
0.0,0,0.01564705
0.0,0,0.01875221
0.0,1,0.5073937
1.0,0,0.28450248
1.0,1,0.85670316
0.0,0,0.00055229565
0.0,0,0.007051024
0.0,1,0.593629
0.0,0,0.0024372544
0.0,0,0.015513631
1.0,1,0.7029745
0.0,0,0.032402113
0.0,1,0.86308295
0.0,0,0.0080535235
0.0,0,0.09962117
0.0,1,0.49097237
0.0,0,0.03114085
0.0,0,0.062088344
1.0,1,0.9550037
0.0,0,0.2557219
0.0,0,0.17875539
1.0,1,0.9033642
1.0,1,0.908047
1.0,1,0.9342029
1.0,1,0.96440536
0.0,0,0.00149083
1.0,1,0.9250074
1.0,1,0.42546824
0.0,0,0.018216653
0.0,0,0.033145506
1.0,1,0.9088862
1.0,1,0.49438044
1.0,1,0.6594733
0.0,0,0.02425818
0.0,0,0.019180866
0.0,0,0.018047042
0.0,0,0.0070828167
0.0,0,0.056446083
0.0,1,0.6691309
1.0,1,0.9063787
1.0,1,0.9050769
1.0,1,0.7740906
1.0,1,0.9096049
1.0,1,0.68829775
0.0,0,0.020780522
0.0,0,0.034270693
1.0,1,0.78143907
1.0,1,0.76212656
0.0,0,0.020212665
1.0,1,0.9498271
1.0,1,0.8304963
1.0,0,0.19809142
0.0,0,0.048294663
0.0,0,0.0859784
1.0,1,0.9789076
0.0,0,0.02909861
0.0,0,0.010180652
1.0,1,0.8875225
1.0,1,0.9727735
0.0,0,0.33134618
0.0,1,0.59388435
1.0,1,0.9607398
0.0,0,0.0034948238
0.0,0,0.36084428
1.0,1,0.8878587
1.0,1,0.96075326
1.0,1,0.9189111
0.0,0,0.034878027
0.0,0,0.0039311103
1.0,1,0.94705755
0.0,0,0.0014099899
1.0,1,0.7462094
0.0,0,0.10077951
0.0,0,0.14916274
1.0,1,0.90836966
1.0,1,0.9703982
0.0,0,0.011017975
0.0,0,0.08824376
1.0,1,0.91159123
1.0,0,0.14222342
1.0,1,0.52393746
0.0,0,0.010537899
0.0,0,0.03357253
1.0,1,0.94189143
0.0,1,0.4833464
0.0,0,0.12545192
1.0,0,0.023599988
0.0,0,0.15516186
1.0,1,0.5057123
1.0,1,0.835573
1.0,1,0.97803307
0.0,0,0.081400685
0.0,0,0.013745545
1.0,0,0.3302154
0.0,0,0.028448906
0.0,0,0.0014445881
0.0,0,0.016409086
1.0,1,0.9089432
0.0,0,0.023640815
1.0,1,0.68325627
1.0,1,0.9378489
1.0,1,0.55460966
1.0,1,0.8631027
1.0,1,0.8683939
1.0,1,0.97947705
0.0,0,0.008629435
1.0,1,0.95217294
0.0,0,0.37621972
0.0,0,0.014507553
0.0,0,0.35430583
1.0,1,0.87170565
0.0,0,0.13090473
1.0,1,0.91217774
1.0,1,0.90857625
0.0,1,0.46354675
1.0,1,0.98240715
1.0,1,0.9125645
0.0,0,0.29861823
0.0,0,0.03441593
0.0,0,0.059100818
0.0,0,0.0036002249
1.0,1,0.8219112
1.0,1,0.8431418
1.0,1,0.9247719
1.0,1,0.8377671
1.0,1,0.8520448
0.0,0,0.3839038
0.0,1,0.4565581
0.0,0,0.03451926
0.0,0,0.016336702
0.0,1,0.43488705
0.0,1,0.4846011
1.0,1,0.92161673
1.0,1,0.4732268
1.0,1,0.5537288
0.0,0,0.008272119
0.0,0,0.06398645
1.0,1,0.93625283
0.0,0,0.05935534
1.0,1,0.98361355
0.0,0,0.036358323
0.0,0,0.010148383
0.0,0,0.054083936
0.0,0,0.20695062
1.0,0,0.17699172
1.0,1,0.8108159
1.0,0,0.20055181
0.0,0,0.0046183295
1.0,1,0.98023295
0.0,0,0.0014594143
1.0,1,0.8965456
1.0,1,0.6664926
1.0,1,0.9847144
0.0,0,0.0032312172
1.0,1,0.9426732
0.0,0,0.006294985
0.0,0,0.017340804
1.0,1,0.96181047
1.0,1,0.9786964
0.0,0,0.006768416
1.0,1,0.91590744
0.0,0,0.0021316733
0.0,0,0.023955379
0.0,1,0.44643238
0.0,0,0.016221687
0.0,0,0.25603244
0.0,0,0.017185686
1.0,1,0.6946881
1.0,1,0.94884515
1.0,1,0.6607086
0.0,0,0.017098086
0.0,0,0.013845524
0.0,0,0.2517881
0.0,1,0.45299357
1.0,1,0.9776568
0.0,0,0.06956297
0.0,1,0.4916288
0.0,0,0.3627223
1.0,1,0.85975146
0.0,0,0.022912068
1.0,1,0.91071576
1.0,1,0.97974634
1.0,1,0.8315398
0.0,1,0.7289726
0.0,0,0.010056656
1.0,0,0.32212338
1.0,1,0.98109007
1.0,1,0.74273175
0.0,0,0.025868643
1.0,1,0.7504647
1.0,1,0.90311944
1.0,1,0.8466397
1.0,1,0.97772217
0.0,0,0.035675365
0.0,0,0.0875916
1.0,1,0.8552138
1.0,0,0.4069025
0.0,0,0.012819633
0.0,0,0.08400961
0.0,1,0.6658618
1.0,1,0.8187988
0.0,1,0.7547911
1.0,1,0.9763605
0.0,0,0.03345339
1.0,1,0.5045605
0.0,0,0.0040895143
0.0,0,0.0071399384
1.0,1,0.7879994
1.0,1,0.96574795
1.0,1,0.9826573
0.0,1,0.75822103
0.0,0,0.08886761
1.0,1,0.8729244
1.0,1,0.62881505
0.0,0,0.3257957
1.0,1,0.7810891
1.0,1,0.7113309
0.0,0,0.003806964
0.0,1,0.5058097
1.0,1,0.98238605
0.0,0,0.0055988943
1.0,1,0.82397985
1.0,1,0.7650374
0.0,0,0.008730953
0.0,0,0.3223131
1.0,1,0.96137625
0.0,0,0.22811836
0.0,0,0.12330683
0.0,0,0.0106891785
0.0,1,0.4684871
1.0,1,0.9806714
0.0,0,0.004127536
1.0,1,0.9503199
0.0,0,0.17559907
0.0,0,0.052336317
1.0,1,0.93919915
0.0,0,0.059884764
1.0,1,0.8854321
1.0,1,0.9660583
1.0,1,0.9760447
1.0,1,0.92049927
0.0,0,0.0346633
0.0,0,0.302928
1.0,1,0.98420626
1.0,1,0.7462256
1.0,0,0.038062077
1.0,1,0.9616352
1.0,1,0.9698009
0.0,0,0.00793061
1.0,1,0.7623997
0.0,0,0.009955148
1.0,1,0.8531019
1.0,1,0.83009106
1.0,1,0.93966794
1.0,1,0.98258317
1.0,1,0.81565726
1.0,1,0.76046
1.0,1,0.9599893
1.0,0,0.165765
0.0,0,0.04178954
1.0,1,0.96317655
0.0,0,0.14449401
0.0,0,0.09006575
1.0,1,0.43085933
0.0,0,0.036197715
1.0,0,0.4164637
1.0,1,0.8616403
1.0,1,0.8541554
0.0,0,0.15272246
1.0,1,0.97298574
1.0,0,0.23754396
1.0,1,0.82785887
1.0,0,0.28456488
0.0,0,0.020191852
1.0,1,0.98622197
0.0,0,0.15567471
0.0,0,0.0066127544
1.0,1,0.78577554
0.0,0,0.0037498146
0.0,0,0.027338626
0.0,1,0.6205799
1.0,1,0.8705723
1.0,1,0.9823459
0.0,0,0.029232012
0.0,0,0.009551096
0.0,0,0.10898847
0.0,0,0.04669888
1.0,1,0.8268944
1.0,1,0.95740926
0.0,0,0.037726954
0.0,0,0.2681809
1.0,0,0.27523512
0.0,0,0.007906503
1.0,1,0.94257283
0.0,0,0.0038887446
0.0,0,0.23311247
1.0,1,0.5348333
0.0,0,0.01114216
0.0,0,0.09502619
0.0,0,0.00495376
1.0,1,0.95741904
0.0,0,0.06792223
0.0,0,0.012961152
0.0,0,0.2836967
0.0,0,0.019684896
0.0,0,0.05908295
0.0,0,0.009200354
0.0,0,0.37058917
1.0,1,0.98440206
1.0,1,0.9824078
1.0,1,0.9227104
1.0,1,0.885685
0.0,0,0.0032724363
1.0,1,0.7784527
1.0,1,0.7377316
0.0,0,0.018489962
0.0,0,0.027998097
1.0,0,0.21981832
1.0,1,0.7850337
0.0,0,0.24009964
0.0,0,0.0015394423
1.0,1,0.96504337
0.0,0,0.38581
0.0,0,0.05277192
1.0,1,0.9656049
0.0,0,0.22078726
1.0,1,0.74968845
1.0,1,0.97375906
0.0,0,0.040978342
1.0,1,0.9801446
0.0,0,0.0906399
1.0,1,0.68801796
0.0,0,0.14076261
1.0,1,0.97605866
1.0,1,0.97566354
1.0,1,0.91910297
1.0,1,0.851794
0.0,0,0.08892443
1.0,1,0.80166936
1.0,1,0.7572471
0.0,0,0.07538317
0.0,0,0.023343725
1.0,1,0.964839
1.0,1,0.9815967
1.0,1,0.8632714
0.0,0,0.014341869
0.0,0,0.019787343
1.0,1,0.9610509
1.0,1,0.96842164
0.0,0,0.0078295125
0.0,0,0.053040348
0.0,0,0.0158783
1.0,1,0.9760771
0.0,0,0.004207075
1.0,1,0.71440196
0.0,0,0.12152832
1.0,1,0.8497546
1.0,1,0.887544
0.0,0,0.04745616
0.0,0,0.003706547
1.0,1,0.5426756
0.0,0,0.023291633
0.0,0,0.018879585
1.0,1,0.9551624
1.0,1,0.7397276
0.0,0,0.0020308942
1.0,1,0.5464115
1.0,0,0.21870396
0.0,0,0.009343443
1.0,1,0.97391033
1.0,1,0.89714515
1.0,1,0.6273165
0.0,0,0.29462847
1.0,1,0.98315215
0.0,0,0.0043235463
1.0,1,0.5284904
0.0,1,0.719987
0.0,0,0.002515896
0.0,0,0.0011959078
0.0,0,0.08977561
0.0,1,0.5950607
1.0,1,0.9689608
1.0,1,0.90755147
1.0,1,0.8260437
0.0,1,0.5680479
1.0,1,0.93859273
1.0,1,0.9457064
1.0,1,0.9452317
0.0,0,0.30146527
1.0,1,0.9511557
1.0,1,0.9553974
1.0,1,0.84014904
1.0,1,0.93277365
0.0,0,0.10255916
0.0,1,0.8539098
0.0,0,0.108200274
1.0,1,0.8720403
0.0,0,0.017753644
0.0,0,0.012597285
1.0,1,0.9816061
0.0,1,0.64049315
0.0,0,0.122382715
0.0,0,0.24038681
0.0,0,0.0028723998
0.0,0,0.01989677
0.0,0,0.0076027536
0.0,0,0.010152432
0.0,0,0.016992733
0.0,0,0.0039037461
1.0,1,0.92561513
0.0,0,0.08242618
0.0,0,0.010722303
1.0,1,0.98149323
0.0,1,0.47192222
0.0,0,0.4094444
1.0,1,0.8537296
0.0,0,0.0006092309
1.0,1,0.7077546
1.0,1,0.8922018
1.0,1,0.92361134
1.0,1,0.8919559
1.0,1,0.9862437
1.0,1,0.89824677
1.0,1,0.7249948
1.0,1,0.48454785
1.0,1,0.5793742
0.0,0,0.020178102
0.0,1,0.8674561
1.0,1,0.7498113
1.0,1,0.9215543
0.0,0,0.052602865
0.0,0,0.016866619
1.0,1,0.80631775
1.0,1,0.8330207
1.0,1,0.98177934
0.0,0,0.042009838
1.0,1,0.9781212
0.0,0,0.039617028
0.0,0,0.29264796
1.0,1,0.6605345
0.0,0,0.27864984
1.0,1,0.96856385
0.0,0,0.04949405
0.0,1,0.84292585
0.0,1,0.58021736
0.0,0,0.015488837
0.0,0,0.006167273
0.0,0,0.03298264
0.0,0,0.22262001
0.0,1,0.48380446
0.0,0,0.006678961
1.0,1,0.52462626
1.0,1,0.8355723
1.0,1,0.9432428
0.0,0,0.103826046
1.0,1,0.8780767
0.0,1,0.4201283
1.0,0,0.09524004
1.0,1,0.98465073
0.0,0,0.004073454
0.0,0,0.0075164484
1.0,1,0.66876423
0.0,0,0.008599266
1.0,1,0.83865726
0.0,0,0.10772328
1.0,1,0.8285543
0.0,0,0.10034336
0.0,0,0.073574364
1.0,1,0.7771369
1.0,1,0.9020766
1.0,1,0.59493124
0.0,0,0.07406433
0.0,1,0.57823884
0.0,0,0.01826213
0.0,0,0.19743012
1.0,1,0.7357958
1.0,1,0.5187285
0.0,0,0.12143861
0.0,0,0.2535225
0.0,0,0.12541674
0.0,0,0.007931327
0.0,0,0.07241894
1.0,1,0.9721261
1.0,1,0.5908082
1.0,1,0.9488392
1.0,1,0.7381805
1.0,1,0.8572875
0.0,0,0.13781619
1.0,0,0.35003254
1.0,1,0.58512557
1.0,1,0.8076677
0.0,0,0.0046365596
1.0,1,0.91959035
0.0,1,0.5841019
1.0,1,0.55184996
0.0,0,0.017822443
1.0,0,0.3402121
0.0,0,0.012029961
0.0,0,0.29266784
0.0,0,0.055581503
0.0,0,0.2854491
0.0,0,0.017126542
0.0,0,0.007338629
1.0,1,0.89391345
1.0,1,0.8613659
1.0,1,0.45721313
1.0,1,0.9213582
0.0,0,0.31800738
1.0,1,0.8418088
1.0,1,0.91358745
0.0,0,0.002484175
1.0,1,0.97752774
0.0,0,0.012960346
1.0,0,0.34976956
0.0,0,0.080377884
0.0,0,0.058862098
0.0,1,0.54640967
0.0,0,0.000736544
0.0,0,0.1484842
0.0,0,0.011998359
0.0,0,0.07506792
1.0,1,0.9295329
1.0,1,0.96317524
1.0,1,0.9830369
1.0,1,0.9785229
0.0,0,0.15931278
1.0,1,0.90542537
0.0,0,0.07226269
1.0,1,0.9630152
1.0,1,0.5736336
0.0,0,0.02056158
0.0,1,0.8687495
1.0,1,0.88047284
1.0,0,0.23815359
0.0,0,0.28349283
0.0,1,0.84020776
0.0,0,0.09935765
1.0,1,0.8792367
1.0,1,0.9098803
0.0,0,0.008910603
1.0,1,0.78064966
1.0,0,0.29617724
0.0,0,0.23048346
1.0,1,0.9653554
1.0,1,0.9201763
0.0,0,0.004892003
0.0,0,0.0037540814
0.0,0,0.0060914475
0.0,0,0.0012048234
0.0,0,0.058274634
1.0,1,0.7405658
1.0,1,0.95664793
0.0,0,0.035306305
0.0,0,0.11704084
0.0,0,0.31927666
1.0,1,0.86019915
0.0,0,0.0024036006
1.0,1,0.9364758
1.0,1,0.97967327
1.0,1,0.8980297
1.0,1,0.86248183
1.0,1,0.7935874
1.0,1,0.9787604
0.0,1,0.95711094
0.0,0,0.15224978
1.0,1,0.9661224
0.0,0,0.41425812
0.0,0,0.013942167
0.0,0,0.07550025
1.0,1,0.9529908
1.0,1,0.9786445
0.0,0,0.01585913
1.0,1,0.9079874
0.0,0,0.0047166296
1.0,1,0.89406765
1.0,1,0.97460556
1.0,1,0.9555526
1.0,1,0.8532577
0.0,0,0.05245963
0.0,0,0.010723172
1.0,1,0.9175109
0.0,1,0.46066028
1.0,1,0.98377347
1.0,1,0.9310216
1.0,1,0.86199564
1.0,1,0.9690158
0.0,1,0.8694672
1.0,1,0.7383144
0.0,0,0.0045634466
1.0,1,0.9273471
0.0,0,0.009847893
1.0,1,0.8904462
1.0,1,0.6787876
0.0,0,0.2405436
1.0,1,0.9688653
0.0,1,0.67468524
0.0,0,0.027385715
1.0,1,0.5768878
1.0,1,0.87795424
1.0,1,0.8656339
1.0,1,0.96025497
0.0,0,0.011377323
0.0,0,0.24007462
1.0,1,0.9742716
1.0,1,0.56168103
0.0,1,0.82297206
1.0,1,0.96421057
1.0,1,0.9512019
0.0,1,0.5023016
0.0,0,0.048348945
1.0,1,0.96092325
0.0,0,0.003378768
0.0,0,0.041013338
0.0,0,0.012794378
0.0,0,0.0064853528
0.0,0,0.3640699
0.0,0,0.13509771
0.0,0,0.0020102998
1.0,1,0.97414464
0.0,0,0.026426952
1.0,1,0.8500911
0.0,0,0.2953359
0.0,0,0.0006863238
0.0,0,0.16398759
0.0,0,0.010202061
0.0,0,0.082891755
1.0,0,0.37362993
1.0,1,0.88036567
0.0,0,0.05083175
1.0,1,0.85660505
1.0,1,0.8436316
0.0,0,0.003820433
1.0,0,0.23508199
0.0,0,0.04731903
1.0,1,0.8520371
0.0,0,0.012370955
0.0,1,0.57404304
0.0,0,0.09550846
1.0,1,0.6565223
0.0,0,0.044191603
1.0,1,0.98036605
1.0,1,0.956444
1.0,1,0.74469066
0.0,1,0.56052905
0.0,0,0.020432966
0.0,0,0.0039356356
0.0,0,0.013793839
0.0,0,0.00096380763
0.0,0,0.0002135234
1.0,1,0.8401803
1.0,1,0.94244367
1.0,0,0.35462105
0.0,0,0.0012483002
0.0,1,0.6110319
0.0,0,0.01262899
1.0,1,0.9766624
0.0,0,0.110697515
0.0,0,0.023185989
0.0,0,0.012685322
0.0,0,0.003938085
0.0,0,0.30595413
1.0,1,0.8254491
1.0,1,0.97549045
0.0,0,0.28231493
0.0,0,0.12209948
0.0,0,0.000704401
0.0,0,0.02966627
1.0,1,0.9360567
0.0,0,0.3812874
0.0,0,0.20402609
0.0,0,0.015261007
1.0,1,0.43452457
0.0,0,0.087383986
0.0,1,0.5348915
1.0,1,0.5785647
0.0,0,0.05271114
0.0,0,0.005863927
0.0,0,0.06403915
0.0,0,0.009417503
1.0,1,0.941038
1.0,1,0.8787869
1.0,1,0.97469616
0.0,0,0.082380846
1.0,1,0.5746985
0.0,0,0.0848845
1.0,1,0.77154416
1.0,1,0.9815019
1.0,1,0.9452288
0.0,0,0.017165393
0.0,1,0.8015155
1.0,1,0.775532
1.0,1,0.93648976
0.0,0,0.0122161
1.0,1,0.958603
1.0,1,0.8916846
1.0,1,0.87425506
1.0,1,0.98062867
1.0,1,0.9106588
0.0,0,0.036297824
1.0,1,0.63668436
1.0,1,0.9811852
0.0,0,0.03123083
0.0,0,0.25217864
1.0,1,0.5911914
1.0,1,0.96319276
1.0,1,0.83481383
0.0,0,0.30126518
0.0,0,0.34937766
0.0,0,0.05231968
0.0,0,0.026529692
0.0,0,0.020989968
1.0,1,0.93577224
1.0,1,0.87979865
1.0,1,0.95157456
1.0,1,0.81237376
0.0,0,0.32335746
1.0,1,0.8896949
1.0,1,0.615406
1.0,1,0.7393019
1.0,1,0.7774204
1.0,1,0.8683549
1.0,1,0.9773021
0.0,1,0.78619313
1.0,1,0.79106
1.0,1,0.8576263
0.0,0,0.015469304
1.0,1,0.8982226
0.0,0,0.030020522
0.0,0,0.01025942
1.0,1,0.9634123
0.0,0,0.19183055
1.0,1,0.48083752
0.0,0,0.017789219
1.0,1,0.9735965
0.0,0,0.102499396
0.0,0,0.2454928
1.0,0,0.3078835
0.0,0,0.015837207
1.0,1,0.9715875
0.0,0,0.14060694
0.0,0,0.02668852
1.0,0,0.31215444
1.0,0,0.17540607
1.0,1,0.6970209
0.0,0,0.0077959425
0.0,0,0.21963832
0.0,0,0.0047294055
1.0,1,0.67294806
0.0,0,0.0009930871
0.0,0,0.36416525
1.0,1,0.93801874
1.0,1,0.80871785
0.0,0,0.23239729
1.0,1,0.9469245
1.0,1,0.74583685
1.0,1,0.85348797
0.0,0,0.0713901
0.0,0,0.11109682
0.0,0,0.0032741523
1.0,1,0.9722329
1.0,0,0.12496174
0.0,0,0.3462831
1.0,1,0.9333425
1.0,1,0.4523043
1.0,1,0.8144995
1.0,1,0.98629946
1.0,1,0.88607603
0.0,0,0.11342811
1.0,1,0.5829865
1.0,1,0.9848272
0.0,1,0.8272333
0.0,0,0.023398295
1.0,1,0.84881085
0.0,0,0.20211135
0.0,0,0.03391848
1.0,1,0.77138656
1.0,1,0.5396478
0.0,0,0.029424917
1.0,1,0.97792417
0.0,1,0.6554171
1.0,1,0.7265585
1.0,1,0.7178876
1.0,1,0.74292004
1.0,1,0.7686255
1.0,1,0.97594815
1.0,1,0.9500186
0.0,1,0.9816268
1.0,1,0.9833117
1.0,1,0.6882627
0.0,0,0.0039707078
1.0,1,0.803991
0.0,1,0.967122
1.0,1,0.9801122
0.0,0,0.18099202
0.0,0,0.16978958
1.0,1,0.92606664
0.0,0,0.033805776
1.0,1,0.9066631
1.0,1,0.9797535
1.0,1,0.96927744
0.0,0,0.009588703
1.0,1,0.94718534
0.0,0,0.15814216
1.0,1,0.80505544
0.0,0,0.009754377
0.0,0,0.032995235
1.0,1,0.943399
1.0,1,0.7576799
0.0,0,0.04601468
1.0,1,0.76459664
1.0,1,0.98181665
1.0,1,0.8943192
0.0,0,0.008602784
1.0,1,0.96576726
0.0,0,0.04820414
0.0,0,0.014953104
0.0,0,0.078169145
0.0,0,0.2991548
0.0,0,0.012131433
1.0,1,0.97338146
1.0,1,0.9826822
0.0,1,0.7601967
1.0,1,0.9447448
1.0,1,0.8834176
1.0,1,0.88512725
0.0,0,0.0070183286
1.0,1,0.45340246
1.0,1,0.5343189
1.0,1,0.98399127
0.0,0,0.014484454
0.0,0,0.028619073
1.0,1,0.874721
0.0,0,0.009184503
1.0,1,0.8999831
0.0,0,0.0014182925
0.0,0,0.20011018
1.0,1,0.96454364
0.0,0,0.02421296
1.0,1,0.94183594
0.0,1,0.8264907
1.0,1,0.6813091
1.0,1,0.8651575
0.0,0,0.13691938
1.0,1,0.86442673
0.0,1,0.47925124
0.0,1,0.4753354
1.0,1,0.90169424
0.0,0,0.01626277
0.0,0,0.14492562
0.0,1,0.6445457
0.0,0,0.24914877
1.0,1,0.89818746
0.0,0,0.00071327994
1.0,1,0.83235335
0.0,0,0.049509466
1.0,1,0.93809474
1.0,1,0.76726645
1.0,1,0.93721426
1.0,1,0.8143226
0.0,1,0.4599753
1.0,1,0.9809045
1.0,1,0.50926197
0.0,0,0.0016187022
0.0,1,0.46737668
1.0,1,0.9821826
1.0,1,0.4350475
0.0,0,0.028781187
1.0,1,0.9558734
0.0,0,0.4052107
1.0,1,0.97762656
0.0,0,0.10462156
1.0,1,0.7071963
1.0,1,0.68973947
1.0,1,0.9515805
1.0,1,0.9516696
0.0,0,0.015435179
0.0,1,0.47692034
1.0,1,0.7143148
0.0,0,0.18635269
0.0,1,0.59921956
1.0,1,0.8558118
1.0,1,0.9445553
0.0,0,0.061228134
0.0,0,0.26544964
0.0,1,0.48083368
0.0,0,0.011858596
1.0,1,0.9429442
1.0,1,0.98094165
0.0,0,0.004856945
0.0,0,0.17069319
1.0,1,0.6356014
1.0,1,0.9162912
1.0,1,0.65609294
0.0,0,0.037869222
1.0,1,0.7361853
0.0,0,0.018828152
0.0,1,0.56366014
0.0,0,0.012236641
1.0,1,0.8221146
1.0,1,0.84727526
1.0,1,0.9863381
1.0,1,0.97990304
1.0,1,0.891371
1.0,1,0.8892394
1.0,1,0.94745034
1.0,1,0.7238285
0.0,0,0.031049626
1.0,1,0.9497687
0.0,0,0.19810484
1.0,1,0.9228744
0.0,0,0.010947297
1.0,1,0.95616615
1.0,1,0.58900046
1.0,1,0.964035
0.0,0,0.21300589
0.0,0,0.23082882
0.0,0,0.041561674
1.0,1,0.9278469
0.0,0,0.037250306
0.0,1,0.64138633
0.0,0,0.11510492
1.0,0,0.32565624
0.0,0,0.009690024
1.0,1,0.94199634
0.0,1,0.8496916
0.0,0,0.015435061
0.0,0,0.007453627
1.0,1,0.95388615
0.0,0,0.24947661
0.0,0,0.056180287
0.0,0,0.074617326
1.0,1,0.95921665
0.0,0,0.23667409
0.0,0,0.10090587
0.0,0,0.059907444
1.0,1,0.9816112
1.0,1,0.8805287
0.0,0,0.055513613
1.0,1,0.8550792
1.0,1,0.8340424
1.0,1,0.8316801
0.0,0,0.03316336
0.0,0,0.010342117
0.0,1,0.48789915
1.0,1,0.9489137
1.0,1,0.9260154
1.0,1,0.9569722
1.0,1,0.89506865
0.0,0,0.11036497
0.0,0,0.07759858
0.0,0,0.022316754
0.0,0,0.0017067635
0.0,0,0.07763663
1.0,1,0.96991813
1.0,1,0.92863834
1.0,1,0.67579424
1.0,1,0.94477284
0.0,0,0.11082376
0.0,0,0.38263983
1.0,1,0.694891
0.0,0,0.010519275
1.0,1,0.5765445
1.0,1,0.9526107
1.0,1,0.9656909
1.0,1,0.84367675
0.0,0,0.005648898
0.0,0,0.016346091
0.0,0,0.017883284
0.0,0,0.08260227
0.0,0,0.18157905
1.0,1,0.9806069
1.0,1,0.859648
0.0,0,0.13851544
1.0,1,0.9740344
0.0,0,0.16174465
1.0,1,0.9836232
0.0,0,0.40419665
0.0,0,0.020238468
1.0,1,0.5754395
0.0,0,0.007223364
0.0,0,0.0043121604
0.0,0,0.023040796
1.0,1,0.8780902
0.0,0,0.08704718
1.0,1,0.9741577
1.0,1,0.97333944
0.0,0,0.017841943
0.0,0,0.06899417
0.0,1,0.74688447
1.0,1,0.86116165
0.0,0,0.22901852
0.0,0,0.159354
1.0,1,0.87693584
0.0,0,0.04540602
1.0,1,0.9525366
0.0,0,0.10028041
0.0,0,0.038924105
0.0,0,0.016493814
0.0,1,0.8319336
1.0,1,0.9753164
0.0,0,0.020648392
0.0,0,0.01774685
1.0,1,0.82581335
1.0,1,0.8085411
0.0,1,0.7961428
1.0,1,0.98334706
0.0,0,0.01677659
1.0,1,0.9382601
0.0,0,0.04476183
0.0,0,0.0016172404
0.0,0,0.016682513
0.0,0,0.0041600624
1.0,1,0.87894195
0.0,0,0.16021498
0.0,0,0.03669398
0.0,1,0.6096809
0.0,0,0.018321523
0.0,0,0.019570012
0.0,0,0.028612114
1.0,1,0.7999577
0.0,0,0.07423239
1.0,1,0.9784293
0.0,0,0.010516213
0.0,0,0.010923949
1.0,1,0.96664864
1.0,1,0.9725913
0.0,0,0.07437488
1.0,1,0.9739222
0.0,0,0.016458942
0.0,1,0.7033472
0.0,0,0.0044521755
0.0,0,0.017310442
1.0,1,0.96203375
1.0,1,0.82115173
1.0,1,0.9852871
0.0,0,0.026189458
1.0,1,0.98266053
0.0,1,0.9105784
0.0,0,0.3852566
0.0,0,0.24163972
0.0,0,0.013990865
1.0,1,0.98269254
0.0,1,0.5274714
1.0,1,0.7814176
0.0,0,0.03747665
1.0,1,0.4508954
1.0,1,0.758288
0.0,0,0.0037556407
1.0,1,0.95616233
0.0,1,0.601812
0.0,0,0.015190996
0.0,0,0.008123928
0.0,0,0.017508531
1.0,1,0.9655577
0.0,0,0.37287873
0.0,0,0.08219296
1.0,1,0.8063709
1.0,1,0.9812379
0.0,0,0.13078868
0.0,0,0.2680586
0.0,0,0.0034690248
0.0,0,0.3469348
0.0,1,0.70602155
1.0,1,0.9475823
1.0,1,0.633443
0.0,1,0.7592603
0.0,0,0.15915245
0.0,0,0.24871773
1.0,1,0.8455229
0.0,1,0.5520663
0.0,0,0.01506703
1.0,1,0.9605164
0.0,0,0.30589637
0.0,0,0.0077047856
1.0,1,0.94877136
0.0,0,0.28585258
1.0,1,0.89470273
0.0,0,0.0074765715
0.0,0,0.05645783
1.0,1,0.8238799
0.0,0,0.063147075
0.0,0,0.00045337173
0.0,0,0.08789979
0.0,0,0.057007395
1.0,1,0.9405983
1.0,1,0.97831017
0.0,0,0.086437814
0.0,0,0.10692264
0.0,0,0.026419643
1.0,1,0.94570637
0.0,0,0.23580192
0.0,0,0.0044592107
0.0,0,0.056444865
0.0,0,0.18766928
0.0,0,0.07651249
0.0,0,0.0066189812
0.0,0,0.0056364518
0.0,0,0.010097854
0.0,0,0.011123335
0.0,1,0.5008538
0.0,0,0.27133352
1.0,1,0.7574419
1.0,1,0.6325338
0.0,0,0.010410364
0.0,0,0.013622224
0.0,0,0.016028982
1.0,1,0.8084915
0.0,0,0.01553992
1.0,1,0.9846992
1.0,0,0.37174222
0.0,1,0.45053813
1.0,1,0.9834626
0.0,0,0.14131254
0.0,0,0.007025833
0.0,0,0.019334352
1.0,1,0.9199962
0.0,0,0.2742235
1.0,1,0.94919306
1.0,1,0.9613445
0.0,0,0.0071487464
0.0,0,0.02090524
1.0,1,0.9611396
0.0,0,0.0021304432
0.0,1,0.803036
0.0,0,0.18739761
0.0,0,0.34945095
1.0,1,0.75282204
1.0,1,0.8307003
1.0,1,0.8554849
1.0,1,0.54846305
0.0,0,0.0055378005
0.0,0,0.04713553
1.0,1,0.9745069
0.0,0,0.0045325537
0.0,1,0.92387855
0.0,0,0.100079656
1.0,1,0.8648072
1.0,1,0.6044955
0.0,0,0.003530903
0.0,0,0.036255676
1.0,1,0.9752833
1.0,1,0.9713825
0.0,0,0.016991066
0.0,0,0.120101
1.0,1,0.94670504
0.0,0,0.0054450436
1.0,1,0.8335781
1.0,1,0.95130295
1.0,1,0.78786206
1.0,1,0.91164213
1.0,1,0.9007336
1.0,1,0.9028952
0.0,0,0.04201312
1.0,1,0.88110256
0.0,0,0.009021187
0.0,0,0.08389578
1.0,1,0.9564173
0.0,0,0.055747777
1.0,1,0.95626754
0.0,0,0.026469888
0.0,0,0.029525459
0.0,0,0.06170387
0.0,1,0.4338006
1.0,1,0.6509876
0.0,0,0.1449524
0.0,0,0.32801372
1.0,1,0.9650049
0.0,0,0.027641978
1.0,0,0.3689867
1.0,1,0.91541845
1.0,1,0.829368
0.0,0,0.21984445
1.0,1,0.48127675
1.0,1,0.96035224
1.0,1,0.6217749
1.0,1,0.962519
0.0,1,0.6042247
0.0,1,0.79125595
1.0,1,0.7152096
1.0,1,0.72507644
0.0,0,0.037805595
0.0,0,0.11403087
0.0,0,0.18496074
1.0,1,0.97913915
1.0,1,0.77167004
0.0,0,0.009843106
0.0,1,0.6382927
1.0,1,0.91118884
0.0,0,0.23777239
1.0,1,0.9155069
0.0,0,0.121357635
1.0,1,0.75673676
1.0,0,0.2062892
0.0,0,0.0067905323
0.0,0,0.028608391
1.0,1,0.9475769
1.0,1,0.9327468
1.0,1,0.97268075
0.0,0,0.043927364
1.0,1,0.90736073
1.0,1,0.9186121
0.0,0,0.0337977
0.0,0,0.0057109008
1.0,1,0.9835688
0.0,1,0.50164735
0.0,1,0.7662688
0.0,0,0.028572673
1.0,1,0.8620416
0.0,0,0.18707387
1.0,1,0.9458657
1.0,1,0.97421646
1.0,1,0.95281965
0.0,0,0.007538378
0.0,1,0.567714
0.0,0,0.0025432792
1.0,1,0.89116675
0.0,0,0.050646037
1.0,1,0.9083737
1.0,1,0.881596
1.0,1,0.8483782
1.0,1,0.93836224
0.0,0,0.008872113
1.0,1,0.9244112
0.0,0,0.008216114
0.0,0,0.04840713
0.0,1,0.49478006
1.0,1,0.6863234
0.0,0,0.38658795
1.0,1,0.88131154
1.0,1,0.88083804
0.0,0,0.30014548
0.0,1,0.6177567
0.0,0,0.10758137
1.0,1,0.9810234
1.0,1,0.97968364
0.0,0,0.025081027
1.0,1,0.6868436
0.0,0,0.03812237
1.0,1,0.9519298
1.0,1,0.8691726
0.0,0,0.18639106
1.0,0,0.3350226
0.0,0,0.027663445
1.0,1,0.7335418
0.0,0,0.056785457
1.0,1,0.9750127
0.0,0,0.083095714
0.0,1,0.5172598
0.0,1,0.9093507
0.0,0,0.26148295
0.0,0,0.021574397
0.0,0,0.020143092
0.0,0,0.010470347
1.0,1,0.7553111
0.0,0,0.0016454877
0.0,0,0.07297587
1.0,1,0.97818726
1.0,1,0.9789594
0.0,0,0.23266579
1.0,1,0.9769778
1.0,1,0.84766376
0.0,1,0.5218899
1.0,0,0.25789413
1.0,1,0.88988847
1.0,1,0.9787034
1.0,1,0.7418915
0.0,0,0.031391226
1.0,1,0.78650206
0.0,0,0.021191316
0.0,0,0.21605155
0.0,0,0.3102253
0.0,0,0.28629923
0.0,0,0.0010135629
0.0,0,0.026276825
0.0,0,0.13276303
0.0,0,0.01727825
1.0,1,0.9566422
0.0,0,0.0005178712
1.0,1,0.7391008
1.0,1,0.97940475
0.0,1,0.91662335
0.0,0,0.08634503
1.0,1,0.80111516
0.0,0,0.014430772
0.0,1,0.7702329
1.0,1,0.98301256
0.0,0,0.0037927383
0.0,0,0.31687614
1.0,1,0.71841407
1.0,1,0.44688594
0.0,0,0.02891704
0.0,0,0.06273793
0.0,0,0.009908692
0.0,0,0.01482283
0.0,0,0.036625743
1.0,1,0.93909377
0.0,1,0.4817424
1.0,1,0.98357373
1.0,1,0.97331893
0.0,1,0.4368353
0.0,0,0.07666607
0.0,0,0.070597015
1.0,1,0.8182303
1.0,1,0.9831013
0.0,0,0.008078951
1.0,1,0.9001606
1.0,0,0.3197771
0.0,0,0.14547962
0.0,0,0.027354619
0.0,0,0.023758382
1.0,1,0.9500973
0.0,0,0.12101078
1.0,1,0.9621442
0.0,0,0.0763336
0.0,0,0.006695745
1.0,1,0.8788843
0.0,0,0.050049193
1.0,1,0.9808803
1.0,1,0.9492761
0.0,0,0.080186866
0.0,0,0.009281267
1.0,1,0.89442414
0.0,1,0.58576024
0.0,0,0.09477028
0.0,0,0.075109705
0.0,0,0.008952635
1.0,1,0.7410805
0.0,1,0.50500286
0.0,0,0.090282716
0.0,0,0.18331152
1.0,1,0.95477843
0.0,0,0.25302997
0.0,1,0.6147715
1.0,1,0.94187707
1.0,1,0.7752303
0.0,0,0.00028227264
0.0,0,0.08561019
0.0,0,0.06166397
0.0,0,0.004143364
1.0,1,0.9764565
1.0,1,0.9841466
1.0,1,0.9829253
0.0,1,0.6288519
1.0,1,0.46987376
0.0,0,0.0027146682
1.0,1,0.98217577
0.0,0,0.1815865
0.0,0,0.080518566
1.0,1,0.9761584
0.0,0,0.002666494
0.0,0,0.031018417
0.0,0,0.27839282
1.0,1,0.8620515
1.0,1,0.95886606
1.0,1,0.91722345
1.0,1,0.7171041
1.0,1,0.96726584
0.0,0,0.060273465
0.0,0,0.027713927
1.0,1,0.97091365
0.0,0,0.21361828
0.0,0,0.3418529
0.0,0,0.08379716
1.0,1,0.95245934
1.0,1,0.48640525
1.0,1,0.97284865
0.0,0,0.026445748
0.0,0,0.01361942
1.0,1,0.61206234
1.0,1,0.9392627
1.0,1,0.6070601
1.0,1,0.9748345
1.0,1,0.9501577
1.0,1,0.9402038
0.0,0,0.004839038
1.0,1,0.8406326
0.0,0,0.043432277
0.0,0,0.38792413
0.0,0,0.024418268
1.0,1,0.8760543
0.0,1,0.96788675
1.0,1,0.76012874
1.0,1,0.98174435
0.0,0,0.0016665321
0.0,0,0.4100252
1.0,0,0.34620038
1.0,1,0.982388
1.0,1,0.7673
1.0,1,0.81025875
0.0,0,0.06376147
1.0,1,0.5925777
0.0,1,0.6130136
0.0,0,0.012183454
1.0,1,0.9784848
0.0,0,0.0066612274
1.0,1,0.8857999
1.0,1,0.91131926
0.0,0,0.154591
1.0,1,0.98203063
0.0,1,0.86571723
0.0,0,0.022414714
1.0,1,0.9869888
1.0,1,0.98312587
0.0,0,0.0075002555
1.0,1,0.9307619
1.0,1,0.9383735
0.0,0,0.0041381726
1.0,1,0.88867414
0.0,0,0.0022604007
0.0,0,0.026094895
1.0,1,0.98412937
1.0,1,0.6882873
0.0,0,0.1275798
0.0,0,0.35395953
0.0,0,0.20580955
0.0,0,0.06015428
0.0,0,0.01067379
1.0,1,0.9588615
1.0,1,0.78347665
0.0,0,0.005531297
1.0,1,0.9346722
1.0,1,0.8815483
0.0,1,0.7111112
1.0,1,0.93029463
0.0,0,0.0119486675
0.0,0,0.02551882
0.0,0,0.08284142
1.0,1,0.80389214
1.0,1,0.9344477
0.0,0,0.17243345
0.0,0,0.16290088
1.0,0,0.04907997
0.0,0,0.0037021649
0.0,0,0.36134332
1.0,1,0.5334455
1.0,1,0.7379585
0.0,0,0.14780363
0.0,0,0.39382166
0.0,0,0.126704
0.0,0,0.0081268875
1.0,1,0.81044245
0.0,0,0.030217137
0.0,0,0.18512674
1.0,1,0.8991108
1.0,1,0.75969875
1.0,1,0.5097402
0.0,0,0.020759147
1.0,1,0.89835393
1.0,1,0.85839325
1.0,1,0.97915524
1.0,1,0.9391169
1.0,0,0.38721532
1.0,1,0.93962824
1.0,1,0.5694973
0.0,0,0.021268068
1.0,1,0.7485737
1.0,1,0.86904514
0.0,1,0.4631643
0.0,1,0.8328765
0.0,0,0.0031967224
1.0,1,0.9733073
1.0,1,0.87915325
1.0,1,0.914069
1.0,1,0.9077872
1.0,1,0.92121667
1.0,1,0.52508056
1.0,1,0.9806119
0.0,1,0.97263515
1.0,1,0.97057784
1.0,1,0.4253517
1.0,1,0.9243245
0.0,0,0.007503185
0.0,0,0.057166185
0.0,0,0.11038282
0.0,0,0.036232606
1.0,0,0.36876735
0.0,0,0.008739706
0.0,0,0.3806171
1.0,1,0.9330058
0.0,0,0.023147281
0.0,0,0.020194674
0.0,0,0.03213594
1.0,1,0.7432867
1.0,1,0.9813159
1.0,1,0.8582237
1.0,1,0.750388
1.0,1,0.98114556
0.0,0,0.02208632
0.0,0,0.15450336
1.0,1,0.97772044
0.0,0,0.018399369
0.0,0,0.10189706
0.0,0,0.029729929
0.0,0,0.017560512
1.0,1,0.9794707
0.0,0,0.050046913
0.0,0,0.00578984
1.0,1,0.43684915
0.0,0,0.05471103
0.0,0,0.007059616
0.0,0,0.014163588
1.0,1,0.6670625
0.0,0,0.020170799
1.0,1,0.71056426
1.0,1,0.9467944
0.0,0,0.40320888
0.0,1,0.8407466
1.0,0,0.3955523
1.0,1,0.81585395
0.0,0,0.37594673
1.0,1,0.87834454
1.0,1,0.83816415
1.0,1,0.8683844
1.0,1,0.83938944
1.0,1,0.97146785
0.0,1,0.68313104
1.0,1,0.8335285
0.0,0,0.025045473
1.0,1,0.87383235
0.0,0,0.009491113
1.0,1,0.9052309
0.0,0,0.0137746325
0.0,0,0.024745353
1.0,1,0.7603928
0.0,0,0.0073999097
1.0,1,0.9636084
1.0,1,0.7751243
1.0,1,0.94360524
0.0,1,0.51214427
0.0,0,0.065205894
1.0,1,0.8644619
0.0,0,0.06395073
0.0,0,0.004551369
0.0,0,0.0365874
0.0,0,0.041491877
0.0,0,0.011441847
1.0,1,0.9767132
0.0,1,0.5893168
0.0,0,0.006495786
1.0,1,0.9476875
1.0,1,0.97308266
1.0,1,0.97840714
1.0,1,0.9702762
0.0,0,0.01582165
1.0,1,0.4222918
0.0,0,0.02910656
1.0,1,0.9818932
1.0,1,0.9455044
0.0,0,0.0049339384
0.0,0,0.0044754506
0.0,0,0.051510196
1.0,1,0.97530246
0.0,0,0.060289536
0.0,0,0.0056860778
1.0,1,0.90045375
0.0,0,0.03825813
0.0,0,0.0025810555
0.0,0,0.036656234
0.0,0,0.021407034
0.0,1,0.971337
1.0,1,0.9780553
0.0,0,0.021375919
0.0,0,0.055247713
0.0,0,0.02344609
1.0,1,0.66522497
0.0,0,0.012617212
1.0,0,0.32336205
1.0,1,0.80505955
1.0,1,0.9199587
0.0,0,0.40076718
0.0,0,0.09582205
1.0,1,0.9189648
0.0,1,0.43241897
0.0,0,0.02720874
0.0,0,0.005253524
1.0,1,0.9802823
1.0,1,0.5003092
1.0,1,0.9793555
1.0,1,0.7595272
0.0,0,0.060257316
0.0,1,0.76936954
0.0,0,0.17273885
1.0,1,0.977684
0.0,0,0.0012489879
0.0,0,0.01942795
1.0,1,0.9368244
1.0,1,0.8024528
0.0,0,0.11065844
1.0,1,0.96805024
1.0,1,0.817531
1.0,1,0.9815841
0.0,1,0.49713627
1.0,1,0.65099645
0.0,0,0.06066288
0.0,0,0.0665337
1.0,1,0.8073884
1.0,1,0.9012416
0.0,0,0.31276128
0.0,0,0.23207949
1.0,1,0.95513946
0.0,0,0.018579463
1.0,1,0.53159904
0.0,0,0.25137535
0.0,0,0.05385812
0.0,0,0.36681345
0.0,0,0.008996063
0.0,0,0.0055322573
1.0,1,0.9238919
0.0,0,0.10411912
0.0,0,0.05248155
0.0,0,0.24095075
1.0,1,0.98200166
0.0,0,0.021587383
1.0,1,0.708069
1.0,1,0.7576545
1.0,1,0.9553804
1.0,1,0.90196395
0.0,0,0.11220871
0.0,0,0.0034124427
0.0,0,0.12593938
0.0,0,0.04931406
1.0,1,0.87567496
1.0,1,0.97968644
0.0,0,0.055741712
0.0,0,0.0013683256
0.0,0,0.04989069
1.0,1,0.92514616
0.0,0,0.0027679682
0.0,0,0.3034123
1.0,1,0.87952137
0.0,0,0.02321527
0.0,0,0.034929734
1.0,1,0.9182091
0.0,0,0.014308836
0.0,0,0.020511247
1.0,1,0.9826102
1.0,1,0.61784613
0.0,0,0.011931656
0.0,0,0.0037435135
1.0,1,0.9749342
0.0,0,0.04358034
0.0,1,0.6616509
0.0,1,0.60550344
1.0,1,0.9048367
0.0,0,0.25914386
1.0,1,0.78982
1.0,1,0.95508164
1.0,1,0.8016566
0.0,0,0.28435236
1.0,1,0.83097297
0.0,0,0.10898209
0.0,0,0.028034793
0.0,0,0.02814638
0.0,0,0.12033473
1.0,1,0.98029834
0.0,0,0.020719336
0.0,0,0.23797375
1.0,1,0.97895545
1.0,1,0.9190351
1.0,1,0.95871276
1.0,1,0.97364914
0.0,0,0.100362696
0.0,0,0.07235897
0.0,0,0.12872203
1.0,1,0.6036078
1.0,0,0.26129803
0.0,0,0.02487727
0.0,0,0.17672162
0.0,0,0.14767434
1.0,1,0.8197742
0.0,0,0.16542119
1.0,1,0.9561002
1.0,1,0.9727444
1.0,1,0.7187489
0.0,0,0.025802607
1.0,1,0.96988875
1.0,1,0.9592899
1.0,1,0.8698791
0.0,0,0.0063330797
1.0,1,0.93847066
1.0,1,0.92414904
0.0,1,0.7495413
1.0,1,0.850855
1.0,0,0.36622027
1.0,1,0.6587293
1.0,1,0.8196839
1.0,1,0.96420467
0.0,0,0.005432495
0.0,0,0.0045381878
1.0,1,0.7630277
1.0,1,0.9781921
0.0,0,0.08847459
1.0,1,0.8769372
1.0,1,0.9584007
0.0,0,0.014489526
0.0,0,0.011147004
1.0,1,0.9092976
0.0,0,0.28251028
0.0,0,0.33264482
1.0,1,0.516292
0.0,0,0.03514727
1.0,1,0.94071233
1.0,1,0.8845713
0.0,0,0.02917798
1.0,1,0.8044149
0.0,0,0.03298214
0.0,0,0.18294445
1.0,1,0.90926546
1.0,1,0.9757373
0.0,0,0.03812108
1.0,1,0.6288655
1.0,1,0.967212
0.0,0,0.03022915
1.0,1,0.97462183
1.0,1,0.9522012
0.0,0,0.014324092
0.0,0,0.040965363
1.0,1,0.9239011
1.0,1,0.9800802
1.0,1,0.95226026
0.0,0,0.3379892
1.0,1,0.62853676
0.0,0,0.016061842
0.0,0,0.00548529
1.0,1,0.93379503
1.0,1,0.97267145
0.0,0,0.32314327
1.0,1,0.95011395
1.0,1,0.55322766
0.0,1,0.63504076
1.0,1,0.9712323
1.0,1,0.7584859
0.0,0,0.1252871
0.0,0,0.010554035
1.0,1,0.81420726
0.0,1,0.88245934
1.0,1,0.95302665
0.0,0,0.17794225
1.0,1,0.74429786
0.0,1,0.7371752
1.0,1,0.73552316
1.0,1,0.8177129
1.0,1,0.97893274
1.0,1,0.5712532
0.0,0,0.01251219
0.0,0,0.0056819026
0.0,0,0.21275273
1.0,1,0.7864371
0.0,1,0.63798106
1.0,1,0.9821439
0.0,0,0.16937356
0.0,0,0.04109526
1.0,1,0.75449514
1.0,1,0.72382
0.0,1,0.7144774
1.0,1,0.7904512
1.0,1,0.813311
0.0,0,0.10584648
1.0,1,0.75725234
0.0,1,0.56344366
1.0,0,0.33616704
1.0,1,0.8737522
0.0,0,0.02750299
1.0,1,0.96358025
1.0,1,0.95756286
1.0,1,0.9575498
1.0,1,0.9388748
0.0,0,0.024481656
1.0,1,0.85372794
0.0,0,0.013140029
0.0,0,0.058125615
0.0,0,0.0064757373
0.0,0,0.11872885
0.0,0,0.12950876
1.0,1,0.78457606
0.0,0,0.0074624196
0.0,0,0.029996313
0.0,0,0.34578192
0.0,0,0.011820092
1.0,1,0.9632649
1.0,1,0.9498856
0.0,0,0.030177739
0.0,0,0.13483933
0.0,0,0.0123866955
0.0,1,0.76239544
0.0,0,0.05128559
1.0,1,0.86625206
1.0,1,0.54031855
0.0,0,0.037975993
0.0,0,0.022194877
0.0,0,0.09687146
0.0,0,0.27594286
0.0,0,0.17395665
1.0,1,0.9784887
1.0,1,0.91741246
0.0,0,0.27015588
1.0,1,0.81378615
1.0,1,0.8069915
0.0,0,0.088433295
1.0,1,0.93412596
0.0,0,0.01853242
0.0,0,0.018880937
1.0,1,0.9700072
0.0,0,0.05204054
1.0,1,0.91697854
1.0,1,0.9569581
0.0,0,0.08871453
0.0,1,0.46309033
1.0,1,0.9600793
0.0,0,0.0131012965
1.0,1,0.970402
0.0,0,0.29022673
1.0,1,0.9238931
1.0,1,0.96897215
0.0,0,0.038903937
1.0,1,0.8240719
0.0,1,0.75899804
1.0,1,0.80774724
0.0,0,0.0038975265
0.0,0,0.02412383
1.0,1,0.9239101
0.0,0,0.003282215
1.0,1,0.8342148
0.0,0,0.05626784
1.0,1,0.8550583
0.0,1,0.78810036
0.0,0,0.09187226
1.0,1,0.97391677
1.0,0,0.41909507
1.0,1,0.96898115
1.0,1,0.8974451
1.0,1,0.4944903
0.0,1,0.4492005
0.0,0,0.0459901
0.0,0,0.010662151
1.0,1,0.9614039
0.0,0,0.002643122
1.0,1,0.8189755
0.0,0,0.016793944
1.0,1,0.6626335
1.0,1,0.9859746
0.0,0,0.023500862
0.0,0,0.011953994
1.0,0,0.1207462
1.0,1,0.97539294
0.0,0,0.10945709
1.0,1,0.97223616
1.0,1,0.95425326
0.0,0,0.025418747
1.0,1,0.64704347
0.0,0,0.018689727
1.0,1,0.9798791
1.0,1,0.8246763
1.0,1,0.700806
1.0,1,0.8544873
0.0,0,0.020249946
1.0,0,0.05863203
0.0,0,0.0266637
0.0,0,0.0037249723
1.0,1,0.65829647
1.0,1,0.9245042
1.0,1,0.9826614
0.0,0,0.012253897
1.0,1,0.7638309
1.0,1,0.8991627
1.0,1,0.88014936
0.0,0,0.22983842
0.0,0,0.04594645
0.0,0,0.017110046
1.0,1,0.8162559
1.0,1,0.9679946
1.0,1,0.95362043
0.0,0,0.11624717
0.0,1,0.51130056
0.0,0,0.024410563
0.0,0,0.005770943
1.0,1,0.8122622
0.0,0,0.39033127
0.0,0,0.0002705467
1.0,1,0.687124
0.0,0,0.0016068813
1.0,1,0.83411217
0.0,0,0.20186783
1.0,1,0.7541458
1.0,1,0.8478003
1.0,1,0.92089355
0.0,0,0.012728566
0.0,0,0.3557892
0.0,0,0.085821
1.0,1,0.8888774
1.0,1,0.79920053
1.0,1,0.92594373
0.0,0,0.03679205
1.0,1,0.751932
1.0,1,0.79019964
1.0,1,0.87584955
0.0,0,0.09113155
0.0,0,0.02077682
1.0,1,0.8361703
0.0,0,0.02989542
1.0,1,0.8786478
1.0,1,0.75159943
1.0,1,0.902306
0.0,0,0.20679444
0.0,0,0.10866577
1.0,1,0.97619677
1.0,1,0.90644884
0.0,0,0.08762863
1.0,1,0.98213875
0.0,0,0.22141013
0.0,0,0.049607847
1.0,1,0.5431176
1.0,1,0.9808936
1.0,1,0.97330165
0.0,0,0.007844228
0.0,0,0.048746146
0.0,0,0.0054528294
1.0,0,0.23058814
1.0,1,0.9484473
1.0,1,0.6749544
0.0,0,0.051973008
0.0,0,0.0021411963
1.0,1,0.8406897
1.0,1,0.9388552
1.0,1,0.8595252
0.0,0,0.0015693845
0.0,0,0.27848655
1.0,1,0.91650605
0.0,0,0.30005744
1.0,1,0.9758475
0.0,0,0.41544726
1.0,1,0.7396349
0.0,0,0.011199952
0.0,0,0.41187266
0.0,0,0.021089729
0.0,1,0.84345746
1.0,1,0.9475287
0.0,0,0.27163342
0.0,0,0.16420469
1.0,0,0.32867283
0.0,0,0.16892064
0.0,0,0.015579596
1.0,1,0.8606126
1.0,1,0.9635477
1.0,0,0.06171409
1.0,1,0.48223463
0.0,0,0.23534845
1.0,1,0.96677226
1.0,1,0.734784
1.0,1,0.7946943
1.0,1,0.6938993
0.0,1,0.8370045
0.0,0,0.021261483
0.0,0,0.1551952
0.0,0,0.00246642
0.0,0,0.010286005
0.0,0,0.026018128
1.0,1,0.97847754
0.0,0,0.040453713
1.0,1,0.9781568
1.0,1,0.98121774
1.0,1,0.96624833
0.0,0,0.17143822
0.0,0,0.0047467877
0.0,0,0.0009850782
0.0,0,0.06996523
0.0,0,0.0049847546
1.0,1,0.60622466
0.0,1,0.5166999
1.0,1,0.7157204
1.0,1,0.8763195
1.0,0,0.16634062
0.0,0,0.15912838
1.0,1,0.9018513
0.0,0,0.10228537
1.0,1,0.94812226
0.0,0,0.015171399
1.0,1,0.82007796
1.0,1,0.9617201
0.0,0,0.065505154
1.0,1,0.979702
0.0,0,0.07922944
1.0,1,0.8126269
1.0,1,0.93853694
0.0,0,0.026401369
0.0,0,0.020379383
1.0,1,0.878551
0.0,0,0.0020401105
1.0,1,0.9747791
0.0,0,0.008932444
1.0,1,0.92018217
0.0,0,0.02757322
1.0,1,0.9597017
0.0,0,0.38331187
0.0,0,0.03285525
0.0,0,0.009168417
1.0,1,0.94920766
0.0,0,0.29379362
1.0,0,0.02389486
1.0,1,0.77099705
1.0,1,0.5247229
1.0,1,0.6518283
1.0,1,0.9790728
0.0,0,0.043767635
1.0,1,0.97513247
1.0,1,0.89132357
1.0,1,0.8802308
0.0,0,0.19256976
0.0,0,0.007811744
0.0,0,0.31901082
0.0,0,0.02887568
0.0,0,0.03947252
0.0,0,0.021246674
0.0,0,0.060182486
0.0,0,0.23781644
1.0,1,0.8343759
1.0,1,0.9788596
1.0,1,0.98196137
1.0,1,0.51586354
1.0,1,0.47849268
0.0,1,0.47620487
1.0,1,0.5338052
1.0,1,0.77108854
1.0,1,0.7635444
1.0,1,0.73009133
1.0,1,0.86818457
0.0,0,0.06684349
0.0,0,0.007646569
0.0,0,0.012474594
1.0,1,0.83800954
1.0,1,0.9013802
1.0,1,0.94703835
0.0,0,0.014642967
1.0,1,0.9628034
1.0,1,0.8797958
0.0,1,0.6689998
1.0,1,0.9760164
0.0,0,0.023411864
1.0,1,0.90770614
1.0,1,0.8438467
0.0,0,0.11547712
0.0,0,0.045188174
1.0,1,0.894905
1.0,1,0.9822977
1.0,1,0.9813021
0.0,0,0.34551388
0.0,0,0.07224514
0.0,0,0.01123747
1.0,1,0.48459333
0.0,0,0.019250393
0.0,0,0.0621167
1.0,1,0.9742062
0.0,0,0.005174131
0.0,0,0.048821483
0.0,0,0.026446793
1.0,1,0.86397165
1.0,1,0.9576302
0.0,0,0.07372173
1.0,1,0.94641095
0.0,0,0.009681279
0.0,1,0.50375473
1.0,1,0.92273676
1.0,0,0.15488629
1.0,1,0.76838166
0.0,0,0.073382415
1.0,1,0.7039572
1.0,1,0.955969
0.0,0,0.04823515
1.0,1,0.7584553
0.0,0,0.0033482187
1.0,1,0.7284143
0.0,0,0.004635705
1.0,1,0.49107346
1.0,1,0.97201973
1.0,1,0.60462093
1.0,1,0.9808096
0.0,0,0.0052917306
0.0,0,0.13472562
0.0,0,0.024170281
1.0,1,0.9603522
0.0,0,0.15359668
1.0,0,0.2010094
1.0,1,0.87933654
1.0,1,0.59930855
0.0,0,0.13939618
1.0,1,0.95246583
0.0,0,0.0120585915
0.0,1,0.9314449
0.0,0,0.1839586
1.0,1,0.9816612
1.0,1,0.964144
1.0,1,0.8854891
0.0,0,0.010883904
0.0,1,0.921984
0.0,0,0.022869917
0.0,0,0.4009287
0.0,0,0.11818975
0.0,0,0.0058020893
0.0,1,0.44564727
1.0,1,0.9496844
0.0,1,0.78276294
0.0,1,0.71046567
0.0,0,0.007256729
1.0,1,0.5492158
1.0,1,0.9158866
1.0,1,0.9825841
1.0,1,0.97267336
0.0,0,0.10950024
0.0,0,0.11781697
1.0,1,0.8895348
0.0,0,0.02956792
1.0,1,0.4313989
0.0,0,0.106813
1.0,0,0.2052013
1.0,1,0.6990612
0.0,0,0.007859662
1.0,1,0.9638536
1.0,1,0.95500594
0.0,0,0.06306958
1.0,1,0.6884921
1.0,0,0.39622584
0.0,0,0.043011438
0.0,1,0.7431615
0.0,0,0.3459065
0.0,0,0.036883768
1.0,1,0.94510853
1.0,1,0.87248266
1.0,0,0.14341497
1.0,1,0.49251503
0.0,0,0.08164673
1.0,1,0.9276316
0.0,0,0.010729244
1.0,1,0.9703996
0.0,0,0.003930827
0.0,0,0.036468573
0.0,0,0.047591608
1.0,1,0.8176925
1.0,1,0.9362487
1.0,1,0.8935819
0.0,1,0.73070383
1.0,1,0.9827454
0.0,0,0.22628431
1.0,1,0.9806775
1.0,1,0.98504144
1.0,1,0.95048296
1.0,1,0.8518305
1.0,1,0.7542078
1.0,1,0.89964277
1.0,1,0.4965124
1.0,1,0.7074759
1.0,1,0.9458711
1.0,1,0.9506453
1.0,1,0.73512053
0.0,0,0.035447456
1.0,0,0.3033206
0.0,0,0.0055798013
0.0,0,0.0030806505
0.0,1,0.73968005
1.0,1,0.9755485
1.0,1,0.9688137
1.0,1,0.84932816
0.0,0,0.018343242
1.0,1,0.7040153
0.0,0,0.0027105904
0.0,0,0.22255507
1.0,1,0.97815156
0.0,0,0.010781652
0.0,0,0.31071913
1.0,1,0.8281179
1.0,1,0.92150015
0.0,0,0.3120403
0.0,0,0.012000196
1.0,1,0.95653117
0.0,0,0.045201093
1.0,0,0.3507212
0.0,0,0.015873382
0.0,0,0.024672953
1.0,1,0.9479251
0.0,0,0.018267892
1.0,1,0.9429559
1.0,1,0.7916818
1.0,1,0.82423973
0.0,0,0.00062644493
1.0,1,0.7704993
1.0,1,0.70333487
0.0,0,0.028227828
0.0,1,0.85781187
0.0,0,0.18796231
1.0,0,0.16581617
0.0,1,0.7189669
0.0,0,0.1735912
1.0,1,0.97706723
0.0,0,0.11106497
1.0,1,0.97101134
0.0,0,0.10983428
0.0,0,0.004726915
0.0,1,0.42501378
0.0,0,0.0416282
0.0,0,0.26142925
1.0,1,0.81515485
0.0,0,0.10065187
0.0,0,0.034764715
1.0,1,0.85003567
1.0,1,0.90178776
1.0,1,0.9698705
0.0,0,0.0058307885
0.0,0,0.08987335
1.0,1,0.77061975
0.0,0,0.050668616
1.0,1,0.9465044
1.0,1,0.849529
1.0,1,0.45211095
0.0,1,0.4881598
1.0,1,0.9811268
0.0,0,0.012252726
1.0,0,0.33529824
0.0,0,0.265167
0.0,1,0.60037005
0.0,0,0.0069690864
1.0,0,0.18915693
0.0,0,0.01307434
0.0,0,0.03191123
0.0,0,0.24422012
0.0,1,0.49103925
1.0,1,0.57795197
1.0,1,0.8017575
0.0,0,0.03558789
0.0,0,0.016128996
0.0,0,0.18805659
0.0,0,0.038148906
1.0,1,0.96834344
1.0,1,0.6221364
0.0,1,0.49078166
1.0,1,0.93334115
0.0,1,0.64255494
1.0,1,0.6315608
1.0,1,0.97001314
0.0,0,0.19097324
1.0,1,0.7512278
1.0,1,0.9856253
1.0,1,0.78091174
0.0,1,0.5741383
1.0,1,0.84152716
0.0,0,0.00052116165
0.0,1,0.63117486
1.0,1,0.7313123
0.0,1,0.819896
0.0,0,0.022791252
0.0,0,0.004093964
1.0,1,0.96661264
0.0,0,0.10123421
1.0,1,0.6548914
1.0,1,0.63466966
0.0,0,0.012963214
0.0,0,0.0056875953
1.0,0,0.33770096
0.0,0,0.0233403
1.0,1,0.8521378
0.0,0,0.0016696743
1.0,1,0.54085624
0.0,0,0.0027709047
1.0,1,0.8675776
0.0,0,0.002591331
1.0,1,0.9718796
1.0,1,0.9038804
1.0,1,0.648687
1.0,1,0.47935343
1.0,1,0.91562504
1.0,1,0.6502345
1.0,1,0.93968743
0.0,1,0.57689714
1.0,0,0.29812425
1.0,0,0.023907317
1.0,1,0.98316073
1.0,1,0.8330354
1.0,1,0.9145909
0.0,1,0.7718605
0.0,0,0.21197304
1.0,1,0.56327975
0.0,0,0.005211729
0.0,0,0.020210521
0.0,0,0.022503486
0.0,0,0.0148253655
0.0,0,0.026176285
0.0,0,0.11280738
1.0,1,0.97689664
1.0,1,0.97760665
1.0,1,0.96931565
1.0,1,0.78911555
1.0,1,0.9357088
1.0,1,0.9754663
1.0,1,0.9786817
1.0,1,0.9740523
1.0,1,0.87238204
0.0,1,0.66299963
1.0,1,0.97644347
1.0,1,0.8977358
0.0,0,0.066242374
0.0,0,0.0042125965
1.0,1,0.88429224
1.0,1,0.9469347
1.0,1,0.8630449
0.0,0,0.0015266184
0.0,0,0.26295075
1.0,0,0.3731233
1.0,1,0.934735
0.0,0,0.0875981
0.0,0,0.16640243
0.0,0,0.014511303
0.0,0,0.008011452
1.0,1,0.9816778
1.0,1,0.97793514
0.0,0,0.040157046
0.0,1,0.5883323
1.0,1,0.5644684
1.0,1,0.98266214
0.0,0,0.063300446
1.0,1,0.96978354
1.0,1,0.89585316
1.0,1,0.9073378
0.0,0,0.015291004
1.0,1,0.90426147
1.0,1,0.7393354
1.0,1,0.7691456
1.0,1,0.94055784
0.0,1,0.87185717
0.0,0,0.09487119
1.0,1,0.8856664
1.0,1,0.88961464
1.0,1,0.7102268
1.0,1,0.9415144
0.0,0,0.046977714
1.0,1,0.9713096
0.0,1,0.7009363
0.0,0,0.006334937
0.0,0,0.009339221
0.0,0,0.054714285
0.0,0,0.022698097
0.0,0,0.0007582064
1.0,0,0.17256294
1.0,1,0.8646503
1.0,1,0.9797833
1.0,1,0.97865766
1.0,1,0.8290652
0.0,0,0.01306236
1.0,1,0.96241224
1.0,1,0.7724318
0.0,0,0.05256015
1.0,1,0.8984579
1.0,1,0.587489
0.0,1,0.5459012
0.0,1,0.47608134
0.0,1,0.84739566
0.0,0,0.09312313
0.0,0,0.0074312286
0.0,1,0.67630637
0.0,0,0.003097832
1.0,1,0.9043369
1.0,1,0.8026366
1.0,1,0.66910255
0.0,0,0.029980168
1.0,1,0.6910856
1.0,1,0.8807881
1.0,1,0.87286454
1.0,1,0.9512018
1.0,1,0.74280816
1.0,1,0.9267916
1.0,1,0.78187007
0.0,0,0.021360304
1.0,1,0.9146561
1.0,1,0.66786945
0.0,0,0.05224185
0.0,0,0.06354873
0.0,0,0.14167167
1.0,1,0.58988094
0.0,0,0.20857455
1.0,1,0.9785086
1.0,1,0.96364707
0.0,0,0.015114301
1.0,0,0.40704012
1.0,1,0.9691389
1.0,1,0.8909092
1.0,1,0.96724325
0.0,1,0.4254554
0.0,0,0.1196743
0.0,1,0.9769541
1.0,1,0.7953388
0.0,0,0.035112042
0.0,0,0.14216194
1.0,1,0.93224704
1.0,1,0.82436883
0.0,0,0.012376642
0.0,0,0.011915229
0.0,1,0.49071842
1.0,1,0.9701276
1.0,1,0.96799207
0.0,0,0.29398108
1.0,0,0.27407947
1.0,1,0.98690575
0.0,0,0.004680132
0.0,0,0.0560312
0.0,0,0.021385062
0.0,0,0.0020020162
0.0,0,0.059938125
0.0,0,0.0012025022
1.0,1,0.97798747
1.0,1,0.98018575
1.0,1,0.9669582
1.0,1,0.7897943
0.0,0,0.34394187
0.0,0,0.257453
1.0,1,0.9800286
1.0,1,0.7329273
0.0,0,0.09480996
1.0,1,0.91765606
1.0,1,0.9060637
0.0,1,0.81160116
0.0,0,0.05476443
1.0,1,0.9823778
1.0,1,0.98471135
1.0,1,0.79784966
1.0,1,0.85828257
1.0,1,0.9190318
1.0,0,0.10983718
1.0,1,0.72312975
0.0,0,0.081798166
0.0,0,0.038363963
0.0,0,0.0100453915
1.0,1,0.6040684
0.0,0,0.003168151
0.0,0,0.007314076
0.0,0,0.014505611
1.0,1,0.96298456
0.0,0,0.0032462056
0.0,0,0.014145057
0.0,0,0.057439175
1.0,1,0.9777496
0.0,0,0.055698764
0.0,0,0.056261074
1.0,1,0.7070622
1.0,1,0.9818282
1.0,1,0.8553201
0.0,0,0.13264795
0.0,0,0.39268136
0.0,0,0.018926527
0.0,0,0.0050002323
1.0,1,0.98377895
0.0,0,0.017253576
0.0,0,0.00627911
0.0,0,0.0029314153
1.0,1,0.7808467
1.0,1,0.6803564
1.0,1,0.94595146
1.0,1,0.6724788
0.0,0,0.014329486
1.0,1,0.9757113
0.0,0,0.018333703
0.0,1,0.42884016
1.0,1,0.6575006
0.0,0,0.017302267
1.0,1,0.98071855
1.0,1,0.97904664
0.0,0,0.089716375
1.0,1,0.79525554
1.0,1,0.95188516
0.0,0,0.0037864018
1.0,1,0.8338603
1.0,0,0.35537684
0.0,0,0.005138505
1.0,1,0.97716105
0.0,1,0.43048283
0.0,0,0.017766219
0.0,0,0.03324904
0.0,0,0.008217924
0.0,1,0.47992986
1.0,1,0.74066603
0.0,0,0.021847717
1.0,1,0.9113193
0.0,0,0.22717603
1.0,1,0.8121506
0.0,0,0.036352374
1.0,1,0.9743482
0.0,0,0.34765846
1.0,1,0.9452424
1.0,1,0.84006894
1.0,1,0.8902532
1.0,1,0.89559215
1.0,1,0.9259629
0.0,0,0.0069864593
0.0,0,0.035940792
1.0,1,0.9731341
1.0,1,0.91279465
1.0,1,0.8774658
0.0,0,0.017248983
0.0,0,0.014437903
0.0,0,0.03462565
0.0,0,0.098832145
0.0,0,0.14986515
1.0,1,0.96012914
0.0,1,0.85558856
0.0,0,0.041259594
1.0,1,0.9337628
0.0,0,0.0060953926
1.0,1,0.45182574
0.0,0,0.00573614
0.0,0,0.0035548422
0.0,0,0.040030714
1.0,1,0.97263426
1.0,1,0.8559854
1.0,1,0.9294654
1.0,1,0.8236516
1.0,1,0.8946897
1.0,1,0.9786579
0.0,0,0.1110324
0.0,1,0.44884855
1.0,1,0.95827234
1.0,1,0.9498743
1.0,1,0.8377042
1.0,1,0.9111012
1.0,1,0.98290765
0.0,0,0.15184274
1.0,1,0.839123
1.0,1,0.93614346
0.0,0,0.022778552
1.0,1,0.7076404
0.0,0,0.02202417
1.0,1,0.80881786
1.0,1,0.8440845
0.0,0,0.016494168
1.0,1,0.8271583
0.0,0,0.012661384
1.0,1,0.9761079
0.0,0,0.011076907
0.0,0,0.08511513
1.0,1,0.9021086
1.0,1,0.89020485
0.0,0,0.017809834
1.0,1,0.9652405
0.0,0,0.051846024
1.0,1,0.9752227
1.0,1,0.7752806
0.0,0,0.00063902396
1.0,1,0.52147985
0.0,0,0.040323928
1.0,1,0.9251813
0.0,0,0.028401047
0.0,0,0.0070388354
0.0,0,0.0066424618
1.0,0,0.20964319
1.0,1,0.9813707
0.0,0,0.009825268
0.0,0,0.121275105
0.0,1,0.7286056
0.0,0,0.022475233
0.0,0,0.0060095037
1.0,1,0.9851156
1.0,1,0.7329521
0.0,1,0.42021358
1.0,1,0.9812956
1.0,1,0.8948089
0.0,0,0.07166363
0.0,0,0.06930436
1.0,1,0.97350174
1.0,1,0.6744131
0.0,0,0.0016124231
1.0,1,0.8755659
0.0,0,0.25905877
1.0,1,0.720711
1.0,1,0.63538337
0.0,0,0.01963661
1.0,1,0.8137908
1.0,1,0.9190285
1.0,1,0.68447024
1.0,1,0.7876967
1.0,1,0.7976125
1.0,1,0.9494933
1.0,1,0.9469953
0.0,0,0.03431322
1.0,1,0.90572256
0.0,0,0.026091892
0.0,0,0.00963672
0.0,0,0.049979504
0.0,0,0.007739317
1.0,1,0.9745776
0.0,0,0.17735562
1.0,1,0.96074605
1.0,1,0.9833802
0.0,0,0.00761798
0.0,0,0.33598775
0.0,1,0.91729116
1.0,1,0.91133636
1.0,0,0.24497516
0.0,1,0.8110101
0.0,0,0.008790514
1.0,1,0.97989726
0.0,1,0.54884696
0.0,0,0.03352266
1.0,1,0.6556822
1.0,1,0.98152274
0.0,0,0.017655144
1.0,1,0.96096313
0.0,0,0.30734983
0.0,1,0.804466
0.0,0,0.0066954507
0.0,0,0.0050285333
1.0,1,0.8118924
0.0,0,0.007150199
1.0,1,0.97570837
1.0,1,0.9772299
0.0,0,0.002888614
1.0,1,0.9367498
1.0,1,0.8533484
1.0,1,0.85841054
0.0,0,0.006356994
1.0,1,0.93706244
1.0,1,0.89607483
1.0,1,0.8134861
1.0,1,0.4884041
1.0,1,0.93768185
1.0,1,0.93582475
1.0,1,0.8828057
1.0,1,0.80977
0.0,0,0.04594031
0.0,0,0.015018676
1.0,1,0.87409693
1.0,1,0.9632561
0.0,0,0.017402548
1.0,1,0.79418635
0.0,1,0.8808774
0.0,0,0.112007834
0.0,1,0.87166625
0.0,0,0.0013925364
0.0,0,0.3244622
0.0,0,0.016292723
0.0,0,0.014625694
1.0,1,0.8962814
0.0,0,0.0065401536
1.0,1,0.73606086
1.0,1,0.9118067
1.0,1,0.9839445
0.0,0,0.0042400206
1.0,1,0.8538255
0.0,0,0.02578222
0.0,0,0.0069949664
0.0,0,0.07050301
0.0,0,0.046886962
0.0,1,0.6986148
1.0,1,0.9758669
1.0,1,0.9194846
0.0,1,0.65600866
0.0,0,0.024625534
1.0,1,0.9272476
0.0,1,0.6356194
1.0,1,0.8298426
1.0,1,0.66506064
0.0,0,0.10595023
1.0,1,0.8128132
1.0,1,0.850627
0.0,0,0.3370505
0.0,0,0.0014991631
0.0,0,0.04268851
0.0,0,0.002630442
0.0,0,0.086582996
1.0,1,0.9679196
0.0,0,0.10447308
0.0,1,0.5129661
1.0,0,0.24548988
0.0,0,0.013020961
1.0,1,0.85864
1.0,1,0.78809035
0.0,1,0.64799047
1.0,1,0.8346243
1.0,1,0.9823777
1.0,1,0.7136321
0.0,1,0.6947211
0.0,0,0.064962946
1.0,1,0.97923076
0.0,0,0.030433934
0.0,0,0.29036206
0.0,0,0.004834902
0.0,0,0.14930274
1.0,1,0.97447926
1.0,1,0.81028485
1.0,1,0.9482348
1.0,1,0.9390385
1.0,1,0.9323736
0.0,0,0.31995067
1.0,1,0.8718091
1.0,1,0.97531855
0.0,0,0.018257575
1.0,0,0.3730148
1.0,1,0.88767195
1.0,1,0.90204465
1.0,1,0.8699674
0.0,0,0.02143628
1.0,1,0.9428439
0.0,0,0.0932643
1.0,1,0.98123586
0.0,0,0.25044712
1.0,1,0.90892196
0.0,0,0.09659242
0.0,0,0.00633211
0.0,0,0.011590068
0.0,0,0.02239282
1.0,1,0.8259868
0.0,0,0.021873174
1.0,1,0.78656924
0.0,0,0.036041573
0.0,0,0.39442796
0.0,0,0.25050116
0.0,0,0.16045673
0.0,0,0.013723429
1.0,1,0.94847834
1.0,1,0.9835556
0.0,0,0.0055695074
0.0,0,0.016639046
1.0,1,0.98256487
0.0,0,0.00019354635
1.0,1,0.9820556
0.0,0,0.05853474
0.0,0,0.008068717
1.0,1,0.8781705
1.0,1,0.90751314
0.0,0,0.24654356
1.0,1,0.9794841
0.0,0,0.1543704
0.0,0,0.0102291
0.0,0,0.21721354
0.0,0,0.0064917034
1.0,1,0.65839875
1.0,1,0.77841306
1.0,1,0.6937909
1.0,0,0.17624806
1.0,1,0.9561973
1.0,0,0.24568959
0.0,0,0.13683595
0.0,0,0.002083512
1.0,1,0.8043543
1.0,1,0.9819277
0.0,0,0.16606788
0.0,0,0.011513131
1.0,1,0.9281276
0.0,0,0.0043427157
0.0,0,0.009718603
1.0,1,0.8153987
1.0,1,0.47812596
0.0,0,0.25822878
0.0,0,0.11429633
1.0,1,0.8925191
0.0,0,0.23484462
1.0,1,0.8289145
0.0,0,0.35773435
1.0,0,0.40810028
1.0,0,0.286885
1.0,1,0.9828581
0.0,1,0.4489949
1.0,1,0.9474119
0.0,0,0.004654856
0.0,0,0.027413486
0.0,0,0.0011739351
0.0,0,0.022264307
1.0,1,0.8583105
0.0,0,0.08865238
0.0,0,0.023433108
1.0,1,0.9565436
1.0,1,0.9748105
1.0,1,0.8807374
0.0,1,0.90912485
0.0,0,0.0026168907
1.0,1,0.9128195
1.0,1,0.706311
0.0,0,0.34746268
0.0,0,0.09441742
0.0,0,0.00728717
1.0,1,0.8354343
1.0,1,0.89569217
0.0,0,0.0063787512
1.0,1,0.841244
0.0,0,0.041022565
1.0,1,0.8649511
1.0,1,0.85993147
1.0,1,0.9725268
1.0,1,0.9790328
0.0,1,0.690456
1.0,1,0.71477544
0.0,0,0.23415488
0.0,0,0.18004286
1.0,1,0.90972024
1.0,1,0.96153086
1.0,1,0.93059516
1.0,1,0.93874127
1.0,1,0.63240325
0.0,0,0.30597156
1.0,1,0.73325753
1.0,1,0.97035426
1.0,1,0.92785525
1.0,1,0.7823509
0.0,0,0.031685106
0.0,0,0.0008091793
0.0,0,0.12796469
1.0,1,0.93127275
0.0,0,0.023662252
1.0,1,0.9707102
0.0,0,0.06896872
1.0,1,0.9514916
0.0,0,0.08203298
0.0,0,0.23566608
1.0,1,0.9124609
0.0,0,0.3464512
0.0,0,0.00841211
0.0,0,0.056926884
0.0,0,0.0898006
1.0,1,0.95985097
1.0,1,0.7081038
0.0,0,0.0066300356
0.0,0,0.086993985
0.0,0,0.022805618
0.0,0,0.20445299
1.0,1,0.9787496
1.0,1,0.97791535
1.0,1,0.90594196
1.0,1,0.9808661
0.0,0,0.08552797
0.0,0,0.34644753
1.0,1,0.8560364
1.0,0,0.15917684
0.0,0,0.19872455
0.0,0,0.039004534
1.0,1,0.96004665
0.0,0,0.011461784
0.0,0,0.004687472
0.0,0,0.075984165
1.0,1,0.9758204
0.0,0,0.11493595
0.0,0,0.12723617
1.0,1,0.5924644
1.0,1,0.8033327
0.0,0,0.031720795
0.0,0,0.008470048
1.0,1,0.96842396
1.0,1,0.8506123
0.0,0,0.37151402
1.0,1,0.9682993
1.0,1,0.8384261
1.0,1,0.81054366
1.0,1,0.95949095
1.0,1,0.92424893
0.0,0,0.09845153
1.0,1,0.44370186
0.0,0,0.34003577
1.0,1,0.66007996
1.0,1,0.9613021
0.0,1,0.7680086
1.0,1,0.96534544
0.0,0,0.02226872
0.0,0,0.100447506
1.0,1,0.98041254
1.0,1,0.9480892
0.0,0,0.005209749
1.0,0,0.4072083
1.0,1,0.9789872
1.0,1,0.791208
0.0,0,0.0045544594
1.0,1,0.8623217
0.0,0,0.022738043
0.0,0,0.091077216
0.0,0,0.0106054405
0.0,0,0.11516611
1.0,1,0.9597848
1.0,1,0.87444997
1.0,1,0.97962064
1.0,1,0.8170309
1.0,1,0.97858185
1.0,1,0.9798081
0.0,0,0.03277061
0.0,0,0.008834631
1.0,1,0.8593175
0.0,0,0.07022395
1.0,1,0.906502
0.0,0,0.023327978
0.0,0,0.13403215
1.0,1,0.69107705
0.0,1,0.95022446
0.0,0,0.018897735
0.0,0,0.025977135
0.0,0,0.038461644
0.0,1,0.5801655
0.0,0,0.016793061
1.0,1,0.9297671
0.0,0,0.033412136
0.0,0,0.050992392
0.0,0,0.0067550596
1.0,1,0.90435886
0.0,1,0.51923364
1.0,1,0.5554324
1.0,1,0.8425966
0.0,0,0.012122825
1.0,1,0.9822949
0.0,0,0.0072099008
1.0,1,0.9415178
1.0,1,0.920081
0.0,0,0.013224657
1.0,1,0.82947344
0.0,0,0.0019036026
1.0,1,0.9264186
0.0,0,0.4174807
1.0,1,0.8492121
0.0,0,0.07725188
1.0,1,0.5649488
1.0,1,0.8314868
0.0,0,0.040559124
0.0,0,0.24101162
1.0,1,0.87962645
0.0,0,0.066238545
0.0,0,0.06550814
0.0,0,0.3394559
0.0,0,0.0987239
0.0,0,0.058020633
1.0,1,0.75885177
1.0,0,0.16929144
0.0,0,0.15171105
0.0,0,0.0072086
1.0,1,0.8682989
0.0,0,0.06774881
0.0,0,0.22224031
0.0,0,0.04116533
0.0,0,0.044095427
0.0,0,0.0125973215
1.0,1,0.43895808
1.0,1,0.9506609
1.0,1,0.9374079
0.0,0,0.019419484
0.0,1,0.7185422
0.0,0,0.0054888786
0.0,0,0.22997777
1.0,1,0.8820719
0.0,0,0.13385034
1.0,1,0.9599577
0.0,0,0.075781405
1.0,1,0.8590175
0.0,0,0.00249496
0.0,0,0.029937748
0.0,0,0.4059605
1.0,1,0.89875203
1.0,1,0.9582858
1.0,1,0.8772274
1.0,1,0.8961333
0.0,0,0.11570294
0.0,0,0.03369773
1.0,1,0.9849773
0.0,0,0.10395814
1.0,1,0.88917273
0.0,0,0.0023551825
0.0,0,0.0011761199
0.0,0,0.1946498
0.0,0,0.145247
1.0,1,0.95533717
1.0,1,0.8037411
1.0,1,0.9578117
0.0,0,0.35159236
0.0,0,0.029302198
1.0,1,0.760703
0.0,1,0.8451309
1.0,1,0.91167015
0.0,0,0.109087974
1.0,1,0.96123797
0.0,0,0.014553759
1.0,1,0.47410318
0.0,1,0.6376039
0.0,1,0.860055
0.0,0,0.40990242
1.0,1,0.9405853
1.0,1,0.9560235
0.0,0,0.18030056
0.0,1,0.889996
0.0,0,0.39209265
0.0,0,0.06168603
0.0,0,0.04193669
0.0,0,0.0552389
1.0,1,0.97823864
0.0,0,0.005997632
0.0,0,0.0016463081
1.0,1,0.8742485
1.0,1,0.96655995
1.0,1,0.9061674
0.0,0,0.10680215
0.0,0,0.2866787
0.0,0,0.34837103
1.0,1,0.9425483
0.0,0,0.011914185
0.0,1,0.7848372
0.0,0,0.030473864
1.0,1,0.833698
0.0,0,0.19212282
0.0,0,0.30386272
1.0,1,0.9794388
0.0,0,0.029373232
0.0,0,0.023302179
0.0,0,0.07351705
1.0,1,0.932308
1.0,1,0.9569584
0.0,0,0.021690978
0.0,0,0.035142735
0.0,0,0.050446182
0.0,0,0.020997452
0.0,0,0.062200174
0.0,0,0.23621379
1.0,1,0.9024076
0.0,0,0.005278667
0.0,0,0.19001615
0.0,0,0.0031587922
1.0,1,0.8749018
0.0,0,0.027234314
0.0,0,0.25397307
0.0,0,0.017894201
1.0,1,0.6762177
0.0,0,0.14014351
0.0,0,0.0145510305
1.0,1,0.9086697
1.0,1,0.9693891
1.0,1,0.82436585
1.0,1,0.75526047
0.0,0,0.0009720433
1.0,1,0.73912513
1.0,1,0.9445276
1.0,1,0.98290163
1.0,1,0.9372652
0.0,1,0.7871673
1.0,1,0.97941583
0.0,0,0.0018488907
1.0,1,0.955731
1.0,1,0.98231953
1.0,1,0.69820476
0.0,0,0.013570783
1.0,1,0.9559132
1.0,1,0.97969574
1.0,1,0.9648292
1.0,1,0.97693306
0.0,0,0.026170535
1.0,1,0.97349304
1.0,1,0.93016624
0.0,0,0.0043747225
1.0,1,0.87298715
1.0,1,0.94917244
0.0,0,0.010705231
1.0,1,0.9453896
1.0,1,0.49107373
1.0,1,0.93821657
1.0,1,0.8437876
1.0,1,0.7252983
0.0,1,0.6852758
1.0,1,0.9436979
1.0,1,0.75781804
0.0,0,0.040791646
0.0,0,0.14887819
1.0,1,0.8233025
1.0,1,0.8258271
1.0,1,0.9702127
0.0,0,0.015039409
0.0,1,0.4792392
1.0,1,0.97361296
1.0,1,0.9817402
1.0,1,0.78325355
0.0,0,0.028675564
0.0,0,0.007859488
1.0,0,0.32039514
1.0,1,0.92374825
0.0,0,0.0034302983
1.0,1,0.98179513
1.0,1,0.4441275
1.0,1,0.9803658
1.0,1,0.51761305
0.0,0,0.00959897
1.0,0,0.28198424
0.0,0,0.009432662
0.0,0,0.2602734
0.0,0,0.018306073
1.0,1,0.6217228
1.0,1,0.98222005
0.0,0,0.00095308444
1.0,1,0.9476643
1.0,1,0.84205806
1.0,1,0.94837356
0.0,0,0.04199332
1.0,1,0.8103053
0.0,0,0.026717376
1.0,0,0.168583
0.0,0,0.0072129527
0.0,0,0.04317736
0.0,0,0.077093765
0.0,1,0.44158253
1.0,1,0.7614539
0.0,1,0.5671669
0.0,0,0.2850311
0.0,0,0.090955615
1.0,1,0.92277324
0.0,1,0.49653605
1.0,1,0.85646343
0.0,0,0.18268546
1.0,1,0.6582469
1.0,1,0.94667375
0.0,0,0.16007216
0.0,0,0.29311806
1.0,1,0.8982998
0.0,1,0.48601547
1.0,1,0.88036764
0.0,1,0.9178397
0.0,0,0.32568184
0.0,0,0.027488545
0.0,0,0.21751079
1.0,1,0.9744689
1.0,1,0.7988
0.0,1,0.43736178
0.0,0,0.018461961
0.0,0,0.12037923
0.0,0,0.05091807
0.0,0,0.022733305
1.0,1,0.9351642
1.0,1,0.5652211
1.0,1,0.56238604
1.0,1,0.66187286
0.0,0,0.014067852
1.0,1,0.98323166
1.0,1,0.9027172
1.0,1,0.54037476
1.0,1,0.9085863
1.0,1,0.98055077
1.0,1,0.9790203
1.0,1,0.82635766
0.0,0,0.018013896
0.0,0,0.1640471
0.0,0,0.36781392
0.0,0,0.009666081
0.0,0,0.033195604
0.0,0,0.024663424
0.0,0,0.19477224
1.0,1,0.7952038
1.0,1,0.9172176
1.0,1,0.8499485
0.0,1,0.7835724
1.0,1,0.75648856
0.0,0,0.06161947
1.0,1,0.8741321
0.0,1,0.78905606
0.0,0,0.027606847
0.0,0,0.22322394
1.0,1,0.8104619
1.0,1,0.9677573
0.0,0,0.12775628
0.0,0,0.015715336
1.0,1,0.8983871
0.0,0,0.21534526
0.0,0,0.036494937
1.0,1,0.9029653
1.0,0,0.1344891
0.0,0,0.016977787
1.0,1,0.6748854
1.0,1,0.64052904
1.0,1,0.9814058
0.0,0,0.16400674
1.0,1,0.9831821
1.0,1,0.91845673
1.0,1,0.69423175
1.0,1,0.9824964
1.0,1,0.75251627
1.0,1,0.51109725
1.0,1,0.87901795
0.0,0,0.159437
1.0,1,0.9712622
0.0,0,0.019310469
0.0,0,0.03747965
0.0,0,0.26074025
0.0,0,0.016858209
0.0,0,0.010870103
1.0,1,0.97402275
1.0,1,0.9684607
0.0,0,0.15204582
0.0,0,0.004606289
1.0,1,0.9741222
1.0,1,0.97164035
0.0,1,0.50609726
1.0,1,0.9805763
1.0,1,0.55697536
0.0,0,0.005846
0.0,0,0.34059563
1.0,1,0.7398279
0.0,0,0.007337601
1.0,1,0.78377986
0.0,0,0.04420233
1.0,1,0.91278195
0.0,0,0.051728573
1.0,1,0.9821551
0.0,0,0.008714209
1.0,0,0.0089676
0.0,0,0.010509836
1.0,1,0.98259515
1.0,1,0.98221654
1.0,1,0.9670742
1.0,1,0.96696687
1.0,1,0.7620994
0.0,1,0.7552743
1.0,0,0.41858506
0.0,0,0.0026833212
1.0,1,0.5532967
1.0,1,0.9050087
0.0,0,0.061333347
1.0,1,0.8031354
0.0,0,0.24449244
1.0,1,0.92181677
0.0,0,0.0063520363
1.0,1,0.9483147
1.0,1,0.9709774
1.0,1,0.9590194
1.0,1,0.9299313
1.0,1,0.8675408
0.0,0,0.18036933
0.0,0,0.016605532
1.0,1,0.95613956
1.0,1,0.7968925
1.0,1,0.69419837
1.0,1,0.7445495
0.0,0,0.029022101
1.0,1,0.8831782
0.0,0,0.047266994
1.0,1,0.7089774
0.0,1,0.44460452
1.0,1,0.4628639
0.0,0,0.13483454
0.0,0,0.10338587
0.0,0,0.20476143
0.0,0,0.14456838
0.0,0,0.011653286
1.0,1,0.96051246
1.0,1,0.86157185
0.0,0,0.05274248
1.0,1,0.98155576
1.0,1,0.9365644
0.0,0,0.010023862
0.0,0,0.37922746
0.0,0,0.025792666
0.0,0,0.1322328
0.0,0,0.14055198
0.0,1,0.4466874
1.0,1,0.97373104
1.0,1,0.7371273
1.0,1,0.75834197
0.0,0,0.078469634
1.0,1,0.94001096
1.0,1,0.68682426
1.0,1,0.73611176
0.0,0,0.015417898
0.0,0,0.011130613
1.0,0,0.10545224
1.0,1,0.92431736
0.0,0,0.12474183
0.0,1,0.7607175
1.0,1,0.86914116
1.0,1,0.72908616
0.0,0,0.0063943863
0.0,0,0.0006702701
1.0,1,0.9466246
1.0,1,0.9089527
0.0,0,0.25960004
0.0,0,0.0136467805
0.0,0,0.02021862
0.0,1,0.64092517
0.0,0,0.004185086
0.0,0,0.1445278
1.0,1,0.9436188
0.0,0,0.2863407
1.0,1,0.96883804
0.0,0,0.091303915
1.0,1,0.9596952
0.0,0,0.14966564
0.0,0,0.03983949
1.0,1,0.9837296
1.0,1,0.945705
0.0,0,0.002346549
1.0,1,0.97122097
0.0,0,0.0070272703
0.0,0,0.053344954
0.0,0,0.005396077
0.0,0,0.095797576
1.0,1,0.8842859
1.0,1,0.9721926
0.0,0,0.0008826252
1.0,1,0.9451215
1.0,1,0.9731985
0.0,0,0.031668387
0.0,0,0.33947185
0.0,0,0.047495455
1.0,1,0.9797858
1.0,1,0.9818394
1.0,1,0.8816957
0.0,0,0.012210169
0.0,0,0.08714249
0.0,0,0.005559902
0.0,0,0.12836666
1.0,1,0.85427225
0.0,1,0.83335394
0.0,0,0.026303006
1.0,1,0.9741334
1.0,0,0.11321771
1.0,1,0.95034456
1.0,1,0.969881
0.0,0,0.13500927
1.0,1,0.9793784
1.0,1,0.48517174
1.0,1,0.88612133
0.0,0,0.38813698
1.0,1,0.9420924
1.0,1,0.7415137
1.0,1,0.9005799
0.0,0,0.0812969
0.0,0,0.019745369
1.0,1,0.9568083
1.0,1,0.71457666
1.0,1,0.9820883
1.0,1,0.68249166
0.0,0,0.1505795
1.0,1,0.8292788
0.0,1,0.46067712
1.0,1,0.9849839
0.0,0,0.008510791
0.0,0,0.027783228
1.0,1,0.9180129
1.0,1,0.7013873
0.0,0,0.0032192708
1.0,0,0.2957672
1.0,1,0.92788297
0.0,0,0.08652754
0.0,0,0.20709495
0.0,1,0.8116822
0.0,0,0.023155324
0.0,0,0.01498485
1.0,1,0.981102
0.0,0,0.010083532
0.0,0,0.29791662
0.0,1,0.6803795
0.0,0,0.35473135
0.0,0,0.027146854
1.0,1,0.98387
0.0,1,0.67527235
0.0,0,0.04553641
1.0,1,0.8886103
0.0,1,0.52340025
0.0,0,0.3404059
0.0,0,0.029536948
0.0,0,0.08390359
1.0,1,0.9805621
0.0,0,0.0028495004
0.0,1,0.46192694
0.0,0,0.0567643
1.0,1,0.89146763
1.0,1,0.88390607
1.0,1,0.9229277
0.0,0,0.0029423079
1.0,1,0.44392055
0.0,0,0.05048214
1.0,1,0.8644567
0.0,0,0.049792774
0.0,0,0.099063165
0.0,0,0.006141467
1.0,1,0.9387759
0.0,0,0.03960578
0.0,0,0.24022217
1.0,1,0.95182794
0.0,0,0.008421378
1.0,1,0.83479524
0.0,0,0.018437428
1.0,1,0.6736591
1.0,1,0.7520501
1.0,1,0.6532278
0.0,0,0.00075904
0.0,0,0.024724748
0.0,0,0.02538162
1.0,1,0.9674406
1.0,1,0.9408714
0.0,0,0.003578328
0.0,1,0.7035022
1.0,1,0.9770511
0.0,0,0.11570301
1.0,1,0.84188664
1.0,1,0.97995967
0.0,0,0.019675974
1.0,1,0.7470865
0.0,0,0.027488895
1.0,1,0.9782698
1.0,1,0.88517624
0.0,0,0.07016761
0.0,0,0.014828736
0.0,0,0.004812442
0.0,0,0.015010842
1.0,1,0.85954595
1.0,1,0.95499915
0.0,0,0.049593236
1.0,1,0.8078002
1.0,1,0.79397815
0.0,0,0.007321229
0.0,0,0.0064195716
1.0,1,0.9334916
0.0,0,0.054330382
1.0,1,0.9257702
1.0,1,0.969535
0.0,0,0.08283291
0.0,0,0.0035444344
1.0,1,0.9585292
1.0,1,0.8780695
0.0,0,0.41844538
1.0,1,0.9297611
1.0,1,0.92383134
1.0,0,0.33836627
0.0,0,0.1205698
1.0,1,0.86379474
1.0,1,0.97578484
0.0,1,0.97687775
0.0,0,0.34967527
0.0,0,0.016324231
0.0,0,0.11349061
1.0,1,0.9464529
0.0,0,0.09623852
1.0,1,0.9630698
0.0,0,0.06879575
0.0,0,0.24095817
1.0,1,0.9792746
0.0,0,0.0024162359
1.0,1,0.98628044
1.0,1,0.7085761
1.0,0,0.10122866
1.0,1,0.7551554
1.0,1,0.7010165
0.0,0,0.06647316
0.0,0,0.2986298
1.0,1,0.9497446
0.0,0,0.2992007
0.0,0,0.2680138
1.0,1,0.83736575
1.0,1,0.9339902
0.0,0,0.013134942
0.0,0,0.14250387
0.0,1,0.75311714
1.0,1,0.8201323
0.0,1,0.688656
1.0,1,0.7223402
1.0,1,0.5637995
1.0,1,0.9334827
0.0,0,0.16853856
0.0,0,0.0055924254
0.0,1,0.5811181
1.0,1,0.8093055
1.0,1,0.9727618
0.0,0,0.057249874
1.0,1,0.4627286
1.0,1,0.8979033
0.0,0,0.0056173727
1.0,1,0.83528554
1.0,1,0.8054177
1.0,1,0.9605926
1.0,1,0.72779983
1.0,1,0.9853697
1.0,0,0.27487284
0.0,0,0.030461298
0.0,0,0.007540711
0.0,0,0.20230156
1.0,1,0.9746448
0.0,0,0.012126538
0.0,0,0.031248892
0.0,0,0.014022034
0.0,0,0.00266504
1.0,1,0.9176645
0.0,1,0.49537283
0.0,0,0.0014219345
1.0,1,0.7450742
0.0,0,0.3094685
0.0,0,0.13258375
1.0,1,0.8147907
1.0,1,0.81643265
0.0,0,0.3442006
0.0,0,0.41429836
0.0,0,0.0059184683
0.0,0,0.0011766091
0.0,0,0.068410516
1.0,1,0.98340493
0.0,0,0.0016698929
1.0,1,0.9407675
0.0,0,0.0859215
1.0,1,0.8235574
0.0,0,0.24138796
0.0,0,0.041053593
1.0,0,0.285902
0.0,0,0.041144505
0.0,0,0.1476279
1.0,1,0.94968337
0.0,0,0.016426105
1.0,1,0.89394444
1.0,1,0.57990813
0.0,0,0.2827343
1.0,1,0.8292739
0.0,0,0.15872534
1.0,1,0.7832459
0.0,0,0.064429075
1.0,1,0.8912871
0.0,0,0.021329742
0.0,0,0.38557068
1.0,1,0.89218265
1.0,1,0.839211
1.0,1,0.75645113
0.0,0,0.039261892
1.0,1,0.8413623
1.0,1,0.6877924
1.0,1,0.9203374
0.0,0,0.008344024
0.0,0,0.014378334
1.0,1,0.9721837
0.0,0,0.29841343
1.0,1,0.7693446
1.0,1,0.8419945
0.0,1,0.606466
1.0,1,0.9224833
1.0,1,0.97811574
0.0,0,0.045236122
1.0,1,0.96828645
1.0,1,0.9458907
0.0,0,0.077359885
1.0,1,0.68453956
0.0,0,0.023564799
0.0,0,0.08107
1.0,1,0.96348095
0.0,0,0.026427062
1.0,1,0.8478939
1.0,1,0.9489222
1.0,1,0.91333467
0.0,0,0.1036555
1.0,1,0.97976375
0.0,0,0.014900967
0.0,0,0.017389355
0.0,0,0.030407578
0.0,0,0.10503783
0.0,0,0.27757972
0.0,0,0.0066298847
0.0,0,0.0031518722
1.0,1,0.98100764
1.0,1,0.9187207
0.0,0,0.014642362
0.0,0,0.047691867
1.0,1,0.98045677
1.0,1,0.96646667
0.0,0,0.009960514
1.0,1,0.9044324
0.0,0,0.0255811
0.0,0,0.013414761
1.0,0,0.060085658
0.0,0,0.24134618
0.0,1,0.70143354
1.0,1,0.65792865
0.0,0,0.0046909144
1.0,1,0.5921487
0.0,0,0.26771757
0.0,0,0.0056663365
0.0,0,0.0033151768
1.0,1,0.87686396
0.0,0,0.020692496
1.0,1,0.96426326
0.0,0,0.026223658
1.0,1,0.86944485
1.0,1,0.97175753
1.0,1,0.983419
1.0,1,0.88130826
0.0,0,0.19933283
1.0,1,0.87515545
1.0,0,0.3356261
0.0,0,0.28928804
0.0,0,0.00331226
1.0,1,0.94021374
1.0,0,0.29425883
1.0,1,0.9192281
1.0,1,0.98208094
1.0,1,0.6738306
1.0,1,0.97941786
1.0,1,0.8902721
1.0,1,0.98045623
0.0,1,0.71477926
1.0,0,0.2616226
1.0,1,0.98395
1.0,1,0.97755575
1.0,1,0.8595397
1.0,1,0.95813286
0.0,0,0.0073692673
0.0,0,0.005163906
1.0,1,0.82940876
0.0,0,0.24049836
0.0,0,0.034331832
0.0,1,0.80960554
1.0,1,0.9656157
1.0,1,0.9789616
0.0,0,0.020594059
0.0,0,0.0039660265
0.0,0,0.13172534
1.0,1,0.9717058
0.0,0,0.022506574
0.0,0,0.0069283876
0.0,0,0.19781676
1.0,1,0.88223684
1.0,1,0.84060585
0.0,0,0.35576677
1.0,1,0.5634555
0.0,0,0.3905803
1.0,1,0.93046147
1.0,1,0.9704082
1.0,1,0.8625648
0.0,0,0.23603036
1.0,1,0.9037538
0.0,0,0.07100535
0.0,0,0.30197057
0.0,0,0.0077919117
0.0,0,0.010661163
0.0,0,0.24426392
0.0,0,0.08597743
0.0,0,0.013141298
1.0,1,0.9392671
1.0,1,0.9747074
1.0,1,0.9842185
0.0,0,0.022430273
1.0,1,0.9557439
1.0,1,0.7657283
0.0,0,0.020814447
1.0,1,0.9669373
0.0,0,0.11852202
0.0,0,0.28265005
0.0,0,0.06232985
0.0,0,0.07138586
1.0,1,0.8994682
0.0,0,0.010494196
0.0,0,0.014368364
0.0,0,0.009804858
0.0,0,0.015935618
1.0,1,0.8205629
0.0,0,0.011287804
0.0,0,0.12289553
0.0,0,0.17872065
0.0,1,0.69055617
0.0,0,0.01064449
1.0,1,0.9107251
0.0,0,0.020101111
1.0,0,0.14817195
1.0,1,0.9841338
0.0,0,0.023212392
1.0,0,0.3699281
1.0,1,0.52682436
0.0,1,0.59996235
1.0,1,0.97739583
0.0,0,0.10929303
1.0,1,0.756722
0.0,0,0.030806785
1.0,0,0.32637006
0.0,0,0.0008412243
1.0,1,0.9705494
0.0,0,0.39499605
1.0,1,0.8174828
1.0,1,0.5682752
0.0,0,0.11063128
1.0,1,0.8437294
1.0,0,0.24624626
0.0,0,0.075691946
0.0,0,0.05128176
0.0,0,0.011299565
0.0,0,0.13589141
1.0,0,0.2837556
1.0,1,0.93206304
1.0,1,0.778824
1.0,1,0.97797376
1.0,1,0.9652999
1.0,1,0.8658773
0.0,0,0.0034454847
1.0,1,0.88556814
0.0,0,0.05812037
1.0,1,0.9728466
0.0,0,0.015101651
0.0,0,0.05905099
0.0,0,0.012810904
0.0,0,0.016121319
1.0,0,0.28521025
0.0,0,0.21288761
0.0,0,0.02261598
1.0,1,0.96509284
1.0,1,0.89634365
0.0,0,0.036385156
1.0,1,0.8785083
1.0,1,0.8122313
0.0,1,0.49108902
1.0,1,0.9733154
0.0,1,0.7538196
0.0,0,0.011744453
1.0,1,0.8493055
0.0,0,0.11191283
0.0,0,0.053368397
1.0,1,0.83060324
1.0,1,0.9756952
0.0,0,0.14291835
0.0,0,0.0045793247
0.0,0,0.006629487
1.0,1,0.9452142
0.0,0,0.24683416
1.0,1,0.97883934
1.0,1,0.8613193
1.0,1,0.9534778
0.0,0,0.3605087
1.0,1,0.92453957
1.0,1,0.86481917
1.0,1,0.8847734
1.0,1,0.51147515
0.0,0,0.0011709253
1.0,1,0.74922276
1.0,1,0.869767
1.0,1,0.785836
0.0,0,0.02249325
1.0,0,0.047594417
0.0,1,0.8222078
0.0,0,0.010487132
0.0,0,0.004205487
0.0,0,0.2683616
0.0,0,0.07810185
1.0,1,0.9574268
0.0,0,0.016576836
1.0,1,0.98155993
0.0,0,0.0070677195
0.0,0,0.023544108
0.0,0,0.012787363
1.0,1,0.8847982
0.0,1,0.7537893
1.0,1,0.8422036
0.0,0,0.31569323
1.0,1,0.82799476
0.0,0,0.0092197005
0.0,0,0.18848279
0.0,0,0.16159913
0.0,0,0.19094636
0.0,1,0.98218924
0.0,0,0.04129741
0.0,0,0.0039729564
0.0,0,0.09387011
0.0,0,0.1870051
1.0,1,0.7851114
0.0,0,0.0014330517
0.0,0,0.011815348
0.0,0,0.018679803
0.0,1,0.5804025
0.0,0,0.0034236524
1.0,1,0.8661972
1.0,0,0.4048191
1.0,1,0.985903
1.0,1,0.93164414
0.0,0,0.03189758
1.0,1,0.945058
1.0,1,0.93481356
1.0,1,0.83180606
1.0,1,0.71742845
0.0,0,0.03173718
0.0,1,0.5924838
0.0,0,0.0015751814
0.0,0,0.040919162
0.0,0,0.011985089
1.0,1,0.7723767
0.0,1,0.46847236
1.0,1,0.8437676
0.0,0,0.33939362
0.0,0,0.4159442
0.0,0,0.012574138
1.0,1,0.8876517
1.0,1,0.9747657
1.0,1,0.9858331
0.0,0,0.00955314
0.0,0,0.05033098
1.0,1,0.47579283
0.0,0,0.08804207
0.0,0,0.0016128591
1.0,1,0.69009304
0.0,0,0.05866179
1.0,1,0.84529775
1.0,1,0.9732353
1.0,0,0.35895783
0.0,0,0.010040983
0.0,1,0.7522103
0.0,0,0.024234599
1.0,1,0.97557056
1.0,1,0.9612168
0.0,0,0.0049333014
1.0,1,0.6376177
1.0,0,0.3278976
0.0,1,0.52294683
1.0,0,0.11043789
1.0,1,0.98121643
0.0,0,0.19565481
0.0,0,0.0022075996
0.0,0,0.0038575968
1.0,1,0.9484489
0.0,0,0.024334786
0.0,1,0.8432841
1.0,1,0.97932184
0.0,0,0.024975505
0.0,0,0.00926642
0.0,1,0.57303894
1.0,1,0.91420186
0.0,0,0.0053323926
1.0,0,0.376318
0.0,0,0.031421814
1.0,1,0.9315267
1.0,1,0.71883935
0.0,0,0.0426732
1.0,1,0.9801797
0.0,0,0.006789427
1.0,1,0.46103454
1.0,1,0.77669317
1.0,1,0.9357607
0.0,0,0.045533653
0.0,0,0.07345392
0.0,0,0.018096661
1.0,1,0.87265134
0.0,0,0.10234938
1.0,1,0.83248186
1.0,1,0.8718045
0.0,0,0.16813925
0.0,0,0.0523072
1.0,1,0.6150531
1.0,1,0.73726165
0.0,0,0.1302829
1.0,1,0.93236655
1.0,1,0.77463746
1.0,1,0.8219393
1.0,1,0.7943707
1.0,1,0.968708
1.0,1,0.9625001
0.0,0,0.19894259
0.0,0,0.162291
0.0,0,0.08359137
1.0,1,0.9763973
0.0,0,0.26383492
0.0,1,0.49115792
0.0,0,0.08331352
1.0,1,0.8820756
1.0,1,0.89477396
0.0,1,0.50255173
1.0,1,0.86456716
1.0,1,0.9344709
0.0,0,0.1482944
1.0,1,0.86861956
0.0,0,0.0032310558
0.0,0,0.34533048
1.0,1,0.97611696
1.0,1,0.9647978
1.0,0,0.3385652
1.0,1,0.75985533
1.0,1,0.9617899
1.0,1,0.65563905
0.0,0,0.05251249
1.0,1,0.7643477
1.0,1,0.94158703
0.0,0,0.0813595
0.0,1,0.43860796
1.0,1,0.54712415
0.0,0,0.025421746
1.0,1,0.8703805
1.0,1,0.9708002
1.0,1,0.9399032
0.0,0,0.008494463
0.0,1,0.9684435
1.0,1,0.69703615
1.0,1,0.9828959
0.0,0,0.011378568
1.0,1,0.9761774
0.0,0,0.15950043
0.0,0,0.08589241
0.0,1,0.7440116
0.0,1,0.7310896
1.0,1,0.97022873
1.0,1,0.87283784
0.0,0,0.032723386
0.0,1,0.67703706
0.0,1,0.5838438
0.0,0,0.0009888433
1.0,1,0.975962
1.0,1,0.96469104
0.0,0,0.012522157
0.0,0,0.06460748
1.0,1,0.80533713
0.0,1,0.46414542
1.0,1,0.90061307
1.0,1,0.9377545
1.0,1,0.9701381
1.0,1,0.8643375
0.0,0,0.13072194
0.0,0,0.004345936
1.0,0,0.41943204
0.0,0,0.0039103674
0.0,0,0.12982619
0.0,0,0.0044854386
0.0,0,0.027529556
1.0,1,0.6010027
0.0,0,0.38350087
1.0,1,0.97628975
0.0,0,0.0005205301
1.0,1,0.97501606
0.0,0,0.09978954
0.0,0,0.065943606
0.0,0,0.008607662
0.0,0,0.027831815
1.0,1,0.9447845
0.0,0,0.018256113
1.0,1,0.9655164
0.0,0,0.053201687
0.0,1,0.48345733
1.0,1,0.9190477
0.0,0,0.008973508
1.0,1,0.5947845
1.0,0,0.1591442
1.0,0,0.17768182
0.0,0,0.06985
1.0,1,0.9331348
1.0,1,0.97002804
0.0,0,0.15560761
0.0,0,0.0048801093
1.0,1,0.8663151
0.0,0,0.016387606
0.0,1,0.53303933
1.0,1,0.7317395
0.0,0,0.007811952
0.0,0,0.004551635
1.0,1,0.86880594
0.0,0,0.008250268
0.0,0,0.41364545
1.0,1,0.8885863
1.0,1,0.49596733
0.0,0,0.1269121
0.0,0,0.044710383
0.0,0,0.079654105
0.0,0,0.027243422
1.0,1,0.9832873
0.0,0,0.14704956
0.0,0,0.0033041972
1.0,1,0.80774736
1.0,1,0.5964805
1.0,0,0.334618
0.0,0,0.23632188
1.0,1,0.6463425
0.0,0,0.026063973
0.0,0,0.34885326
1.0,1,0.8616704
0.0,0,0.2900612
1.0,1,0.9541642
1.0,1,0.6639981
0.0,0,0.027723495
0.0,0,0.2667144
1.0,1,0.94799984
1.0,1,0.88535833
0.0,0,0.024697367
1.0,1,0.97990113
0.0,1,0.46793038
0.0,0,0.06917523
1.0,1,0.90462095
0.0,0,0.021146977
0.0,0,0.0030697319
1.0,1,0.98211575
0.0,1,0.44426382
1.0,1,0.51395726
0.0,1,0.8720998
1.0,1,0.9776577
0.0,1,0.79481876
1.0,1,0.73732615
0.0,0,0.0664669
1.0,1,0.85079277
1.0,1,0.8390291
1.0,1,0.9617926
1.0,1,0.97007847
0.0,0,0.10215481
0.0,0,0.021447456
1.0,1,0.83536917
1.0,1,0.9710919
0.0,0,0.0033325627
0.0,0,0.23627512
1.0,1,0.97541827
1.0,1,0.97851866
1.0,1,0.95922554
0.0,0,0.011483192
1.0,1,0.983281
0.0,0,0.018747333
1.0,1,0.93334466
1.0,1,0.66848445
1.0,1,0.87333685
0.0,0,0.01094162
0.0,0,0.005743523
0.0,0,0.34968907
0.0,0,0.010037063
0.0,0,0.2598896
1.0,1,0.79450643
1.0,1,0.9136395
0.0,0,0.01226404
1.0,1,0.983655
1.0,1,0.9548818
1.0,1,0.92875546
1.0,1,0.94794536
0.0,0,0.03674524
1.0,1,0.8905437
1.0,1,0.857558
0.0,1,0.6500394
0.0,0,0.055009305
1.0,1,0.9552146
1.0,1,0.6951815
1.0,1,0.91854775
1.0,1,0.9708971
0.0,0,0.039222438
0.0,1,0.5570439
1.0,1,0.88255715
0.0,0,0.005264248
0.0,1,0.7136816
1.0,1,0.9838907
1.0,1,0.9732484
0.0,0,0.29867557
1.0,1,0.9825793
1.0,1,0.983142
0.0,0,0.04739781
0.0,0,0.014325223
1.0,1,0.8364633
1.0,1,0.83787596
1.0,1,0.8536364
1.0,1,0.9332136
1.0,1,0.9800827
0.0,0,0.03968261
1.0,1,0.87112415
0.0,0,0.038596597
0.0,0,0.01483983
0.0,0,0.044820707
1.0,0,0.38208818
1.0,0,0.22075088
1.0,1,0.8071492
0.0,0,0.2600307
1.0,1,0.98361075
0.0,0,0.009232005
0.0,0,0.3427632
0.0,1,0.6796974
1.0,1,0.94815016
1.0,1,0.8096728
1.0,1,0.9778885
0.0,0,0.007731513
0.0,0,0.01002968
0.0,0,0.00532905
0.0,0,0.18046221
0.0,0,0.118848085
1.0,0,0.13412417
1.0,1,0.8704699
0.0,0,0.10865678
0.0,1,0.85998005
0.0,1,0.5509948
0.0,0,0.036762442
1.0,1,0.81590366
1.0,1,0.67764354
0.0,0,0.3510343
0.0,0,0.0018364621
1.0,1,0.9866534
1.0,1,0.75479084
1.0,1,0.7899534
0.0,0,0.028762646
1.0,1,0.86451864
0.0,1,0.6827727
1.0,1,0.6483375
0.0,0,0.008135691
0.0,1,0.53054345
0.0,0,0.2555537
1.0,1,0.97527003
1.0,1,0.637411
0.0,0,0.37603152
1.0,1,0.97581136
1.0,1,0.7356355
1.0,1,0.8041587
1.0,1,0.7347528
1.0,1,0.6548851
0.0,0,0.008272239
1.0,1,0.9086778
1.0,1,0.90235645
1.0,1,0.9285768
0.0,0,0.001267014
1.0,1,0.93691885
1.0,1,0.49004954
0.0,0,0.032517686
1.0,1,0.98145884
0.0,0,0.03396442
1.0,1,0.815184
0.0,0,0.19807851
0.0,0,0.018763665
0.0,1,0.5416985
0.0,1,0.72487926
1.0,1,0.6018547
1.0,1,0.97423685
1.0,1,0.93457425
0.0,1,0.45740032
0.0,0,0.017008629
1.0,1,0.7873222
0.0,1,0.9117235
0.0,1,0.6939533
1.0,1,0.7934514
1.0,1,0.8329797
1.0,1,0.8919016
1.0,1,0.9807193
0.0,0,0.14365369
0.0,0,0.005555987
1.0,1,0.7597916
1.0,1,0.88947755
0.0,0,0.00047961008
0.0,0,0.0032442976
0.0,1,0.5013684
1.0,1,0.853907
1.0,1,0.9401107
0.0,0,0.16331148
0.0,0,0.33046964
1.0,1,0.92666745
0.0,0,0.010160126
0.0,0,0.03168275
1.0,1,0.9664176
0.0,0,0.008650341
1.0,1,0.97700447
1.0,1,0.9760565
1.0,0,0.19276762
0.0,1,0.6232765
1.0,1,0.8941635
0.0,0,0.0015698405
1.0,0,0.40162063
0.0,0,0.0032894786
1.0,1,0.85696673
0.0,0,0.003635182
0.0,0,0.0032296802
0.0,0,0.035762805
0.0,0,0.008713776
1.0,1,0.85182923
1.0,1,0.94648683
1.0,1,0.9040546
1.0,0,0.039912496
1.0,1,0.9230597
1.0,1,0.97868824
1.0,1,0.9256975
0.0,0,0.002127889
0.0,1,0.79345465
1.0,1,0.93003726
1.0,1,0.84975576
0.0,0,0.024525905
0.0,0,0.38093287
0.0,0,0.14794882
1.0,1,0.97476715
1.0,1,0.6672232
1.0,1,0.9584058
0.0,0,0.055181634
1.0,1,0.74607617
0.0,1,0.5333864
1.0,1,0.71059537
0.0,0,0.09730897
0.0,0,0.01604646
1.0,1,0.96486014
1.0,1,0.879112
0.0,0,0.0425012
0.0,0,0.0036355895
1.0,1,0.7242129
1.0,1,0.80094427
0.0,0,0.3503783
1.0,1,0.98156387
0.0,0,0.030980464
1.0,1,0.95450795
1.0,1,0.6782599
0.0,0,0.21807103
0.0,0,0.10685408
1.0,1,0.97273266
1.0,1,0.8765202
0.0,0,0.031033657
0.0,0,0.0150982905
1.0,1,0.93485296
1.0,1,0.51393497
0.0,0,0.011744728
0.0,0,0.15875526
1.0,1,0.9781481
1.0,1,0.9654319
1.0,1,0.7294205
0.0,0,0.036947664
0.0,0,0.07687846
0.0,1,0.80663717
1.0,1,0.95019865
0.0,0,0.08045485
0.0,0,0.0077432874
0.0,0,0.0070901313
1.0,1,0.981043
0.0,0,0.07954465
1.0,0,0.33126542
0.0,0,0.003026593
0.0,0,0.13722563
0.0,1,0.46947667
0.0,0,0.091485046
1.0,1,0.95882607
1.0,1,0.8044312
0.0,0,0.2529474
0.0,0,0.33340767
1.0,1,0.9169573
1.0,1,0.9052981
0.0,0,0.043073088
0.0,0,0.046677537
0.0,0,0.27240887
0.0,1,0.53964835
1.0,1,0.93721825
1.0,1,0.9807211
0.0,0,0.29470816
1.0,1,0.7097751
1.0,1,0.9646302
0.0,0,0.042216793
0.0,0,0.102451704
1.0,1,0.9625938
1.0,1,0.73504937
1.0,1,0.9148476
0.0,0,0.02302851
1.0,1,0.7227253
0.0,0,0.29030898
0.0,0,0.0078014038
0.0,0,0.0041877427
1.0,1,0.76554966
0.0,0,0.019199425
1.0,1,0.9170025
0.0,0,0.075422205
0.0,0,0.06541416
0.0,0,0.07003023
0.0,1,0.8215498
1.0,1,0.7831505
1.0,1,0.63161147
1.0,1,0.96889555
0.0,0,0.02340029
0.0,0,0.1474248
1.0,1,0.9775345
1.0,1,0.8894128
0.0,0,0.013403249
1.0,1,0.98114324
0.0,0,0.028334677
0.0,0,0.0032220166
0.0,1,0.9789047
1.0,1,0.61566395
0.0,0,0.2378155
1.0,0,0.29431435
1.0,1,0.9824203
1.0,1,0.8361518
1.0,1,0.9792104
0.0,0,0.0065445425
1.0,1,0.97261727
0.0,0,0.0716527
0.0,0,0.0059956764
0.0,0,0.015968319
0.0,0,0.18732764
1.0,1,0.62389886
0.0,0,0.019163756
0.0,0,0.018063774
0.0,0,0.10003193
0.0,1,0.65831256
0.0,0,0.010739474
0.0,0,0.0016695583
0.0,1,0.71195686
0.0,0,0.0015649631
1.0,1,0.8087913
0.0,0,0.19001544
1.0,1,0.8614969
1.0,1,0.8516857
1.0,1,0.916425
1.0,1,0.91582465
0.0,0,0.010526872
0.0,0,0.09937656
1.0,1,0.8155517
0.0,0,0.055514816
0.0,0,0.038061902
0.0,0,0.40060878
1.0,1,0.87608844
1.0,1,0.9239686
0.0,0,0.21619643
0.0,0,0.11181598
0.0,0,0.009590836
1.0,1,0.64927894
0.0,0,0.3023891
1.0,1,0.88981557
1.0,0,0.372684
0.0,0,0.0061585195
0.0,0,0.03024025
1.0,1,0.73852366
1.0,1,0.48535287
0.0,0,0.040269688
0.0,0,0.2696183
0.0,0,0.0060060523
1.0,1,0.95595104
1.0,1,0.93430036
1.0,1,0.91604114
1.0,1,0.87547123
1.0,1,0.7738226
1.0,1,0.66905165
0.0,0,0.25755003
0.0,0,0.007635338
0.0,0,0.13248526
1.0,1,0.91488796
1.0,1,0.9678193
0.0,0,0.12866776
1.0,1,0.92296857
0.0,0,0.008091904
1.0,1,0.9460321
0.0,0,0.012132411
1.0,1,0.85074276
1.0,1,0.8572888
0.0,0,0.0035217982
0.0,0,0.037574615
1.0,1,0.7865743
0.0,0,0.013940365
1.0,1,0.97717357
0.0,0,0.007866365
1.0,1,0.938944
1.0,1,0.6702242
0.0,0,0.13443421
0.0,1,0.52444816
0.0,0,0.05226344
0.0,0,0.19262223
0.0,0,0.1741602
1.0,1,0.9213251
0.0,0,0.006647013
0.0,0,0.024508188
1.0,1,0.900183
1.0,1,0.9443173
0.0,1,0.44547352
0.0,0,0.019435082
1.0,1,0.9296022
0.0,0,0.048866518
0.0,0,0.16215703
0.0,0,0.010051387
0.0,0,0.29364413
1.0,1,0.7240051
0.0,0,0.35093752
0.0,0,0.20978945
0.0,0,0.051950436
0.0,0,0.027535504
1.0,1,0.7084956
0.0,0,0.024811499
0.0,0,0.18180971
0.0,0,0.21035402
0.0,0,0.12174669
1.0,1,0.979913
1.0,1,0.9746424
1.0,0,0.28916532
0.0,0,0.0973236
1.0,1,0.88033175
0.0,0,0.019507486
0.0,0,0.057791356
0.0,0,0.034191173
1.0,1,0.96370924
1.0,1,0.7538567
0.0,0,0.0006693317
1.0,1,0.7300849
1.0,1,0.90625685
1.0,1,0.48797372
1.0,1,0.86972165
0.0,0,0.013831501
1.0,1,0.9330899
1.0,1,0.8468013
0.0,0,0.30029592
0.0,0,0.026083639
1.0,1,0.9679469
1.0,1,0.97039485
1.0,1,0.8471359
0.0,0,0.2677306
1.0,1,0.9459629
0.0,0,0.0013441945
1.0,1,0.9834676
1.0,1,0.93455184
1.0,1,0.71450746
1.0,1,0.9052645
0.0,0,0.26497036
1.0,1,0.9328854
0.0,0,0.012290653
0.0,0,0.046153262
0.0,1,0.5261729
1.0,1,0.612501
1.0,1,0.97244066
1.0,0,0.4023959
0.0,0,0.0061186505
0.0,0,0.39133942
0.0,0,0.082072824
1.0,1,0.9531819
0.0,0,0.1486719
1.0,1,0.78546387
0.0,0,0.07098859
0.0,0,0.153016
1.0,1,0.8286752
0.0,0,0.050746005
0.0,1,0.54726064
0.0,0,0.012283962
1.0,1,0.77659017
1.0,1,0.8629446
1.0,1,0.97673726
1.0,1,0.9107536
1.0,1,0.79794174
1.0,1,0.90332514
0.0,0,0.20485902
1.0,1,0.89333963
1.0,1,0.8915546
1.0,1,0.88776255
0.0,0,0.005666173
0.0,1,0.43448585
1.0,0,0.21000089
0.0,0,0.043296598
1.0,0,0.37150648
1.0,1,0.76390946
1.0,1,0.90417105
0.0,0,0.14077622
0.0,0,0.014979149
1.0,1,0.9236446
0.0,0,0.0015935069
0.0,0,0.075512424
1.0,1,0.8643997
1.0,0,0.15000167
0.0,0,0.16452305
0.0,0,0.13580629
0.0,0,0.04095829
0.0,0,0.0022475414
1.0,1,0.905373
1.0,1,0.9201547
1.0,1,0.9845773
1.0,1,0.80308354
1.0,1,0.4601506
1.0,1,0.5556638
0.0,0,0.0476067
1.0,1,0.9253624
1.0,1,0.9841411
0.0,0,0.065244295
1.0,1,0.9237669
0.0,1,0.85344726
0.0,0,0.23684664
0.0,0,0.019933097
0.0,0,0.005777212
1.0,1,0.93257535
0.0,0,0.0027846023
1.0,1,0.9810229
1.0,1,0.8601838
1.0,1,0.6177926
0.0,0,0.023068206
1.0,1,0.8713412
0.0,0,0.007143422
1.0,1,0.98225504
0.0,0,0.32954147
1.0,1,0.8935392
1.0,1,0.9858293
1.0,1,0.96253306
0.0,1,0.6322213
0.0,0,0.011740047
0.0,0,0.014187783
0.0,0,0.14338888
0.0,1,0.6764885
0.0,0,0.013895987
0.0,0,0.26554108
1.0,1,0.71819794
0.0,0,0.07096478
1.0,1,0.9725771
0.0,0,0.11324591
0.0,0,0.0021854723
1.0,1,0.42632586
0.0,0,0.1172866
0.0,0,0.009064334
1.0,1,0.7511801
0.0,0,0.049114168
1.0,1,0.98391914
1.0,1,0.46974427
1.0,1,0.5660343
0.0,0,0.019211845
0.0,0,0.07373589
1.0,1,0.98446476
1.0,1,0.96510977
0.0,1,0.8998888
1.0,1,0.9712206
0.0,0,0.32857087
1.0,1,0.8505034
0.0,0,0.09555506
1.0,1,0.9334182
1.0,1,0.9687466
0.0,0,0.012896746
1.0,1,0.71885395
1.0,1,0.84498197
0.0,0,0.03689244
1.0,1,0.9653279
1.0,1,0.92943645
0.0,0,0.011489035
0.0,0,0.011989003
0.0,0,0.026050923
1.0,1,0.9375655
0.0,0,0.009205063
0.0,1,0.75284183
1.0,1,0.91496015
0.0,0,0.05061856
1.0,1,0.97638565
0.0,1,0.4202297
1.0,1,0.90504074
1.0,0,0.3901281
1.0,1,0.97803634
1.0,1,0.9171831
1.0,1,0.935937
0.0,0,0.005927708
1.0,1,0.9788522
1.0,1,0.82579374
1.0,1,0.7936677
0.0,0,0.024694633
0.0,0,0.058241278
1.0,1,0.96422076
0.0,1,0.49802697
0.0,0,0.09201055
0.0,0,0.04064361
1.0,1,0.9831166
1.0,1,0.6563531
1.0,1,0.95726675
0.0,0,0.021171568
1.0,1,0.9812033
0.0,0,0.20465155
1.0,1,0.9805268
0.0,1,0.8006431
0.0,0,0.05915391
1.0,1,0.92911565
1.0,1,0.8787072
0.0,1,0.59819674
0.0,0,0.0009446839
0.0,0,0.076228745
1.0,1,0.80414104
1.0,1,0.9729749
0.0,0,0.06038377
0.0,0,0.017433016
1.0,1,0.7547339
0.0,0,0.09932998
0.0,0,0.009159957
1.0,1,0.9828317
0.0,1,0.9460717
0.0,0,0.0112644015
1.0,1,0.9637753
1.0,1,0.80373347
1.0,1,0.83660674
1.0,1,0.98123443
1.0,1,0.8933494
0.0,0,0.02447725
1.0,1,0.79834485
0.0,0,0.03182372
0.0,0,0.0055889366
1.0,1,0.7458612
0.0,0,0.10744994
0.0,1,0.44036233
1.0,1,0.789891
1.0,1,0.96737045
0.0,0,0.017248886
1.0,1,0.91632444
1.0,1,0.97678304
1.0,1,0.8809317
0.0,0,0.08706681
0.0,0,0.049890418
1.0,1,0.98077124
1.0,1,0.90901154
1.0,1,0.88052833
1.0,1,0.8101295
0.0,0,0.012102968
0.0,0,0.0049100984
0.0,0,0.3744242
0.0,0,0.11955433
1.0,1,0.6977675
0.0,0,0.006848459
0.0,0,0.2148792
0.0,0,0.07435908
1.0,1,0.9503598
0.0,0,0.371258
0.0,0,0.2749499
0.0,1,0.78593874
1.0,1,0.9012613
1.0,1,0.97356445
0.0,0,0.0071480563
0.0,0,0.035932627
1.0,1,0.9711954
1.0,1,0.9611797
0.0,0,0.20627348
0.0,0,0.039361876
1.0,1,0.8498975
1.0,1,0.92569697
0.0,0,0.29991114
1.0,1,0.9824694
1.0,1,0.6057722
0.0,0,0.012716043
0.0,0,0.026456513
0.0,0,0.013969897
0.0,0,0.00827335
1.0,1,0.9111585
0.0,0,0.007800587
1.0,1,0.97261816
1.0,1,0.9626697
0.0,0,0.004496486
0.0,0,0.0048723877
0.0,0,0.033853166
1.0,1,0.9434917
0.0,0,0.3052315
0.0,1,0.60562634
0.0,1,0.4485328
1.0,1,0.95115376
0.0,0,0.06560536
0.0,0,0.016472654
0.0,0,0.14700463
0.0,0,0.024993775
1.0,1,0.980095
0.0,0,0.1172318
1.0,1,0.978253
0.0,0,0.033533268
1.0,1,0.91837806
1.0,1,0.98060554
1.0,1,0.978664
0.0,0,0.22312425
1.0,1,0.9798592
1.0,1,0.9719241
1.0,1,0.9482032
1.0,1,0.8150604
1.0,1,0.9833411
1.0,1,0.8946442
0.0,0,0.13224944
1.0,1,0.86071295
1.0,1,0.92992735
1.0,1,0.8381853
1.0,1,0.9625083
0.0,0,0.14871913
1.0,1,0.844199
0.0,0,0.07561979
0.0,0,0.018135833
0.0,0,0.1698492
0.0,0,0.025328565
0.0,0,0.0022859646
1.0,1,0.8914252
0.0,0,0.32238668
1.0,1,0.9823529
0.0,0,0.014791257
1.0,1,0.7657721
0.0,0,0.010733406
0.0,0,0.054327097
0.0,0,0.15557446
1.0,1,0.88777167
1.0,1,0.9561487
0.0,0,0.031349797
0.0,0,0.015866576
0.0,0,0.007320921
0.0,0,0.13220721
1.0,1,0.97198004
1.0,1,0.8390804
0.0,0,0.099754356
1.0,1,0.8042738
1.0,1,0.9618513
1.0,1,0.9725545
1.0,1,0.9757716
1.0,1,0.9784487
1.0,1,0.9041219
0.0,1,0.8069527
0.0,0,0.023949547
0.0,0,0.051634226
1.0,1,0.98160416
1.0,1,0.9603128
0.0,0,0.03433475
0.0,1,0.64772797
1.0,1,0.98114973
0.0,0,0.0062085227
0.0,0,0.12827748
1.0,1,0.9815222
1.0,1,0.98086447
1.0,1,0.91620624
0.0,0,0.29860124
0.0,0,0.038757157
1.0,1,0.95567477
1.0,1,0.44212288
0.0,0,0.13889031
1.0,1,0.92126644
1.0,1,0.8947177
0.0,0,0.05195109
1.0,1,0.95763934
0.0,0,0.061435297
1.0,0,0.29130885
1.0,1,0.6443323
0.0,0,0.01813673
0.0,0,0.039111473
0.0,0,0.0117359925
1.0,1,0.90209526
1.0,1,0.6541443
0.0,0,0.029268792
1.0,1,0.9678497
0.0,1,0.49415433
1.0,1,0.9672407
0.0,0,0.007339269
1.0,1,0.83223724
1.0,1,0.77460396
1.0,1,0.9639963
1.0,1,0.6398196
1.0,1,0.9281887
0.0,1,0.53218824
0.0,0,0.040652677
0.0,0,0.15268469
0.0,0,0.043663695
1.0,1,0.8821415
0.0,0,0.0040050535
0.0,0,0.085401826
1.0,1,0.8884054
0.0,0,0.040868834
1.0,1,0.9855135
1.0,1,0.7032622
0.0,0,0.24537127
1.0,1,0.94970703
0.0,0,0.14859352
0.0,1,0.82903665
1.0,1,0.9259499
0.0,0,0.05310685
1.0,1,0.95048237
0.0,1,0.7970787
0.0,1,0.57834697
0.0,0,0.054558393
1.0,1,0.9543341
0.0,0,0.40738803
0.0,0,0.031401902
1.0,1,0.922
1.0,1,0.9554289
0.0,0,0.020462682
0.0,0,0.06493239
1.0,0,0.30969697
0.0,0,0.20443258
0.0,0,0.0056791045
0.0,1,0.50567484
1.0,1,0.9212021
0.0,0,0.031841166
0.0,0,0.02908428
1.0,1,0.9754179
0.0,0,0.0094830915
0.0,0,0.09193502
1.0,1,0.9842881
0.0,0,0.34978044
1.0,1,0.97419095
1.0,1,0.91184163
0.0,0,0.034961738
0.0,0,0.11455468
1.0,1,0.9605254
0.0,0,0.00526468
0.0,0,0.18366429
1.0,1,0.54677165
0.0,1,0.77259064
0.0,0,0.15801644
1.0,1,0.9472785
0.0,0,0.0040663835
1.0,1,0.8113343
1.0,1,0.886582
0.0,0,0.32395014
0.0,0,0.057919964
1.0,1,0.8344117
1.0,1,0.77470106
0.0,0,0.23905824
0.0,0,0.011981668
1.0,1,0.98385894
0.0,1,0.87246
0.0,0,0.0070196185
0.0,0,0.14893135
0.0,0,0.029359646
1.0,1,0.7836279
0.0,0,0.006851164
1.0,1,0.70929116
1.0,1,0.9825916
1.0,1,0.72569835
1.0,1,0.9750754
1.0,1,0.91735387
0.0,0,0.015341819
0.0,0,0.002559813
1.0,1,0.98279905
1.0,1,0.8934601
1.0,1,0.9258071
1.0,1,0.9534588
1.0,1,0.92095506
0.0,0,0.0048522274
1.0,1,0.9471826
0.0,0,0.05446082
1.0,1,0.7197274
0.0,0,0.049894072
1.0,1,0.94088393
0.0,0,0.05748581
0.0,0,0.09744301
0.0,0,0.016641753
0.0,0,0.010677576
1.0,1,0.85815555
1.0,1,0.93737704
1.0,1,0.89887786
0.0,0,0.18575951
0.0,0,0.0035954812
0.0,0,0.030966483
0.0,0,0.040980678
1.0,1,0.5665872
0.0,0,0.006667307
1.0,0,0.2663926
1.0,1,0.98040926
0.0,0,0.14070077
0.0,0,0.08339167
1.0,1,0.82173485
0.0,0,0.006347718
0.0,0,0.00534109
1.0,1,0.92244834
1.0,1,0.9657011
0.0,0,0.043711253
0.0,1,0.57711256
1.0,1,0.8172167
0.0,0,0.09173232
0.0,0,0.34396976
0.0,0,0.012815994
1.0,1,0.44933552
1.0,1,0.7442301
0.0,0,0.013581631
0.0,0,0.006768792
0.0,0,0.18252447
1.0,1,0.48966357
0.0,0,0.0046161953
1.0,1,0.9083518
1.0,0,0.32372332
1.0,1,0.84519875
0.0,0,0.17485118
1.0,1,0.49041006
0.0,0,0.022127802
1.0,1,0.95759803
0.0,1,0.6859923
1.0,1,0.9699048
0.0,0,0.04675587
1.0,1,0.9625843
1.0,1,0.9560016
1.0,1,0.8410757
1.0,1,0.7031164
1.0,1,0.96715945
1.0,1,0.90784
1.0,1,0.60080767
0.0,0,0.011120304
0.0,0,0.002165968
0.0,0,0.0069229864
0.0,0,0.04467357
0.0,0,0.016416214
1.0,0,0.06063816
0.0,0,0.34799868
0.0,0,0.027993212
0.0,0,0.004742536
1.0,1,0.97945416
1.0,1,0.6987368
0.0,0,0.023707217
0.0,0,0.03761254
1.0,1,0.8219967
0.0,0,0.14022769
0.0,0,0.10127387
1.0,1,0.92097765
0.0,0,0.01939047
1.0,1,0.7824679
1.0,1,0.9704603
1.0,1,0.95931923
1.0,1,0.97748506
0.0,0,0.0046782927
1.0,1,0.8870501
0.0,0,0.099082366
0.0,0,0.14128569
1.0,1,0.84342766
1.0,1,0.95543796
1.0,1,0.97600293
1.0,1,0.7052518
0.0,0,0.14362161
0.0,0,0.04137044
0.0,0,0.215283
1.0,1,0.9737493
0.0,0,0.16257118
1.0,1,0.8012013
1.0,1,0.77193457
0.0,0,0.3002245
1.0,1,0.9674225
1.0,1,0.75427073
0.0,1,0.76704
0.0,0,0.24736032
1.0,1,0.6594092
0.0,0,0.034845985
0.0,1,0.68688375
0.0,0,0.0048126844
0.0,0,0.20815445
0.0,0,0.0049828375
1.0,0,0.3562389
0.0,0,0.004626827
1.0,1,0.9586481
0.0,0,0.007194759
0.0,0,0.0041459426
0.0,0,0.004124311
0.0,0,0.03767678
0.0,0,0.0118214395
0.0,0,0.0017267342
1.0,1,0.94256306
0.0,0,0.012522712
0.0,0,0.015813388
1.0,1,0.80377805
1.0,1,0.94870764
1.0,1,0.9635991
0.0,1,0.4748506
1.0,1,0.86201173
1.0,1,0.95889354
1.0,1,0.8371157
0.0,0,0.40025175
1.0,1,0.9799217
0.0,1,0.655726
1.0,1,0.8456138
1.0,1,0.9071792
0.0,0,0.098587535
1.0,1,0.60543656
1.0,1,0.9600898
0.0,1,0.50462687
1.0,1,0.8200821
1.0,1,0.9829472
0.0,0,0.07179033
1.0,1,0.89098454
1.0,1,0.8611795
1.0,1,0.9366311
0.0,0,0.24428383
1.0,1,0.97289187
0.0,0,0.09154987
1.0,1,0.6531381
0.0,1,0.6309835
1.0,1,0.94348294
0.0,0,0.12069109
1.0,1,0.98006463
1.0,1,0.45966008
1.0,1,0.9502708
1.0,1,0.9307744
0.0,0,0.0070176614
0.0,1,0.49820098
0.0,1,0.5012939
1.0,1,0.9216898
1.0,1,0.9416867
0.0,1,0.80199987
1.0,1,0.60589623
0.0,1,0.7207382
0.0,0,0.0066052126
1.0,1,0.82814527
1.0,1,0.8307874
1.0,1,0.89702713
1.0,1,0.85722685
1.0,1,0.8266555
0.0,0,0.0070279725
0.0,0,0.0035237463
1.0,0,0.23067759
0.0,0,0.05799266
1.0,1,0.85833836
1.0,1,0.86073244
1.0,1,0.90177435
0.0,0,0.06670495
1.0,1,0.8698772
1.0,1,0.7544251
0.0,0,0.09450607
1.0,1,0.80368674
0.0,0,0.02216875
0.0,0,0.029428694
0.0,0,0.016336279
0.0,0,0.1115629
0.0,1,0.4657515
1.0,1,0.9741587
1.0,1,0.93300813
1.0,1,0.96456987
0.0,0,0.17892757
1.0,1,0.9765961
0.0,1,0.81894946
1.0,1,0.969415
1.0,1,0.7872293
0.0,0,0.14733854
1.0,1,0.85081685
0.0,0,0.13268885
1.0,1,0.9833863
0.0,1,0.55750024
0.0,0,0.017298503
1.0,1,0.921269
1.0,1,0.8716431
0.0,0,0.0019292507
0.0,1,0.8282067
0.0,0,0.081533924
0.0,0,0.001543478
0.0,0,0.17443332
1.0,1,0.90183383
1.0,1,0.94108003
1.0,1,0.9720445
1.0,1,0.92800164
1.0,1,0.8744333
1.0,1,0.97554183
1.0,1,0.7482868
0.0,0,0.35660312
0.0,0,0.041851465
0.0,0,0.21977046
1.0,1,0.6995899
0.0,0,0.15014483
1.0,1,0.7382326
1.0,1,0.86303765
0.0,0,0.05516637
1.0,1,0.9812953
1.0,1,0.6948842
0.0,0,0.390362
1.0,1,0.9752285
1.0,1,0.96228653
1.0,1,0.94681275
1.0,1,0.79083747
0.0,0,0.3586934
1.0,1,0.97967035
0.0,1,0.6951411
0.0,0,0.010112468
0.0,0,0.18878998
1.0,1,0.7501575
0.0,0,0.058634635
1.0,1,0.97453386
1.0,1,0.89626694
0.0,0,0.24214509
1.0,1,0.87205124
0.0,0,0.0025206283
0.0,0,0.06632982
0.0,0,0.0046498035
0.0,0,0.0091329655
1.0,1,0.8167682
0.0,0,0.19659
1.0,1,0.6008049
0.0,0,0.3904733
1.0,1,0.96863586
0.0,0,0.026911989
1.0,1,0.7614347
0.0,0,0.01882003
0.0,0,0.028946552
0.0,0,0.021532297
0.0,0,0.0005012952
0.0,0,0.05461602
1.0,1,0.8588029
1.0,1,0.97728086
0.0,0,0.13471702
1.0,0,0.14101
0.0,0,0.0014838667
0.0,0,0.017452618
1.0,1,0.87904865
1.0,1,0.8178711
1.0,1,0.84465134
0.0,0,0.1775987
0.0,0,0.041611288
0.0,1,0.56637037
0.0,0,0.016154403
1.0,1,0.9691213
1.0,1,0.7113787
0.0,1,0.6499392
0.0,0,0.0017570356
1.0,1,0.96669525
0.0,0,0.00080191396
1.0,1,0.666693
0.0,0,0.17600182
1.0,0,0.25755572
1.0,1,0.8304797
0.0,0,0.0052867653
0.0,0,0.010563874
1.0,1,0.43471795
0.0,0,0.20683792
1.0,1,0.9538381
0.0,1,0.5861981
1.0,1,0.9188192
1.0,1,0.8723929
1.0,1,0.9035455
1.0,1,0.5029751
0.0,0,0.038285054
0.0,0,0.020245852
1.0,1,0.8166036
0.0,0,0.33041343
0.0,0,0.02709067
1.0,1,0.9785884
0.0,0,0.0031178736
1.0,1,0.9826309
0.0,0,0.025801588
0.0,0,0.0035861747
0.0,0,0.033835392
0.0,0,0.0026814665
1.0,1,0.79795617
1.0,1,0.8346181
0.0,0,0.19304107
0.0,0,0.0109990835
0.0,0,0.003864256
0.0,0,0.07434188
1.0,1,0.7883315
0.0,0,0.017177237
0.0,1,0.67839676
0.0,0,0.105558515
0.0,0,0.00016242187
1.0,1,0.9444105
0.0,0,0.034371216
1.0,0,0.08517114
1.0,1,0.91977733
1.0,1,0.56661755
1.0,1,0.77380884
0.0,0,0.020928817
1.0,1,0.9787868
0.0,0,0.008630508
0.0,0,0.20306478
0.0,0,0.0248592
0.0,0,0.19006173
1.0,1,0.9827228
1.0,1,0.9076676
1.0,1,0.83119094
1.0,1,0.807682
0.0,1,0.61312497
1.0,0,0.21197493
1.0,1,0.8949252
1.0,1,0.94339406
1.0,1,0.950766
0.0,0,0.15698212
1.0,1,0.42164382
1.0,1,0.8455715
1.0,1,0.6035569
0.0,0,0.032964278
0.0,0,0.011343721
1.0,1,0.9778126
0.0,0,0.0036462937
1.0,1,0.9405012
1.0,1,0.8510337
0.0,0,0.030816795
1.0,1,0.83607846
1.0,1,0.8530955
0.0,0,0.0015765037
0.0,0,0.019256625
0.0,0,0.043398753
1.0,1,0.90141934
1.0,1,0.8146198
1.0,1,0.8785434
1.0,1,0.60561633
0.0,0,0.26124516
0.0,0,0.14399779
0.0,0,0.23963144
0.0,0,0.009056063
0.0,0,0.03852781
0.0,0,0.0054359613
0.0,0,0.0135900285
1.0,1,0.7775754
0.0,0,0.011146663
1.0,1,0.9242505
1.0,1,0.88614523
1.0,1,0.6519391
0.0,0,0.07902413
0.0,0,0.026543371
0.0,0,0.20079333
1.0,1,0.84458554
1.0,1,0.918318
1.0,1,0.52954185
1.0,0,0.16542369
1.0,1,0.7737558
0.0,0,0.011166985
0.0,0,0.041981284
1.0,1,0.91176903
0.0,0,0.029010126
1.0,0,0.15938593
1.0,1,0.90311044
1.0,1,0.81120706
1.0,1,0.7980159
0.0,1,0.599102
0.0,1,0.42425117
0.0,1,0.87079006
0.0,0,0.27619487
1.0,1,0.9830113
1.0,1,0.7577816
1.0,1,0.9773667
0.0,0,0.008520179
1.0,1,0.97565395
0.0,0,0.11774178
1.0,1,0.9130962
0.0,0,0.11791017
0.0,0,0.09969283
0.0,0,0.027255367
1.0,1,0.70521533
0.0,0,0.050762437
1.0,1,0.97971565
0.0,0,0.16350058
1.0,1,0.9831959
0.0,0,0.029739229
1.0,1,0.8131101
1.0,1,0.85964656
0.0,0,0.05807287
0.0,0,0.0072602755
0.0,0,0.092553884
0.0,0,0.0136526795
1.0,0,0.18659987
0.0,0,0.16476816
0.0,0,0.0068572015
1.0,1,0.8425863
1.0,1,0.9186655
1.0,1,0.89076287
1.0,1,0.6345227
1.0,1,0.95251775
0.0,0,0.006534622
1.0,1,0.9714226
0.0,0,0.0470106
0.0,0,0.0067860927
1.0,1,0.83898544
0.0,0,0.0048698545
0.0,0,0.051526994
1.0,0,0.29446137
0.0,0,0.0485074
0.0,0,0.12572663
1.0,1,0.68694377
0.0,0,0.015228064
0.0,0,0.12862296
1.0,1,0.80609834
1.0,1,0.8758732
1.0,1,0.9652878
0.0,0,0.15265028
1.0,1,0.9147484
0.0,0,0.0065392116
1.0,1,0.889394
1.0,1,0.9741381
0.0,0,0.18202461
1.0,1,0.9699543
0.0,0,0.11668493
0.0,0,0.3112555
0.0,0,0.009725082
1.0,1,0.9588489
0.0,0,0.016052907
0.0,0,0.2709456
0.0,0,0.0007414456
1.0,1,0.9407376
0.0,0,0.01215953
0.0,0,0.015665213
0.0,0,0.013927713
0.0,0,0.1121156
1.0,1,0.9630588
1.0,1,0.96536255
1.0,1,0.4393768
1.0,1,0.97002316
0.0,0,0.063447244
1.0,1,0.95904875
0.0,0,0.35014936
0.0,1,0.5443335
0.0,1,0.7718308
1.0,1,0.937147
1.0,1,0.7414566
1.0,0,0.21654405
1.0,1,0.9524625
0.0,0,0.07877575
1.0,1,0.71537924
1.0,1,0.9593233
1.0,1,0.8543366
0.0,0,0.02736565
1.0,1,0.7463271
0.0,1,0.5553367
0.0,1,0.46798134
0.0,0,0.05146895
1.0,1,0.6979883
0.0,0,0.025785713
0.0,0,0.39541072
0.0,1,0.5515767
1.0,1,0.971096
1.0,1,0.92159975
0.0,1,0.43526387
0.0,0,0.1271395
0.0,1,0.522281
1.0,1,0.9264367
0.0,0,0.045227673
0.0,0,0.07487419
0.0,0,0.009674378
0.0,0,0.4117155
0.0,0,0.23096995
0.0,0,0.06115257
0.0,0,0.09157216
0.0,1,0.55999035
1.0,1,0.84210634
0.0,0,0.39486152
1.0,1,0.45880517
0.0,0,0.03522306
0.0,0,0.15670012
0.0,1,0.51295906
1.0,1,0.96969336
1.0,1,0.9672815
0.0,0,0.027777921
0.0,0,0.06996212
0.0,1,0.83039105
0.0,0,0.15815023
0.0,0,0.042506635
0.0,1,0.95980555
0.0,0,0.066407055
0.0,0,0.01070613
1.0,1,0.82866263
1.0,1,0.9818364
1.0,1,0.98197085
0.0,0,0.06508659
1.0,1,0.8098929
1.0,1,0.98535824
1.0,1,0.9723897
0.0,0,0.08178447
0.0,0,0.17393915
1.0,1,0.9366812
1.0,1,0.56424886
0.0,0,0.41766155
1.0,1,0.7403543
0.0,0,0.12827428
1.0,1,0.9479346
1.0,0,0.25355035
1.0,1,0.975097
0.0,0,0.05432534
0.0,0,0.1387355
1.0,1,0.9537523
1.0,1,0.92286086
0.0,0,0.010731564
1.0,1,0.97710055
1.0,1,0.9840486
1.0,1,0.9784971
0.0,0,0.17825262
1.0,1,0.97480565
0.0,0,0.24672401
0.0,0,0.02893699
1.0,1,0.9774264
0.0,0,0.02572609
0.0,0,0.0137072
1.0,1,0.95104665
0.0,0,0.28623864
0.0,0,0.011981663
0.0,0,0.011086774
0.0,0,0.050312836
1.0,1,0.8972795
0.0,0,0.007350999
0.0,1,0.778507
1.0,1,0.98079556
0.0,0,0.13538335
0.0,0,0.06766719
0.0,0,0.012813653
0.0,1,0.71192575
0.0,0,0.0040673222
0.0,0,0.21232554
0.0,0,0.023838015
0.0,0,0.12726259
0.0,0,0.2648116
0.0,0,0.006560441
1.0,1,0.9807678
0.0,0,0.027541684
1.0,1,0.91601765
0.0,0,0.020044029
1.0,1,0.93234944
0.0,0,0.23437941
1.0,1,0.9622985
1.0,1,0.833236
1.0,1,0.9744616
1.0,1,0.65184236
0.0,0,0.15148796
0.0,0,0.0037191191
1.0,1,0.97094566
1.0,1,0.90307856
0.0,0,0.00672547
0.0,0,0.012068535
0.0,0,0.12111769
1.0,1,0.7203312
1.0,1,0.97882223
1.0,1,0.97954154
1.0,1,0.95716137
1.0,1,0.84152126
0.0,0,0.077623084
1.0,1,0.98300815
0.0,0,0.01799385
0.0,1,0.83220744
1.0,1,0.98347723
0.0,0,0.012404569
0.0,0,0.0023083745
0.0,0,0.11429645
1.0,1,0.9779118
1.0,1,0.92860025
0.0,1,0.700022
0.0,0,0.0093838
0.0,0,0.13045602
0.0,0,0.06619825
1.0,1,0.9801654
0.0,0,0.013589312
0.0,0,0.2711373
1.0,1,0.90474474
0.0,0,0.2228298
0.0,0,0.26930365
1.0,1,0.9568777
0.0,0,0.36024094
1.0,1,0.9740292
0.0,0,0.080225356
0.0,0,0.020998359
0.0,0,0.021891383
1.0,1,0.95964426
0.0,0,0.045749392
0.0,0,0.0117314365
1.0,1,0.9762364
0.0,0,0.04504814
0.0,0,0.042123094
1.0,1,0.9824889
1.0,1,0.94699854
1.0,1,0.87863106
0.0,0,0.08391966
0.0,0,0.00435425
0.0,0,0.23119782
1.0,1,0.9339841
0.0,0,0.03281676
1.0,1,0.61526585
1.0,1,0.92998445
1.0,1,0.8097764
1.0,1,0.93564963
1.0,1,0.96654856
1.0,1,0.8997404
1.0,1,0.97034436
1.0,1,0.9575458
1.0,1,0.96489817
1.0,1,0.89041126
0.0,0,0.005985497
0.0,0,0.0028116864
1.0,1,0.75154436
1.0,1,0.97533196
0.0,0,0.111735515
0.0,0,0.017200384
1.0,1,0.8840084
0.0,0,0.025718192
1.0,1,0.97343946
1.0,1,0.939517
0.0,0,0.028192703
0.0,0,0.029672172
1.0,1,0.84355044
1.0,1,0.53992593
1.0,1,0.9796574
1.0,1,0.9802062
1.0,1,0.9831952
1.0,1,0.9479344
1.0,1,0.9544287
0.0,0,0.024098704
0.0,1,0.73486924
0.0,1,0.63007
1.0,1,0.43153828
1.0,1,0.6949238
1.0,1,0.81467825
0.0,0,0.101714626
1.0,1,0.98256207
0.0,0,0.017782444
0.0,0,0.37074682
1.0,1,0.7121853
0.0,0,0.02953758
0.0,1,0.5201543
1.0,1,0.9804761
0.0,0,0.05646875
0.0,0,0.2554728
1.0,1,0.9658542
1.0,1,0.90075827
1.0,1,0.697874
0.0,0,0.007100384
1.0,1,0.7861745
1.0,1,0.9713019
1.0,1,0.98048973
0.0,1,0.6237155
0.0,0,0.016890412
0.0,0,0.052577104
1.0,1,0.8029645
0.0,0,0.001074901
1.0,1,0.9752507
0.0,0,0.0015659991
0.0,0,0.0010357063
1.0,1,0.59659076
0.0,0,0.006244081
1.0,1,0.48504305
1.0,1,0.98260546
1.0,1,0.951295
0.0,0,0.027029758
0.0,0,0.010264692
1.0,1,0.9711758
1.0,1,0.8529606
1.0,1,0.98249733
1.0,1,0.75615
1.0,1,0.9018092
1.0,1,0.9755632
0.0,0,0.1068919
0.0,0,0.101142876
0.0,0,0.24935348
1.0,1,0.80761284
1.0,1,0.97377896
1.0,1,0.9146217
1.0,1,0.7789866
1.0,1,0.98305583
1.0,1,0.7405949
0.0,0,0.11135714
1.0,1,0.57118356
0.0,0,0.20428018
1.0,1,0.9682032
1.0,1,0.7735651
0.0,1,0.58847654
0.0,1,0.5679834
0.0,0,0.002297906
1.0,1,0.96399796
1.0,1,0.9727737
1.0,1,0.95663756
1.0,1,0.9671716
0.0,0,0.031266604
1.0,1,0.97615457
1.0,1,0.8047384
1.0,1,0.8718388
1.0,1,0.7608571
0.0,1,0.45220795
0.0,0,0.026967507
0.0,0,0.19456586
1.0,1,0.93843395
0.0,0,0.037508216
1.0,1,0.58994293
0.0,0,0.15446766
1.0,1,0.8700422
1.0,1,0.79711723
0.0,0,0.06350233
1.0,1,0.91306686
1.0,1,0.87300634
0.0,0,0.07198574
0.0,0,0.2729545
0.0,0,0.0022106015
1.0,1,0.9721592
0.0,0,0.17619723
0.0,0,0.03460453
1.0,1,0.9740086
1.0,1,0.7722386
1.0,1,0.9191889
1.0,1,0.9607105
1.0,1,0.82301646
1.0,1,0.904115
0.0,0,0.2688129
1.0,1,0.9780918
0.0,0,0.11961591
1.0,1,0.7838871
1.0,1,0.98027396
0.0,0,0.019723194
0.0,0,0.010247173
0.0,0,0.012007493
0.0,0,0.4104168
1.0,1,0.6859342
0.0,0,0.011070568
0.0,0,0.0089822225
0.0,0,0.0004078024
0.0,1,0.46595272
0.0,1,0.73456615
0.0,0,0.0629697
1.0,0,0.015166939
0.0,0,0.04142187
1.0,1,0.72567034
0.0,1,0.85517484
1.0,1,0.94923323
0.0,1,0.7111989
0.0,0,0.01889198
0.0,0,0.005389387
0.0,0,0.171271
1.0,1,0.98209697
1.0,1,0.8185487
0.0,0,0.01529269
0.0,0,0.005799109
0.0,0,0.024390154
1.0,1,0.90099704
1.0,1,0.95903194
1.0,1,0.97195077
0.0,0,0.0042204666
0.0,0,0.041890383
1.0,1,0.7573081
1.0,1,0.7085841
1.0,1,0.9755468
0.0,0,0.0008013547
0.0,0,0.02314703
1.0,1,0.77293974
0.0,0,0.052524563
0.0,0,0.031287216
0.0,0,0.007424689
0.0,0,0.009127716
0.0,0,0.021600774
0.0,0,0.2545519
0.0,0,0.043414194
1.0,1,0.97945476
0.0,1,0.57700884
0.0,0,0.0062481896
1.0,1,0.98434246
1.0,0,0.29198796
1.0,1,0.7900388
0.0,1,0.5943474
0.0,0,0.0283459
0.0,1,0.81655264
1.0,1,0.89729667
1.0,1,0.9453534
0.0,1,0.80710864
1.0,1,0.9793119
1.0,1,0.9446209
0.0,0,0.03127338
0.0,1,0.6933755
0.0,0,0.19310981
0.0,0,0.08443498
1.0,1,0.92692125
0.0,1,0.6264566
1.0,1,0.9627669
0.0,0,0.39448085
1.0,1,0.9525525
0.0,0,0.0054177037
0.0,0,0.019714661
1.0,1,0.88300264
0.0,0,0.09397273
1.0,1,0.85106707
0.0,0,0.028785633
0.0,0,0.10842589
0.0,0,0.020998532
0.0,0,0.091468014
0.0,0,0.016995972
0.0,0,0.054913703
0.0,0,0.0059893737
1.0,1,0.9827217
1.0,1,0.7703668
0.0,0,0.20937149
0.0,0,0.032137178
0.0,0,0.018972738
1.0,1,0.9371969
1.0,1,0.93726456
1.0,1,0.8256089
0.0,0,0.038635243
1.0,1,0.90163
0.0,0,0.08579126
1.0,1,0.62353504
1.0,1,0.7976959
1.0,1,0.9078388
0.0,1,0.59209716
0.0,0,0.059176605
0.0,1,0.8063117
0.0,0,0.032615103
0.0,0,0.005893016
0.0,0,0.11095687
0.0,0,0.07819327
1.0,1,0.9691769
0.0,1,0.65812635
0.0,0,0.01158518
1.0,1,0.75899506
1.0,1,0.8623444
0.0,0,0.021641562
1.0,1,0.8861932
1.0,1,0.9827186
0.0,0,0.0034926112
1.0,1,0.9003424
0.0,0,0.0018756355
1.0,1,0.78805286
1.0,1,0.98257804
1.0,1,0.88227636
1.0,0,0.324871
0.0,0,0.17741941
1.0,1,0.9877805
0.0,1,0.55493754
0.0,0,0.010385605
0.0,0,0.055038407
1.0,1,0.6786374
1.0,1,0.98288083
1.0,1,0.59889424
0.0,0,0.086516604
1.0,1,0.973745
0.0,1,0.94334257
0.0,1,0.46931952
0.0,1,0.63082397
1.0,1,0.8941283
0.0,0,0.021715473
1.0,1,0.93907166
0.0,0,0.14823423
1.0,1,0.98067254
0.0,0,0.16815868
1.0,1,0.9678489
1.0,1,0.5292135
1.0,1,0.900362
0.0,0,0.10035613
0.0,0,0.022541897
1.0,1,0.96961445
1.0,1,0.98272836
1.0,1,0.59130096
1.0,1,0.7059586
1.0,1,0.9804714
0.0,0,0.11126106
1.0,1,0.9715521
1.0,1,0.69737756
1.0,1,0.7492963
1.0,1,0.9173514
1.0,1,0.6612232
1.0,1,0.668059
0.0,0,0.011036776
0.0,0,0.009363317
1.0,1,0.8260032
1.0,1,0.95450604
0.0,0,0.109008394
1.0,1,0.74150336
1.0,1,0.9232754
0.0,0,0.009940468
1.0,1,0.98568064
0.0,0,0.01056486
1.0,1,0.8833335
1.0,1,0.92681354
1.0,1,0.9299071
0.0,0,0.015161235
0.0,0,0.1077211
0.0,0,0.3410216
0.0,1,0.8508298
1.0,1,0.9337434
1.0,1,0.86976564
0.0,0,0.11979069
1.0,1,0.70330244
0.0,0,0.074591406
1.0,1,0.9772474
0.0,0,0.014600398
1.0,1,0.9348994
1.0,1,0.94341
1.0,1,0.92184424
1.0,1,0.9802496
1.0,1,0.98052055
0.0,0,0.26175067
0.0,0,0.04934045
1.0,1,0.8595774
0.0,0,0.012594498
0.0,0,0.37535453
0.0,0,0.12455126
0.0,1,0.8096937
1.0,1,0.8891439
1.0,1,0.9104197
1.0,1,0.97754306
1.0,1,0.9172049
0.0,0,0.027036818
0.0,0,0.013169897
1.0,1,0.96268
0.0,0,0.012877584
0.0,0,0.04146307
0.0,0,0.008440161
0.0,0,0.22969928
1.0,1,0.874791
0.0,0,0.088877276
1.0,1,0.9483099
0.0,0,0.17999576
0.0,0,0.021399992
1.0,1,0.97334105
0.0,1,0.80856746
0.0,0,0.0168884
0.0,0,0.028840974
0.0,0,0.0113391355
0.0,0,0.0324081
0.0,0,0.01437958
0.0,0,0.023871817
0.0,0,0.18857044
1.0,1,0.97579384
1.0,1,0.7083346
0.0,0,0.17507815
1.0,0,0.3972089
0.0,0,0.0071293763
0.0,1,0.44065765
0.0,0,0.006529662
0.0,1,0.56509835
0.0,0,0.230132
1.0,0,0.14313377
1.0,1,0.8325845
0.0,0,0.013193517
0.0,0,0.24724634
0.0,0,0.30228353
0.0,0,0.0061620553
0.0,0,0.017249873
1.0,1,0.97663355
1.0,1,0.9629072
0.0,1,0.7765003
0.0,0,0.0076443553
1.0,1,0.9010429
1.0,1,0.980593
1.0,1,0.79646176
0.0,0,0.012647353
0.0,0,0.014974281
1.0,1,0.9739662
1.0,1,0.96320534
0.0,0,0.27216738
0.0,0,0.37997434
1.0,1,0.96049726
0.0,0,0.017023096
1.0,1,0.89377576
0.0,0,0.052442215
1.0,1,0.5069716
1.0,1,0.8319938
0.0,0,0.15455857
1.0,1,0.8864245
0.0,0,0.018560283
1.0,1,0.8617388
1.0,1,0.79383504
0.0,0,0.004033771
1.0,1,0.6071173
0.0,0,0.22584704
1.0,1,0.9475876
1.0,1,0.9792443
1.0,0,0.2664014
1.0,1,0.75482297
0.0,0,0.021953706
1.0,1,0.7035837
0.0,0,0.23622468
0.0,1,0.5144117
1.0,1,0.86641866
1.0,1,0.6927074
0.0,0,0.006309214
1.0,1,0.5818393
0.0,0,0.003095256
1.0,1,0.5471691
0.0,0,0.003234699
1.0,0,0.29276335
0.0,0,0.012652338
0.0,0,0.06969388
1.0,1,0.9716087
1.0,1,0.98350394
0.0,0,0.008373391
0.0,0,0.0033586954
0.0,1,0.6582465
0.0,0,0.0012264965
0.0,0,0.047509458
0.0,0,0.059676643
1.0,1,0.6519592
1.0,1,0.6459826
0.0,0,0.009621108
0.0,0,0.017683027
1.0,1,0.5143049
0.0,0,0.015701285
0.0,0,0.03601149
1.0,1,0.66502535
0.0,0,0.043928135
1.0,1,0.9781047
1.0,1,0.983703
0.0,0,0.3754303
1.0,1,0.86985123
0.0,0,0.031012522
1.0,1,0.9730868
0.0,0,0.23147978
0.0,0,0.19551942
0.0,0,0.0059799957
0.0,0,0.05353314
1.0,1,0.8537871
0.0,1,0.59069884
1.0,1,0.9513591
0.0,0,0.018530963
0.0,0,0.0020784154
1.0,1,0.84227717
1.0,1,0.6395301
1.0,1,0.9840763
1.0,1,0.8906063
0.0,0,0.026491832
0.0,1,0.7217733
1.0,1,0.82492435
0.0,0,0.00242642
1.0,1,0.92575264
1.0,0,0.021725954
0.0,0,0.01487511
1.0,1,0.8436947
0.0,1,0.5445889
1.0,1,0.9716416
0.0,0,0.09256598
1.0,0,0.41832057
1.0,1,0.896731
0.0,0,0.08155282
0.0,0,0.022059448
1.0,1,0.6116301
1.0,1,0.97540957
0.0,0,0.19530523
1.0,1,0.7841742
0.0,0,0.24341227
0.0,0,0.39684013
0.0,0,0.0023551928
0.0,0,0.08474432
0.0,0,0.013594804
0.0,0,0.16362973
0.0,0,0.0868431
1.0,1,0.9764061
1.0,1,0.98038274
0.0,0,0.0066609974
0.0,1,0.5397624
0.0,0,0.026756791
1.0,1,0.9810471
0.0,0,0.011532374
1.0,1,0.80004704
1.0,1,0.963162
0.0,0,0.005517504
0.0,0,0.012359005
0.0,0,0.0015470388
1.0,1,0.70006514
1.0,1,0.9605647
1.0,1,0.9789399
1.0,1,0.8770028
0.0,0,0.009365291
0.0,0,0.40195996
1.0,1,0.96946895
0.0,0,0.026050113
0.0,0,0.012671771
1.0,1,0.7640926
0.0,0,0.34943634
0.0,0,0.03270458
0.0,0,0.006458044
0.0,0,0.028025156
1.0,1,0.93734217
0.0,0,0.0040980196
0.0,0,0.20975378
0.0,0,0.0021697618
1.0,1,0.683898
0.0,0,0.003661375
1.0,1,0.61306906
0.0,0,0.24925092
1.0,1,0.97907543
1.0,1,0.96715873
1.0,1,0.8073416
0.0,0,0.21992442
0.0,0,0.0021831153
0.0,0,0.030533174
0.0,1,0.9241328
1.0,1,0.89517003
1.0,1,0.93577164
1.0,1,0.9212334
0.0,0,0.109365374
1.0,1,0.5514693
0.0,1,0.912416
0.0,0,0.0071950066
1.0,1,0.97171164
0.0,0,0.013096779
0.0,0,0.0014485451
0.0,1,0.7378268
0.0,0,0.038486816
0.0,0,0.03560173
1.0,1,0.5926448
0.0,0,0.0060651237
0.0,0,0.010899838
0.0,0,0.006012529
1.0,1,0.82493764
1.0,1,0.9304628
1.0,1,0.91340333
1.0,1,0.85459316
0.0,0,0.1415869
1.0,1,0.9574193
0.0,0,0.34206608
1.0,1,0.92790836
0.0,0,0.1065319
1.0,1,0.9102026
0.0,0,0.0018710598
1.0,1,0.9096372
1.0,1,0.96916723
1.0,1,0.9790312
1.0,0,0.15313675
1.0,1,0.8245167
1.0,1,0.9550632
0.0,0,0.07668825
0.0,0,0.061663054
0.0,0,0.30729255
0.0,0,0.007827924
0.0,0,0.26167053
1.0,1,0.9802361
1.0,1,0.89081156
0.0,0,0.026600951
1.0,1,0.98269963
1.0,1,0.9094352
0.0,0,0.032177832
1.0,1,0.9050324
1.0,1,0.98392963
0.0,0,0.0058304975
0.0,0,0.052529752
1.0,1,0.97861683
1.0,1,0.97235096
1.0,1,0.96810496
1.0,1,0.51831996
0.0,0,0.16682863
0.0,0,0.19868195
0.0,0,0.16992804
0.0,0,0.024984803
0.0,0,0.029292457
0.0,0,0.022848085
0.0,1,0.52868927
0.0,0,0.064046584
1.0,0,0.41478652
0.0,0,0.012069525
1.0,1,0.96827656
0.0,1,0.5134834
1.0,1,0.84899104
1.0,1,0.9852017
1.0,1,0.97102326
0.0,0,0.13464715
1.0,1,0.8889348
1.0,1,0.9590645
0.0,0,0.030249551
0.0,0,0.14644381
1.0,1,0.8318771
1.0,1,0.8875814
0.0,0,0.010334243
0.0,0,0.017826315
1.0,1,0.8200678
0.0,0,0.0038281078
1.0,1,0.8356291
0.0,0,0.08008367
1.0,1,0.94848967
0.0,0,0.0670475
0.0,0,0.011002026
0.0,1,0.44727167
0.0,0,0.18630935
1.0,1,0.9069948
1.0,1,0.6916569
0.0,0,0.077155635
0.0,0,0.026021225
0.0,0,0.08538934
1.0,1,0.96060956
1.0,1,0.93562055
1.0,1,0.81718665
1.0,1,0.9759038
0.0,0,0.17123745
1.0,1,0.9633655
1.0,0,0.31766075
1.0,1,0.9778948
1.0,1,0.85859144
1.0,1,0.9365018
1.0,1,0.96897346
0.0,0,0.01140192
0.0,0,0.19707291
0.0,0,0.05436011
1.0,1,0.8552325
0.0,0,0.030279456
1.0,1,0.9074957
0.0,1,0.7745431
1.0,1,0.9438832
0.0,0,0.060223084
1.0,1,0.8402002
1.0,1,0.9655143
0.0,0,0.1748901
0.0,1,0.6754904
0.0,0,0.05270702
0.0,0,0.009349378
1.0,1,0.85109687
0.0,0,0.0027992455
0.0,0,0.04362039
1.0,1,0.9439138
0.0,0,0.008640472
1.0,1,0.94257885
0.0,0,0.02215864
1.0,1,0.9697445
1.0,1,0.76072264
0.0,0,0.3326481
1.0,1,0.7207618
0.0,0,0.19515224
1.0,1,0.9712235
1.0,1,0.9463598
1.0,1,0.8819061
0.0,0,0.121302426
0.0,0,0.0053405855
1.0,1,0.88944775
1.0,1,0.73909366
1.0,1,0.9817151
0.0,0,0.01459605
0.0,0,0.071535386
1.0,1,0.9530487
1.0,1,0.8536511
1.0,1,0.5238278
0.0,0,0.017129328
0.0,0,0.084668025
0.0,0,0.39982852
1.0,1,0.82778883
0.0,0,0.004244502
0.0,0,0.030678721
1.0,1,0.85732675
1.0,1,0.8658923
1.0,1,0.8447159
1.0,1,0.97803354
0.0,0,0.16007245
1.0,1,0.77289504
1.0,0,0.12683149
1.0,1,0.9472227
1.0,1,0.87318623
1.0,1,0.87649435
1.0,1,0.97037536
1.0,1,0.8440831
1.0,1,0.96942264
0.0,0,0.06786852
1.0,1,0.7100775
1.0,1,0.6059792
0.0,0,0.08913167
1.0,1,0.8633993
1.0,1,0.8770989
0.0,0,0.1250419
0.0,1,0.49682185
1.0,1,0.89396447
0.0,0,0.006964659
0.0,0,0.063784406
1.0,1,0.77480173
1.0,0,0.18733932
1.0,1,0.87166166
0.0,0,0.019312052
0.0,0,0.022080973
1.0,1,0.98308307
1.0,1,0.77484876
1.0,1,0.9686356
1.0,1,0.76086354
1.0,1,0.9720831
0.0,0,0.031911727
1.0,1,0.9337532
1.0,1,0.67061985
0.0,0,0.008191957
0.0,1,0.42643142
1.0,1,0.9686022
1.0,1,0.97603637
0.0,0,0.26703784
0.0,0,0.10982199
1.0,1,0.95842475
1.0,1,0.7134572
0.0,0,0.03572011
0.0,1,0.820103
0.0,1,0.57258904
0.0,0,0.21991956
0.0,0,0.032507762
1.0,1,0.9697216
0.0,0,0.0037933872
0.0,0,0.010847138
0.0,0,0.003683743
1.0,1,0.75214744
0.0,0,0.0036543198
1.0,1,0.97916967
1.0,1,0.56682336
1.0,1,0.9749809
0.0,0,0.14809564
1.0,1,0.9727574
0.0,0,0.317135
0.0,0,0.035778057
0.0,0,0.2623017
1.0,1,0.8647104
0.0,0,0.028484816
1.0,1,0.9673142
1.0,1,0.93688893
0.0,0,0.29927796
1.0,1,0.86324763
1.0,1,0.96633446
0.0,0,0.0018686355
0.0,0,0.0082829725
0.0,0,0.059661765
1.0,1,0.78976583
1.0,0,0.22971424
0.0,0,0.25170082
0.0,0,0.11669729
1.0,1,0.9393532
1.0,1,0.7749548
0.0,0,0.32480553
0.0,0,0.33101052
1.0,1,0.8998346
0.0,0,0.047159895
0.0,0,0.017405404
0.0,0,0.017850745
0.0,0,0.011339974
1.0,1,0.95529157
0.0,0,0.22636175
1.0,1,0.8523389
0.0,0,0.0044145053
1.0,1,0.79778785
1.0,1,0.97875017
0.0,0,0.028434044
1.0,1,0.8741849
0.0,0,0.047288515
0.0,0,0.022950204
0.0,1,0.69352615
1.0,1,0.9667114
1.0,1,0.92657924
0.0,0,0.38229987
1.0,1,0.96362805
0.0,0,0.19630806
1.0,1,0.8589354
0.0,0,0.008240551
1.0,1,0.46076834
1.0,1,0.8836808
1.0,1,0.9621326
0.0,0,0.14537998
0.0,0,0.047381837
1.0,1,0.5731087
0.0,0,0.04599541
1.0,1,0.96184045
0.0,0,0.01285517
1.0,1,0.74699557
0.0,0,0.12168672
1.0,1,0.9226143
1.0,1,0.88125634
1.0,1,0.97715527
1.0,1,0.96214193
1.0,1,0.89667207
1.0,1,0.43046212
0.0,1,0.456005
1.0,1,0.6134413
0.0,0,0.007898225
0.0,0,0.010673795
1.0,1,0.97397244
1.0,1,0.8133878
1.0,1,0.93110555
0.0,0,0.29579675
0.0,1,0.625757
1.0,1,0.8005947
1.0,1,0.94788945
1.0,1,0.9475456
0.0,0,0.0050665187
0.0,0,0.11912883
0.0,1,0.97136647
1.0,1,0.9052683
1.0,1,0.9481866
1.0,1,0.93069816
0.0,0,0.06497427
0.0,0,0.014084766
0.0,0,0.052312445
1.0,0,0.23953404
0.0,0,0.0847808
0.0,0,0.003326148
1.0,1,0.9742023
0.0,0,0.067359835
0.0,0,0.39446914
1.0,1,0.8846136
0.0,0,0.006509312
1.0,1,0.9661223
1.0,1,0.9311647
1.0,1,0.75524306
1.0,0,0.2003849
1.0,1,0.9726902
1.0,1,0.9496872
0.0,0,0.003030008
0.0,0,0.009236153
0.0,1,0.45171952
1.0,1,0.96397144
0.0,0,0.22169097
0.0,0,0.0015390137
1.0,1,0.88584346
0.0,0,0.010077992
0.0,0,0.23890108
1.0,1,0.8656424
0.0,1,0.68010545
1.0,1,0.9515058
1.0,1,0.5931572
1.0,1,0.9550636
0.0,0,0.007913066
0.0,0,0.029184451
0.0,0,0.009895013
1.0,1,0.8795362
0.0,0,0.049414985
1.0,1,0.9593052
1.0,1,0.52567965
1.0,1,0.45945373
0.0,0,0.071976915
0.0,0,0.029232958
0.0,0,0.028860494
1.0,1,0.94775164
0.0,1,0.7918497
0.0,0,0.048062623
0.0,0,0.037593815
1.0,1,0.98009837
1.0,1,0.64378154
1.0,1,0.9109194
1.0,1,0.9733676
1.0,1,0.94780916
0.0,0,0.0070747966
0.0,0,0.015357645
0.0,0,0.32325476
1.0,1,0.76959896
0.0,0,0.26392028
1.0,1,0.9107123
1.0,1,0.9738296
0.0,1,0.5653493
1.0,1,0.89149344
1.0,1,0.5434547
0.0,0,0.01571642
1.0,1,0.55956733
0.0,0,0.042569876
1.0,1,0.98102176
0.0,0,0.005309992
1.0,1,0.9413582
0.0,0,0.1066086
1.0,1,0.7828051
1.0,1,0.9569928
1.0,1,0.87012386
0.0,0,0.048330866
1.0,1,0.80464995
0.0,1,0.64196986
0.0,0,0.24036746
0.0,0,0.24734162
1.0,0,0.24019483
1.0,1,0.9826332
0.0,0,0.043705184
1.0,0,0.23437238
1.0,1,0.9148076
1.0,1,0.96734804
1.0,1,0.98192394
1.0,1,0.87845695
0.0,0,0.014149421
1.0,1,0.9687351
1.0,1,0.97638714
1.0,1,0.8919687
0.0,0,0.06385359
0.0,0,0.31014347
0.0,1,0.5462408
1.0,1,0.9526385
0.0,0,0.006562013
0.0,0,0.28754798
0.0,0,0.23912519
0.0,0,0.05872544
0.0,0,0.07296782
1.0,1,0.9476475
1.0,0,0.04121769
1.0,1,0.9182031
1.0,1,0.973438
1.0,1,0.8965168
0.0,0,0.022666186
0.0,0,0.05495643
0.0,0,0.005704748
1.0,1,0.7493045
0.0,0,0.01762453
1.0,1,0.7975602
0.0,0,0.0465026
0.0,0,0.027735664
1.0,0,0.36659926
0.0,0,0.0035954812
1.0,0,0.24102423
0.0,0,0.0783891
0.0,0,0.19891383
1.0,1,0.83628356
0.0,0,0.39942485
1.0,1,0.9809089
0.0,0,0.24550223
0.0,0,0.0009099962
0.0,0,0.25949344
1.0,0,0.075969204
1.0,1,0.8578529
0.0,1,0.82093686
1.0,1,0.9733132
0.0,0,0.0488697
0.0,0,0.0170768
1.0,1,0.83180606
1.0,1,0.7581359
0.0,0,0.12913682
1.0,1,0.94384277
0.0,0,0.0013538278
1.0,1,0.9758072
0.0,1,0.60115683
1.0,1,0.9671602
1.0,1,0.7268649
1.0,1,0.9643345
0.0,1,0.6749214
1.0,1,0.8431003
0.0,0,0.2243749
0.0,0,0.17442292
0.0,1,0.4793262
0.0,0,0.392388
1.0,1,0.54914
0.0,0,0.158471
0.0,1,0.805056
0.0,0,0.3890678
1.0,1,0.87661624
0.0,0,0.02585052
0.0,0,0.33184296
1.0,1,0.663967
1.0,1,0.9810518
1.0,1,0.57256377
1.0,1,0.9529567
0.0,0,0.0066849967
1.0,1,0.95805556
1.0,0,0.40693128
1.0,1,0.7837917
1.0,1,0.97945887
0.0,0,0.19643441
0.0,0,0.0062237657
1.0,1,0.834533
1.0,1,0.92981935
1.0,1,0.86792445
0.0,1,0.4671768
0.0,0,0.028252624
0.0,0,0.15212876
0.0,0,0.26019305
1.0,1,0.8586273
0.0,0,0.0019813378
0.0,0,0.053491235
1.0,1,0.8863075
0.0,0,0.009130945
1.0,0,0.33210576
0.0,0,0.17819907
0.0,1,0.6976113
1.0,1,0.86150974
1.0,1,0.9154829
0.0,0,0.13597508
1.0,1,0.4353323
1.0,1,0.90645504
1.0,1,0.9809211
1.0,1,0.9857403
0.0,0,0.017137228
0.0,0,0.022240466
0.0,0,0.0031509255
1.0,1,0.86053526
0.0,0,0.019348515
0.0,0,0.1485148
1.0,1,0.8921665
1.0,1,0.96124065
1.0,1,0.4322444
1.0,1,0.9813185
0.0,1,0.5707647
0.0,0,0.003611165
0.0,0,0.10126477
0.0,0,0.002035302
0.0,0,0.121555015
0.0,0,0.010636999
0.0,0,0.23834133
1.0,1,0.8398843
0.0,0,0.0036187237
1.0,1,0.9732551
0.0,0,0.02114483
0.0,1,0.8599255
0.0,0,0.10425917
1.0,1,0.9729879
1.0,1,0.98176956
0.0,0,0.060551144
0.0,0,0.2615976
0.0,0,0.033574775
0.0,0,0.0024699783
0.0,0,0.076243
0.0,0,0.038367588
1.0,1,0.7287177
1.0,1,0.9625403
0.0,0,0.017618272
0.0,0,0.008228211
0.0,0,0.023317719
0.0,0,0.059243944
1.0,1,0.49515712
0.0,0,0.14498432
0.0,0,0.043183997
1.0,1,0.65525967
1.0,1,0.42241272
1.0,1,0.6238102
0.0,0,0.27833778
0.0,1,0.67704713
1.0,1,0.95787877
1.0,1,0.96781987
1.0,1,0.95902866
0.0,0,0.0064424686
0.0,0,0.06278549
0.0,0,0.270439
1.0,1,0.802876
0.0,0,0.069248304
1.0,1,0.9620029
1.0,1,0.82287234
0.0,0,0.06481122
0.0,0,0.054834403
1.0,1,0.81575114
0.0,0,0.010511619
0.0,1,0.89298534
1.0,1,0.6772014
0.0,0,0.25446454
0.0,0,0.010157566
1.0,1,0.97649163
0.0,1,0.58460295
0.0,0,0.036318026
1.0,1,0.9004107
0.0,0,0.0044050473
0.0,1,0.64852655
0.0,0,0.09509375
1.0,1,0.7901133
1.0,1,0.9174715
1.0,1,0.9260053
1.0,1,0.7896959
0.0,0,0.15315275
0.0,0,0.3259362
0.0,1,0.6017146
0.0,0,0.048672665
1.0,1,0.9424122
0.0,0,0.28825203
0.0,0,0.006258498
1.0,0,0.24080561
1.0,1,0.838809
0.0,0,0.11153091
1.0,1,0.8941492
0.0,0,0.12816629
1.0,1,0.93033016
1.0,1,0.82530814
1.0,1,0.7904314
0.0,1,0.7020731
0.0,0,0.030268816
1.0,1,0.9324952
0.0,0,0.031188998
1.0,1,0.96484596
0.0,1,0.46533704
0.0,0,0.13858299
1.0,1,0.97524315
1.0,1,0.8912773
1.0,1,0.8914245
0.0,0,0.04877981
1.0,1,0.88360566
0.0,0,0.055501763
0.0,0,0.0036314842
1.0,1,0.77323574
0.0,0,0.13384669
0.0,0,0.09684899
0.0,0,0.011174443
1.0,1,0.9054914
0.0,0,0.0027707876
1.0,1,0.74292463
0.0,0,0.026443005
0.0,0,0.0067790546
0.0,0,0.053732567
0.0,0,0.14421107
0.0,0,0.009114609
0.0,0,0.111595914
1.0,1,0.7186253
1.0,1,0.64174426
0.0,0,0.19152224
1.0,1,0.9851314
0.0,0,0.007545728
1.0,1,0.9147739
0.0,0,0.06135999
1.0,1,0.7681424
0.0,0,0.014436308
1.0,1,0.9770953
0.0,0,0.07942888
1.0,1,0.9315107
0.0,0,0.01564608
0.0,0,0.17249805
0.0,0,0.002498573
0.0,0,0.19152115
0.0,0,0.34488347
0.0,0,0.33334112
0.0,0,0.18705696
1.0,1,0.96842694
1.0,0,0.017009282
1.0,0,0.2618273
0.0,0,0.017433228
0.0,1,0.67363924
0.0,1,0.86310863
1.0,1,0.68074083
1.0,1,0.96112096
1.0,1,0.9168
1.0,1,0.94351196
0.0,0,0.0030282917
0.0,0,0.13094
0.0,0,0.018059874
1.0,1,0.95955133
0.0,0,0.15605682
0.0,0,0.053827755
1.0,1,0.8820683
0.0,1,0.7964022
0.0,0,0.3896771
1.0,1,0.6016401
0.0,0,0.0033805987
1.0,1,0.58137184
0.0,0,0.24117903
0.0,0,0.17584151
1.0,1,0.98200697
1.0,1,0.6657381
0.0,0,0.026964644
0.0,0,0.12108872
0.0,0,0.017987296
1.0,1,0.76297545
1.0,1,0.88610464
1.0,1,0.9730624
1.0,1,0.93885285
0.0,1,0.7662393
1.0,1,0.6486722
0.0,0,0.010610821
1.0,1,0.7273527
0.0,0,0.0073117856
1.0,0,0.098789826
1.0,1,0.9709141
0.0,1,0.55954814
1.0,1,0.93959534
1.0,1,0.5132539
0.0,1,0.59727156
0.0,0,0.0065079555
0.0,0,0.15423782
0.0,0,0.011775851
0.0,0,0.0026684173
0.0,1,0.8031541
0.0,0,0.012972235
0.0,0,0.007696539
0.0,0,0.021076964
1.0,1,0.9665812
0.0,0,0.024469646
1.0,1,0.63967955
1.0,1,0.9750843
0.0,0,0.33322376
1.0,1,0.56485415
1.0,1,0.7916304
0.0,1,0.8360623
1.0,1,0.96917224
0.0,0,0.09605022
1.0,1,0.9204013
1.0,1,0.90885407
1.0,1,0.9775113
0.0,0,0.011029371
0.0,0,0.38243952
1.0,1,0.9838251
0.0,0,0.31942326
1.0,1,0.9535687
1.0,1,0.67532563
1.0,1,0.98122275
1.0,1,0.9666669
0.0,0,0.039756928
1.0,1,0.9242613
1.0,1,0.89198655
1.0,1,0.9350815
0.0,0,0.1757952
0.0,0,0.02375869
0.0,0,0.16427405
0.0,0,0.014349414
0.0,0,0.012701122
1.0,1,0.78206086
0.0,0,0.09449222
0.0,0,0.043862008
0.0,0,0.0026148432
0.0,0,0.031397622
1.0,1,0.6972822
1.0,1,0.8251095
1.0,1,0.47068113
0.0,0,0.15626971
1.0,1,0.95331705
1.0,1,0.80847603
1.0,1,0.91245645
0.0,0,0.014302544
1.0,1,0.92191386
0.0,0,0.009291866
0.0,1,0.4520968
1.0,1,0.7753035
0.0,0,0.14373207
0.0,0,0.034026
1.0,1,0.8846094
0.0,0,0.05215299
0.0,0,0.0012358481
1.0,1,0.9611366
0.0,0,0.09292984
1.0,1,0.901943
1.0,1,0.73067594
1.0,1,0.7180285
0.0,0,0.01836127
0.0,0,0.29842788
1.0,1,0.9833326
1.0,1,0.78854203
0.0,0,0.036992397
1.0,1,0.80756384
0.0,1,0.8862099
1.0,1,0.9705947
0.0,0,0.047873437
1.0,1,0.7777712
0.0,1,0.8642061
0.0,0,0.005858928
0.0,0,0.026619868
0.0,0,0.009784435
1.0,1,0.9444735
1.0,1,0.8901015
0.0,0,0.21184327
1.0,1,0.979654
0.0,0,0.0058384915
0.0,0,0.037662398
0.0,0,0.03401837
1.0,1,0.81241274
1.0,1,0.7039269
0.0,0,0.10602749
1.0,1,0.9532887
1.0,1,0.94761574
1.0,1,0.9703686
1.0,1,0.9569889
1.0,1,0.83585966
1.0,1,0.6374834
1.0,1,0.84388614
1.0,0,0.23131017
0.0,0,0.001666264
0.0,0,0.0048268507
1.0,1,0.85418683
0.0,0,0.00993458
1.0,1,0.73416376
0.0,0,0.014447188
0.0,0,0.009545319
1.0,1,0.5690824
0.0,0,0.0382032
0.0,0,0.18394282
0.0,0,0.02943986
0.0,1,0.5818968
0.0,0,0.010442873
1.0,1,0.91204536
1.0,1,0.7474842
0.0,0,0.011080193
0.0,0,0.057266627
1.0,1,0.97599703
1.0,1,0.9778255
1.0,1,0.96113116
1.0,1,0.9056866
1.0,1,0.84031004
0.0,0,0.09335791
0.0,0,0.022266267
1.0,1,0.98207116
1.0,1,0.81408244
0.0,0,0.14503199
0.0,0,0.019396426
1.0,1,0.55335027
0.0,0,0.031461112
1.0,1,0.73974586
0.0,1,0.5146345
0.0,0,0.00094039
0.0,1,0.55837
0.0,0,0.092713036
1.0,1,0.9787567
1.0,1,0.9784407
1.0,1,0.941385
0.0,0,0.01562509
0.0,0,0.020183567
1.0,1,0.9672074
1.0,1,0.8145842
0.0,0,0.0029618966
1.0,1,0.9770179
0.0,0,0.015603307
1.0,1,0.9424076
0.0,1,0.9821302
0.0,1,0.4342924
1.0,1,0.96492773
1.0,1,0.93946385
0.0,0,0.008425126
0.0,0,0.009082805
1.0,1,0.883863
0.0,0,0.005472224
1.0,1,0.9168917
1.0,0,0.312503
0.0,1,0.6506956
0.0,0,0.021701224
0.0,0,0.01264605
0.0,0,0.018451717
0.0,0,0.13437414
0.0,0,0.09880136
1.0,1,0.8968233
0.0,0,0.014524709
1.0,1,0.9368547
1.0,1,0.9784211
1.0,1,0.9231362
1.0,1,0.79010725
1.0,1,0.95084465
1.0,1,0.9786559
0.0,0,0.010168828
1.0,1,0.57774395
1.0,1,0.9828733
0.0,0,0.055731352
1.0,1,0.86729467
1.0,1,0.64680386
1.0,1,0.975701
0.0,0,0.00959795
1.0,1,0.820905
0.0,0,0.22612219
0.0,0,0.018888852
0.0,1,0.80814373
1.0,1,0.82841694
0.0,0,0.17027517
0.0,0,0.14798157
0.0,0,0.09809739
1.0,0,0.20123728
1.0,1,0.9428877
1.0,0,0.37717912
0.0,0,0.073201135
1.0,1,0.933733
1.0,1,0.97220373
1.0,1,0.6158013
1.0,1,0.9724419
1.0,1,0.9352939
1.0,1,0.9847206
0.0,0,0.07093191
1.0,1,0.95869744
1.0,1,0.95609444
1.0,1,0.9341148
0.0,0,0.00577627
1.0,1,0.91983736
1.0,1,0.6174545
1.0,1,0.5862615
1.0,1,0.42358378
0.0,0,0.007780113
0.0,0,0.150071
1.0,1,0.89815223
0.0,1,0.6559557
0.0,0,0.10387221
0.0,0,0.01253111
1.0,1,0.8168206
1.0,1,0.6047339
1.0,1,0.97087103
1.0,1,0.73772585
1.0,1,0.73114514
1.0,1,0.52199465
0.0,0,0.22792982
0.0,0,0.13295574
0.0,0,0.026783632
0.0,1,0.5299634
1.0,1,0.94299626
1.0,1,0.5261047
0.0,0,0.031514265
0.0,1,0.43901476
1.0,1,0.98023814
0.0,0,0.0035994537
1.0,1,0.96017486
1.0,1,0.808514
0.0,0,0.020179097
0.0,0,0.005543741
0.0,0,0.045865696
0.0,0,0.051554736
1.0,1,0.7745998
1.0,1,0.9767245
0.0,0,0.10004741
0.0,0,0.011785015
1.0,1,0.95420426
0.0,0,0.12284496
1.0,1,0.84093726
0.0,0,0.0046749082
0.0,0,0.015431934
0.0,1,0.96011686
0.0,0,0.28883344
1.0,0,0.33285528
1.0,1,0.8145903
1.0,1,0.8251835
1.0,1,0.7539711
1.0,1,0.85951495
0.0,0,0.012355759
1.0,1,0.89510983
1.0,1,0.9839517
0.0,0,0.004444886
1.0,1,0.81385124
1.0,1,0.87954354
1.0,1,0.7964691
0.0,0,0.0069998363
1.0,1,0.8756511
1.0,1,0.96934736
0.0,0,0.32068753
1.0,1,0.96197677
1.0,1,0.70863146
0.0,0,0.008240733
0.0,0,0.058463886
0.0,0,0.20695522
1.0,1,0.98076296
0.0,1,0.634073
0.0,0,0.07953203
0.0,0,0.12136903
1.0,0,0.2870833
1.0,1,0.97664857
1.0,1,0.9293058
1.0,0,0.33266503
1.0,1,0.92118883
1.0,1,0.9723317
0.0,0,0.0063426797
0.0,0,0.13914034
1.0,1,0.94225305
1.0,1,0.978318
0.0,0,0.17059517
0.0,0,0.09242848
1.0,1,0.80855095
1.0,1,0.96040624
0.0,0,0.28684255
0.0,0,0.045517977
0.0,0,0.005163958
1.0,1,0.8735453
0.0,0,0.012261703
0.0,0,0.033508986
0.0,0,0.010575638
0.0,0,0.3667332
1.0,1,0.9590097
1.0,1,0.8431953
0.0,0,0.31367484
0.0,0,0.018342108
0.0,0,0.0070157996
1.0,1,0.8307668
1.0,1,0.92072856
1.0,0,0.14497624
0.0,0,0.011134187
0.0,0,0.03458147
0.0,0,0.03981669
1.0,0,0.34804213
1.0,0,0.13514337
1.0,1,0.95505524
1.0,1,0.89640737
0.0,0,0.036514428
0.0,0,0.025168296
1.0,1,0.9801682
0.0,0,0.0030154614
1.0,1,0.89518464
0.0,0,0.24908954
0.0,0,0.030796336
1.0,1,0.96655655
1.0,1,0.8130886
1.0,1,0.8759963
0.0,0,0.030837525
1.0,1,0.92928827
1.0,1,0.97150695
0.0,0,0.10323688
0.0,0,0.1630976
0.0,0,0.0042158337
0.0,0,0.017944088
1.0,1,0.8320443
0.0,0,0.006085838
0.0,0,0.0073164315
1.0,1,0.98057747
0.0,0,0.101329
1.0,1,0.922682
0.0,0,0.0633094
0.0,0,0.010345325
0.0,0,0.06294315
0.0,0,0.00831421
1.0,1,0.8562468
1.0,1,0.9592125
0.0,0,0.03406923
1.0,1,0.9045369
1.0,1,0.8956478
1.0,1,0.96532744
0.0,1,0.52427924
1.0,1,0.6025271
1.0,1,0.45188063
1.0,1,0.9276629
1.0,1,0.8858558
0.0,1,0.9093883
1.0,1,0.8205158
1.0,1,0.9183883
0.0,0,0.0054342654
1.0,1,0.61262435
0.0,0,0.023594942
0.0,0,0.0070413086
1.0,1,0.8877746
1.0,1,0.7516852
1.0,1,0.9808235
1.0,1,0.9618393
0.0,0,0.04365096
1.0,1,0.97076666
0.0,1,0.6705302
0.0,0,0.0063199527
0.0,0,0.028114567
1.0,1,0.84646285
1.0,1,0.9263208
1.0,1,0.953626
0.0,0,0.0072429334
1.0,1,0.6901389
0.0,0,0.038950577
0.0,0,0.010415119
0.0,0,0.025146466
1.0,1,0.978429
1.0,1,0.9307317
0.0,0,0.31290329
0.0,0,0.3724182
1.0,1,0.9239184
0.0,0,0.015722685
1.0,1,0.969105
0.0,0,0.033600416
1.0,1,0.9700397
1.0,1,0.97687185
1.0,1,0.9498933
1.0,1,0.91314703
1.0,1,0.9299793
1.0,1,0.96261317
1.0,1,0.5777435
1.0,1,0.92398006
0.0,0,0.050848693
0.0,0,0.23899795
1.0,1,0.4416748
1.0,1,0.9522916
1.0,1,0.9708071
0.0,0,0.011547439
1.0,1,0.8531809
1.0,0,0.40546456
1.0,1,0.78299844
1.0,1,0.9838192
1.0,1,0.9362777
1.0,1,0.97601825
1.0,1,0.94032836
0.0,0,0.12003632
0.0,0,0.03157388
0.0,0,0.02699136
0.0,0,0.058906395
0.0,0,0.10445493
0.0,0,0.0114636365
1.0,1,0.9840085
1.0,1,0.61861503
0.0,0,0.013898157
0.0,0,0.007862244
1.0,1,0.9595961
0.0,1,0.42820823
0.0,0,0.016394503
0.0,0,0.13167176
1.0,1,0.62098086
0.0,1,0.4535139
0.0,0,0.026841167
0.0,0,0.32958624
1.0,1,0.9855575
1.0,1,0.6409575
0.0,0,0.014416017
0.0,0,0.009434168
0.0,0,0.022403136
1.0,1,0.8180187
1.0,1,0.9756746
1.0,1,0.8136856
0.0,0,0.14683925
0.0,0,0.1333709
1.0,1,0.9563624
1.0,1,0.9146037
0.0,0,0.020523304
0.0,0,0.22279155
1.0,0,0.35362807
1.0,1,0.85495394
1.0,1,0.8633371
0.0,0,0.1537002
1.0,1,0.9322554
0.0,0,0.16272467
0.0,0,0.00348971
0.0,0,0.00836368
1.0,1,0.7420379
1.0,1,0.91463894
0.0,0,0.011459817
1.0,1,0.9634906
1.0,1,0.73045003
0.0,0,0.0010284543
1.0,1,0.7108299
0.0,1,0.54109925
0.0,0,0.12351142
1.0,1,0.75523865
0.0,0,0.15690039
1.0,1,0.9494226
1.0,1,0.942431
0.0,0,0.017807148
1.0,1,0.6871113
0.0,0,0.39453572
1.0,1,0.9580571
1.0,1,0.9622023
1.0,1,0.97064674
0.0,0,0.030077837
0.0,0,0.017718464
0.0,0,0.029110547
1.0,1,0.8937662
1.0,1,0.9832545
1.0,1,0.96121234
1.0,1,0.81728154
1.0,1,0.9809329
0.0,0,0.001667248
1.0,1,0.8354429
0.0,1,0.62840897
0.0,0,0.000550188
1.0,1,0.910016
1.0,0,0.14871691
0.0,0,0.031974163
0.0,0,0.006806915
0.0,0,0.10069713
1.0,1,0.8551463
1.0,1,0.89424455
0.0,0,0.0067233555
0.0,0,0.009953918
1.0,1,0.9021302
1.0,1,0.9811422
0.0,0,0.34179038
0.0,1,0.97879803
1.0,1,0.91185427
1.0,1,0.7953457
0.0,0,0.0116160605
1.0,1,0.91511524
1.0,1,0.86758804
0.0,0,0.02788559
1.0,1,0.9682705
0.0,1,0.6420965
0.0,0,0.1677165
1.0,1,0.9491659
0.0,0,0.0041334596
0.0,0,0.018283987
0.0,0,0.15192018
1.0,1,0.6521683
0.0,0,0.00045693616
1.0,1,0.83408415
0.0,0,0.02819597
0.0,0,0.17010254
0.0,0,0.11140631
0.0,0,0.16640688
0.0,0,0.35063806
0.0,1,0.6622132
0.0,0,0.0052794586
1.0,1,0.9710674
0.0,0,0.015083144
0.0,0,0.04149347
1.0,1,0.98404455
0.0,1,0.55283797
0.0,0,0.007036783
0.0,0,0.31826073
0.0,0,0.017162474
0.0,1,0.67240083
1.0,1,0.76579815
0.0,0,0.14071971
1.0,1,0.934997
0.0,0,0.042096067
1.0,1,0.80131245
1.0,1,0.8259195
1.0,1,0.95675087
1.0,1,0.71564174
1.0,1,0.62513053
0.0,0,0.029719792
0.0,0,0.009080989
0.0,0,0.0062336745
1.0,1,0.9646374
1.0,1,0.96195835
1.0,1,0.9773703
1.0,1,0.84608436
0.0,0,0.30866724
1.0,1,0.9606747
1.0,1,0.8643107
1.0,1,0.86759746
1.0,1,0.9062775
0.0,0,0.1581876
1.0,1,0.817403
0.0,0,0.0019800025
0.0,0,0.06649915
0.0,0,0.008144221
1.0,1,0.72357994
1.0,1,0.843417
0.0,0,0.054979887
0.0,0,0.010514343
1.0,1,0.6805521
0.0,0,0.27126998
1.0,1,0.92582107
0.0,0,0.0057991147
0.0,0,0.020434368
0.0,0,0.0048134606
0.0,0,0.08248443
1.0,1,0.6518558
0.0,0,0.028443726
0.0,0,0.11740336
1.0,1,0.8763936
0.0,0,0.20641658
0.0,0,0.26971295
1.0,1,0.7100158
1.0,1,0.97661144
0.0,0,0.0034731848
1.0,1,0.87273204
0.0,0,0.00352003
1.0,1,0.8638506
0.0,1,0.5841123
0.0,0,0.006289109
1.0,1,0.9706642
0.0,0,0.33120802
1.0,1,0.47983572
0.0,0,0.17798352
0.0,0,0.009014079
0.0,0,0.37494162
0.0,0,0.09295175
0.0,0,0.020915091
1.0,1,0.84939015
0.0,0,0.012789097
1.0,1,0.93477196
1.0,1,0.76361436
0.0,0,0.01712797
0.0,0,0.018788923
0.0,0,0.0210183
1.0,1,0.92685854
1.0,1,0.8544948
1.0,1,0.91673076
1.0,1,0.98298246
0.0,0,0.0044987663
0.0,0,0.027167944
1.0,1,0.9410384
1.0,1,0.9693801
1.0,1,0.9058505
1.0,1,0.97968566
1.0,1,0.8254311
0.0,0,0.043015145
0.0,0,0.034887273
1.0,1,0.92182267
0.0,0,0.012303677
0.0,0,0.21581382
0.0,0,0.0027047973
0.0,0,0.023281552
1.0,1,0.9809445
1.0,1,0.67662835
0.0,0,0.10282775
0.0,0,0.06993143
1.0,1,0.9703286
1.0,1,0.6991914
1.0,1,0.79244447
1.0,1,0.9789819
0.0,0,0.24090385
0.0,0,0.32480517
1.0,1,0.8247742
1.0,1,0.47761104
0.0,0,0.21934935
0.0,0,0.12967125
1.0,1,0.98192143
1.0,1,0.8795732
0.0,1,0.562953
1.0,0,0.18902579
0.0,0,0.016898451
0.0,1,0.9215799
0.0,0,0.019720169
0.0,0,0.30642256
0.0,0,0.010629946
0.0,0,0.117484525
0.0,0,0.08686247
0.0,0,0.019650457
0.0,0,0.0029721742
1.0,1,0.66658306
1.0,1,0.9696858
0.0,1,0.5918644
0.0,0,0.0018964038
1.0,1,0.9802433
0.0,1,0.44048795
1.0,1,0.97874004
1.0,0,0.3845496
1.0,1,0.43957365
1.0,1,0.7505745
0.0,0,0.25104854
1.0,1,0.9226453
1.0,1,0.8883695
0.0,1,0.6326957
1.0,1,0.85665333
0.0,0,0.021732675
1.0,1,0.894249
0.0,0,0.3566565
1.0,1,0.7579216
0.0,0,0.006249362
1.0,1,0.86022353
0.0,0,0.023843735
1.0,1,0.5577924
1.0,1,0.97221035
0.0,0,0.020378796
1.0,1,0.86495817
0.0,1,0.8403212
0.0,0,0.0016155342
1.0,1,0.9544218
0.0,0,0.007918942
1.0,1,0.92342454
0.0,0,0.3284796
1.0,1,0.9560276
0.0,0,0.20679265
0.0,0,0.026975118
1.0,1,0.9592862
0.0,0,0.0022147747
0.0,1,0.4867523
0.0,0,0.004816296
0.0,0,0.019621965
1.0,1,0.47923958
1.0,1,0.9276257
0.0,0,0.3872513
1.0,1,0.737301
0.0,1,0.5212892
1.0,1,0.6406622
0.0,0,0.009731389
1.0,1,0.98234904
1.0,1,0.751739
0.0,0,0.0012100373
0.0,0,0.06809156
0.0,0,0.0063379006
0.0,0,0.021159524
0.0,0,0.005730448
1.0,0,0.3790884
0.0,0,0.100658044
0.0,0,0.011157111
1.0,1,0.98076177
0.0,0,0.3593739
1.0,1,0.61921966
1.0,1,0.9799421
1.0,1,0.97610223
1.0,1,0.9805773
1.0,1,0.969066
0.0,0,0.067701936
1.0,1,0.9533267
0.0,1,0.83461463
0.0,0,0.018938314
0.0,0,0.011398398
1.0,1,0.84368145
1.0,1,0.8001503
0.0,0,0.03159398
0.0,0,0.13267824
0.0,0,0.12376069
1.0,1,0.9542011
1.0,1,0.8628377
1.0,1,0.98280156
1.0,1,0.9065145
0.0,0,0.01688651
1.0,1,0.98032075
0.0,0,0.2224894
1.0,1,0.91674703
1.0,1,0.8086644
1.0,1,0.9572066
1.0,1,0.98029536
1.0,1,0.7709233
1.0,1,0.9265482
1.0,1,0.97429955
1.0,1,0.7678654
0.0,0,0.032795455
1.0,1,0.859679
1.0,1,0.47542188
1.0,1,0.97587985
0.0,1,0.62291205
1.0,1,0.9813566
1.0,1,0.7219708
0.0,0,0.2497684
0.0,0,0.012095957
1.0,1,0.875363
0.0,0,0.02711683
0.0,0,0.040709753
0.0,0,0.13758197
1.0,1,0.5627179
0.0,0,0.21249476
1.0,1,0.79234475
1.0,1,0.8386371
1.0,1,0.89370984
0.0,1,0.75630236
1.0,1,0.9567955
1.0,1,0.978672
0.0,0,0.0017351318
1.0,1,0.9827462
0.0,0,0.019872777
1.0,1,0.78901964
1.0,1,0.9733657
1.0,1,0.95709383
1.0,1,0.8330861
1.0,1,0.8130726
0.0,0,0.008068622
0.0,1,0.5409277
0.0,0,0.008089172
0.0,0,0.03832341
1.0,0,0.37940308
0.0,0,0.02106438
0.0,1,0.96822256
1.0,1,0.7423745
1.0,1,0.7739903
0.0,1,0.8614989
0.0,0,0.027199324
1.0,1,0.98129946
0.0,1,0.46113867
1.0,1,0.9546175
0.0,0,0.04247575
0.0,1,0.6103635
0.0,1,0.6775161
1.0,1,0.9813932
1.0,1,0.5990411
0.0,1,0.9727843
1.0,0,0.015686434
1.0,1,0.9731285
1.0,1,0.70091546
0.0,1,0.77695906
0.0,0,0.11606444
0.0,0,0.01404994
0.0,0,0.009101716
0.0,0,0.07400698
0.0,0,0.41356218
1.0,1,0.93419313
0.0,1,0.5096385
0.0,0,0.12260347
1.0,1,0.9740745
1.0,1,0.96843684
0.0,0,0.21010505
1.0,0,0.23672631
1.0,1,0.89324486
1.0,1,0.841135
1.0,1,0.96183825
1.0,1,0.961911
0.0,0,0.11799254
0.0,0,0.010020527
1.0,1,0.7743155
0.0,0,0.04501289
1.0,1,0.97754216
0.0,0,0.21295445
0.0,0,0.14360529
1.0,1,0.92253184
1.0,1,0.8406676
0.0,0,0.09717271
1.0,1,0.6859417
1.0,1,0.97924626
1.0,1,0.59892815
0.0,0,0.09834297
0.0,1,0.73912334
0.0,0,0.069826
0.0,0,0.25569114
0.0,0,0.38262025
0.0,0,0.0018773745
0.0,0,0.22308005
1.0,1,0.91021264
0.0,0,0.34808323
1.0,1,0.79793346
1.0,1,0.9870851
0.0,0,0.076512456
1.0,1,0.96213937
1.0,1,0.97281265
1.0,1,0.9684776
0.0,0,0.13518202
0.0,0,0.008237912
1.0,1,0.7906338
0.0,1,0.4400989
1.0,1,0.961302
0.0,1,0.72986656
1.0,1,0.7777941
0.0,0,0.015370586
1.0,1,0.4221939
1.0,1,0.9784408
0.0,1,0.6663924
1.0,1,0.97299844
1.0,1,0.89192176
1.0,1,0.9424329
0.0,0,0.004525941
1.0,1,0.9812864
0.0,0,0.004824959
0.0,0,0.0018212516
0.0,0,0.117694624
1.0,1,0.91635126
1.0,1,0.9547473
0.0,1,0.8210932
0.0,0,0.12023185
1.0,1,0.9781954
0.0,0,0.04794985
1.0,1,0.96538186
0.0,0,0.006034672
0.0,0,0.0030726022
0.0,0,0.018285058
1.0,0,0.30676165
0.0,0,0.009035283
0.0,0,0.0040109125
1.0,1,0.9768766
1.0,1,0.9588834
1.0,1,0.6766126
1.0,1,0.85640776
1.0,1,0.7867778
0.0,1,0.73699194
1.0,1,0.60560006
0.0,0,0.16557066
1.0,1,0.737632
0.0,1,0.5487155
1.0,1,0.9150104
0.0,0,0.18475214
1.0,0,0.1874486
1.0,0,0.3840404
0.0,1,0.5657224
0.0,0,0.015486721
1.0,1,0.86031616
1.0,0,0.21021585
1.0,1,0.9236976
1.0,1,0.930614
1.0,1,0.7601714
0.0,0,0.009785863
1.0,1,0.7233813
0.0,0,0.12572384
0.0,0,0.104623325
0.0,0,0.012109755
1.0,1,0.94943744
1.0,1,0.8245009
1.0,1,0.95589966
1.0,1,0.97040427
1.0,1,0.8169003
1.0,1,0.96997213
0.0,0,0.050683495
0.0,0,0.0015283208
0.0,0,0.1598914
1.0,1,0.80288744
0.0,0,0.27556628
0.0,0,0.38801265
0.0,0,0.009533443
0.0,0,0.026961718
1.0,1,0.9670117
1.0,1,0.58508074
0.0,0,0.19849001
1.0,1,0.9701437
1.0,1,0.6422096
1.0,1,0.8546319
0.0,0,0.016203946
0.0,0,0.04585579
0.0,0,0.3391566
0.0,0,0.24098861
0.0,0,0.006165292
0.0,0,0.4086413
1.0,1,0.96252745
1.0,1,0.86394167
1.0,1,0.89716065
1.0,1,0.95668715
1.0,1,0.54182446
0.0,0,0.33738217
1.0,1,0.56539583
0.0,1,0.75953925
0.0,0,0.14700277
0.0,0,0.257779
0.0,0,0.048215255
1.0,1,0.9318741
1.0,1,0.89532006
0.0,1,0.50735676
1.0,1,0.88854665
1.0,1,0.949367
0.0,0,0.011161152
0.0,0,0.100083835
1.0,1,0.84142685
1.0,1,0.8575298
0.0,0,0.0038563744
1.0,1,0.92594004
0.0,1,0.61226785
0.0,0,0.014863287
0.0,0,0.090497546
1.0,1,0.9263367
0.0,0,0.29835656
1.0,1,0.9523772
0.0,0,0.16530773
0.0,0,0.046532214
1.0,1,0.97407776
1.0,0,0.29898387
1.0,1,0.7988663
1.0,1,0.85557747
0.0,0,0.027206158
0.0,1,0.6809464
0.0,0,0.044181954
0.0,0,0.05472992
1.0,1,0.8353306
1.0,1,0.9606667
0.0,1,0.6683515
0.0,0,0.09030877
0.0,0,0.005681378
1.0,1,0.8236327
0.0,1,0.47800913
0.0,0,0.0027345417
0.0,0,0.07112294
0.0,0,0.24888892
0.0,0,0.013661473
0.0,0,0.0022096846
1.0,1,0.94557655
0.0,0,0.11225361
1.0,0,0.2890983
0.0,0,0.009294615
0.0,0,0.13867447
1.0,1,0.9793827
0.0,0,0.27043864
0.0,0,0.0040952396
1.0,1,0.9304512
0.0,0,0.0036667874
1.0,1,0.7235788
0.0,0,0.10658129
1.0,1,0.98319495
0.0,0,0.0034961244
0.0,0,0.029985437
0.0,0,0.09964046
0.0,0,0.19463217
1.0,1,0.949169
0.0,0,0.027320208
0.0,0,0.03608282
1.0,1,0.8485515
1.0,1,0.9424544
0.0,0,0.07846622
0.0,0,0.097487435
0.0,0,0.039660066
1.0,1,0.98000115
0.0,0,0.005434492
0.0,0,0.012402724
1.0,1,0.48080608
0.0,0,0.024278939
0.0,0,0.19281706
1.0,1,0.8095655
1.0,1,0.67551553
1.0,1,0.77488846
1.0,1,0.446501
0.0,0,0.001842291
0.0,0,0.056967616
0.0,1,0.7085725
1.0,1,0.93802637
0.0,0,0.062223002
1.0,0,0.12019799
0.0,0,0.087642774
0.0,0,0.15230545
1.0,1,0.62850094
0.0,0,0.04452961
1.0,1,0.96433634
0.0,0,0.012254381
0.0,0,0.012957315
1.0,1,0.8102205
1.0,1,0.9686065
1.0,1,0.85861415
0.0,1,0.94693327
1.0,0,0.41427946
0.0,0,0.008886104
0.0,0,0.0198221
1.0,1,0.97941947
0.0,0,0.09206455
0.0,0,0.020299522
0.0,0,0.052740447
1.0,1,0.8542285
1.0,1,0.6222484
1.0,1,0.840575
0.0,0,0.25997746
0.0,1,0.57061946
1.0,1,0.95761585
0.0,0,0.05824456
1.0,1,0.95913076
1.0,1,0.82834697
1.0,0,0.35086465
1.0,1,0.9698229
0.0,0,0.01908105
0.0,0,0.08233231
1.0,1,0.61081725
1.0,1,0.71290684
1.0,1,0.9257106
0.0,0,0.004827279
0.0,0,0.005267717
0.0,0,0.004376725
1.0,1,0.86111057
1.0,1,0.9395514
0.0,1,0.9803664
0.0,1,0.768377
0.0,0,0.02073328
0.0,1,0.572165
1.0,1,0.465852
0.0,1,0.5257772
1.0,1,0.72465813
0.0,0,0.018110096
1.0,1,0.797715
1.0,1,0.7981896
1.0,1,0.9703179
0.0,0,0.1450131
0.0,0,0.006290757
0.0,0,0.010708827
1.0,1,0.8340446
1.0,1,0.83672845
0.0,0,0.0061274115
1.0,1,0.75868374
1.0,1,0.97602314
1.0,1,0.9834946
1.0,1,0.48683074
0.0,0,0.23263866
0.0,0,0.02605113
1.0,1,0.91851383
1.0,1,0.94524384
1.0,1,0.71181196
0.0,0,0.0047156913
0.0,0,0.0033406373
0.0,0,0.0007671812
1.0,1,0.8725784
1.0,1,0.9785407
0.0,0,0.0077799954
1.0,1,0.9840308
0.0,0,0.13251044
0.0,0,0.11000434
0.0,0,0.41843235
1.0,1,0.9005907
0.0,0,0.18280767
0.0,1,0.5148678
1.0,1,0.80371046
0.0,0,0.020931236
1.0,1,0.9560892
1.0,1,0.98570645
1.0,1,0.97765875
0.0,1,0.56527245
0.0,0,0.03318919
0.0,0,0.15014537
1.0,1,0.8960023
0.0,1,0.82603204
0.0,0,0.05810593
1.0,1,0.6884938
0.0,0,0.026796134
1.0,1,0.98162806
0.0,0,0.001452298
1.0,1,0.89118665
1.0,1,0.83855355
0.0,0,0.007743675
0.0,0,0.024671597
0.0,0,0.019652864
0.0,0,0.12454277
0.0,0,0.24068508
0.0,0,0.06260901
1.0,1,0.9517033
0.0,0,0.32835734
1.0,1,0.9777739
1.0,1,0.9786759
0.0,0,0.03986794
1.0,1,0.94792366
1.0,1,0.78158283
0.0,0,0.013093064
1.0,1,0.95333797
0.0,0,0.010020575
1.0,1,0.95448864
0.0,0,0.03724832
1.0,1,0.918938
0.0,0,0.031850968
1.0,1,0.719199
0.0,0,0.3577082
0.0,0,0.14987043
1.0,1,0.9663573
1.0,1,0.8349781
1.0,1,0.9701423
0.0,0,0.0097151995
0.0,0,0.023101062
1.0,1,0.81610936
1.0,1,0.9186054
0.0,1,0.6442914
0.0,1,0.4580912
1.0,1,0.80489844
1.0,1,0.9431213
1.0,1,0.9643836
0.0,0,0.010698677
1.0,1,0.6098444
1.0,1,0.9088577
0.0,0,0.006220199
0.0,0,0.1288773
0.0,0,0.18808952
1.0,0,0.3256109
1.0,1,0.8278548
1.0,1,0.84337324
0.0,1,0.7190243
1.0,1,0.9760531
0.0,0,0.04615461
1.0,1,0.90245754
0.0,0,0.22446042
1.0,1,0.8463371
1.0,1,0.95133215
0.0,0,0.0036012155
1.0,1,0.905752
0.0,0,0.0028368956
0.0,0,0.04112604
1.0,1,0.97986066
0.0,1,0.42082915
1.0,1,0.86633766
0.0,0,0.0070627923
1.0,1,0.8554582
0.0,0,0.085673876
1.0,1,0.981785
1.0,1,0.9049468
1.0,1,0.76680845
0.0,0,0.01231218
1.0,1,0.90053093
0.0,0,0.4072556
1.0,1,0.97558016
1.0,1,0.8921699
0.0,0,0.074027054
1.0,1,0.98488235
1.0,0,0.41163772
0.0,0,0.0075607365
1.0,1,0.95486856
1.0,1,0.94067925
1.0,1,0.76182747
1.0,1,0.7964589
1.0,1,0.95849293
1.0,1,0.9510098
1.0,1,0.9705766
1.0,0,0.085119285
1.0,1,0.79740274
1.0,1,0.96556884
0.0,0,0.06784493
0.0,0,0.031220583
1.0,1,0.6793679
1.0,0,0.22822692
0.0,0,0.012807068
1.0,1,0.9705798
0.0,0,0.018897409
1.0,1,0.87269855
0.0,0,0.25826138
1.0,1,0.9689138
0.0,0,0.27166462
1.0,0,0.17818546
0.0,0,0.40191135
1.0,1,0.75385624
0.0,1,0.8591798
1.0,1,0.88155675
1.0,1,0.9397671
0.0,0,0.06601056
1.0,1,0.5527964
1.0,1,0.8341907
1.0,1,0.8245093
0.0,0,0.41847193
0.0,0,0.2650179
0.0,0,0.19389476
0.0,0,0.03425187
1.0,1,0.8067294
0.0,0,0.19259861
1.0,1,0.98198116
1.0,1,0.90936875
1.0,1,0.95228016
1.0,1,0.9673772
0.0,0,0.005486151
1.0,1,0.9829708
0.0,1,0.8398789
0.0,0,0.3505557
1.0,1,0.8715643
1.0,1,0.6493088
1.0,1,0.9217646
0.0,0,0.2000623
0.0,0,0.0042292676
1.0,1,0.9855953
1.0,1,0.91697526
1.0,1,0.98398954
1.0,1,0.9209068
1.0,1,0.94062304
1.0,1,0.8678005
1.0,1,0.6802894
0.0,0,0.10250126
1.0,1,0.8037445
1.0,1,0.89116484
1.0,1,0.9415807
1.0,1,0.9532551
1.0,1,0.95774096
1.0,1,0.83975244
1.0,1,0.9644315
1.0,0,0.41228452
0.0,0,0.013321297
0.0,0,0.008120217
1.0,1,0.93874687
1.0,1,0.9782233
0.0,0,0.09792456
0.0,1,0.44329733
1.0,1,0.62281513
1.0,1,0.9065749
0.0,0,0.043280546
1.0,1,0.7145649
0.0,0,0.122430116
0.0,1,0.6278243
1.0,1,0.8337716
1.0,1,0.94061035
1.0,1,0.7542102
0.0,0,0.014157437
0.0,0,0.05404927
0.0,0,0.017739754
0.0,0,0.11204949
0.0,0,0.055078577
0.0,0,0.081110395
0.0,0,0.008964506
1.0,1,0.8707807
0.0,0,0.0033409009
0.0,0,0.013465037
0.0,0,0.018113395
0.0,0,0.012630912
0.0,0,0.034840535
0.0,0,0.07454814
0.0,0,0.41795975
1.0,1,0.923419
1.0,1,0.96907806
0.0,0,0.010336291
1.0,1,0.77914554
0.0,0,0.014199314
1.0,1,0.8237736
0.0,0,0.16962919
0.0,0,0.0047259512
0.0,0,0.009884084
1.0,1,0.8618381
1.0,1,0.98061436
0.0,0,0.010286987
1.0,1,0.856423
1.0,1,0.5161257
0.0,0,0.025695732
1.0,1,0.9807556
1.0,1,0.4538561
1.0,1,0.9297622
1.0,1,0.882726
1.0,1,0.9820705
0.0,0,0.024093155
1.0,1,0.97457206
0.0,0,0.050542872
0.0,0,0.3608647
0.0,0,0.0012642244
0.0,0,0.152054
0.0,0,0.005472998
1.0,1,0.75077194
0.0,0,0.00049259164
1.0,1,0.7881192
1.0,1,0.67888033
0.0,0,0.22849849
1.0,1,0.84613293
1.0,1,0.85536885
1.0,1,0.96195257
0.0,0,0.017689895
1.0,1,0.8571659
1.0,1,0.4410256
0.0,0,0.15671644
1.0,1,0.8693761
1.0,1,0.87284815
1.0,1,0.9506852
1.0,0,0.41783577
0.0,0,0.12365392
1.0,0,0.02455789
0.0,0,0.052152164
1.0,1,0.9074035
0.0,1,0.82784027
1.0,1,0.97705835
0.0,0,0.01408935
1.0,1,0.7104593
1.0,1,0.8920521
1.0,1,0.93000835
1.0,1,0.8431216
1.0,0,0.20835622
1.0,1,0.796507
1.0,1,0.9761883
1.0,1,0.93542457
1.0,1,0.97701186
0.0,0,0.11390085
0.0,0,0.03543969
0.0,0,0.0071112607
0.0,0,0.0019494216
1.0,1,0.8023866
1.0,1,0.81221336
1.0,1,0.7970332
0.0,0,0.03211025
1.0,1,0.7310481
0.0,0,0.21880946
0.0,0,0.018789317
1.0,1,0.9706707
0.0,0,0.019022057
1.0,1,0.84993696
0.0,0,0.062390707
1.0,1,0.9016966
0.0,0,0.0314287
1.0,1,0.50779724
1.0,1,0.9781273
0.0,0,0.21993753
1.0,1,0.9576449
0.0,0,0.017482663
1.0,1,0.90426505
0.0,0,0.40354222
1.0,1,0.9792915
0.0,1,0.7896327
0.0,0,0.08123016
0.0,1,0.5566908
1.0,1,0.91182697
1.0,1,0.7146447
1.0,1,0.9190079
0.0,0,0.026137616
1.0,0,0.35541144
1.0,1,0.95645356
0.0,0,0.015341819
0.0,0,0.018726872
1.0,1,0.96737754
0.0,0,0.005067359
1.0,1,0.9089253
1.0,1,0.9458375
0.0,0,0.033841982
1.0,1,0.69176847
1.0,1,0.92672104
1.0,1,0.4744114
0.0,0,0.03496865
1.0,1,0.64888513
0.0,0,0.088476904
1.0,1,0.9565268
1.0,0,0.056147344
0.0,1,0.5702317
1.0,1,0.7345506
1.0,1,0.88595474
0.0,0,0.018010043
1.0,1,0.85226166
1.0,1,0.9430262
1.0,0,0.14901912
0.0,0,0.036951203
1.0,1,0.96081835
1.0,1,0.7843571
1.0,1,0.96790385
1.0,1,0.98410994
1.0,1,0.6969051
1.0,1,0.43902272
0.0,0,0.016483504
0.0,1,0.83358085
1.0,1,0.98219496
1.0,1,0.7199218
0.0,0,0.32691354
0.0,0,0.010206912
0.0,0,0.16891977
1.0,1,0.96898067
0.0,1,0.572159
1.0,1,0.9734108
1.0,1,0.9577449
0.0,0,0.014526805
0.0,0,0.00073606864
0.0,0,0.016198235
0.0,0,0.016703036
1.0,1,0.82356167
0.0,0,0.4005374
1.0,1,0.9534041
1.0,1,0.80555457
1.0,1,0.7805274
0.0,0,0.059749126
0.0,0,0.012369441
1.0,1,0.6889969
0.0,0,0.019296488
1.0,1,0.95956826
1.0,1,0.91132224
1.0,1,0.9759269
0.0,0,0.32907003
1.0,1,0.85842705
0.0,0,0.09507399
0.0,0,0.10043253
0.0,1,0.6748245
1.0,1,0.9085962
1.0,1,0.9719341
1.0,1,0.7876546
0.0,0,0.010574784
1.0,1,0.9243802
0.0,0,0.01279351
0.0,0,0.060303416
0.0,0,0.18218268
1.0,1,0.9059304
1.0,1,0.8714833
0.0,0,0.022055365
1.0,1,0.9677279
0.0,0,0.0021298148
1.0,1,0.9199846
1.0,0,0.35843483
0.0,0,0.018399918
0.0,0,0.0017380847
1.0,1,0.6377547
1.0,1,0.97949
1.0,1,0.8598232
0.0,0,0.03675621
0.0,0,0.0065051564
1.0,1,0.9445065
0.0,0,0.012681691
1.0,1,0.95238495
0.0,1,0.52132916
1.0,1,0.7990628
1.0,1,0.55372506
1.0,1,0.79862607
1.0,1,0.82194346
1.0,1,0.8576182
1.0,1,0.9803801
1.0,1,0.86722326
0.0,0,0.006224828
1.0,1,0.95179975
1.0,1,0.74900234
0.0,0,0.22901773
0.0,0,0.04592286
0.0,0,0.18907748
0.0,1,0.6762579
0.0,0,0.04697729
0.0,0,0.08840455
0.0,0,0.23523629
1.0,1,0.944236
0.0,0,0.026492469
0.0,0,0.04627973
0.0,0,0.01336387
0.0,0,0.026185239
0.0,0,0.14176282
0.0,0,0.01862532
1.0,1,0.8167904
1.0,1,0.7413205
1.0,1,0.8966563
0.0,0,0.09554785
1.0,1,0.9710108
0.0,0,0.159373
1.0,1,0.85229623
0.0,0,0.28268033
0.0,1,0.42006844
0.0,0,0.0060553034
1.0,1,0.6963196
0.0,0,0.03765521
1.0,1,0.9780186
0.0,1,0.6741657
0.0,0,0.29862812
0.0,0,0.0015285873
0.0,0,0.014595301
0.0,0,0.032406073
0.0,0,0.2054785
1.0,1,0.43404374
0.0,0,0.010791642
1.0,1,0.7646141
1.0,1,0.8955224
0.0,0,0.031454593
1.0,1,0.44282195
1.0,1,0.8271972
0.0,0,0.0046636234
0.0,0,0.012123087
0.0,0,0.38655823
0.0,0,0.011372288
1.0,1,0.96974206
0.0,0,0.15357058
1.0,1,0.9043025
0.0,0,0.006288582
0.0,0,0.002285883
0.0,0,0.12062023
0.0,0,0.020154038
1.0,1,0.9722017
1.0,1,0.8866363
1.0,1,0.980749
0.0,0,0.38892642
1.0,1,0.8816593
0.0,0,0.23592913
0.0,0,0.13106743
0.0,0,0.009873995
0.0,0,0.121353
0.0,0,0.0132247
0.0,0,0.122950286
0.0,0,0.005675056
1.0,1,0.9782597
0.0,0,0.06250166
1.0,1,0.92881817
1.0,1,0.97970223
1.0,1,0.9099357
0.0,0,0.21398972
0.0,0,0.20119068
0.0,0,0.20150054
1.0,1,0.9843832
0.0,0,0.024029715
1.0,1,0.9672394
0.0,0,0.11945004
0.0,0,0.015103176
0.0,0,0.020791216
0.0,0,0.02844563
0.0,0,0.017176231
0.0,0,0.296173
0.0,1,0.946513
1.0,1,0.92416805
0.0,0,0.20057961
1.0,1,0.949246
1.0,1,0.920293
1.0,0,0.41743124
0.0,1,0.67394173
1.0,1,0.8863316
1.0,1,0.80697966
1.0,1,0.91314983
0.0,0,0.012370675
1.0,1,0.9691298
1.0,1,0.8925085
0.0,0,0.18577726
1.0,1,0.92549694
0.0,0,0.058786724
0.0,0,0.032671504
1.0,1,0.94368106
1.0,1,0.98231137
0.0,0,0.25183973
0.0,0,0.08789432
0.0,0,0.012320359
0.0,1,0.721997
1.0,1,0.9784727
1.0,1,0.8874628
0.0,0,0.030790495
0.0,0,0.40961406
0.0,0,0.32761148
0.0,0,0.00097616384
0.0,0,0.12993182
0.0,0,0.047256507
1.0,1,0.85906786
1.0,1,0.8914037
1.0,1,0.7908388
1.0,1,0.9842188
1.0,1,0.92998916
0.0,0,0.014842501
0.0,1,0.4636234
1.0,1,0.6539622
0.0,0,0.058217265
1.0,1,0.75497025
1.0,1,0.93964386
1.0,1,0.83128184
1.0,1,0.64308214
0.0,0,0.027025232
0.0,0,0.40361455
0.0,0,0.19073904
1.0,1,0.98262876
0.0,0,0.21329437
0.0,0,0.35504794
1.0,1,0.49234977
0.0,0,0.08508362
0.0,0,0.037616055
0.0,0,0.006898749
1.0,1,0.86577535
0.0,0,0.043539423
0.0,0,0.39511654
1.0,1,0.9559493
0.0,0,0.019594446
1.0,1,0.94627935
1.0,1,0.9592008
1.0,1,0.7510372
1.0,1,0.94660825
1.0,1,0.9727322
0.0,0,0.25904202
1.0,1,0.98055553
1.0,1,0.8296009
0.0,0,0.38270873
0.0,0,0.112919144
1.0,1,0.92916876
1.0,1,0.94938105
1.0,1,0.9144703
1.0,1,0.91352737
1.0,1,0.9174904
0.0,0,0.016808737
1.0,1,0.9475189
0.0,0,0.01997846
0.0,1,0.5959704
0.0,0,0.06858578
1.0,0,0.31727785
1.0,1,0.9776518
1.0,1,0.953149
0.0,0,0.01065961
1.0,1,0.98331815
0.0,0,0.023664963
1.0,1,0.9510745
1.0,1,0.7039722
0.0,0,0.037617505
0.0,0,0.23102368
0.0,0,0.003967339
1.0,1,0.8042327
1.0,1,0.84794164
1.0,1,0.8877768
0.0,0,0.08588323
1.0,1,0.9282699
0.0,0,0.33728233
1.0,1,0.9764184
1.0,1,0.9804217
0.0,0,0.33380926
0.0,0,0.042472888
1.0,1,0.9687941
1.0,1,0.81840724
0.0,0,0.30502397
1.0,1,0.9548106
0.0,1,0.80062956
0.0,1,0.66152227
0.0,0,0.026294643
1.0,1,0.97180945
1.0,1,0.7143152
0.0,0,0.03523048
0.0,0,0.12583454
1.0,1,0.96379
0.0,0,0.0040878095
0.0,1,0.48958978
1.0,1,0.978755
1.0,1,0.7068269
0.0,0,0.22184604
1.0,1,0.87049925
0.0,0,0.3058532
1.0,1,0.89647776
0.0,0,0.0598561
1.0,1,0.9275448
1.0,1,0.928409
0.0,1,0.8027415
0.0,0,0.023903662
0.0,0,0.012603169
1.0,1,0.76440597
1.0,1,0.98178464
1.0,1,0.85591877
0.0,0,0.0016664363
0.0,0,0.0019258639
1.0,1,0.91319585
1.0,1,0.9118079
0.0,0,0.05097385
1.0,1,0.97372293
0.0,1,0.5719227
0.0,0,0.15819228
0.0,0,0.0033539357
0.0,0,0.02735268
0.0,0,0.06064908
1.0,1,0.97754765
0.0,0,0.19251147
0.0,1,0.48363054
1.0,1,0.7460698
0.0,1,0.61399794
1.0,1,0.95900196
1.0,0,0.16740806
1.0,1,0.9679202
1.0,1,0.9715715
0.0,0,0.3114307
1.0,1,0.96396446
1.0,1,0.53312624
1.0,1,0.85910714
0.0,1,0.58438635
1.0,1,0.9495509
0.0,0,0.27517056
1.0,1,0.7112347
1.0,1,0.83975214
0.0,0,0.007758161
1.0,1,0.70120203
0.0,0,0.005389151
1.0,1,0.97995096
0.0,0,0.22593448
0.0,0,0.006555318
1.0,1,0.958078
0.0,0,0.054228585
1.0,1,0.9059866
1.0,1,0.97779894
0.0,0,0.26444995
0.0,0,0.06316578
0.0,0,0.20345287
0.0,1,0.55619234
0.0,0,0.33438465
1.0,1,0.9642603
0.0,0,0.2704858
1.0,1,0.94993573
0.0,0,0.050506264
1.0,1,0.93057865
1.0,1,0.89425564
0.0,1,0.6167214
1.0,1,0.95847154
0.0,0,0.07269637
1.0,0,0.29054427
1.0,1,0.9680997
1.0,1,0.8953218
0.0,1,0.97484
0.0,0,0.045844644
0.0,0,0.06093747
1.0,1,0.7192775
1.0,1,0.9808059
1.0,1,0.86476463
0.0,0,0.021093339
1.0,1,0.9028464
0.0,0,0.033557028
1.0,0,0.22421892
0.0,0,0.12701751
0.0,0,0.014735687
1.0,1,0.8498615
1.0,1,0.6987031
1.0,1,0.9425128
1.0,1,0.9600515
0.0,1,0.7348132
1.0,1,0.83213854
1.0,1,0.77780294
0.0,1,0.75073075
0.0,1,0.5630175
0.0,0,0.03249761
1.0,1,0.95098
1.0,1,0.9598517
1.0,1,0.9113098
1.0,1,0.8134405
1.0,1,0.67082936
1.0,1,0.96073955
1.0,1,0.5595181
1.0,1,0.8500681
1.0,1,0.7658839
1.0,1,0.9727452
1.0,0,0.23053375
1.0,1,0.88905096
1.0,1,0.9771561
1.0,1,0.93761563
1.0,1,0.47868678
1.0,1,0.9296656
0.0,0,0.0055137537
1.0,1,0.9817498
1.0,1,0.966296
1.0,1,0.85559565
1.0,1,0.96059173
1.0,1,0.9762073
1.0,1,0.8366182
1.0,0,0.01651235
1.0,1,0.9663246
1.0,1,0.86483353
1.0,1,0.884362
0.0,0,0.30645192
1.0,1,0.89479965
1.0,1,0.80289483
0.0,1,0.8169038
1.0,1,0.7272474
0.0,1,0.94047034
1.0,1,0.91222656
1.0,1,0.78379554
1.0,1,0.8144629
1.0,1,0.858264
0.0,1,0.7519771
0.0,0,0.015136208
1.0,1,0.94498557
1.0,0,0.18178728
1.0,1,0.9677953
0.0,1,0.4250578
1.0,1,0.81287277
1.0,1,0.85659456
1.0,1,0.8584455
1.0,1,0.9461917
1.0,1,0.959327
1.0,1,0.7800555
1.0,1,0.9145911
1.0,1,0.97833127
1.0,1,0.932725
0.0,1,0.5020343
1.0,1,0.8535102
0.0,1,0.7048627
1.0,1,0.94228536
1.0,1,0.8309438
1.0,1,0.97465813
1.0,1,0.9536433
1.0,1,0.88816804
0.0,0,0.0023922347
1.0,1,0.9577998
0.0,1,0.48841703
1.0,1,0.969794
1.0,1,0.9733617
1.0,1,0.5351261
1.0,1,0.9654351
1.0,1,0.9721872
1.0,0,0.32477504
0.0,0,0.07455937
1.0,1,0.96223104
1.0,1,0.9693951
0.0,0,0.020386936
0.0,0,0.36531764
1.0,1,0.86459
1.0,1,0.97494406
0.0,0,0.19065493
0.0,0,0.12911665
1.0,1,0.8780991
0.0,0,0.0078119445
0.0,0,0.24694698
1.0,0,0.33015624
0.0,0,0.0136015145
1.0,1,0.70218694
0.0,0,0.0077229836
1.0,1,0.9626646
1.0,1,0.9465296
0.0,1,0.68571717
1.0,1,0.83149993
1.0,0,0.35577774
1.0,1,0.95639294
0.0,0,0.112269364
1.0,1,0.8568484
1.0,0,0.19285509
0.0,0,0.27680779
1.0,1,0.8793785
1.0,1,0.98348534
1.0,1,0.82308114
1.0,0,0.41709343
1.0,1,0.98367393
1.0,1,0.7970144
0.0,0,0.015075043
0.0,0,0.028072497
0.0,0,0.027574316
0.0,0,0.031497475
0.0,0,0.0030455857
0.0,0,0.21034269
1.0,1,0.98009384
0.0,1,0.5016291
0.0,0,0.0070572398
1.0,1,0.88858545
0.0,0,0.0069049555
0.0,0,0.035786245
1.0,1,0.8664423
0.0,1,0.58601266
1.0,1,0.9817759
1.0,1,0.9676842
0.0,1,0.5030657
1.0,1,0.97356147
1.0,1,0.80777615
0.0,1,0.6905278
0.0,0,0.21021779
1.0,1,0.8344972
0.0,0,0.27233884
0.0,0,0.03923727
0.0,0,0.016539473
0.0,0,0.276697
1.0,1,0.6757488
0.0,0,0.021881884
0.0,0,0.011541553
1.0,0,0.06363748
1.0,1,0.79684496
1.0,1,0.71147406
0.0,0,0.00587112
0.0,0,0.040605284
1.0,1,0.97815186
0.0,0,0.22102083
0.0,0,0.006952474
0.0,0,0.002548331
0.0,1,0.5688152
0.0,0,0.07984165
0.0,0,0.06735119
1.0,1,0.8466927
0.0,0,0.038221914
0.0,1,0.5127171
1.0,1,0.537874
1.0,1,0.9577014
1.0,1,0.878307
0.0,0,0.023707112
1.0,1,0.67050683
1.0,1,0.9619045
0.0,0,0.10226132
1.0,1,0.969929
1.0,1,0.9387865
0.0,0,0.004491997
0.0,0,0.10265278
1.0,1,0.7385949
1.0,1,0.93162626
0.0,0,0.19435741
0.0,0,0.11445336
0.0,0,0.011827219
1.0,1,0.8134799
0.0,0,0.0027567148
0.0,1,0.74870515
0.0,0,0.021849357
1.0,1,0.7138661
1.0,1,0.79958045
0.0,0,0.019089015
0.0,0,0.15317935
1.0,1,0.9549319
0.0,0,0.08477397
0.0,1,0.6359608
1.0,1,0.8218515
1.0,1,0.8127272
1.0,1,0.64424205
1.0,1,0.92352766
1.0,1,0.8654564
0.0,0,0.003425572
0.0,1,0.58991456
0.0,0,0.030586263
0.0,0,0.0746063
1.0,1,0.9655391
0.0,0,0.06705261
0.0,0,0.0072799367
0.0,1,0.7059238
0.0,0,0.00821721
0.0,0,0.0892411
0.0,0,0.17564403
1.0,1,0.98241466
1.0,1,0.98114604
0.0,0,0.2929136
0.0,0,0.06291619
0.0,0,0.06314639
0.0,0,0.01254915
0.0,0,0.0077834628
0.0,0,0.0023402725
1.0,1,0.65107846
1.0,1,0.95226306
0.0,0,0.008788791
0.0,1,0.6297393
0.0,0,0.000986944
0.0,0,0.0035227556
1.0,1,0.84671724
0.0,0,0.1767819
0.0,0,0.04488822
1.0,1,0.95289814
0.0,0,0.043946814
1.0,1,0.84926504
1.0,1,0.92121786
0.0,1,0.4243765
0.0,0,0.01201065
1.0,1,0.9629205
1.0,1,0.9784893
1.0,1,0.9573577
0.0,0,0.041856606
1.0,1,0.9580238
0.0,0,0.05873642
1.0,1,0.89574933
0.0,0,0.085924916
0.0,0,0.0067075407
0.0,1,0.47907647
1.0,1,0.9504191
0.0,0,0.038505297
0.0,0,0.16463661
0.0,0,0.09421431
1.0,1,0.93483853
1.0,1,0.7593948
1.0,1,0.97122973
1.0,1,0.5848505
0.0,0,0.03870764
0.0,0,0.3887724
0.0,0,0.062043417
0.0,0,0.0057254545
1.0,1,0.9778928
1.0,1,0.9363544
1.0,1,0.8424124
0.0,0,0.050556164
1.0,1,0.7353518
0.0,0,0.12215545
1.0,1,0.9319512
0.0,0,0.23921147
1.0,1,0.95460385
1.0,1,0.6715655
1.0,1,0.91472423
1.0,1,0.9623023
0.0,0,0.006371565
0.0,0,0.014163408
0.0,0,0.07605745
0.0,0,0.0082149785
0.0,0,0.022977768
1.0,1,0.72207135
1.0,0,0.29544356
1.0,1,0.9694543
0.0,0,0.009930197
1.0,0,0.028724581
1.0,1,0.8539728
1.0,1,0.84743667
1.0,1,0.9772249
1.0,1,0.97576517
0.0,1,0.50619125
0.0,0,0.09831578
1.0,1,0.90386707
0.0,0,0.10773293
1.0,1,0.90700996
0.0,1,0.69995457
1.0,1,0.9767442
1.0,1,0.6276566
0.0,1,0.5377128
1.0,1,0.8091335
1.0,1,0.8674793
1.0,1,0.83825004
1.0,1,0.9657623
0.0,0,0.09118473
1.0,1,0.7344446
0.0,0,0.0018335817
1.0,1,0.8407057
1.0,1,0.8896861
1.0,1,0.7822249
1.0,1,0.9309086
1.0,1,0.43606627
0.0,0,0.005652304
1.0,1,0.73662984
0.0,0,0.0049493667
0.0,0,0.020593999
1.0,1,0.97786874
0.0,0,0.008520273
0.0,0,0.020539219
0.0,0,0.035189126
1.0,1,0.6894939
0.0,0,0.16908339
0.0,0,0.15028857
1.0,1,0.8983783
1.0,1,0.9418137
0.0,0,0.02269171
1.0,1,0.848152
1.0,1,0.83784086
1.0,1,0.9164676
0.0,0,0.07899012
0.0,0,0.07855899
0.0,0,0.03897764
0.0,0,0.019035446
1.0,1,0.54025126
0.0,1,0.9665318
0.0,0,0.002186372
1.0,1,0.96282226
1.0,1,0.8722051
0.0,1,0.49459758
1.0,1,0.9112236
1.0,1,0.9588741
1.0,1,0.9841538
1.0,1,0.90704983
0.0,0,0.030171541
0.0,0,0.0037132723
1.0,1,0.822901
0.0,1,0.5424464
1.0,1,0.79206264
1.0,1,0.8562813
0.0,0,0.0036756108
1.0,1,0.89650786
1.0,1,0.981022
0.0,0,0.17374857
1.0,1,0.85156065
0.0,1,0.7834821
1.0,1,0.9032538
1.0,1,0.9189887
1.0,1,0.89266396
0.0,0,0.012883676
0.0,1,0.45367756
1.0,1,0.9107667
1.0,1,0.8023277
1.0,1,0.85216874
1.0,1,0.61467206
1.0,1,0.93647474
0.0,0,0.39980268
0.0,0,0.13663588
0.0,0,0.00409801
0.0,0,0.0096916435
0.0,1,0.8474482
0.0,0,0.054694388
1.0,1,0.93300533
1.0,1,0.9580674
1.0,1,0.75184536
1.0,1,0.9252831
0.0,1,0.4615641
0.0,0,0.19091581
1.0,1,0.9567782
1.0,1,0.8286902
1.0,1,0.9047033
1.0,1,0.8124503
0.0,0,0.030517885
1.0,1,0.91347885
0.0,0,0.33074844
1.0,1,0.8341257
1.0,1,0.9823353
0.0,0,0.027978951
0.0,0,0.12072737
1.0,1,0.8284137
1.0,1,0.92798114
1.0,1,0.9840604
0.0,0,0.0125873955
0.0,1,0.7342293
1.0,1,0.90735394
1.0,1,0.9453282
0.0,0,0.026548365
0.0,1,0.59375536
0.0,1,0.89542645
0.0,0,0.021232544
0.0,1,0.49246702
0.0,0,0.021429898
0.0,1,0.5049406
0.0,0,0.14284463
0.0,0,0.00410101
1.0,1,0.8709241
1.0,1,0.97699696
1.0,1,0.94016314
0.0,0,0.05998045
0.0,0,0.022360234
1.0,1,0.66769713
1.0,1,0.9801007
1.0,1,0.88244593
1.0,1,0.83977675
0.0,0,0.012157136
1.0,1,0.90185225
0.0,0,0.023031782
1.0,1,0.8228543
0.0,0,0.004459524
0.0,0,0.15700303
1.0,1,0.54658353
1.0,1,0.93708515
0.0,0,0.024058053
1.0,1,0.96108246
1.0,1,0.95308864
1.0,1,0.97278243
1.0,1,0.98004526
1.0,1,0.91830206
1.0,1,0.96577746
1.0,1,0.9704146
1.0,1,0.6966107
1.0,1,0.863418
1.0,1,0.924928
0.0,0,0.04496237
0.0,1,0.76455647
1.0,1,0.86602706
1.0,1,0.9632938
0.0,0,0.027973454
1.0,1,0.4675835
1.0,1,0.8944869
0.0,0,0.16903417
0.0,0,0.010186636
1.0,1,0.67743
0.0,0,0.0028137919
0.0,0,0.11872206
0.0,0,0.026189713
1.0,1,0.87648475
1.0,1,0.9825652
1.0,1,0.7974632
0.0,0,0.037360158
1.0,1,0.9556934
0.0,0,0.021867909
0.0,0,0.003985373
0.0,0,0.20916423
0.0,0,0.004831801
1.0,1,0.94980955
1.0,1,0.84973544
0.0,0,0.29175246
1.0,1,0.9779392
0.0,0,0.17656577
1.0,1,0.95453006
1.0,1,0.94645065
0.0,0,0.014445422
1.0,1,0.9551541
0.0,0,0.29019287
1.0,1,0.9488964
1.0,1,0.70218384
0.0,0,0.04835715
1.0,1,0.938579
1.0,1,0.58469844
0.0,1,0.90592575
1.0,0,0.37032083
0.0,1,0.47879326
1.0,1,0.97899866
0.0,0,0.018938296
0.0,0,0.0549196
0.0,0,0.008492511
1.0,1,0.7122294
0.0,0,0.108313926
1.0,1,0.8957977
1.0,1,0.80377424
0.0,1,0.74980474
1.0,1,0.92187107
0.0,0,0.21232942
0.0,0,0.03839068
1.0,1,0.9478442
0.0,0,0.19242458
0.0,0,0.05977237
0.0,0,0.092366755
0.0,0,0.30487505
0.0,1,0.69073343
0.0,0,0.12221734
1.0,1,0.83176637
0.0,1,0.72146267
0.0,0,0.0093503315
1.0,1,0.9409207
1.0,1,0.95727307
1.0,1,0.94166374
0.0,0,0.0072178473
1.0,1,0.9284005
0.0,0,0.23967569
1.0,1,0.8731472
1.0,1,0.94062513
1.0,1,0.9733207
1.0,1,0.8043336
1.0,1,0.963948
1.0,1,0.79118097
0.0,0,0.0044714883
1.0,1,0.95871353
0.0,0,0.15387644
1.0,1,0.9482256
0.0,0,0.018285938
1.0,1,0.9747699
1.0,1,0.847507
1.0,1,0.9731008
1.0,1,0.9761319
0.0,1,0.76396745
0.0,0,0.10995867
0.0,0,0.035145506
0.0,0,0.009567842
0.0,0,0.014634287
1.0,1,0.983859
0.0,0,0.16959098
0.0,0,0.10541777
0.0,0,0.27545848
1.0,1,0.9710799
1.0,1,0.53242904
0.0,1,0.6840763
1.0,1,0.8992629
0.0,0,0.014859369
1.0,1,0.92614144
0.0,0,0.0042856736
1.0,1,0.94807255
1.0,1,0.7393322
1.0,1,0.6090082
0.0,0,0.042983025
0.0,1,0.79195553
1.0,1,0.73353934
0.0,0,0.015183423
1.0,1,0.96189547
0.0,0,0.11727202
0.0,0,0.0020168435
0.0,0,0.04122511
1.0,1,0.848619
0.0,0,0.014398216
0.0,0,0.012435363
0.0,0,0.33355764
1.0,1,0.8924478
1.0,1,0.72438884
0.0,0,0.13925293
0.0,0,0.016590074
0.0,0,0.040877927
0.0,0,0.0035935391
1.0,1,0.9283526
1.0,1,0.7291105
0.0,1,0.5269276
0.0,1,0.75989616
1.0,1,0.98511225
0.0,1,0.94061404
1.0,1,0.95272577
1.0,0,0.36832404
0.0,0,0.009565501
1.0,1,0.9810622
0.0,0,0.18007629
1.0,1,0.77437335
0.0,0,0.020032775
1.0,1,0.96554494
1.0,1,0.9025652
1.0,1,0.9810367
0.0,0,0.067557864
0.0,0,0.03284251
1.0,1,0.7779288
1.0,1,0.8103461
0.0,0,0.044603147
0.0,0,0.0037955446
1.0,1,0.98176885
1.0,1,0.6782805
1.0,1,0.9552894
0.0,0,0.3048279
0.0,1,0.90246624
0.0,0,0.0027201741
1.0,1,0.9745021
0.0,0,0.037301384
0.0,0,0.4109434
0.0,0,0.005125662
0.0,1,0.5861448
1.0,1,0.89351577
0.0,0,0.012322646
1.0,1,0.9769268
0.0,0,0.14889991
0.0,0,0.013808928
0.0,0,0.010697129
1.0,1,0.9456778
0.0,0,0.03176467
1.0,1,0.98160714
1.0,0,0.41995114
0.0,0,0.011534308
1.0,1,0.7900784
1.0,1,0.85943455
1.0,1,0.68628335
1.0,1,0.9145984
1.0,1,0.96633047
1.0,1,0.91825277
1.0,1,0.7144921
1.0,1,0.9806972
0.0,0,0.29958558
1.0,1,0.7918772
1.0,0,0.32948208
0.0,0,0.030156586
0.0,0,0.005142746
1.0,1,0.8415445
0.0,0,0.15076527
1.0,1,0.90636736
0.0,0,0.050096076
1.0,1,0.64774746
0.0,0,0.08594971
0.0,1,0.61940604
0.0,1,0.47517887
0.0,0,0.015801912
0.0,0,0.009270324
1.0,1,0.9643247
1.0,1,0.6366197
0.0,0,0.11242025
1.0,1,0.5462669
1.0,1,0.8652806
0.0,0,0.007467101
1.0,1,0.9836875
0.0,0,0.0044184597
1.0,1,0.98295575
0.0,0,0.06123814
1.0,1,0.767506
1.0,1,0.93709207
0.0,0,0.057300746
1.0,1,0.9820927
1.0,1,0.5792882
1.0,1,0.9792827
0.0,0,0.007368214
1.0,1,0.7569806
0.0,0,0.012557442
0.0,0,0.30929622
1.0,1,0.8059933
0.0,0,0.055426836
1.0,1,0.9486556
0.0,0,0.15366456
0.0,0,0.0959932
0.0,0,0.2618411
1.0,1,0.42177507
1.0,1,0.93017614
0.0,0,0.01133144
0.0,0,0.0014001455
0.0,0,0.0024465048
1.0,0,0.2966012
1.0,1,0.8010978
1.0,1,0.9641476
0.0,0,0.07504298
0.0,0,0.049371514
0.0,0,0.13630585
0.0,0,0.19079287
1.0,1,0.94397163
0.0,0,0.38656336
0.0,0,0.15556687
0.0,0,0.35611275
1.0,1,0.92569935
0.0,0,0.0049920753
0.0,0,0.046765838
1.0,1,0.8966852
0.0,0,0.0099344775
1.0,1,0.837119
0.0,1,0.6899545
0.0,0,0.043208886
0.0,0,0.0016660491
0.0,0,0.015559381
0.0,0,0.02608034
0.0,0,0.0019476411
1.0,1,0.98330665
1.0,1,0.88475865
1.0,1,0.94935155
1.0,1,0.9289616
0.0,0,0.0023086127
0.0,0,0.0047913776
0.0,0,0.053956166
0.0,0,0.0042956825
0.0,0,0.00899265
0.0,0,0.09542757
1.0,1,0.97598225
0.0,0,0.014990382
0.0,1,0.5498854
0.0,0,0.014945316
1.0,1,0.9732463
0.0,0,0.15191688
1.0,1,0.98104477
0.0,1,0.8769988
0.0,0,0.28863764
1.0,1,0.8357898
1.0,1,0.85903
0.0,0,0.0048901583
0.0,0,0.23950064
1.0,1,0.82232606
0.0,0,0.32320654
1.0,1,0.96465546
0.0,0,0.28370166
1.0,1,0.8791751
0.0,0,0.058805738
1.0,1,0.95908487
0.0,0,0.027153872
0.0,0,0.010189112
0.0,1,0.9025311
0.0,0,0.02801675
1.0,1,0.81674093
0.0,0,0.062043704
0.0,0,0.04372961
0.0,1,0.47392997
0.0,0,0.024589237
0.0,0,0.013694931
0.0,0,0.052052643
1.0,1,0.7718674
1.0,1,0.72264975
1.0,1,0.80525064
1.0,1,0.9776118
1.0,1,0.68150663
1.0,1,0.9601284
1.0,1,0.96217895
1.0,1,0.9651747
0.0,0,0.33494648
0.0,0,0.031761486
0.0,0,0.16527566
1.0,1,0.762206
1.0,1,0.60760665
0.0,0,0.007614599
1.0,1,0.4985451
1.0,1,0.8569529
1.0,1,0.88439834
0.0,1,0.55741566
0.0,0,0.009245875
0.0,0,0.0018376495
1.0,1,0.70623344
1.0,1,0.82415986
1.0,1,0.98099446
1.0,1,0.9075798
1.0,1,0.9291892
1.0,1,0.7334964
1.0,1,0.8902657
1.0,1,0.48999688
1.0,1,0.72935176
1.0,1,0.9733917
0.0,0,0.049285345
0.0,0,0.024042618
0.0,0,0.15497059
1.0,1,0.9033822
1.0,1,0.9752027
1.0,0,0.19421674
1.0,1,0.8304174
1.0,1,0.57369864
1.0,1,0.97937006
1.0,1,0.9780823
0.0,0,0.37224564
0.0,0,0.2583405
0.0,0,0.39036363
1.0,1,0.82580495
1.0,1,0.93630004
0.0,0,0.27983984
0.0,0,0.0036547158
1.0,0,0.14739335
0.0,1,0.49321002
0.0,0,0.033917867
1.0,1,0.79033643
0.0,1,0.4949713
1.0,1,0.610706
0.0,0,0.024772754
1.0,0,0.29396826
0.0,0,0.003564729
1.0,1,0.96868587
1.0,1,0.931724
1.0,1,0.8825891
1.0,1,0.92193276
1.0,1,0.8849311
0.0,0,0.000343857
0.0,0,0.024194784
0.0,0,0.13453117
0.0,0,0.14968342
0.0,0,0.013723546
1.0,1,0.8111712
0.0,0,0.12483442
0.0,0,0.1458873
0.0,0,0.009226367
1.0,1,0.8437405
1.0,1,0.9500691
1.0,1,0.4959851
0.0,1,0.4618486
0.0,1,0.42829207
0.0,0,0.01473539
0.0,0,0.009477379
1.0,1,0.824509
1.0,1,0.7131664
0.0,0,0.00930682
0.0,0,0.015583516
0.0,0,0.023171809
0.0,0,0.410542
1.0,1,0.9641572
1.0,1,0.9326132
0.0,0,0.09964645
1.0,1,0.8566204
0.0,1,0.7471762
0.0,1,0.7327075
1.0,1,0.7320799
0.0,0,0.05294776
0.0,0,0.011325341
0.0,0,0.09636053
1.0,1,0.8389369
1.0,1,0.8918133
1.0,1,0.9273108
0.0,0,0.07357391
0.0,0,0.010684202
0.0,0,0.010157796
0.0,0,0.09565049
0.0,0,0.38395634
1.0,1,0.83896196
0.0,0,0.0048407195
1.0,1,0.9637091
0.0,0,0.017072571
1.0,1,0.93296653
0.0,0,0.06863861
0.0,0,0.039227724
0.0,0,0.3927267
1.0,1,0.9036064
1.0,1,0.9805147
0.0,0,0.20032993
0.0,0,0.01808245
0.0,0,0.121895626
1.0,1,0.84853643
1.0,1,0.9001554
1.0,1,0.96920156
1.0,1,0.46952742
0.0,0,0.15453684
1.0,1,0.5035905
1.0,1,0.7916054
0.0,0,0.019995991
1.0,0,0.08482795
1.0,1,0.7423315
0.0,0,0.019766016
1.0,1,0.91796166
0.0,0,0.005368671
1.0,1,0.77954787
1.0,1,0.8250898
1.0,1,0.74142635
0.0,0,0.040594973
1.0,1,0.9738477
1.0,1,0.96468115
1.0,1,0.5879233
1.0,1,0.97501427
1.0,1,0.97920626
0.0,0,0.0024047042
1.0,1,0.9756821
1.0,1,0.9682468
1.0,1,0.9817716
1.0,1,0.9218195
0.0,0,0.021254605
0.0,0,0.00070801243
0.0,0,0.07552668
1.0,1,0.9723239
1.0,1,0.80119514
1.0,1,0.844972
0.0,0,0.013412709
1.0,1,0.95737785
1.0,1,0.90181166
1.0,1,0.76296604
1.0,1,0.93845946
0.0,0,0.03686778
0.0,0,0.37254947
0.0,0,0.007987001
1.0,1,0.93657357
0.0,1,0.75731546
0.0,0,0.25969684
1.0,1,0.98263335
0.0,0,0.009574006
0.0,0,0.25540933
1.0,1,0.93563604
0.0,0,0.06214142
0.0,0,0.018710239
0.0,0,0.011320055
1.0,0,0.11026611
1.0,1,0.97497565
0.0,0,0.003288581
1.0,1,0.76986295
1.0,1,0.7924901
1.0,1,0.75473183
0.0,0,0.32830366
1.0,1,0.5646152
1.0,1,0.6778588
1.0,1,0.96880156
0.0,0,0.014139512
0.0,0,0.12272417
0.0,0,0.015278702
1.0,1,0.92622
0.0,1,0.7900125
1.0,1,0.43817374
0.0,0,0.3371074
0.0,0,0.28492248
0.0,0,0.013615844
1.0,1,0.978599
1.0,1,0.93903893
1.0,0,0.34190902
0.0,0,0.24237211
0.0,0,0.0075092735
0.0,0,0.15275715
0.0,0,0.15558611
0.0,0,0.013291649
0.0,0,0.19165133
0.0,0,0.07935234
0.0,1,0.7209687
0.0,0,0.16637911
1.0,1,0.8857924
1.0,1,0.9255314
1.0,1,0.93082595
0.0,0,0.14979935
0.0,0,0.058623884
1.0,1,0.9612779
0.0,0,0.0059438213
0.0,0,0.08180982
0.0,0,0.05853788
0.0,0,0.025578912
1.0,1,0.97320485
1.0,1,0.85190916
1.0,1,0.9425073
1.0,1,0.9642027
0.0,0,0.05463966
0.0,0,0.03282391
0.0,0,0.0019979493
1.0,1,0.9347127
1.0,1,0.94301367
0.0,0,0.025036797
0.0,0,0.06205167
1.0,1,0.589023
0.0,0,0.12148182
0.0,0,0.00459753
1.0,1,0.6233053
1.0,1,0.9826043
1.0,1,0.4449197
0.0,1,0.78935575
1.0,1,0.90261567
1.0,1,0.8691882
0.0,1,0.6998384
0.0,0,0.05178413
0.0,0,0.15231098
0.0,0,0.06503307
0.0,0,0.21311328
0.0,1,0.93967706
0.0,1,0.84577215
1.0,1,0.95071095
0.0,0,0.008128179
1.0,1,0.97309965
0.0,0,0.01980233
1.0,1,0.9582442
0.0,0,0.09690987
1.0,1,0.9808571
0.0,0,0.123056605
1.0,1,0.9825442
1.0,0,0.053510632
0.0,1,0.57838434
1.0,1,0.83204794
1.0,1,0.9848971
1.0,0,0.2432116
0.0,0,0.23154114
0.0,0,0.040918525
1.0,0,0.28221458
0.0,0,0.4158775
1.0,1,0.4606907
0.0,1,0.9199975
1.0,1,0.9704988
0.0,0,0.07722493
1.0,1,0.9789626
0.0,0,0.038796898
0.0,0,0.0019986266
0.0,0,0.0015050784
1.0,1,0.95371
1.0,1,0.7448033
0.0,0,0.15434292
0.0,0,0.33505234
0.0,0,0.41479465
1.0,0,0.24618277
0.0,0,0.004801333
0.0,0,0.006571202
0.0,0,0.0033437123
0.0,0,0.122654006
0.0,0,0.11149728
1.0,1,0.87512624
0.0,1,0.86899054
1.0,1,0.9699546
0.0,1,0.5057658
0.0,0,0.022565538
1.0,1,0.97896487
0.0,0,0.021440716
1.0,1,0.9194012
1.0,1,0.9782299
1.0,1,0.76662785
1.0,1,0.7429452
1.0,1,0.930346
0.0,0,0.18756364
0.0,1,0.69288725
0.0,0,0.21704209
0.0,0,0.007682575
1.0,1,0.9725343
1.0,1,0.96955144
1.0,1,0.7850356
1.0,1,0.60012746
1.0,1,0.8877388
0.0,1,0.72857994
0.0,0,0.16749011
1.0,1,0.8617465
1.0,0,0.26941934
0.0,0,0.004344634
0.0,0,0.044982422
0.0,0,0.021634385
0.0,1,0.6491308
0.0,0,0.0052299835
0.0,0,0.14392683
0.0,0,0.017919257
0.0,0,0.002931764
1.0,1,0.971061
1.0,1,0.9810349
0.0,0,0.2813581
1.0,1,0.43538094
1.0,1,0.9452221
1.0,1,0.95156795
1.0,1,0.7078575
1.0,1,0.6254048
1.0,1,0.9629797
0.0,1,0.56549644
0.0,0,0.3049076
0.0,0,0.251964
0.0,0,0.12137995
1.0,1,0.76372397
0.0,0,0.022788048
0.0,0,0.061845418
0.0,0,0.0057353573
0.0,0,0.03579988
1.0,1,0.96649903
0.0,0,0.08676554
1.0,1,0.9730728
0.0,0,0.035733648
1.0,1,0.88002306
1.0,1,0.9462353
0.0,0,0.086807646
0.0,0,0.0005046488
0.0,1,0.43963474
1.0,1,0.92907935
1.0,1,0.96740735
0.0,0,0.17900561
0.0,0,0.011861105
0.0,0,0.011629174
1.0,1,0.88821673
1.0,1,0.97536147
1.0,1,0.9264911
1.0,1,0.8103756
1.0,1,0.9534489
0.0,1,0.8068013
0.0,0,0.01086508
0.0,0,0.051931396
0.0,0,0.00092894764
0.0,0,0.0042265533
0.0,0,0.0225694
1.0,1,0.9808073
1.0,1,0.8871908
1.0,1,0.96891606
1.0,1,0.959089
0.0,0,0.25848502
1.0,1,0.8570765
0.0,0,0.011647828
0.0,0,0.012147484
0.0,0,0.013880372
1.0,1,0.43911594
1.0,1,0.8493775
1.0,1,0.92742515
0.0,0,0.03754395
0.0,1,0.59673965
0.0,0,0.0008265965
1.0,1,0.9737625
1.0,1,0.64757276
1.0,1,0.9481343
0.0,0,0.023210485
0.0,1,0.5326183
1.0,1,0.5993214
0.0,0,0.019214202
0.0,0,0.17114477
1.0,1,0.75930995
0.0,0,0.022717133
0.0,0,0.0195765
0.0,0,0.038187712
1.0,1,0.8531259
1.0,1,0.7882725
0.0,0,0.043725643
1.0,1,0.97729903
0.0,0,0.061467912
1.0,1,0.55727506
1.0,1,0.9723455
0.0,0,0.18123163
0.0,0,0.036703255
1.0,1,0.8162424
1.0,1,0.9481941
0.0,0,0.07787
0.0,0,0.006387606
0.0,0,0.010608109
1.0,1,0.93599063
0.0,0,0.006482462
1.0,0,0.23641802
1.0,1,0.9256471
1.0,0,0.12885745
1.0,1,0.9620429
1.0,1,0.7874174
0.0,0,0.02790748
0.0,0,0.025342073
0.0,0,0.036098663
0.0,0,0.023274267
1.0,1,0.9058389
0.0,0,0.00679041
0.0,0,0.009235394
0.0,0,0.3585641
1.0,1,0.9613215
1.0,1,0.9629461
0.0,0,0.28038263
0.0,0,0.0025254777
1.0,1,0.82689726
1.0,1,0.9792276
0.0,0,0.11687192
0.0,0,0.105659425
1.0,1,0.94695175
0.0,0,0.008652014
1.0,1,0.843174
1.0,1,0.92769337
0.0,1,0.4326812
1.0,1,0.5435176
0.0,0,0.017703837
0.0,0,0.0019600992
1.0,1,0.9789573
1.0,1,0.74001026
0.0,1,0.7480407
1.0,1,0.79324573
0.0,1,0.56614083
0.0,0,0.035251345
1.0,1,0.9507029
0.0,0,0.14302285
0.0,1,0.6334124
1.0,1,0.97863626
0.0,0,0.005011519
0.0,0,0.33052313
0.0,0,0.020768745
1.0,1,0.95184106
1.0,1,0.9821709
0.0,0,0.047386058
1.0,1,0.85237616
1.0,1,0.822014
0.0,0,0.0377307
1.0,1,0.97535866
0.0,0,0.01802296
1.0,1,0.93450767
1.0,1,0.90435123
1.0,1,0.7423055
1.0,1,0.64256084
0.0,0,0.009287101
1.0,1,0.50246644
1.0,1,0.9701885
0.0,0,0.118099995
1.0,1,0.9791046
1.0,1,0.84309834
1.0,1,0.93438464
0.0,0,0.0063076634
0.0,0,0.03801735
1.0,1,0.5964186
1.0,1,0.460785
0.0,0,0.009294873
0.0,0,0.20100571
1.0,1,0.9679929
1.0,1,0.9288679
1.0,1,0.89209056
1.0,1,0.9847571
0.0,0,0.40952477
0.0,1,0.75416535
0.0,0,0.35195887
0.0,1,0.54723537
0.0,0,0.0132735055
1.0,1,0.6788969
1.0,1,0.9319111
1.0,1,0.9671882
0.0,0,0.00581761
0.0,0,0.044299506
1.0,1,0.85847497
1.0,1,0.96914285
1.0,1,0.9283433
1.0,1,0.86577606
1.0,0,0.02862966
1.0,0,0.12653628
1.0,1,0.8724348
0.0,0,0.032314315
0.0,0,0.0144294575
1.0,1,0.9019076
0.0,0,0.0044556092
0.0,1,0.7509406
1.0,1,0.94300985
0.0,0,0.008054894
0.0,0,0.012220438
1.0,1,0.8348896
1.0,1,0.87767166
0.0,0,0.027953804
0.0,0,0.008416108
0.0,0,0.31708032
1.0,1,0.9782609
1.0,1,0.8329501
1.0,1,0.56618583
1.0,1,0.5292336
1.0,1,0.96418625
0.0,1,0.94762635
0.0,0,0.11337376
1.0,1,0.9743239
0.0,0,0.0020869959
1.0,1,0.72560245
0.0,0,0.017447706
1.0,1,0.97059846
1.0,1,0.888403
1.0,1,0.76582456
0.0,1,0.46260917
1.0,1,0.9737854
0.0,0,0.035330568
1.0,1,0.8618819
0.0,0,0.16682607
1.0,1,0.92402357
1.0,1,0.8948746
0.0,0,0.2884991
0.0,0,0.120481364
1.0,1,0.5536367
0.0,0,0.0020450181
1.0,1,0.83235425
0.0,0,0.009352864
0.0,0,0.00083186215
0.0,1,0.7369142
1.0,1,0.97200155
0.0,0,0.02758005
0.0,0,0.08657075
1.0,1,0.84181195
0.0,1,0.68063736
0.0,0,0.09779555
0.0,0,0.023935942
0.0,0,0.025202937
0.0,0,0.02279892
1.0,1,0.8876581
1.0,1,0.9724188
0.0,0,0.02052376
1.0,1,0.9709605
0.0,0,0.3279323
0.0,0,0.04431798
1.0,1,0.96892077
0.0,0,0.012175543
1.0,1,0.9690838
1.0,1,0.42059395
0.0,0,0.27553675
1.0,1,0.86627924
0.0,0,0.036562636
1.0,1,0.7769985
0.0,0,0.0014081778
0.0,0,0.40458333
0.0,0,0.040414236
1.0,1,0.90408134
1.0,1,0.9070571
0.0,0,0.17262815
0.0,0,0.13925837
1.0,1,0.97937393
1.0,1,0.98556
1.0,1,0.54357517
0.0,0,0.0007111172
0.0,0,0.012994912
0.0,1,0.512017
1.0,1,0.97832894
0.0,1,0.8543989
1.0,1,0.7438694
0.0,0,0.0044687125
0.0,0,0.0043222723
1.0,1,0.97446334
0.0,1,0.4806198
0.0,0,0.01060233
0.0,0,0.023114227
0.0,0,0.02779306
0.0,1,0.592483
0.0,0,0.2566476
0.0,1,0.83690536
0.0,0,0.0033964056
1.0,1,0.68315715
0.0,0,0.06657141
0.0,0,0.03432599
1.0,0,0.264001
0.0,0,0.36829486
0.0,0,0.057641212
0.0,0,0.0057973
0.0,0,0.018987441
1.0,1,0.8877217
0.0,0,0.04597237
0.0,0,0.2655253
0.0,0,0.18828848
0.0,0,0.23749359
1.0,1,0.83646023
1.0,1,0.84782493
0.0,0,0.0017375958
0.0,0,0.022314709
0.0,0,0.017218592
1.0,1,0.47371557
1.0,1,0.9831664
1.0,1,0.9139763
0.0,0,0.0034620326
1.0,1,0.8818965
0.0,0,0.0023686206
1.0,1,0.96600175
1.0,1,0.5520458
0.0,0,0.022895064
1.0,1,0.9474527
0.0,0,0.017132755
1.0,1,0.9831657
1.0,1,0.85836715
1.0,1,0.7090652
1.0,1,0.84933424
1.0,1,0.66338265
1.0,1,0.96429163
1.0,1,0.8124169
0.0,0,0.0040110154
0.0,0,0.030236054
0.0,0,0.031243006
1.0,1,0.9546241
0.0,0,0.07408948
0.0,0,0.048660275
1.0,0,0.104566894
1.0,1,0.54799867
1.0,1,0.81764543
0.0,0,0.004000274
0.0,1,0.6873734
0.0,0,0.0023380157
0.0,0,0.31444588
0.0,0,0.073454
0.0,0,0.015501109
1.0,1,0.96768147
1.0,1,0.6227542
1.0,1,0.9627841
1.0,1,0.86660326
0.0,0,0.015222773
0.0,0,0.007917881
0.0,1,0.89529014
1.0,1,0.9299533
1.0,1,0.74533945
0.0,1,0.6250912
1.0,1,0.8604926
1.0,1,0.9681621
1.0,1,0.8205694
1.0,1,0.97747016
0.0,0,0.12574732
1.0,1,0.7837324
1.0,0,0.39996564
1.0,1,0.9242406
1.0,0,0.22170904
0.0,0,0.028346578
1.0,1,0.65693456
1.0,1,0.7490854
0.0,0,0.0058594
1.0,1,0.8500474
1.0,1,0.924713
0.0,0,0.017022043
0.0,1,0.46257156
0.0,0,0.006467551
1.0,1,0.50037944
0.0,1,0.5771894
0.0,0,0.033702
0.0,0,0.08388527
0.0,1,0.80836886
0.0,0,0.097176135
0.0,0,0.0048508504
0.0,0,0.09607483
0.0,0,0.005273292
1.0,1,0.9689594
1.0,1,0.9650619
0.0,0,0.01494267
0.0,0,0.01081226
0.0,0,0.018825747
1.0,1,0.98343873
0.0,0,0.0054066847
1.0,1,0.9824985
0.0,0,0.20451817
1.0,1,0.97656965
0.0,0,0.0021487498
1.0,1,0.9751143
1.0,1,0.9593851
1.0,1,0.7371639
1.0,0,0.4005104
0.0,0,0.0012590267
0.0,0,0.24211636
1.0,1,0.5272355
0.0,0,0.17971185
1.0,1,0.98170865
0.0,1,0.48709285
1.0,1,0.8413417
1.0,1,0.7497829
1.0,1,0.9355907
1.0,1,0.8741653
1.0,1,0.96877617
1.0,1,0.95568335
1.0,1,0.79324555
0.0,0,0.037966393
0.0,0,0.17352423
0.0,1,0.6318015
0.0,0,0.18459983
0.0,0,0.02471213
0.0,0,0.006086081
1.0,1,0.9828918
1.0,1,0.8117448
0.0,0,0.0023955011
0.0,0,0.30729917
1.0,1,0.96418345
0.0,0,0.07961213
1.0,1,0.7391491
1.0,1,0.8549341
1.0,1,0.92219377
1.0,1,0.9749233
1.0,1,0.88654906
1.0,1,0.70128816
1.0,1,0.84484947
0.0,1,0.45169842
1.0,1,0.7402829
1.0,1,0.9615504
1.0,1,0.495932
1.0,1,0.7503088
0.0,1,0.8354816
0.0,0,0.00454968
1.0,1,0.928092
1.0,1,0.92348987
0.0,0,0.021646982
0.0,0,0.062449552
0.0,0,0.0037372413
1.0,1,0.56674445
0.0,0,0.11172615
0.0,0,0.0013439732
1.0,1,0.45709953
0.0,1,0.5210343
1.0,1,0.978645
1.0,1,0.98402345
1.0,0,0.214745
1.0,1,0.62337947
0.0,0,0.016849669
0.0,0,0.23851678
1.0,1,0.9587723
0.0,0,0.042910237
0.0,0,0.003932956
0.0,0,0.01714131
1.0,1,0.8768772
1.0,1,0.89547735
0.0,0,0.012056778
1.0,1,0.95454764
0.0,0,0.067754
1.0,1,0.97349423
1.0,1,0.85368943
1.0,1,0.7505261
0.0,0,0.38645318
1.0,1,0.90505713
0.0,0,0.045833386
0.0,0,0.013282458
0.0,0,0.0005834908
0.0,0,0.021816729
1.0,1,0.8347623
1.0,1,0.5022062
0.0,0,0.047758408
0.0,0,0.039266564
0.0,0,0.026848933
1.0,1,0.8153248
0.0,0,0.023294792
0.0,0,0.33355752
1.0,0,0.01826545
1.0,1,0.4449105
0.0,0,0.013402227
1.0,1,0.73155653
0.0,0,0.014488681
0.0,0,0.31426227
1.0,1,0.6239654
0.0,0,0.090518676
1.0,1,0.6655929
0.0,0,0.0027185474
1.0,1,0.9662579
0.0,0,0.074741185
1.0,1,0.97740626
1.0,1,0.9654903
0.0,0,0.036497924
0.0,0,0.0020557842
0.0,0,0.047765598
0.0,0,0.019351356
0.0,1,0.44419858
0.0,0,0.012640406
1.0,1,0.97992796
1.0,1,0.90152156
0.0,0,0.025343923
0.0,0,0.012608845
0.0,0,0.040738255
0.0,0,0.0010878774
0.0,0,0.16772625
0.0,0,0.09631443
0.0,0,0.009266081
1.0,1,0.81705344
0.0,0,0.04120009
0.0,0,0.09642782
0.0,0,0.0046220794
1.0,1,0.9295067
1.0,1,0.9816821
1.0,1,0.9452209
0.0,0,0.029727997
0.0,0,0.001683747
0.0,0,0.022909846
1.0,1,0.9780068
1.0,1,0.74701965
0.0,0,0.1805286
0.0,0,0.005614425
0.0,0,0.20553005
0.0,0,0.1872951
1.0,1,0.75978154
1.0,1,0.9794438
0.0,0,0.28798506
0.0,0,0.032538503
1.0,0,0.4055043
1.0,1,0.79506403
0.0,0,0.036776576
0.0,0,0.10179836
0.0,0,0.34296596
1.0,0,0.27461568
0.0,0,0.08071691
0.0,0,0.21755481
0.0,0,0.37804422
1.0,1,0.62253845
1.0,1,0.9131724
0.0,0,0.0067940103
1.0,1,0.9611523
1.0,1,0.9587438
0.0,0,0.12977818
0.0,0,0.0029927553
1.0,0,0.36409536
0.0,1,0.8568151
0.0,0,0.012648485
1.0,1,0.8930445
1.0,1,0.8077171
0.0,0,0.009756404
1.0,1,0.96584517
0.0,0,0.041048042
0.0,0,0.019512355
1.0,1,0.8567464
1.0,1,0.78330517
1.0,1,0.9560455
0.0,0,0.0018098983
1.0,1,0.8039411
1.0,1,0.97402716
0.0,0,0.024495875
0.0,0,0.0008272778
1.0,1,0.7785687
0.0,0,0.021332262
0.0,1,0.9765286
1.0,1,0.6692586
1.0,1,0.8626182
0.0,0,0.052775845
0.0,0,0.034377575
1.0,1,0.966267
0.0,0,0.019383432
0.0,0,0.17730182
0.0,0,0.05302344
0.0,0,0.034239046
1.0,1,0.82288563
0.0,0,0.013760848
1.0,1,0.9395358
1.0,1,0.9706524
0.0,0,0.2161306
0.0,0,0.2484041
0.0,0,0.03261275
1.0,1,0.98224133
1.0,1,0.9736835
1.0,1,0.6380894
0.0,0,0.2819005
0.0,1,0.75974566
0.0,0,0.0096894745
0.0,0,0.029773837
0.0,0,0.1435447
0.0,0,0.024826428
1.0,1,0.94117737
0.0,0,0.031194557
0.0,0,0.07068372
0.0,0,0.04124566
0.0,0,0.12420247
0.0,0,0.004396273
0.0,0,0.02725911
0.0,0,0.04860631
0.0,0,0.00618793
1.0,1,0.8503159
1.0,1,0.98054695
1.0,1,0.98302114
1.0,1,0.74284005
0.0,0,0.010276272
1.0,1,0.81708586
0.0,0,0.007020778
0.0,1,0.50470674
1.0,1,0.9809746
0.0,0,0.061519347
0.0,0,0.26095644
1.0,1,0.6460885
1.0,1,0.60570574
1.0,1,0.59127843
1.0,1,0.91892344
0.0,0,0.056766137
0.0,0,0.025681393
1.0,1,0.95922834
1.0,1,0.7536668
0.0,0,0.037873033
1.0,1,0.98189354
0.0,0,0.07376569
0.0,0,0.02889072
1.0,1,0.9683282
0.0,0,0.0010617716
1.0,1,0.7612372
0.0,1,0.4850003
1.0,1,0.72209466
0.0,0,0.39647776
0.0,0,0.36318016
1.0,1,0.7220948
1.0,1,0.61629725
1.0,1,0.9411098
1.0,1,0.9269661
0.0,0,0.010573203
1.0,1,0.96692145
1.0,1,0.8182072
0.0,0,0.0047514886
0.0,0,0.005637366
1.0,1,0.8288774
0.0,0,0.010500094
0.0,0,0.016530028
1.0,1,0.44674638
0.0,1,0.48267078
0.0,0,0.09074735
0.0,0,0.09227207
1.0,1,0.81275064
0.0,0,0.1766212
1.0,1,0.933508
0.0,0,0.019033654
0.0,0,0.039319124
0.0,0,0.006966542
1.0,1,0.9002137
1.0,1,0.9549604
1.0,1,0.6350888
1.0,1,0.9853711
1.0,1,0.5651841
0.0,0,0.29366827
1.0,1,0.7408032
1.0,1,0.9341264
0.0,0,0.03105938
1.0,1,0.6281811
1.0,1,0.9565958
1.0,1,0.439949
0.0,1,0.61863446
0.0,0,0.018613819
0.0,1,0.8398199
1.0,1,0.761649
1.0,1,0.88502157
0.0,0,0.30701175
0.0,1,0.93948716
1.0,1,0.9602136
0.0,0,0.078688815
1.0,1,0.87611616
0.0,0,0.14544106
1.0,0,0.28045312
0.0,1,0.8479382
1.0,1,0.9529594
1.0,1,0.7900544
1.0,1,0.9207632
0.0,1,0.5891662
1.0,1,0.96366185
0.0,0,0.015009522
0.0,0,0.30157644
1.0,1,0.95971376
0.0,0,0.005433739
0.0,0,0.08360049
0.0,0,0.019445207
1.0,1,0.8406618
0.0,0,0.027769469
1.0,1,0.88185847
1.0,1,0.886392
0.0,0,0.013270695
1.0,1,0.9825988
0.0,0,0.15059033
1.0,1,0.6888953
0.0,0,0.00088004844
0.0,0,0.09311104
1.0,1,0.83808005
0.0,1,0.48667154
0.0,0,0.10107579
0.0,0,0.080570355
1.0,1,0.74846995
1.0,1,0.7871659
0.0,0,0.040368166
0.0,0,0.028779216
0.0,1,0.78260696
0.0,0,0.010544414
0.0,0,0.081160866
0.0,0,0.17687905
1.0,0,0.35576597
0.0,0,0.16335055
0.0,0,0.015909197
0.0,0,0.00811538
0.0,0,0.016170986
0.0,0,0.09264604
0.0,0,0.011225149
1.0,1,0.7884434
0.0,0,0.2870932
0.0,0,0.09116436
0.0,0,0.09516785
0.0,0,0.17278926
1.0,1,0.74723005
0.0,0,0.07519738
1.0,1,0.5100275
1.0,1,0.73678774
0.0,0,0.004812444
1.0,0,0.3236264
1.0,1,0.8832042
0.0,0,0.013526815
0.0,1,0.47835636
1.0,1,0.953287
0.0,0,0.0043949997
0.0,0,0.030219492
0.0,0,0.011365337
0.0,0,0.009365003
1.0,1,0.8607844
0.0,0,0.0062469193
1.0,1,0.90416944
0.0,0,0.17405395
1.0,1,0.9365467
0.0,0,0.011833533
0.0,0,0.0061335447
0.0,0,0.02451182
0.0,0,0.4167578
1.0,1,0.46975186
0.0,0,0.011636861
0.0,0,0.29639328
1.0,1,0.9377352
1.0,1,0.95419186
0.0,0,0.013107945
1.0,1,0.9666537
1.0,0,0.25318232
1.0,1,0.9487005
0.0,0,0.0029508658
1.0,1,0.9439637
1.0,1,0.8078376
1.0,1,0.9618431
1.0,1,0.97478575
0.0,1,0.96380293
1.0,1,0.8882755
1.0,1,0.7556261
1.0,1,0.97877806
1.0,1,0.9766166
0.0,0,0.018310377
1.0,1,0.65588546
0.0,0,0.049457468
1.0,1,0.9633779
1.0,1,0.8624009
1.0,0,0.2835333
1.0,1,0.9039153
1.0,1,0.9456265
0.0,0,0.004009842
1.0,1,0.96137893
1.0,1,0.7914147
1.0,1,0.96991193
0.0,0,0.11657375
1.0,1,0.9028546
0.0,0,0.020094145
0.0,0,0.0023584038
0.0,1,0.6923153
1.0,1,0.94543177
1.0,1,0.7810831
1.0,1,0.7799939
0.0,0,0.021037837
1.0,1,0.948788
0.0,0,0.019893173
0.0,0,0.06838789
0.0,0,0.23370172
1.0,1,0.71700567
1.0,1,0.90080684
1.0,1,0.96674114
0.0,0,0.0029182439
0.0,0,0.006962483
0.0,0,0.03496133
0.0,0,0.026692186
1.0,1,0.6332276
1.0,1,0.9742324
1.0,1,0.6146226
0.0,0,0.018577602
0.0,0,0.06821299
1.0,1,0.84854084
1.0,1,0.9376526
0.0,0,0.24413759
1.0,1,0.96639764
0.0,0,0.021648558
0.0,0,0.013776491
0.0,0,0.03367367
0.0,0,0.0040685353
1.0,1,0.81208
1.0,1,0.94064724
0.0,0,0.012192496
0.0,0,0.20467329
1.0,1,0.9833592
1.0,1,0.8876905
0.0,0,0.04420072
0.0,0,0.009285972
0.0,0,0.001366982
0.0,0,0.16107388
1.0,1,0.9789193
0.0,0,0.018695187
0.0,0,0.032867048
1.0,1,0.95201135
1.0,1,0.94151616
1.0,1,0.9658918
0.0,0,0.26977217
0.0,0,0.24534433
1.0,1,0.84226966
1.0,1,0.95314777
0.0,0,0.38354993
0.0,1,0.5302657
0.0,1,0.5139742
0.0,0,0.032048658
0.0,0,0.06282171
1.0,1,0.7658328
0.0,0,0.006953518
1.0,1,0.9608841
1.0,1,0.9616111
0.0,0,0.008607706
1.0,1,0.8217831
0.0,0,0.03799865
0.0,0,0.07608021
1.0,1,0.6704885
1.0,1,0.98431176
1.0,1,0.91592014
0.0,0,0.004653566
1.0,1,0.8964272
0.0,0,0.023986325
1.0,1,0.6267233
0.0,0,0.0021304411
1.0,1,0.98383456
1.0,1,0.9651948
1.0,1,0.8581082
0.0,0,0.16968124
1.0,1,0.89659464
1.0,1,0.83240736
1.0,1,0.98536086
1.0,1,0.88128835
1.0,1,0.7241168
0.0,0,0.076451145
1.0,1,0.87585306
0.0,0,0.010138272
0.0,0,0.02216146
1.0,1,0.97741413
0.0,0,0.14845446
0.0,0,0.03318747
1.0,1,0.76229644
0.0,0,0.122313954
0.0,1,0.7202182
1.0,1,0.98006016
0.0,0,0.24008025
0.0,0,0.06801058
1.0,1,0.8872196
1.0,0,0.3995272
0.0,1,0.45791677
0.0,1,0.44527218
1.0,1,0.5796708
1.0,1,0.8461335
0.0,0,0.016766038
1.0,1,0.73145187
0.0,0,0.36403102
1.0,0,0.323175
1.0,1,0.9775623
0.0,0,0.0106229475
1.0,1,0.7934298
1.0,1,0.8669813
0.0,1,0.7204261
1.0,1,0.9601966
0.0,0,0.16408758
0.0,0,0.03999094
1.0,1,0.92149514
1.0,1,0.46110174
1.0,1,0.96544605
1.0,1,0.976651
0.0,1,0.42657542
0.0,0,0.2456857
0.0,0,0.0009699391
1.0,1,0.7840533
0.0,0,0.014193853
1.0,1,0.9131925
1.0,1,0.9462795
0.0,0,0.14158846
0.0,0,0.002897755
1.0,1,0.9702449
1.0,1,0.97795016
0.0,0,0.18283528
1.0,0,0.11594955
0.0,0,0.025626065
1.0,0,0.29697332
1.0,1,0.88780355
0.0,0,0.009785739
1.0,1,0.98601377
1.0,1,0.8796607
1.0,1,0.921177
1.0,1,0.9011524
0.0,0,0.15182535
1.0,1,0.9835071
0.0,1,0.65531516
1.0,1,0.8523221
1.0,1,0.9450171
1.0,1,0.81148124
1.0,1,0.7789391
1.0,1,0.914067
1.0,1,0.9507727
1.0,1,0.91501164
1.0,1,0.86741984
1.0,1,0.9132011
0.0,1,0.5222069
1.0,1,0.9547395
0.0,0,0.0027704136
0.0,0,0.016193198
0.0,0,0.02606331
0.0,0,0.18584698
0.0,0,0.3197187
0.0,0,0.010082874
1.0,0,0.23322028
1.0,1,0.98093027
1.0,1,0.7469257
0.0,1,0.5542811
1.0,1,0.94459325
1.0,1,0.5381025
1.0,1,0.93918824
1.0,0,0.37350905
0.0,0,0.27183118
0.0,0,0.21398051
0.0,0,0.013423997
1.0,1,0.80004907
1.0,1,0.9649539
1.0,1,0.67249584
0.0,0,0.102814995
1.0,1,0.9314207
1.0,1,0.9105688
0.0,0,0.007812827
1.0,1,0.9655626
1.0,1,0.92506546
1.0,1,0.9668757
1.0,1,0.8262205
1.0,1,0.90734416
1.0,1,0.8476945
1.0,1,0.94441766
0.0,0,0.081311665
1.0,1,0.83002484
1.0,1,0.85892546
1.0,1,0.8367012
1.0,1,0.91325283
1.0,1,0.91323495
0.0,0,0.012702294
0.0,0,0.00965664
1.0,1,0.95889956
0.0,0,0.015077847
1.0,1,0.7789624
0.0,0,0.15138637
0.0,0,0.026977012
0.0,0,0.008608199
1.0,1,0.96761215
0.0,1,0.63878393
1.0,1,0.85176986
1.0,1,0.8540282
0.0,1,0.6615883
0.0,0,0.010313299
1.0,1,0.9591963
0.0,0,0.009449952
1.0,0,0.11390877
0.0,0,0.019500682
1.0,0,0.27158594
0.0,0,0.09135632
0.0,0,0.31014997
1.0,0,0.41508105
1.0,1,0.97615004
0.0,0,0.009767716
1.0,1,0.45057252
1.0,1,0.68719816
0.0,0,0.014910811
0.0,1,0.8086424
0.0,0,0.0032103183
0.0,0,0.035341352
0.0,1,0.789184
1.0,1,0.8728063
1.0,1,0.9761877
0.0,0,0.056202948
1.0,1,0.9791797
1.0,1,0.9766681
1.0,1,0.96839756
0.0,0,0.06362236
0.0,0,0.2761148
0.0,1,0.9228542
0.0,1,0.71148694
1.0,1,0.9411718
1.0,1,0.8981848
1.0,1,0.9384473
0.0,1,0.6199819
1.0,1,0.95964915
0.0,0,0.100360714
1.0,1,0.6522757
0.0,0,0.119636424
1.0,1,0.9153393
0.0,0,0.04330152
1.0,1,0.6050195
1.0,1,0.92807937
0.0,0,0.015354184
1.0,1,0.8700287
0.0,0,0.010231674
1.0,1,0.90862274
1.0,0,0.33407262
1.0,1,0.5370418
0.0,0,0.052687522
0.0,0,0.016880801
1.0,1,0.93136543
1.0,1,0.5156056
0.0,0,0.0044215927
0.0,1,0.7213451
1.0,1,0.65200317
1.0,1,0.9529043
0.0,0,0.0011915603
0.0,0,0.056726694
1.0,1,0.89064026
0.0,0,0.039238248
1.0,1,0.9610946
0.0,0,0.05519788
1.0,1,0.8624822
0.0,1,0.9452448
0.0,0,0.0028065357
1.0,1,0.97560626
1.0,0,0.2743099
1.0,1,0.83967924
0.0,0,0.19428839
0.0,0,0.003340296
1.0,1,0.9285048
1.0,1,0.9726819
0.0,0,0.40337867
1.0,1,0.6744982
0.0,0,0.0041843927
1.0,1,0.96626586
1.0,1,0.61644834
0.0,0,0.16947655
0.0,0,0.1798485
0.0,0,0.007701191
1.0,1,0.9044924
0.0,0,0.0019683084
0.0,0,0.021407293
1.0,1,0.87442935
0.0,0,0.015500898
1.0,1,0.9429767
0.0,0,0.38049388
1.0,1,0.9797634
0.0,0,0.025155231
0.0,0,0.28404146
1.0,1,0.8912578
1.0,1,0.73587525
1.0,1,0.98203355
1.0,1,0.5346681
0.0,0,0.034108166
1.0,0,0.12896217
1.0,1,0.8392871
1.0,1,0.81765527
1.0,1,0.9511344
1.0,1,0.92967623
0.0,0,0.02910193
1.0,1,0.96960545
0.0,0,0.21655548
1.0,1,0.71439147
1.0,1,0.9329429
1.0,1,0.8316022
1.0,1,0.97860223
1.0,1,0.8291052
1.0,1,0.9113978
0.0,0,0.26171878
1.0,0,0.3878828
1.0,1,0.8698647
0.0,1,0.70907027
1.0,1,0.8808459
0.0,0,0.13726974
0.0,0,0.015731912
0.0,0,0.05477021
1.0,0,0.36807624
1.0,1,0.82006246
1.0,1,0.9603137
0.0,0,0.046753895
1.0,1,0.9837775
0.0,0,0.006735323
1.0,1,0.6793517
1.0,1,0.95091283
1.0,1,0.9759051
1.0,1,0.83776915
0.0,0,0.012805247
1.0,0,0.41517833
1.0,0,0.29341534
1.0,1,0.882666
1.0,1,0.9818719
0.0,0,0.39773622
0.0,0,0.17169712
1.0,1,0.94514155
0.0,1,0.8903906
0.0,0,0.029471086
0.0,0,0.02233154
1.0,1,0.98178846
1.0,0,0.22996476
1.0,1,0.89769226
0.0,0,0.010650069
1.0,1,0.8417755
0.0,0,0.0009378667
0.0,0,0.034117155
0.0,0,0.3035667
1.0,1,0.90058464
0.0,0,0.015422357
0.0,0,0.13332914
0.0,0,0.001903676
1.0,1,0.8973772
0.0,0,0.004804602
1.0,1,0.8548468
0.0,0,0.0027293675
0.0,0,0.3001944
0.0,0,0.011067451
1.0,1,0.9763465
1.0,1,0.96159947
1.0,1,0.64697945
0.0,0,0.06609738
1.0,1,0.97404414
1.0,1,0.5462717
1.0,0,0.33124387
0.0,0,0.18291752
1.0,1,0.72581995
1.0,1,0.9281405
0.0,0,0.1277804
0.0,0,0.015164333
1.0,1,0.79559493
0.0,1,0.44713646
0.0,1,0.42696127
0.0,1,0.6793039
0.0,0,0.007765116
0.0,0,0.022403574
0.0,0,0.21555287
1.0,1,0.91486096
0.0,0,0.413196
1.0,1,0.5774363
0.0,0,0.19669905
0.0,0,0.015385461
1.0,1,0.97502697
0.0,0,0.17341682
1.0,1,0.9018531
1.0,1,0.9110968
1.0,1,0.8174421
1.0,1,0.9477082
0.0,0,0.11278817
1.0,1,0.82955843
1.0,1,0.88366157
0.0,0,0.008591327
1.0,1,0.910684
0.0,0,0.08225765
1.0,1,0.9247372
0.0,0,0.010007249
0.0,0,0.02448165
1.0,1,0.8585098
1.0,1,0.8928697
0.0,0,0.03347212
0.0,0,0.06510787
1.0,1,0.5595484
0.0,0,0.010565299
0.0,0,0.028193185
1.0,1,0.8125155
1.0,1,0.86751664
1.0,1,0.8828945
0.0,0,0.04823045
0.0,0,0.0060778423
0.0,0,0.25891188
0.0,0,0.016719474
1.0,1,0.97549665
0.0,0,0.22558217
1.0,1,0.60079604
1.0,1,0.9803696
0.0,0,0.17872697
0.0,1,0.67279124
0.0,0,0.05105708
0.0,0,0.017228207
1.0,1,0.84775376
0.0,0,0.19194224
1.0,1,0.98338485
1.0,1,0.96797025
0.0,0,0.22281346
1.0,1,0.82621664
0.0,0,0.0007624901
0.0,0,0.21368079
1.0,1,0.9805413
1.0,1,0.9263033
1.0,1,0.941
0.0,0,0.08938428
1.0,1,0.74023795
1.0,1,0.5343622
1.0,1,0.78758645
0.0,0,0.03511399
0.0,1,0.6276809
1.0,1,0.73344314
1.0,1,0.92262787
1.0,1,0.86527723
1.0,1,0.98015255
0.0,0,0.0052409945
0.0,0,0.22216704
0.0,0,0.003757275
1.0,1,0.9755886
1.0,0,0.40103477
1.0,1,0.81472707
1.0,1,0.8461953
1.0,1,0.5289042
0.0,0,0.006306103
1.0,1,0.9126195
0.0,0,0.16364585
0.0,0,0.23829676
1.0,1,0.81838363
1.0,1,0.85304296
1.0,1,0.8594739
1.0,1,0.9821974
0.0,0,0.0405874
0.0,0,0.031170469
1.0,1,0.9153089
0.0,0,0.039626483
1.0,1,0.96131516
0.0,0,0.24752611
1.0,1,0.95372283
1.0,1,0.96538097
1.0,1,0.90931594
1.0,0,0.0971327
1.0,1,0.9494419
1.0,1,0.5156404
1.0,1,0.9006112
0.0,1,0.5549174
0.0,0,0.017911697
0.0,0,0.13304032
1.0,1,0.94807154
1.0,1,0.6573924
1.0,1,0.7077242
0.0,0,0.030122366
0.0,0,0.018336572
0.0,0,0.05014951
1.0,0,0.23835503
0.0,0,0.18135326
0.0,0,0.0068807392
0.0,0,0.018462662
0.0,0,0.02878958
0.0,0,0.01422379
0.0,0,0.013509176
1.0,1,0.96302724
0.0,0,0.0027187865
0.0,1,0.86148703
1.0,1,0.9750079
1.0,1,0.699418
1.0,1,0.90063673
0.0,1,0.61315393
1.0,0,0.3477634
0.0,0,0.16247618
0.0,0,0.031758606
0.0,0,0.16573241
1.0,1,0.7813469
1.0,1,0.8481723
0.0,0,0.013714514
1.0,1,0.8459514
0.0,0,0.007587859
0.0,0,0.0059112683
0.0,1,0.46886718
0.0,0,0.030315006
0.0,0,0.0029413456
0.0,0,0.004256484
1.0,1,0.9845422
0.0,0,0.2606173
0.0,0,0.032601412
0.0,0,0.18922497
0.0,0,0.002876946
1.0,1,0.71893924
0.0,0,0.084866285
1.0,1,0.97231805
0.0,0,0.33404168
1.0,1,0.7718819
0.0,0,0.15214133
0.0,0,0.039516028
0.0,0,0.27502975
0.0,0,0.0061470787
0.0,0,0.07896858
1.0,1,0.89993906
1.0,1,0.8736283
0.0,0,0.0073300404
1.0,1,0.75842106
1.0,1,0.9512007
0.0,0,0.04649219
1.0,1,0.9765853
0.0,0,0.041928004
1.0,1,0.78651845
1.0,1,0.4554949
1.0,1,0.9406992
0.0,0,0.033738706
1.0,0,0.05493781
1.0,1,0.83941346
1.0,1,0.7412263
0.0,0,0.044351716
1.0,1,0.7902168
1.0,1,0.90081435
1.0,1,0.9734065
1.0,1,0.8804402
0.0,0,0.019925341
1.0,1,0.93798417
0.0,0,0.003833303
0.0,0,0.020538215
0.0,0,0.02470025
1.0,1,0.87055
1.0,1,0.75078344
1.0,1,0.9120176
1.0,1,0.7668505
0.0,1,0.66695595
0.0,0,0.0181689
0.0,0,0.15692826
0.0,0,0.009825621
1.0,1,0.9805224
0.0,0,0.25917983
0.0,0,0.007893079
1.0,1,0.889135
0.0,0,0.14469941
0.0,0,0.19275424
0.0,0,0.3600574
0.0,0,0.13417554
0.0,0,0.2057434
0.0,0,0.37517795
0.0,0,0.009887018
1.0,0,0.38715816
1.0,1,0.602718
0.0,0,0.20532988
1.0,1,0.97816354
0.0,0,0.10616355
0.0,0,0.0019381895
0.0,0,0.3011022
0.0,0,0.15264086
0.0,0,0.05462387
0.0,0,0.36023098
1.0,1,0.91611916
1.0,1,0.7658275
0.0,0,0.22987059
0.0,0,0.027220782
0.0,0,0.0408414
1.0,1,0.8601694
1.0,1,0.9631666
0.0,0,0.016622117
0.0,0,0.008257305
0.0,0,0.003730515
0.0,0,0.018210217
1.0,1,0.89538217
1.0,1,0.98108083
1.0,1,0.98114735
1.0,1,0.9081376
0.0,0,0.104348145
1.0,1,0.7767613
1.0,1,0.8178401
1.0,1,0.9666126
1.0,1,0.9579009
1.0,1,0.7759279
0.0,0,0.004296019
0.0,0,0.33927357
0.0,0,0.0031356302
0.0,1,0.6190832
0.0,0,0.0026594985
0.0,1,0.509087
1.0,1,0.80369556
1.0,1,0.8641764
0.0,0,0.0423247
1.0,1,0.96512574
1.0,1,0.6611139
0.0,0,0.023078222
1.0,1,0.92599565
0.0,0,0.0025619532
1.0,1,0.8319899
0.0,0,0.021827476
0.0,0,0.0075977864
1.0,1,0.82008755
0.0,0,0.05247876
0.0,0,0.09628374
1.0,1,0.977446
0.0,0,0.18207107
0.0,0,0.007088597
0.0,1,0.59060407
1.0,1,0.80272144
0.0,0,0.046754885
1.0,0,0.18738745
0.0,0,0.01574223
1.0,1,0.91282535
0.0,0,0.20397818
1.0,1,0.9291802
0.0,1,0.7040044
0.0,1,0.50769806
1.0,1,0.88277
0.0,1,0.4673902
1.0,1,0.94710606
1.0,1,0.7027241
1.0,1,0.9867088
0.0,0,0.002177931
0.0,0,0.023878986
0.0,0,0.0030160418
0.0,1,0.5557554
1.0,1,0.8421599
0.0,0,0.04993146
0.0,0,0.007901753
1.0,1,0.97821265
0.0,0,0.03230971
0.0,0,0.3222021
1.0,1,0.455127
0.0,0,0.0063261366
0.0,0,0.0344183
0.0,0,0.033994377
0.0,0,0.02885994
1.0,1,0.7876326
1.0,1,0.90517676
0.0,0,0.28776744
0.0,0,0.30592778
0.0,1,0.78802526
0.0,0,0.004551345
0.0,0,0.008768985
1.0,1,0.88970494
1.0,1,0.8464265
0.0,0,0.042947203
1.0,1,0.7862643
0.0,0,0.11508704
1.0,1,0.8661604
0.0,0,0.08131733
0.0,0,0.024385538
0.0,0,0.11713295
0.0,0,0.056416962
1.0,1,0.74831426
1.0,1,0.9067635
0.0,0,0.0045298613
0.0,0,0.075381644
0.0,1,0.6068637
1.0,0,0.29384956
1.0,1,0.9248498
1.0,1,0.77235425
1.0,1,0.94522005
1.0,1,0.933703
1.0,0,0.23901334
0.0,0,0.21070929
1.0,1,0.5827451
0.0,0,0.0045980667
0.0,0,0.02079947
1.0,1,0.98181134
1.0,1,0.6076454
0.0,0,0.020953685
1.0,1,0.97310853
1.0,0,0.23620299
0.0,0,0.1323667
0.0,0,0.028502114
0.0,0,0.0055855266
1.0,1,0.79129833
1.0,1,0.87759423
1.0,1,0.8652745
1.0,1,0.8444654
1.0,1,0.6976839
1.0,1,0.90155697
1.0,1,0.965087
0.0,0,0.0025455884
1.0,1,0.79797596
0.0,0,0.010090045
1.0,1,0.9328412
0.0,0,0.09611086
0.0,0,0.27562708
1.0,1,0.8813904
1.0,1,0.4932092
0.0,0,0.03287329
1.0,1,0.81764793
0.0,0,0.049765352
1.0,1,0.709764
0.0,0,0.021716962
0.0,0,0.007407644
1.0,1,0.9739907
1.0,1,0.61676306
0.0,0,0.021737518
1.0,1,0.8440608
0.0,0,0.005720302
1.0,1,0.7584958
1.0,1,0.97742903
0.0,0,0.14751337
0.0,0,0.0144908065
1.0,1,0.94770354
0.0,0,0.01679222
1.0,1,0.97509694
0.0,0,0.05611122
1.0,1,0.98282176
0.0,0,0.13221864
1.0,1,0.9481766
1.0,1,0.9766692
1.0,1,0.9177922
1.0,1,0.90355706
0.0,0,0.3525341
1.0,0,0.24858569
0.0,0,0.015706938
0.0,0,0.03584358
0.0,0,0.1650516
1.0,1,0.8865956
1.0,1,0.9744903
0.0,0,0.11183992
1.0,1,0.8944862
1.0,1,0.92405367
0.0,0,0.007520836
0.0,0,0.028722566
1.0,1,0.71399105
1.0,1,0.94755125
0.0,0,0.0018832918
1.0,1,0.9814215
0.0,1,0.47667828
1.0,1,0.9617531
0.0,0,0.00077218015
1.0,1,0.9779338
0.0,0,0.020814275
1.0,1,0.94890636
1.0,1,0.957971
1.0,1,0.86990255
1.0,1,0.9796806
1.0,1,0.8819992
0.0,0,0.09480259
0.0,0,0.03815316
1.0,1,0.9834363
0.0,0,0.009463146
1.0,1,0.9110872
0.0,0,0.2387319
1.0,1,0.66448915
0.0,0,0.00084008276
0.0,0,0.120486766
0.0,0,0.0050029
0.0,0,0.06262575
0.0,0,0.09235752
1.0,1,0.9613485
1.0,1,0.88930744
0.0,0,0.015833424
1.0,1,0.8130921
0.0,0,0.19831342
0.0,1,0.59313345
1.0,1,0.8884062
1.0,1,0.66733646
1.0,1,0.8227718
1.0,1,0.9602321
1.0,1,0.9212549
1.0,1,0.76071316
0.0,0,0.118793555
0.0,0,0.4155905
0.0,0,0.17597874
1.0,1,0.96216
0.0,0,0.003252737
0.0,0,0.20772083
0.0,0,0.039740708
1.0,1,0.6432023
0.0,0,0.09240093
1.0,1,0.95765483
0.0,0,0.024661642
0.0,1,0.42748767
1.0,1,0.98482144
1.0,1,0.71164876
0.0,0,0.005875504
0.0,0,0.32083094
1.0,1,0.9834077
0.0,0,0.015189071
0.0,0,0.025038771
1.0,1,0.92202276
0.0,0,0.16292535
0.0,0,0.017709056
1.0,1,0.97241217
1.0,1,0.6417451
0.0,0,0.026345601
1.0,1,0.97378457
1.0,1,0.86191034
0.0,0,0.0023614224
1.0,1,0.81739175
0.0,0,0.08062233
0.0,0,0.20501347
1.0,1,0.9806226
0.0,0,0.02207092
1.0,1,0.9392706
1.0,1,0.94810337
1.0,1,0.9742349
1.0,1,0.48413026
1.0,1,0.84513116
0.0,1,0.8954831
1.0,1,0.9617975
0.0,1,0.58355635
0.0,0,0.04852501
0.0,0,0.13246208
1.0,1,0.90437883
1.0,1,0.971016
0.0,0,0.0120464275
0.0,0,0.011678218
1.0,0,0.41264954
1.0,1,0.9618625
0.0,0,0.00076935894
0.0,0,0.009835591
1.0,1,0.75535786
1.0,1,0.9758544
1.0,1,0.7370007
0.0,1,0.62094545
0.0,0,0.015300952
1.0,1,0.5603812
1.0,1,0.9551898
0.0,0,0.022630287
0.0,0,0.008277956
1.0,1,0.9841127
0.0,0,0.13903722
1.0,1,0.9542784
0.0,0,0.15648368
1.0,1,0.9685067
1.0,1,0.9600441
0.0,1,0.83369017
1.0,1,0.9478845
0.0,0,0.12716688
0.0,0,0.008722323
1.0,1,0.9773498
0.0,0,0.016612258
1.0,1,0.95656484
0.0,0,0.04101717
0.0,0,0.006494174
1.0,1,0.97462916
0.0,0,0.00081402995
0.0,0,0.14630449
1.0,1,0.8884842
0.0,0,0.027684975
0.0,0,0.33599228
0.0,1,0.47801632
1.0,1,0.9251959
1.0,1,0.93820083
0.0,0,0.042749826
1.0,1,0.9721008
1.0,1,0.9751886
1.0,1,0.97402006
1.0,1,0.78734046
1.0,1,0.8885089
1.0,1,0.97468334
0.0,0,0.0005937229
0.0,0,0.03365053
0.0,1,0.73645335
1.0,1,0.8454775
0.0,1,0.7509033
0.0,0,0.21197945
0.0,0,0.35573232
0.0,0,0.20826137
0.0,1,0.64244354
0.0,1,0.8660042
0.0,0,0.003928102
0.0,0,0.06116691
1.0,1,0.97453475
0.0,0,0.27244598
0.0,0,0.0103601115
0.0,0,0.25100195
1.0,1,0.87896466
1.0,1,0.93192804
1.0,1,0.9819445
0.0,0,0.07820637
1.0,1,0.9626151
0.0,0,0.026781816
1.0,1,0.9848417
1.0,1,0.82535857
1.0,1,0.6372107
0.0,0,0.07427941
1.0,1,0.9196951
1.0,1,0.8796371
0.0,0,0.02224285
0.0,0,0.06493338
1.0,1,0.6097256
0.0,0,0.27582213
0.0,0,0.123579994
0.0,0,0.07340054
1.0,1,0.69967926
0.0,0,0.05020931
0.0,0,0.016205564
1.0,1,0.9861137
0.0,0,0.19593343
0.0,0,0.004250395
0.0,0,0.09976424
1.0,1,0.7966103
1.0,0,0.045384284
1.0,1,0.8353456
1.0,1,0.8943128
1.0,1,0.9128575
1.0,1,0.9719651
1.0,1,0.9796386
0.0,0,0.09537463
1.0,1,0.9316026
0.0,0,0.20451684
0.0,0,0.03330308
0.0,1,0.7987095
1.0,1,0.5531266
1.0,1,0.9758532
1.0,1,0.76595235
1.0,0,0.41210777
1.0,1,0.90964174
1.0,1,0.4632388
0.0,0,0.26805976
0.0,1,0.6007005
1.0,1,0.9683149
1.0,1,0.5476274
0.0,0,0.14747939
0.0,0,0.2743658
0.0,0,0.009034714
1.0,1,0.9794133
0.0,0,0.06403081
1.0,1,0.97423893
0.0,0,0.121717624
0.0,0,0.020004896
1.0,1,0.9733241
1.0,1,0.9616601
0.0,0,0.009733636
0.0,0,0.0021154324
0.0,0,0.018190637
0.0,0,0.27397084
0.0,1,0.85787636
0.0,0,0.045875106
0.0,0,0.010363965
1.0,1,0.6262601
0.0,0,0.052617963
1.0,1,0.9607371
0.0,0,0.013939473
1.0,1,0.9803555
0.0,0,0.1686065
1.0,1,0.97741795
1.0,1,0.9823093
1.0,1,0.9627314
0.0,1,0.55474925
1.0,1,0.9614938
1.0,1,0.6673225
1.0,1,0.8374339
1.0,1,0.93661886
0.0,0,0.01683817
0.0,0,0.26451316
0.0,0,0.306408
0.0,0,0.079079084
1.0,1,0.9812127
0.0,0,0.0052802297
0.0,0,0.0031882883
0.0,0,0.18174857
1.0,1,0.8543551
1.0,1,0.98064667
0.0,0,0.0063475445
0.0,0,0.1203877
0.0,0,0.15137298
1.0,1,0.9643339
0.0,0,0.14404099
1.0,1,0.64335895
1.0,1,0.816626
0.0,0,0.09714008
1.0,1,0.983093
1.0,1,0.9705334
1.0,1,0.8881501
0.0,1,0.6664901
0.0,0,0.0063819583
0.0,0,0.0070378953
1.0,1,0.9475045
0.0,0,0.03854989
1.0,1,0.83292586
0.0,0,0.38231283
0.0,0,0.005385651
1.0,1,0.7644868
1.0,1,0.98142576
0.0,0,0.009762986
1.0,1,0.98429024
1.0,1,0.77638817
0.0,1,0.77458113
0.0,0,0.31749895
1.0,1,0.8871583
0.0,0,0.009949614
0.0,0,0.018977568
0.0,0,0.001084839
0.0,0,0.25722763
0.0,0,0.023887629
1.0,1,0.96275103
0.0,0,0.014647432
0.0,0,0.02016551
0.0,0,0.032502964
1.0,1,0.9798312
1.0,1,0.8389648
0.0,1,0.8579923
0.0,0,0.21544142
0.0,1,0.4464382
1.0,1,0.47507417
1.0,0,0.36958966
1.0,1,0.9831943
0.0,0,0.0014608284
1.0,1,0.79571325
0.0,0,0.22036314
0.0,0,0.38926706
1.0,1,0.8914718
1.0,1,0.6334226
0.0,0,0.047005773
0.0,0,0.0028606134
1.0,1,0.9681974
1.0,1,0.7691057
1.0,1,0.83923084
1.0,1,0.83350563
0.0,0,0.0117955115
1.0,1,0.9036819
1.0,1,0.8436296
1.0,1,0.9789506
1.0,1,0.8227331
0.0,0,0.07885747
1.0,1,0.97695845
0.0,0,0.031834595
0.0,0,0.0259176
1.0,1,0.9733266
0.0,1,0.7869053
1.0,1,0.9580008
1.0,1,0.93918765
1.0,1,0.82611775
0.0,0,0.028221171
0.0,0,0.064751744
1.0,1,0.8488249
0.0,0,0.028491853
0.0,0,0.07047177
1.0,1,0.86094016
1.0,1,0.84696144
0.0,0,0.06958711
0.0,0,0.2953421
0.0,0,0.01981786
0.0,0,0.25202006
1.0,1,0.85862696
0.0,0,0.06826974
0.0,0,0.026495375
1.0,1,0.9610776
1.0,1,0.8628409
0.0,0,0.15108003
0.0,0,0.018149778
1.0,1,0.9710544
1.0,1,0.9772219
0.0,0,0.026658542
0.0,0,0.3992779
1.0,0,0.27758607
0.0,0,0.10665681
0.0,0,0.13509011
1.0,0,0.2428692
0.0,0,0.10390498
0.0,0,0.032068215
1.0,1,0.81909823
0.0,0,0.018328916
0.0,0,0.3090763
1.0,1,0.8822304
0.0,1,0.84296733
0.0,0,0.1420145
1.0,1,0.8302841
1.0,1,0.93509865
0.0,0,0.30041084
1.0,1,0.94343525
0.0,1,0.7654805
0.0,0,0.0067267567
0.0,1,0.6169454
0.0,0,0.03567955
1.0,1,0.5059478
0.0,0,0.0077484143
1.0,1,0.6239787
1.0,1,0.9812945
0.0,0,0.0010727992
0.0,0,0.009343947
1.0,1,0.8944976
0.0,0,0.0024770482
1.0,1,0.9457639
1.0,1,0.97301644
1.0,1,0.7817378
0.0,0,0.010922471
0.0,0,0.023623385
1.0,1,0.902175
0.0,0,0.006086455
1.0,1,0.9477804
1.0,1,0.9792227
1.0,1,0.8165799
0.0,0,0.06047999
0.0,0,0.008108728
1.0,1,0.9210259
1.0,1,0.9799402
1.0,1,0.9503842
1.0,1,0.9324466
1.0,1,0.66697013
1.0,1,0.86408263
0.0,0,0.011852261
0.0,0,0.16492182
0.0,1,0.9570797
0.0,0,0.0064328243
0.0,0,0.14976236
0.0,1,0.78729624
1.0,1,0.96182585
0.0,0,0.0025752066
1.0,1,0.94428754
0.0,0,0.006001909
1.0,1,0.98002756
1.0,1,0.9656893
1.0,1,0.84753114
1.0,0,0.17075288
1.0,1,0.9824664
1.0,1,0.63315284
0.0,0,0.009246072
0.0,0,0.006334022
1.0,1,0.87483567
0.0,0,0.041094366
0.0,1,0.4396283
1.0,1,0.9769619
0.0,0,0.018010441
0.0,1,0.42284006
1.0,1,0.763095
1.0,1,0.9436748
0.0,0,0.03840925
1.0,1,0.8487216
0.0,0,0.02811495
0.0,1,0.8100635
1.0,1,0.8481201
0.0,1,0.9095193
1.0,1,0.9542258
1.0,1,0.96034163
0.0,1,0.69898987
0.0,0,0.013791355
1.0,1,0.80159634
0.0,0,0.14288934
0.0,0,0.06871252
0.0,0,0.026799623
1.0,1,0.8789546
1.0,1,0.8914558
1.0,1,0.79196984
0.0,1,0.7531701
0.0,0,0.1814617
0.0,1,0.6355407
1.0,1,0.88267875
1.0,1,0.8657626
1.0,1,0.9834928
1.0,1,0.7113672
1.0,1,0.8266461
0.0,1,0.64879143
1.0,1,0.8320238
1.0,1,0.9799141
0.0,0,0.027483815
1.0,1,0.7602792
0.0,0,0.014338783
0.0,0,0.0062536774
1.0,1,0.7373115
1.0,1,0.8357513
1.0,0,0.2796331
1.0,1,0.9009556
1.0,1,0.8295687
0.0,0,0.066145405
0.0,1,0.5485145
1.0,1,0.88179624
1.0,1,0.7613004
1.0,1,0.72988
0.0,0,0.11397842
0.0,0,0.024912253
0.0,0,0.015327686
1.0,1,0.9819207
1.0,1,0.9738675
1.0,1,0.74080634
1.0,1,0.54860914
0.0,0,0.014295453
0.0,0,0.0092892675
1.0,1,0.92892915
0.0,0,0.1427872
0.0,0,0.0035747595
1.0,1,0.9838464
1.0,1,0.95985425
0.0,0,0.014955942
1.0,1,0.9014488
1.0,1,0.8220438
0.0,0,0.052412488
0.0,0,0.28983602
1.0,1,0.9809874
1.0,1,0.9816072
1.0,1,0.84284645
1.0,1,0.8390521
1.0,1,0.8287177
0.0,1,0.4320354
1.0,1,0.9743894
1.0,1,0.9478747
0.0,0,0.0058742566
0.0,0,0.4113586
0.0,0,0.22320794
0.0,0,0.31007183
0.0,0,0.03254556
0.0,0,0.26829955
1.0,1,0.92653984
1.0,1,0.72861063
0.0,0,0.010518545
1.0,1,0.88105947
0.0,0,0.013643019
1.0,1,0.96725297
1.0,1,0.9806352
0.0,0,0.053430557
1.0,1,0.9836658
1.0,1,0.44326222
1.0,0,0.3947057
1.0,1,0.9591703
1.0,1,0.95402783
0.0,0,0.017958637
0.0,0,0.004187037
0.0,0,0.013475455
1.0,1,0.83858526
1.0,1,0.98060054
0.0,0,0.0064223064
1.0,1,0.8566394
0.0,0,0.04468537
0.0,0,0.0033193326
0.0,0,0.10780865
1.0,1,0.9688413
1.0,1,0.8151593
0.0,0,0.017118229
1.0,1,0.9691191
0.0,1,0.44484934
1.0,1,0.97938097
0.0,0,0.1801474
0.0,0,0.03991553
1.0,1,0.76912266
0.0,0,0.18906285
1.0,1,0.98279643
0.0,0,0.0106242765
1.0,1,0.8667743
1.0,1,0.9583495
0.0,0,0.016861094
1.0,1,0.9800162
0.0,0,0.039794054
1.0,1,0.75034285
1.0,1,0.9602518
1.0,1,0.9677476
0.0,0,0.0059498763
1.0,1,0.96933305
0.0,0,0.0922425
1.0,1,0.97939616
1.0,1,0.9802078
1.0,1,0.44568932
1.0,1,0.9522502
1.0,1,0.98555
1.0,1,0.9759055
0.0,0,0.16806042
1.0,1,0.9626981
0.0,0,0.08897578
0.0,0,0.0022152078
0.0,1,0.56662333
1.0,1,0.8679749
0.0,0,0.343793
0.0,0,0.31397378
1.0,0,0.19344778
1.0,1,0.69481707
0.0,0,0.038461473
1.0,1,0.56793004
0.0,0,0.0131404875
0.0,1,0.58058894
1.0,1,0.9127083
1.0,1,0.6439151
0.0,0,0.34876704
1.0,1,0.95280284
0.0,0,0.28527012
1.0,1,0.97238606
1.0,1,0.9023572
1.0,1,0.89105123
0.0,0,0.37089145
1.0,1,0.76630324
1.0,1,0.94222623
1.0,1,0.98094034
1.0,1,0.94737864
0.0,0,0.07663639
0.0,0,0.0012577563
0.0,1,0.5317791
0.0,1,0.48443934
1.0,1,0.9790128
0.0,0,0.040761027
0.0,0,0.117605925
0.0,0,0.03215487
0.0,1,0.8355269
1.0,1,0.9748976
0.0,0,0.07515741
1.0,1,0.808838
0.0,0,0.1184155
1.0,1,0.93223757
1.0,1,0.7403934
0.0,0,0.07916883
0.0,0,0.28450724
1.0,1,0.77021
1.0,1,0.8959808
0.0,0,0.18021645
1.0,1,0.9697988
1.0,1,0.857849
1.0,1,0.85237134
0.0,0,0.24144143
0.0,0,0.2036727
1.0,1,0.8854447
1.0,1,0.95783764
0.0,0,0.011456343
0.0,0,0.10399971
1.0,1,0.9723633
0.0,0,0.061618872
0.0,0,0.22584318
1.0,1,0.94355375
1.0,1,0.8946037
0.0,0,0.000114525305
0.0,0,0.014161797
0.0,0,0.27091265
0.0,0,0.0930613
0.0,0,0.009447961
0.0,0,0.022151025
0.0,0,0.16145708
0.0,0,0.03382637
1.0,1,0.96507066
0.0,0,0.016097097
0.0,0,0.0049828165
1.0,1,0.80018085
1.0,1,0.9816332
0.0,0,0.024889061
1.0,1,0.8985569
1.0,0,0.2772961
1.0,1,0.943076
1.0,1,0.5600376
1.0,1,0.90618867
1.0,1,0.8439985
1.0,1,0.9749415
1.0,1,0.931324
1.0,1,0.8406931
1.0,1,0.7962734
1.0,1,0.94222134
1.0,0,0.3137184
1.0,1,0.8804418
0.0,1,0.677738
0.0,1,0.56011677
1.0,1,0.9657844
0.0,0,0.021738488
1.0,1,0.9398067
1.0,0,0.18923551
0.0,0,0.0012058762
1.0,1,0.98402166
0.0,0,0.01512305
0.0,0,0.41575044
0.0,1,0.54709435
1.0,1,0.7622021
1.0,1,0.97228724
0.0,0,0.02596755
0.0,0,0.012349145
1.0,1,0.9485189
0.0,0,0.03637379
0.0,0,0.017916027
0.0,0,0.026375916
1.0,1,0.9545797
0.0,1,0.8256634
1.0,1,0.6614921
1.0,0,0.41662553
1.0,1,0.9094314
0.0,1,0.55445194
1.0,1,0.9349294
0.0,1,0.5353563
1.0,1,0.46479747
0.0,0,0.02942636
1.0,1,0.9778344
0.0,0,0.086491406
1.0,1,0.97503877
0.0,0,0.0027280308
1.0,1,0.86249495
0.0,0,0.026912179
1.0,1,0.9676463
1.0,1,0.96655893
1.0,1,0.90976304
0.0,0,0.119773775
0.0,0,0.058971595
1.0,1,0.9626219
1.0,1,0.95617986
0.0,0,0.063813426
0.0,0,0.04162714
1.0,1,0.97286874
0.0,0,0.01886679
1.0,1,0.833777
1.0,1,0.8655404
1.0,1,0.57177746
1.0,0,0.007452601
1.0,1,0.5244601
0.0,0,0.13111553
1.0,1,0.76759773
1.0,1,0.7021353
0.0,0,0.03856181
0.0,1,0.45119613
0.0,0,0.09476666
1.0,1,0.96501416
0.0,0,0.33535728
0.0,0,0.011228017
0.0,0,0.23569494
0.0,0,0.0070340144
1.0,1,0.9721703
0.0,1,0.5142362
1.0,1,0.9853974
1.0,0,0.38797775
1.0,1,0.962478
1.0,1,0.816941
1.0,1,0.9608824
0.0,0,0.020347245
1.0,1,0.9797193
1.0,1,0.93943954
1.0,1,0.96102834
1.0,1,0.9791878
1.0,1,0.9584496
0.0,0,0.01922574
1.0,1,0.95369184
0.0,0,0.31590423
0.0,0,0.00057202403
0.0,0,0.02308191
0.0,0,0.1028136
1.0,1,0.8164848
1.0,1,0.86553717
0.0,0,0.094069906
0.0,0,0.25429863
0.0,0,0.006554446
0.0,1,0.5285751
0.0,0,0.00086979114
1.0,1,0.9716729
1.0,1,0.98430395
1.0,1,0.8649954
0.0,1,0.7000942
1.0,1,0.8331175
0.0,0,0.01266842
0.0,0,0.012279792
1.0,1,0.93994683
0.0,0,0.009085106
1.0,1,0.91950876
1.0,1,0.9130335
0.0,1,0.46574736
1.0,1,0.93322325
1.0,1,0.89364445
1.0,0,0.26344773
0.0,1,0.6976057
0.0,0,0.2044056
1.0,1,0.5174224
0.0,1,0.51260865
0.0,0,0.016207691
1.0,1,0.6773601
0.0,0,0.028081931
1.0,1,0.9536808
1.0,1,0.9249856
1.0,1,0.98346
1.0,1,0.7326534
0.0,0,0.044893082
0.0,0,0.0022606296
0.0,0,0.045885798
0.0,0,0.1853418
1.0,1,0.92907566
0.0,0,0.042123094
0.0,0,0.2011225
0.0,0,0.020366268
1.0,1,0.9781857
0.0,0,0.4116779
1.0,1,0.85000277
0.0,1,0.511662
0.0,0,0.07048434
0.0,0,0.03797149
1.0,1,0.94156414
0.0,1,0.5525031
1.0,1,0.92583233
1.0,1,0.89409626
1.0,1,0.75389594
0.0,0,0.14436547
0.0,0,0.3328774
1.0,1,0.9076028
0.0,0,0.10803878
1.0,1,0.9285242
1.0,1,0.77571666
0.0,0,0.0039824727
0.0,0,0.012823007
1.0,1,0.6754048
0.0,0,0.008867779
0.0,0,0.20327486
1.0,1,0.98097813
1.0,1,0.9599595
0.0,0,0.13623235
1.0,1,0.89657724
0.0,0,0.019098997
1.0,1,0.765762
0.0,0,0.014448444
0.0,0,0.017749352
1.0,1,0.7220124
1.0,1,0.9808364
0.0,0,0.014571976
1.0,1,0.49405482
0.0,0,0.03639817
0.0,0,0.04569824
1.0,1,0.9001269
1.0,1,0.73407865
0.0,0,0.0133848805
0.0,1,0.87382305
1.0,1,0.9383153
1.0,1,0.52885
0.0,0,0.18596701
1.0,1,0.81466955
1.0,1,0.82694215
0.0,0,0.07888274
1.0,1,0.83563375
1.0,1,0.86718094
1.0,1,0.5256881
1.0,1,0.9571941
1.0,1,0.7869063
0.0,0,0.012657951
1.0,1,0.85841614
1.0,1,0.9263608
0.0,0,0.0029813421
0.0,0,0.08166855
0.0,0,0.00479417
0.0,1,0.6446973
0.0,0,0.021540795
1.0,1,0.977917
1.0,1,0.9337584
1.0,1,0.9231727
0.0,0,0.036447145
0.0,0,0.0065791165
0.0,0,0.025772432
0.0,0,0.40938765
0.0,0,0.031045998
0.0,0,0.21134144
0.0,0,0.33049554
1.0,1,0.97858095
1.0,1,0.6406964
1.0,1,0.9726772
0.0,1,0.73607147
0.0,0,0.31645483
0.0,0,0.053343628
1.0,1,0.94645256
1.0,0,0.30847308
1.0,1,0.9395812
1.0,1,0.82966644
0.0,0,0.011860479
0.0,0,0.008589687
1.0,1,0.952731
1.0,1,0.9590902
0.0,1,0.80263186
1.0,1,0.9565886
0.0,1,0.70625263
0.0,0,0.011393946
1.0,1,0.81933343
1.0,1,0.88584507
1.0,1,0.55530477
0.0,1,0.7580728
0.0,0,0.042582087
1.0,1,0.5941144
0.0,0,0.0067733577
1.0,1,0.9699096
1.0,1,0.8598381
0.0,0,0.017045813
1.0,1,0.949624
1.0,1,0.8523096
0.0,0,0.32190368
0.0,0,0.395025
0.0,0,0.024803048
1.0,1,0.9710398
1.0,1,0.97949874
1.0,0,0.29531223
1.0,1,0.75845635
1.0,1,0.9759975
1.0,1,0.97836375
0.0,0,0.08737174
1.0,1,0.91794807
0.0,0,0.31005993
1.0,1,0.9829734
0.0,0,0.012385983
0.0,1,0.6992543
1.0,1,0.9301391
0.0,1,0.7561183
0.0,0,0.0028400037
1.0,1,0.96317333
1.0,0,0.36857536
0.0,0,0.018955998
1.0,1,0.7601687
0.0,0,0.03144104
1.0,1,0.9763291
1.0,1,0.7203788
0.0,0,0.16366039
1.0,1,0.87243384
0.0,0,0.01956563
1.0,1,0.73904395
1.0,1,0.9715003
0.0,0,0.013359143
0.0,0,0.0030991663
1.0,1,0.82087773
0.0,0,0.22063836
0.0,1,0.5712352
0.0,0,0.06387449
0.0,0,0.007316224
0.0,0,0.019927714
0.0,0,0.008174155
1.0,1,0.9401866
1.0,1,0.9761078
0.0,0,0.1254452
0.0,0,0.2893654
1.0,1,0.92760974
1.0,1,0.88559544
1.0,1,0.9587084
0.0,0,0.08526407
0.0,0,0.34217995
0.0,1,0.8733196
0.0,0,0.053643234
1.0,1,0.8850866
1.0,1,0.834496
0.0,0,0.04127586
1.0,1,0.9650868
1.0,1,0.7346342
0.0,1,0.4665579
0.0,0,0.016504142
1.0,1,0.8342263
1.0,1,0.741577
0.0,0,0.03853378
1.0,1,0.81369126
1.0,1,0.88140506
1.0,1,0.7430706
1.0,1,0.9363238
0.0,0,0.24076207
1.0,1,0.92092204
0.0,0,0.010110236
0.0,0,0.058796186
1.0,1,0.9548091
1.0,1,0.9489216
1.0,1,0.8480494
1.0,1,0.8789299
0.0,0,0.010095766
1.0,0,0.32261166
0.0,0,0.005639761
0.0,1,0.5575081
0.0,1,0.72286904
1.0,1,0.97826374
0.0,0,0.10092547
0.0,0,0.029410237
1.0,1,0.6693417
1.0,1,0.7497009
0.0,0,0.009009157
0.0,1,0.60637385
1.0,1,0.79957026
0.0,0,0.089889616
0.0,0,0.0138891395
1.0,1,0.930126
0.0,0,0.32515836
0.0,0,0.063804425
0.0,0,0.030102521
0.0,0,0.03462344
1.0,1,0.8708966
0.0,0,0.015085695
1.0,1,0.79765576
1.0,1,0.9723805
1.0,1,0.9411386
0.0,0,0.03293002
0.0,0,0.025390157
0.0,0,0.107702516
0.0,0,0.115206964
1.0,1,0.82256657
0.0,0,0.02787552
1.0,1,0.8153647
1.0,0,0.37000296
0.0,0,0.32052428
0.0,0,0.2658814
1.0,1,0.7890138
0.0,0,0.40976053
1.0,1,0.9815562
1.0,1,0.89747465
1.0,1,0.9714412
0.0,0,0.1246374
1.0,1,0.8721094
0.0,0,0.010571771
1.0,1,0.62898326
0.0,0,0.25577775
0.0,0,0.28150243
0.0,0,0.1171508
1.0,1,0.7155285
0.0,0,0.15826462
0.0,0,0.28407112
0.0,0,0.04977313
0.0,0,0.41811687
1.0,1,0.93768865
1.0,1,0.97569615
1.0,1,0.9225559
0.0,1,0.74975
0.0,1,0.453644
0.0,0,0.07164979
1.0,1,0.77719116
0.0,0,0.040359985
0.0,0,0.046498608
0.0,0,0.0015296298
0.0,0,0.10129762
1.0,1,0.90098065
1.0,1,0.7684034
1.0,1,0.9767771
0.0,0,0.0013556471
1.0,1,0.8078719
0.0,0,0.06317098
1.0,1,0.6745169
1.0,1,0.96370685
1.0,0,0.22239158
1.0,1,0.8910862
0.0,0,0.04297206
1.0,1,0.9411355
1.0,1,0.94593227
0.0,0,0.31031963
1.0,1,0.72433984
1.0,1,0.94361883
1.0,1,0.9054311
0.0,0,0.23499617
1.0,1,0.7128676
1.0,1,0.88899875
0.0,0,0.28965926
0.0,0,0.18991178
1.0,1,0.8286916
1.0,1,0.68263817
0.0,0,0.17710151
0.0,0,0.017626006
1.0,1,0.61564016
1.0,1,0.71378815
1.0,1,0.6710525
1.0,1,0.9032576
1.0,1,0.9786171
0.0,0,0.056313064
0.0,0,0.017408252
0.0,0,0.047868215
1.0,1,0.98165137
0.0,0,0.02188838
0.0,0,0.010430375
0.0,0,0.0077330205
0.0,0,0.010467097
1.0,1,0.60394347
0.0,0,0.0041552056
0.0,0,0.1328789
0.0,0,0.058389947
1.0,1,0.94519144
1.0,1,0.7595892
1.0,1,0.9253973
1.0,1,0.8146867
1.0,1,0.8948617
0.0,0,0.23056659
1.0,1,0.92880356
1.0,1,0.766668
0.0,0,0.0432638
1.0,1,0.9795721
1.0,1,0.68095386
0.0,0,0.026038056
0.0,0,0.3201139
1.0,1,0.78865266
0.0,0,0.009968721
1.0,1,0.9014533
1.0,1,0.84161246
1.0,1,0.9458723
0.0,0,0.005138812
1.0,1,0.7866739
0.0,0,0.015058725
0.0,0,0.01912653
0.0,0,0.024225255
0.0,0,0.031059656
1.0,1,0.94066733
0.0,0,0.004342771
0.0,0,0.005321438
0.0,0,0.016149115
1.0,1,0.83175504
0.0,0,0.0010215339
0.0,1,0.49135447
1.0,1,0.94823873
1.0,1,0.95223624
1.0,1,0.9868082
1.0,1,0.7675358
0.0,0,0.010266617
1.0,1,0.8833877
1.0,1,0.96628034
0.0,0,0.36211914
0.0,0,0.018913213
0.0,0,0.044288006
0.0,1,0.6022221
0.0,0,0.35453853
1.0,1,0.958822
1.0,1,0.8856243
1.0,1,0.8384075
1.0,1,0.85608643
0.0,0,0.0021492906
0.0,0,0.08210936
1.0,0,0.028791586
1.0,1,0.80483526
0.0,1,0.61198074
1.0,1,0.978466
1.0,1,0.98049235
1.0,1,0.80989003
0.0,0,0.0027441161
1.0,1,0.96185046
1.0,1,0.682204
1.0,1,0.96909654
0.0,0,0.31890488
1.0,1,0.8293034
1.0,1,0.85687363
1.0,1,0.6249183
0.0,0,0.3600884
0.0,0,0.096726805
0.0,0,0.371031
0.0,0,0.013672689
0.0,0,0.2978216
1.0,1,0.5894351
0.0,0,0.008527965
0.0,0,0.005181721
1.0,1,0.93169624
1.0,1,0.8412515
0.0,0,0.0076411935
1.0,1,0.9715436
1.0,1,0.85003626
1.0,1,0.9721645
0.0,0,0.0059741056
1.0,1,0.9044833
0.0,1,0.53259474
0.0,0,0.023923533
0.0,0,0.028412111
1.0,1,0.93548363
0.0,0,0.0106066065
0.0,1,0.54790723
0.0,0,0.0882663
0.0,0,0.017878009
0.0,0,0.10728554
1.0,1,0.71197593
1.0,1,0.96445227
1.0,1,0.98229635
1.0,1,0.6502805
0.0,0,0.056891836
1.0,1,0.982716
0.0,0,0.010127023
1.0,1,0.8401561
1.0,1,0.9403371
1.0,1,0.9831671
1.0,1,0.4968033
1.0,1,0.96067417
0.0,0,0.14059228
0.0,0,0.009483325
1.0,1,0.4205231
0.0,0,0.00914541
1.0,1,0.85050845
1.0,0,0.2565793
1.0,1,0.5535911
0.0,1,0.44481862
0.0,0,0.31015757
1.0,1,0.96943116
1.0,1,0.54218674
1.0,0,0.1631744
0.0,0,0.035398323
0.0,0,0.2944923
1.0,1,0.9536963
1.0,1,0.9670369
1.0,1,0.9680146
0.0,0,0.0040168907
1.0,1,0.49304074
1.0,1,0.9466015
1.0,1,0.8400439
0.0,0,0.03467626
0.0,0,0.013704389
1.0,1,0.9743046
0.0,0,0.27750483
1.0,1,0.66372526
1.0,1,0.92944086
0.0,1,0.85592943
1.0,1,0.98124415
1.0,1,0.68551534
0.0,0,0.12188929
1.0,1,0.5751817
0.0,0,0.064473
1.0,1,0.89756405
0.0,0,0.028587049
0.0,0,0.20378909
0.0,0,0.0391988
0.0,0,0.009949492
0.0,0,0.042492166
0.0,0,0.40005037
1.0,1,0.94014645
0.0,0,0.011177341
1.0,1,0.9053204
1.0,1,0.8096143
0.0,0,0.0711547
0.0,0,0.0019445737
0.0,0,0.061379377
0.0,0,0.032853834
1.0,1,0.9666812
1.0,1,0.895169
0.0,1,0.44505662
0.0,0,0.029842367
0.0,0,0.17569372
1.0,1,0.9324055
1.0,1,0.98247993
1.0,1,0.97208756
0.0,1,0.47443733
1.0,1,0.9099496
1.0,1,0.8489045
1.0,1,0.965048
1.0,1,0.74463534
0.0,0,0.049105015
0.0,0,0.012925295
0.0,0,0.027865969
0.0,0,0.008956712
0.0,0,0.14712743
0.0,0,0.019640842
1.0,1,0.9772803
1.0,1,0.9624629
1.0,1,0.8917372
1.0,1,0.78991306
0.0,0,0.03234776
0.0,0,0.08909931
0.0,0,0.29433683
1.0,1,0.5452938
1.0,1,0.8956675
0.0,0,0.03395332
1.0,1,0.9022132
0.0,0,0.2987526
0.0,0,0.021011282
0.0,0,0.22849919
1.0,1,0.98259413
1.0,1,0.6017419
1.0,1,0.7126026
1.0,1,0.72497404
1.0,1,0.965133
1.0,1,0.4393747
0.0,0,0.20173702
0.0,0,0.013599353
1.0,1,0.9819819
0.0,0,0.025689894
1.0,1,0.9187432
1.0,1,0.8300272
1.0,1,0.63847053
1.0,1,0.601573
0.0,0,0.104853794
0.0,0,0.06098528
1.0,1,0.9845091
0.0,0,0.008602544
1.0,1,0.9565406
0.0,0,0.053614605
0.0,0,0.3846697
0.0,1,0.5180898
0.0,0,0.0041331733
0.0,0,0.14492364
0.0,0,0.044382185
1.0,1,0.96590567
0.0,0,0.005350106
0.0,0,0.34799182
0.0,0,0.26626676
0.0,0,0.024347978
1.0,1,0.9690941
1.0,1,0.81298614
0.0,0,0.0073830653
1.0,1,0.7691166
1.0,1,0.9746875
0.0,0,0.17407945
1.0,1,0.9444246
1.0,1,0.9782637
0.0,0,0.10942999
1.0,1,0.81884426
1.0,1,0.93623114
0.0,0,0.018134277
0.0,0,0.31359366
0.0,0,0.29895547
1.0,1,0.95833725
1.0,1,0.97714216
1.0,1,0.932297
1.0,1,0.95074874
0.0,0,0.3858629
0.0,0,0.0016631385
0.0,0,0.1874079
0.0,0,0.0031015216
0.0,0,0.16987906
0.0,0,0.1585603
1.0,1,0.808674
0.0,0,0.0037948613
1.0,1,0.97053933
0.0,0,0.017395271
1.0,1,0.9629396
0.0,0,0.16333029
1.0,1,0.8374899
0.0,1,0.781411
0.0,0,0.053218774
1.0,1,0.98393923
0.0,0,0.20485276
1.0,1,0.89414835
1.0,1,0.8924603
1.0,1,0.75985664
1.0,0,0.07518187
0.0,0,0.009787591
0.0,0,0.0073034214
0.0,0,0.030990904
1.0,1,0.9157964
0.0,0,0.27592474
0.0,0,0.053893294
0.0,0,0.277117
0.0,1,0.6222862
1.0,1,0.9776356
1.0,1,0.96304065
0.0,0,0.058813814
0.0,0,0.41193104
0.0,0,0.15154074
0.0,0,0.006709386
0.0,0,0.042153697
0.0,0,0.024250487
1.0,1,0.67654926
1.0,1,0.92205566
1.0,1,0.97563386
1.0,1,0.91198945
0.0,1,0.5144981
1.0,1,0.8705537
0.0,0,0.006231651
0.0,0,0.003373528
0.0,0,0.05229739
0.0,0,0.06814127
1.0,0,0.21891308
1.0,1,0.9340209
1.0,1,0.97783524
0.0,0,0.002796445
1.0,1,0.648231
1.0,1,0.75020885
1.0,1,0.9804029
1.0,1,0.8337827
0.0,0,0.030032514
0.0,1,0.60250485
0.0,0,0.043993916
0.0,1,0.8361453
0.0,0,0.018835288
1.0,1,0.95204604
0.0,0,0.027499337
1.0,1,0.98002154
1.0,1,0.883814
0.0,0,0.022987682
0.0,0,0.022396728
1.0,1,0.98069626
1.0,1,0.9197136
1.0,1,0.91480315
1.0,1,0.79220253
0.0,0,0.0076309177
0.0,0,0.04372908
0.0,0,0.04390216
1.0,0,0.27227715
0.0,1,0.45547497
0.0,0,0.093099594
0.0,0,0.29108265
1.0,1,0.9827709
1.0,1,0.65722317
0.0,0,0.002729566
0.0,0,0.009410416
1.0,1,0.95317155
0.0,0,0.14053607
1.0,1,0.98290884
1.0,1,0.7849544
1.0,1,0.8289189
0.0,0,0.026716936
0.0,0,0.01218167
1.0,1,0.56564
1.0,1,0.92677164
1.0,1,0.9279203
1.0,1,0.949924
1.0,1,0.44688836
0.0,0,0.028266316
1.0,1,0.9775108
0.0,0,0.017569004
0.0,0,0.07795675
0.0,1,0.8038529
1.0,1,0.9674036
0.0,1,0.6690946
0.0,0,0.12954937
1.0,0,0.2987083
1.0,1,0.8901245
1.0,1,0.93275684
1.0,1,0.96474224
0.0,0,0.008913645
1.0,1,0.8809128
0.0,0,0.008634437
1.0,1,0.98228705
1.0,1,0.951562
1.0,1,0.72029084
1.0,1,0.8474644
0.0,0,0.0046421625
1.0,1,0.76805717
1.0,1,0.6663873
0.0,0,0.140397
1.0,1,0.7640616
0.0,0,0.017464275
1.0,1,0.9800589
0.0,0,0.02143567
0.0,0,0.33816776
1.0,1,0.76594424
1.0,1,0.97533005
1.0,1,0.9736618
0.0,0,0.052161004
0.0,0,0.017143669
0.0,1,0.42516807
1.0,1,0.7514648
0.0,1,0.53085566
1.0,1,0.73452187
0.0,0,0.0006467897
0.0,0,0.06059393
1.0,1,0.96759456
0.0,0,0.2801329
0.0,0,0.22511429
0.0,0,0.008361469
1.0,1,0.85649294
0.0,0,0.15894781
0.0,0,0.0011456666
1.0,0,0.40849984
0.0,0,0.10910369
0.0,0,0.16527086
1.0,1,0.71236134
1.0,1,0.666679
1.0,1,0.9762862
0.0,0,0.0030147117
1.0,1,0.85162973
0.0,0,0.051316198
1.0,1,0.9723025
1.0,1,0.85254276
0.0,0,0.055397585
0.0,0,0.010059532
1.0,0,0.35022265
0.0,1,0.5413809
0.0,1,0.5160848
1.0,1,0.97029245
0.0,0,0.30835056
0.0,1,0.43984136
0.0,0,0.015974885
0.0,0,0.004394971
0.0,0,0.026286075
0.0,0,0.024009759
0.0,0,0.09482895
0.0,0,0.0037913478
0.0,0,0.27453458
0.0,0,0.29785174
0.0,1,0.954055
1.0,1,0.89229566
0.0,0,0.0018290752
0.0,1,0.57228327
0.0,0,0.21028976
0.0,0,0.02437641
0.0,0,0.0076328674
1.0,1,0.9825782
1.0,1,0.8087143
0.0,0,0.009287968
1.0,1,0.7461473
0.0,0,0.012969976
1.0,1,0.926486
1.0,1,0.86999255
0.0,0,0.011964807
1.0,1,0.91279227
1.0,1,0.8977642
1.0,1,0.7301974
0.0,1,0.4440738
0.0,0,0.32595512
0.0,0,0.12690856
1.0,0,0.2934328
1.0,0,0.4140124
1.0,1,0.9697831
0.0,0,0.0069437283
0.0,0,0.015690733
0.0,1,0.44978902
0.0,0,0.14866692
1.0,1,0.5310844
0.0,0,0.05113681
0.0,0,0.075933635
1.0,1,0.90509844
0.0,0,0.088666186
0.0,0,0.0075513353
1.0,1,0.96360105
1.0,1,0.9677641
0.0,0,0.006732577
0.0,0,0.008349517
1.0,1,0.77358675
1.0,1,0.8118347
0.0,1,0.73348796
1.0,1,0.9784879
0.0,0,0.045091383
0.0,0,0.4180576
0.0,0,0.38183805
0.0,1,0.42532292
1.0,1,0.8245405
1.0,1,0.7661788
1.0,1,0.9762291
0.0,0,0.0047110054
1.0,1,0.9743551
1.0,1,0.96292967
1.0,1,0.9754213
1.0,1,0.95962393
1.0,1,0.9687759
1.0,1,0.76183903
1.0,1,0.98510396
1.0,1,0.9640424
0.0,0,0.08540271
0.0,0,0.04144609
1.0,1,0.7392794
0.0,0,0.005560346
0.0,0,0.14435086
1.0,1,0.96251535
1.0,1,0.9357933
1.0,1,0.8764134
1.0,1,0.9643375
1.0,1,0.7712018
1.0,0,0.103346914
1.0,0,0.17544349
0.0,0,0.0053388076
0.0,0,0.14611347
0.0,0,0.0425067
1.0,0,0.06386336
1.0,1,0.7864526
1.0,1,0.9536172
0.0,0,0.2995224
0.0,0,0.0472548
0.0,0,0.007186759
0.0,0,0.36397713
1.0,1,0.82613146
0.0,0,0.07553935
0.0,0,0.008896071
0.0,0,0.06458663
1.0,1,0.9751747
1.0,1,0.7758619
0.0,0,0.077400684
1.0,1,0.976023
1.0,1,0.50398266
1.0,1,0.77955115
1.0,1,0.82184124
1.0,1,0.7120844
1.0,0,0.2239824
0.0,0,0.007254617
1.0,1,0.9377461
0.0,0,0.040314432
1.0,1,0.97264093
0.0,0,0.1403469
1.0,1,0.8694637
1.0,1,0.8466331
0.0,0,0.11807487
1.0,1,0.8624092
1.0,1,0.97662103
1.0,1,0.9734593
1.0,1,0.97182614
0.0,0,0.4055918
0.0,0,0.1365393
0.0,1,0.8004773
0.0,0,0.012303753
1.0,1,0.9237407
0.0,0,0.018362423
1.0,1,0.96980554
0.0,0,0.01181615
0.0,0,0.013203497
0.0,0,0.043770935
1.0,1,0.9643668
0.0,1,0.5832317
0.0,0,0.023310844
0.0,0,0.00088964537
0.0,1,0.62453616
0.0,0,0.03536622
0.0,0,0.33231094
1.0,1,0.96455413
0.0,0,0.2414413
0.0,0,0.0028555146
0.0,0,0.026007421
1.0,1,0.91929847
1.0,1,0.91481656
0.0,0,0.0029533939
1.0,0,0.06766637
1.0,1,0.9795682
0.0,0,0.20230818
1.0,1,0.9847607
1.0,1,0.9219624
0.0,0,0.02479784
1.0,1,0.98405474
1.0,1,0.8303827
1.0,1,0.9646296
0.0,0,0.025226142
1.0,1,0.98059016
0.0,0,0.031285346
1.0,1,0.93164515
1.0,1,0.90632707
0.0,0,0.00548993
1.0,1,0.97462684
0.0,0,0.034812167
1.0,1,0.98157567
1.0,1,0.9706093
0.0,0,0.019988535
0.0,0,0.016630653
0.0,0,0.05545915
0.0,1,0.9794906
0.0,0,0.00482435
1.0,1,0.97253364
1.0,1,0.8989265
0.0,0,0.025087412
1.0,1,0.9089303
0.0,1,0.6077877
0.0,0,0.008148834
0.0,0,0.005638178
1.0,1,0.81192297
0.0,1,0.930609
1.0,1,0.82072526
0.0,0,0.05456249
1.0,1,0.9563433
0.0,0,0.01570376
1.0,1,0.9090486
1.0,1,0.8359653
1.0,1,0.8903676
1.0,1,0.9536972
1.0,1,0.96250665
1.0,1,0.94811267
0.0,0,0.151352
0.0,0,0.10221194
0.0,0,0.06566348
1.0,1,0.82829547
0.0,0,0.017991668
0.0,0,0.011660669
1.0,1,0.97995687
0.0,0,0.005406759
1.0,1,0.95745957
0.0,0,0.32440916
1.0,1,0.7460697
1.0,1,0.9021051
0.0,0,0.07677784
1.0,1,0.979589
1.0,1,0.9549399
0.0,0,0.049224317
1.0,1,0.89172244
1.0,1,0.97673315
0.0,1,0.53790975
0.0,0,0.07185421
1.0,1,0.89005697
0.0,0,0.0043592923
1.0,1,0.7654163
0.0,0,0.25355837
1.0,1,0.9662358
0.0,1,0.58211946
0.0,0,0.056548715
0.0,0,0.005644919
0.0,0,0.009412785
1.0,1,0.81000435
0.0,0,0.012376456
0.0,1,0.55407935
0.0,0,0.19155988
0.0,0,0.0029058966
0.0,0,0.065907486
0.0,0,0.02910156
0.0,0,0.04480066
1.0,1,0.9628547
1.0,1,0.63078976
0.0,0,0.04640485
0.0,0,0.019986395
1.0,1,0.9589069
0.0,0,0.0029314754
0.0,0,0.0670817
0.0,1,0.48243195
1.0,1,0.81933814
0.0,1,0.69011533
1.0,1,0.94753605
1.0,1,0.81324005
0.0,0,0.025527833
0.0,0,0.1660237
0.0,0,0.06328911
1.0,1,0.92264426
0.0,0,0.087638564
0.0,0,0.040284615
0.0,0,0.0104487045
0.0,0,0.025136422
1.0,1,0.98123574
0.0,0,0.017796068
0.0,0,0.018800115
0.0,0,0.09865199
1.0,1,0.9683253
0.0,0,0.086489156
0.0,0,0.23234016
0.0,0,0.019886173
0.0,0,0.11858027
0.0,0,0.031385608
1.0,1,0.9267624
0.0,1,0.75259984
1.0,0,0.23629805
1.0,1,0.5301833
0.0,0,0.033763003
1.0,1,0.8009279
1.0,1,0.85162675
1.0,1,0.9831018
0.0,0,0.0027051356
0.0,0,0.027090456
0.0,0,0.06465816
0.0,0,0.017274648
1.0,1,0.95156276
1.0,1,0.9018891
0.0,0,0.0210056
1.0,1,0.93717915
0.0,1,0.4231801
0.0,0,0.012248871
1.0,1,0.43730253
0.0,0,0.08870808
0.0,0,0.0011929908
1.0,1,0.8364197
1.0,1,0.8967847
1.0,1,0.79285866
1.0,0,0.15540877
1.0,0,0.17878033
0.0,0,0.03467147
1.0,0,0.2855071
1.0,1,0.47061947
0.0,0,0.007960085
0.0,0,0.0117201805
1.0,1,0.9668164
0.0,0,0.021604644
1.0,1,0.9579839
1.0,1,0.9792455
0.0,0,0.0014464272
0.0,1,0.4823943
0.0,0,0.010058316
1.0,1,0.78965974
0.0,0,0.054470934
0.0,0,0.14831133
1.0,0,0.36289182
1.0,1,0.88185513
0.0,0,0.03202079
0.0,0,0.0036042193
1.0,1,0.84144807
1.0,1,0.9625118
1.0,1,0.6855194
1.0,1,0.8621886
1.0,1,0.8660267
0.0,0,0.33431387
0.0,0,0.27818504
1.0,1,0.984355
1.0,0,0.059799865
0.0,0,0.011661561
0.0,1,0.88320184
1.0,1,0.6020142
1.0,1,0.9384609
1.0,1,0.96893406
0.0,1,0.8513589
0.0,0,0.00925916
1.0,1,0.97590995
1.0,1,0.63885844
1.0,0,0.3928306
0.0,0,0.057784904
1.0,0,0.2540617
0.0,0,0.0025377679
0.0,0,0.033198036
0.0,0,0.020684784
1.0,1,0.95760334
1.0,1,0.8612913
0.0,0,0.019868756
0.0,0,0.050172046
1.0,1,0.85192055
1.0,1,0.8190477
0.0,1,0.54418147
1.0,1,0.78048545
1.0,1,0.97553235
0.0,0,0.05088044
0.0,0,0.27521774
1.0,1,0.97285587
0.0,0,0.0030119799
1.0,1,0.6251694
1.0,1,0.7726109
1.0,1,0.9443764
0.0,0,0.11245124
0.0,0,0.1575413
1.0,1,0.62478215
0.0,0,0.1862435
0.0,0,0.006794412
0.0,0,0.01643896
0.0,0,0.005698846
1.0,0,0.41906273
0.0,0,0.29722622
1.0,1,0.86255026
0.0,0,0.070257
0.0,0,0.013198031
0.0,1,0.62435794
1.0,1,0.9773979
1.0,1,0.9467236
0.0,0,0.36393982
0.0,0,0.019127615
1.0,1,0.8359227
0.0,0,0.03283446
0.0,1,0.43492633
0.0,0,0.024051908
0.0,1,0.89186954
1.0,1,0.48968795
1.0,1,0.96743315
1.0,1,0.9509743
1.0,1,0.93898046
1.0,1,0.66140366
1.0,1,0.56207156
1.0,1,0.88231856
0.0,0,0.12556055
0.0,0,0.0044270027
1.0,1,0.8178142
1.0,1,0.9835086
0.0,0,0.305431
0.0,0,0.024166577
1.0,1,0.8472489
1.0,1,0.69583
0.0,0,0.18299668
1.0,1,0.8988633
0.0,0,0.03320564
1.0,1,0.9868163
0.0,0,0.0035044907
0.0,0,0.07476721
1.0,1,0.9668567
0.0,0,0.009706216
0.0,0,0.10809102
1.0,1,0.84609354
1.0,1,0.9745966
0.0,0,0.03476034
1.0,1,0.7861955
1.0,1,0.8258864
0.0,0,0.15093268
0.0,0,0.038674504
0.0,0,0.014131792
0.0,0,0.0058059855
1.0,1,0.8861162
1.0,1,0.9785741
0.0,0,0.086779095
1.0,1,0.66745675
1.0,1,0.79828924
1.0,1,0.98245174
0.0,1,0.8034437
0.0,0,0.019606248
0.0,0,0.010070427
0.0,0,0.029689655
1.0,1,0.97352487
1.0,1,0.91231024
1.0,1,0.9026251
0.0,0,0.10219676
0.0,0,0.030469356
0.0,0,0.005576487
1.0,1,0.92861784
0.0,0,0.007582597
0.0,0,0.029422559
0.0,0,0.11305577
1.0,1,0.97441256
0.0,0,0.092098415
1.0,1,0.71785736
1.0,1,0.97266936
1.0,1,0.8361217
0.0,0,0.20581178
0.0,0,0.052285973
1.0,1,0.8774881
0.0,0,0.04658223
1.0,1,0.8576794
0.0,0,0.03381135
0.0,1,0.897685
1.0,1,0.9534742
1.0,1,0.63977385
0.0,0,0.008275753
0.0,1,0.945213
0.0,1,0.89611053
0.0,0,0.036355443
0.0,0,0.0721284
1.0,1,0.60125345
1.0,1,0.82702804
0.0,0,0.0105899125
0.0,0,0.018752404
1.0,1,0.9522728
1.0,1,0.9569329
1.0,1,0.9716494
1.0,1,0.9702963
1.0,1,0.9772741
1.0,0,0.14642839
0.0,0,0.019533277
1.0,1,0.98268896
0.0,0,0.005040332
0.0,0,0.33856708
1.0,1,0.9550979
0.0,0,0.032860182
1.0,1,0.88164
0.0,0,0.14526273
1.0,1,0.91764057
1.0,1,0.9523159
0.0,1,0.798848
0.0,0,0.005243625
1.0,1,0.9243874
1.0,1,0.9404329
1.0,1,0.9468537
1.0,1,0.98550576
1.0,1,0.95695513
1.0,1,0.9809418
1.0,1,0.9529688
0.0,0,0.23449716
0.0,0,0.09546153
1.0,1,0.6540858
0.0,0,0.059268024
0.0,0,0.01858687
1.0,1,0.8402869
1.0,1,0.9413054
0.0,1,0.88258815
1.0,0,0.3159715
0.0,0,0.21488234
0.0,0,0.18647644
0.0,0,0.38794816
0.0,0,0.21934853
0.0,0,0.024882142
1.0,1,0.9619358
0.0,0,0.0014008225
0.0,0,0.0134424
0.0,0,0.0091967825
1.0,1,0.9754369
1.0,1,0.7993693
0.0,0,0.082390726
0.0,0,0.025609849
1.0,1,0.6582479
0.0,0,0.014201676
1.0,1,0.95340264
0.0,0,0.2523051
1.0,1,0.867444
0.0,0,0.0028837577
1.0,1,0.89378256
1.0,1,0.9739481
1.0,1,0.95039743
0.0,0,0.13619289
1.0,1,0.91133475
0.0,0,0.021166282
1.0,1,0.9520393
0.0,0,0.0020367748
1.0,1,0.97575897
1.0,1,0.63955295
0.0,0,0.08062233
1.0,1,0.9738727
1.0,1,0.66738504
0.0,0,0.010646598
1.0,1,0.9578725
0.0,1,0.80334467
1.0,1,0.90109915
0.0,0,0.009226175
1.0,1,0.8032859
0.0,0,0.07245286
0.0,1,0.60441375
1.0,1,0.7873559
1.0,1,0.960228
1.0,1,0.9353889
1.0,1,0.97292745
1.0,1,0.98035806
1.0,1,0.8912179
1.0,0,0.054814577
0.0,1,0.5969827
1.0,1,0.8270162
1.0,1,0.7080786
1.0,1,0.9259539
1.0,1,0.8412004
1.0,1,0.94015443
1.0,1,0.91801715
1.0,1,0.962026
0.0,0,0.0067516756
0.0,0,0.047758643
1.0,1,0.9375757
1.0,1,0.63691545
0.0,0,0.029826459
0.0,0,0.08890815
1.0,1,0.88558966
0.0,0,0.027025934
1.0,0,0.24944031
1.0,1,0.79454756
1.0,1,0.6307125
0.0,0,0.05648493
0.0,1,0.6786648
0.0,0,0.023385556
1.0,1,0.90109557
1.0,1,0.9524659
0.0,0,0.40047306
0.0,0,0.013276754
0.0,1,0.79543316
0.0,0,0.010955019
0.0,0,0.38551265
1.0,1,0.8179714
1.0,1,0.69454235
1.0,1,0.94683367
0.0,0,0.010129834
1.0,1,0.9718072
0.0,1,0.43455666
0.0,0,0.3068426
0.0,0,0.30176422
1.0,1,0.9360999
1.0,1,0.9339423
0.0,0,0.1480646
0.0,0,0.08428168
0.0,0,0.16198917
1.0,1,0.9691478
0.0,0,0.36896712
0.0,0,0.028701263
0.0,1,0.6522641
1.0,1,0.95928353
1.0,1,0.96623003
1.0,1,0.8582818
1.0,1,0.9279969
0.0,0,0.18136144
0.0,0,0.0019108042
1.0,1,0.8147601
0.0,0,0.16293688
0.0,0,0.2398209
0.0,0,0.11931144
0.0,0,0.08987717
1.0,1,0.8130964
1.0,1,0.8255061
0.0,0,0.07777703
0.0,0,0.002525797
1.0,1,0.7245324
0.0,0,0.21538273
1.0,1,0.81813216
0.0,0,0.0066338964
1.0,1,0.8547739
0.0,1,0.63057554
1.0,1,0.9764025
1.0,1,0.8732902
1.0,1,0.8370925
1.0,1,0.97589695
1.0,1,0.7748169
0.0,0,0.0072978814
0.0,0,0.027371092
0.0,0,0.20305094
0.0,0,0.008476978
1.0,1,0.98256475
1.0,1,0.7004071
0.0,0,0.23805083
1.0,1,0.9659312
1.0,1,0.8536978
0.0,0,0.003966618
0.0,0,0.036207553
0.0,0,0.05507257
1.0,1,0.73629165
1.0,1,0.8116436
0.0,0,0.034717742
0.0,0,0.025617816
0.0,0,0.032479532
1.0,1,0.47166592
1.0,1,0.8534396
1.0,1,0.82785004
1.0,1,0.9842047
1.0,1,0.8661404
0.0,0,0.008342828
1.0,1,0.96532094
0.0,0,0.0142944055
0.0,0,0.0060356045
0.0,0,0.023020556
0.0,1,0.4792178
1.0,1,0.76102185
0.0,0,0.042600285
0.0,0,0.0042909677
1.0,1,0.963945
1.0,1,0.8118027
1.0,1,0.8074877
0.0,0,0.07173214
0.0,0,0.04493481
0.0,0,0.0045944215
0.0,1,0.5630965
1.0,1,0.9715373
1.0,1,0.9763382
1.0,1,0.5751308
1.0,1,0.7988104
0.0,0,0.1112641
0.0,0,0.34236354
0.0,1,0.70183986
0.0,0,0.011910616
1.0,1,0.7957825
1.0,1,0.9026696
1.0,1,0.98088396
1.0,1,0.8754188
1.0,1,0.42180887
0.0,0,0.020185169
0.0,0,0.20047656
0.0,0,0.023697753
1.0,1,0.8899187
1.0,1,0.7577924
1.0,1,0.71347475
1.0,1,0.9779128
1.0,1,0.9759559
0.0,0,0.0072733983
0.0,0,0.0013315267
0.0,0,0.20474745
1.0,1,0.74319184
1.0,1,0.9382938
0.0,0,0.019679036
0.0,0,0.18610187
0.0,0,0.0046057384
1.0,1,0.7631891
1.0,1,0.87590647
1.0,1,0.67898715
1.0,1,0.52636766
1.0,1,0.9675521
1.0,1,0.7117131
0.0,0,0.010421874
0.0,0,0.014538687
1.0,1,0.9322084
0.0,0,0.08116105
1.0,1,0.95285726
1.0,1,0.8100978
1.0,1,0.9748946
0.0,0,0.116943575
0.0,1,0.77572715
0.0,0,0.027955702
1.0,1,0.8759319
0.0,1,0.6879102
1.0,1,0.75090146
0.0,0,0.0024829418
1.0,1,0.72412944
0.0,0,0.33272868
0.0,0,0.19908266
0.0,0,0.020941313
0.0,0,0.0070746727
1.0,1,0.48350823
1.0,1,0.8685386
0.0,0,0.011586398
1.0,1,0.9796847
0.0,0,0.39847848
0.0,0,0.20135868
0.0,1,0.64621353
1.0,1,0.5588021
1.0,1,0.89713407
0.0,0,0.022451209
1.0,1,0.42044574
1.0,1,0.7143471
1.0,1,0.95009303
1.0,1,0.66120356
0.0,0,0.013386165
0.0,0,0.022158168
1.0,1,0.702261
0.0,0,0.05202914
1.0,1,0.9791276
0.0,0,0.029416842
1.0,1,0.98075783
0.0,0,0.0037551408
1.0,1,0.98441106
0.0,0,0.07175748
0.0,0,0.09796681
1.0,1,0.94039345
0.0,0,0.03379243
0.0,0,0.013397171
1.0,0,0.37948847
0.0,0,0.034387793
1.0,1,0.60963297
0.0,1,0.5009586
0.0,0,0.011890167
1.0,1,0.93413115
1.0,1,0.8845142
1.0,1,0.44813332
1.0,1,0.8992568
0.0,0,0.0027845572
1.0,1,0.9441879
0.0,0,0.010887538
1.0,1,0.80017036
0.0,0,0.00323638
1.0,1,0.8968027
0.0,1,0.9717643
0.0,0,0.10598523
0.0,0,0.06575577
0.0,0,0.066110045
0.0,0,0.14007755
1.0,1,0.96206546
1.0,1,0.92218095
1.0,1,0.9782694
0.0,0,0.0103790695
1.0,1,0.98013514
1.0,1,0.7316716
1.0,1,0.8732965
1.0,1,0.98231924
1.0,0,0.2093338
1.0,1,0.9063332
0.0,1,0.67628
0.0,0,0.0865309
1.0,1,0.9705387
1.0,1,0.9697805
0.0,0,0.025487486
1.0,1,0.9463264
1.0,1,0.79497856
1.0,1,0.9824598
0.0,0,0.07105234
1.0,1,0.882877
1.0,1,0.94920915
1.0,1,0.83409274
1.0,1,0.95321625
0.0,0,0.29618123
1.0,1,0.8411308
1.0,1,0.9023423
0.0,0,0.1036124
0.0,0,0.14606868
0.0,0,0.12617362
1.0,1,0.7841728
1.0,1,0.916781
0.0,0,0.2432246
1.0,1,0.8952657
0.0,0,0.0140694
1.0,1,0.8737029
1.0,1,0.91909134
0.0,0,0.0041561546
0.0,0,0.04526202
1.0,1,0.4496076
0.0,0,0.009655473
0.0,0,0.0065996703
1.0,1,0.9807398
1.0,1,0.9792798
1.0,1,0.90680695
1.0,1,0.8735974
0.0,0,0.017497607
1.0,1,0.9377041
1.0,1,0.91193306
0.0,0,0.084931135
0.0,0,0.10812595
0.0,0,0.22153932
1.0,1,0.754307
0.0,0,0.018427594
0.0,0,0.06933833
0.0,0,0.0028962302
0.0,0,0.04917879
0.0,0,0.27002868
1.0,1,0.9744732
0.0,0,0.01026275
1.0,1,0.95683235
1.0,1,0.9760002
0.0,1,0.673121
0.0,1,0.72798204
0.0,0,0.18671633
0.0,0,0.03352434
1.0,1,0.9638192
0.0,0,0.20858616
0.0,0,0.0060360595
0.0,1,0.6241355
1.0,1,0.9407215
1.0,0,0.25686005
0.0,0,0.22858861
1.0,1,0.7802117
0.0,0,0.0002935572
1.0,1,0.9802504
1.0,1,0.9164346
1.0,1,0.97602654
0.0,0,0.014834728
0.0,1,0.4855448
0.0,0,0.40053502
0.0,0,0.28565854
0.0,0,0.011422738
1.0,1,0.7385057
0.0,0,0.023473626
1.0,1,0.98227143
0.0,0,0.26526785
0.0,0,0.04651761
1.0,1,0.94957006
1.0,1,0.88831204
0.0,1,0.6704141
1.0,1,0.9114969
1.0,1,0.95221424
1.0,1,0.8962741
1.0,1,0.8230598
0.0,0,0.12361908
0.0,0,0.057145797
0.0,0,0.01800452
1.0,1,0.78311783
1.0,1,0.96521246
0.0,0,0.027147662
1.0,0,0.10299702
0.0,0,0.06990946
0.0,0,0.0050130477
1.0,1,0.98120373
1.0,1,0.96941274
1.0,0,0.36109236
1.0,1,0.83369106
1.0,1,0.97642636
0.0,0,0.13146567
1.0,1,0.583946
1.0,1,0.9529414
0.0,0,0.03503202
0.0,0,0.22522533
0.0,1,0.82419765
0.0,0,0.009934867
0.0,0,0.021505086
0.0,0,0.008171449
1.0,1,0.8904651
1.0,1,0.9732793
1.0,0,0.37397015
1.0,1,0.8681587
1.0,1,0.9793934
1.0,1,0.76362455
0.0,0,0.013592432
0.0,0,0.037497595
0.0,0,0.0007305748
0.0,0,0.008877797
0.0,1,0.4639509
0.0,0,0.10934521
0.0,0,0.03349389
0.0,0,0.020991461
0.0,0,0.007946477
1.0,1,0.94488907
0.0,0,0.15748543
1.0,1,0.71427566
1.0,1,0.6092122
1.0,1,0.5526055
0.0,0,0.076940835
1.0,1,0.9690806
1.0,1,0.94286436
0.0,0,0.0074473894
0.0,0,0.0012119222
0.0,0,0.18797307
1.0,1,0.85004616
0.0,1,0.47441486
0.0,0,0.081333116
0.0,0,0.0504595
1.0,1,0.95176274
1.0,1,0.43888205
1.0,0,0.2830307
0.0,0,0.10774471
0.0,0,0.0011394892
0.0,0,0.027707363
1.0,1,0.80987155
0.0,0,0.32854682
0.0,0,0.100837775
0.0,1,0.69212985
1.0,1,0.89261603
0.0,0,0.0030490654
1.0,1,0.71184546
0.0,0,0.049349677
1.0,0,0.39401057
1.0,1,0.95004034
0.0,0,0.07541929
1.0,1,0.8011936
0.0,0,0.0080997385
0.0,0,0.07637647
0.0,1,0.7072252
1.0,1,0.8111773
0.0,0,0.21461084
0.0,1,0.4957634
1.0,1,0.8147572
0.0,0,0.0024851225
0.0,0,0.020998988
0.0,0,0.17470664
0.0,0,0.014905908
0.0,0,0.09343123
0.0,0,0.15406522
0.0,0,0.03791512
0.0,0,0.006865708
1.0,1,0.9629527
1.0,1,0.9812504
1.0,1,0.83146787
0.0,0,0.26550806
0.0,0,0.02007617
0.0,1,0.5193194
0.0,0,0.024050632
1.0,1,0.7054839
1.0,1,0.9049429
1.0,1,0.90399885
0.0,1,0.7001453
0.0,0,0.16619661
0.0,0,0.0043914793
1.0,1,0.9422962
0.0,0,0.18920735
0.0,0,0.0020504908
0.0,0,0.020851582
0.0,0,0.023300035
0.0,0,0.0683843
1.0,1,0.79691076
0.0,1,0.942975
1.0,1,0.8650911
0.0,0,0.016812418
1.0,1,0.9828714
0.0,0,0.013085382
1.0,1,0.7571814
0.0,0,0.070609
0.0,0,0.32905355
0.0,0,0.008961508
1.0,1,0.9640093
0.0,0,0.013652416
1.0,1,0.4717763
0.0,1,0.68399274
0.0,0,0.18560411
1.0,1,0.9225562
0.0,0,0.102402225
0.0,0,0.17642137
0.0,0,0.11401011
0.0,0,0.006235456
1.0,1,0.96311903
1.0,1,0.56001383
0.0,0,0.3191514
1.0,1,0.96924996
1.0,1,0.873987
1.0,1,0.7775873
0.0,0,0.411028
1.0,1,0.8535551
1.0,1,0.8589036
1.0,1,0.45750555
1.0,1,0.9735024
0.0,0,0.010970416
1.0,1,0.9587106
0.0,0,0.00915939
1.0,1,0.9668375
1.0,1,0.95756525
0.0,0,0.02310927
1.0,1,0.7860545
0.0,0,0.044366736
1.0,1,0.96454966
1.0,1,0.8646592
0.0,0,0.018234385
0.0,0,0.015799278
0.0,0,0.020240465
0.0,0,0.0064030993
0.0,0,0.15855926
0.0,0,0.0176104
1.0,1,0.7735086
0.0,0,0.0030241483
1.0,0,0.3502738
0.0,0,0.1613216
1.0,1,0.89011955
1.0,1,0.91488516
0.0,0,0.106158815
0.0,1,0.8627484
1.0,1,0.8097437
0.0,1,0.6013608
0.0,0,0.07236222
0.0,0,0.00937921
1.0,1,0.628841
0.0,0,0.087062865
0.0,0,0.012726212
1.0,1,0.9710614
1.0,1,0.967196
0.0,0,0.10160372
1.0,1,0.9150915
0.0,0,0.01566106
0.0,0,0.025650902
0.0,0,0.024892146
1.0,1,0.65847313
0.0,0,0.33239073
1.0,1,0.8730468
0.0,1,0.4549877
0.0,0,0.006058045
0.0,1,0.44996443
0.0,1,0.72418416
1.0,1,0.83447444
0.0,0,0.047785003
1.0,1,0.97503436
1.0,1,0.72130597
1.0,1,0.6726064
0.0,0,0.13760316
0.0,0,0.011452688
0.0,0,0.049474284
0.0,0,0.045013957
0.0,0,0.0049287393
0.0,0,0.34229457
1.0,1,0.98268205
0.0,0,0.0033164218
1.0,1,0.6954807
1.0,1,0.9801435
0.0,0,0.14915642
0.0,0,0.29207745
0.0,0,0.01584339
1.0,1,0.84738743
0.0,0,0.0272542
1.0,1,0.9330837
0.0,0,0.004276364
0.0,0,0.13332784
1.0,1,0.7903512
0.0,0,0.008994651
0.0,0,0.07549106
1.0,1,0.82027483
1.0,1,0.9836096
1.0,1,0.8730593
1.0,1,0.9126298
0.0,0,0.01779966
1.0,1,0.89054334
0.0,0,0.021821339
0.0,0,0.009279978
0.0,0,0.108468905
1.0,1,0.96177936
0.0,0,0.066264085
1.0,1,0.7435116
0.0,0,0.013041475
1.0,1,0.9819503
1.0,1,0.95695764
0.0,1,0.48802063
1.0,1,0.87844384
0.0,0,0.34504756
1.0,1,0.8738399
1.0,1,0.83222014
1.0,1,0.89289373
0.0,0,0.0018287357
0.0,0,0.065976426
0.0,0,0.0010139729
1.0,1,0.61283326
1.0,1,0.98289937
1.0,1,0.84739983
1.0,1,0.8501878
1.0,1,0.96883833
0.0,0,0.2573671
0.0,0,0.12207691
1.0,1,0.9713777
1.0,1,0.97572374
0.0,0,0.12647906
0.0,1,0.463873
0.0,0,0.017603869
1.0,1,0.94983673
1.0,1,0.96227616
0.0,1,0.4948291
1.0,1,0.8071361
1.0,1,0.8748783
1.0,1,0.9765703
0.0,0,0.0033726476
0.0,0,0.01891147
1.0,1,0.47255734
0.0,0,0.0034096467
0.0,0,0.092512764
0.0,0,0.028886057
0.0,1,0.46137458
1.0,1,0.9806889
1.0,1,0.9516526
0.0,1,0.934208
0.0,0,0.1422638
1.0,1,0.9820583
1.0,1,0.97163314
0.0,0,0.009969499
1.0,1,0.98377556
1.0,1,0.697981
1.0,1,0.97904336
0.0,0,0.058041666
0.0,0,0.0016005343
1.0,1,0.9645188
1.0,1,0.9554248
1.0,1,0.9578719
0.0,0,0.0071188603
1.0,1,0.47752535
1.0,1,0.919277
1.0,1,0.97438157
1.0,1,0.97043765
1.0,1,0.9579158
0.0,0,0.16170877
0.0,0,0.13229074
0.0,0,0.0023250165
0.0,0,0.35859823
1.0,1,0.98162323
1.0,1,0.93063945
0.0,0,0.10172614
0.0,0,0.0029662284
0.0,0,0.37502643
1.0,1,0.912126
0.0,0,0.35279602
0.0,0,0.01257247
0.0,0,0.118363015
0.0,1,0.96428233
0.0,0,0.038184736
0.0,1,0.8512014
0.0,0,0.10702597
0.0,0,0.014514891
1.0,1,0.88534725
1.0,1,0.8978638
1.0,1,0.6657661
1.0,1,0.90932757
0.0,0,0.04111809
0.0,0,0.03664374
1.0,1,0.9134704
1.0,1,0.59776866
1.0,1,0.9626564
1.0,1,0.9837822
0.0,0,0.038917936
1.0,1,0.9794076
1.0,1,0.9815341
0.0,0,0.017326785
0.0,0,0.004139091
0.0,0,0.024932561
0.0,0,0.0015016263
1.0,1,0.97560775
1.0,1,0.964717
1.0,0,0.14925896
0.0,0,0.13406202
0.0,0,0.013034137
1.0,1,0.95769054
1.0,0,0.28775108
1.0,1,0.66392577
1.0,1,0.84249073
1.0,1,0.94741714
0.0,1,0.56766075
1.0,0,0.334162
0.0,1,0.5558841
1.0,1,0.67098963
0.0,1,0.4216612
0.0,0,0.168743
1.0,1,0.9834298
1.0,1,0.9447858
0.0,0,0.0041913036
1.0,1,0.8609612
0.0,1,0.79502404
1.0,1,0.95478445
1.0,1,0.9723683
1.0,1,0.8190325
0.0,0,0.0658898
1.0,1,0.80654776
1.0,1,0.8944803
0.0,0,0.0040928368
1.0,1,0.9755478
1.0,1,0.46173492
0.0,1,0.9034549
1.0,1,0.7852009
0.0,0,0.21861146
0.0,1,0.8114692
1.0,1,0.69499874
0.0,0,0.0083013745
0.0,0,0.123845704
1.0,1,0.83694917
1.0,1,0.9835856
1.0,1,0.9738966
0.0,0,0.010876945
1.0,1,0.82096696
0.0,0,0.3163066
0.0,0,0.054245386
0.0,0,0.41186672
0.0,1,0.69175255
1.0,1,0.5772245
0.0,0,0.13374695
1.0,1,0.7214177
0.0,0,0.36798865
0.0,0,0.017969364
1.0,1,0.97355604
0.0,0,0.036480438
0.0,1,0.75518996
1.0,1,0.9265263
0.0,0,0.023856146
1.0,1,0.9110798
0.0,0,0.12123218
0.0,1,0.47409552
0.0,0,0.14045368
1.0,0,0.054241627
0.0,1,0.63580775
0.0,0,0.06360494
1.0,1,0.93385136
1.0,1,0.9351054
1.0,1,0.9394938
1.0,0,0.3538153
1.0,1,0.96124303
0.0,1,0.5366389
0.0,0,0.011371237
1.0,1,0.9774452
1.0,1,0.9784429
0.0,0,0.028322242
1.0,1,0.93218905
1.0,1,0.7767293
0.0,0,0.037324823
0.0,0,0.15200323
0.0,0,0.2605751
0.0,0,0.1843755
1.0,1,0.8162528
0.0,1,0.78548235
1.0,0,0.37437662
0.0,0,0.04657935
1.0,1,0.92090136
1.0,1,0.7514478
1.0,1,0.8215375
0.0,0,0.14476952
0.0,0,0.3744163
0.0,0,0.028048452
1.0,1,0.740317
1.0,1,0.9481901
1.0,1,0.95606846
0.0,0,0.12660034
1.0,1,0.9815611
0.0,0,0.012001853
1.0,1,0.8690818
1.0,1,0.8779034
0.0,0,0.16497687
0.0,0,0.022696754
0.0,0,0.3691921
0.0,0,0.039624237
1.0,1,0.95977765
1.0,1,0.9670095
1.0,1,0.7299445
0.0,0,0.023382535
0.0,0,0.011396481
0.0,0,0.033264354
0.0,0,0.085078694
1.0,1,0.9443696
1.0,1,0.9575446
0.0,0,0.011059067
1.0,1,0.96630573
0.0,0,0.09308553
0.0,0,0.1353281
1.0,1,0.97090983
1.0,1,0.96219784
1.0,1,0.7684847
1.0,1,0.9365717
1.0,1,0.9398543
1.0,1,0.9151381
1.0,1,0.78028625
0.0,0,0.063674524
0.0,0,0.06644062
1.0,1,0.86003035
0.0,0,0.09397505
1.0,1,0.9465849
1.0,1,0.91988003
0.0,0,0.19256681
0.0,0,0.008103198
1.0,1,0.8342834
1.0,0,0.048874628
1.0,1,0.90484846
0.0,0,0.025683235
0.0,0,0.17244199
1.0,1,0.74421185
1.0,1,0.98205256
0.0,0,0.072932445
1.0,0,0.036387853
0.0,1,0.7753334
0.0,1,0.60943353
1.0,1,0.8696475
1.0,1,0.97925717
0.0,0,0.031810947
0.0,1,0.93018657
1.0,1,0.8319603
0.0,0,0.04851801
0.0,0,0.018795552
1.0,1,0.9805056
0.0,0,0.031099848
1.0,0,0.24944016
0.0,0,0.017859917
0.0,1,0.43233156
1.0,1,0.96040714
0.0,0,0.04272639
0.0,0,0.15389183
1.0,1,0.9001347
1.0,1,0.9122094
1.0,0,0.22429362
0.0,0,0.003657665
0.0,0,0.09307969
1.0,1,0.96218014
1.0,1,0.8623345
0.0,0,0.010494548
0.0,0,0.005001611
0.0,0,0.029322341
1.0,1,0.9649215
1.0,1,0.9793815
0.0,0,0.20889693
0.0,0,0.06965793
0.0,0,0.22446936
0.0,0,0.21604876
0.0,0,0.06086069
1.0,1,0.75750303
1.0,0,0.3680938
0.0,0,0.15593408
1.0,1,0.9740563
1.0,1,0.9214866
1.0,1,0.4462547
0.0,0,0.25745538
1.0,1,0.87841076
1.0,1,0.7968332
0.0,0,0.02821016
1.0,1,0.9242407
1.0,1,0.7434435
0.0,0,0.018271007
0.0,0,0.0051228446
1.0,1,0.98689514
1.0,1,0.8465539
0.0,0,0.0054697385
0.0,0,0.014717616
1.0,1,0.6975191
1.0,1,0.9693676
0.0,0,0.004217344
0.0,0,0.013250928
0.0,0,0.0060890145
0.0,1,0.67237145
1.0,1,0.98346835
1.0,0,0.30003813
0.0,0,0.21034262
0.0,0,0.0036360025
1.0,1,0.8204825
1.0,1,0.7373742
0.0,0,0.029718513
1.0,1,0.82073647
0.0,0,0.10352701
0.0,0,0.01786619
0.0,0,0.23971963
1.0,1,0.9695644
1.0,1,0.67688906
1.0,1,0.90477175
1.0,1,0.9563048
1.0,1,0.9281353
0.0,0,0.0074364212
0.0,0,0.0020762724
1.0,1,0.9790485
0.0,0,0.0055482513
1.0,1,0.9690809
0.0,0,0.0009790331
0.0,0,0.012507307
0.0,0,0.08278199
0.0,0,0.007993509
1.0,1,0.88239586
0.0,0,0.0071904208
1.0,1,0.895332
1.0,1,0.9704933
0.0,0,0.049293052
1.0,1,0.9567307
1.0,1,0.9844354
0.0,1,0.47561225
0.0,0,0.050804812
0.0,0,0.0054442226
1.0,1,0.8659293
1.0,1,0.95527834
1.0,1,0.89821243
1.0,1,0.43965653
0.0,1,0.42326814
0.0,0,0.2096101
1.0,1,0.87198675
1.0,1,0.7680356
1.0,1,0.90820116
1.0,1,0.86255455
0.0,0,0.3452486
1.0,0,0.072161645
1.0,1,0.8564241
1.0,1,0.9698667
0.0,0,0.033013623
1.0,1,0.82719076
1.0,1,0.911198
0.0,0,0.00966938
1.0,1,0.9611943
1.0,1,0.8819092
1.0,1,0.94256014
0.0,1,0.5896336
1.0,1,0.8319475
1.0,1,0.7333597
1.0,1,0.6315161
1.0,0,0.37929866
0.0,0,0.0069729686
0.0,0,0.006327269
0.0,0,0.16486831
1.0,1,0.9797657
1.0,1,0.8920564
0.0,0,0.022430476
0.0,1,0.48706868
1.0,1,0.8898339
1.0,1,0.9735137
0.0,0,0.035520572
0.0,0,0.045901056
1.0,1,0.9562825
0.0,1,0.5789722
1.0,1,0.8088403
0.0,0,0.009548435
1.0,1,0.8851867
1.0,1,0.94128925
1.0,1,0.96198416
1.0,1,0.96826565
0.0,0,0.04430217
0.0,0,0.0069978144
1.0,1,0.8847819
1.0,1,0.95305246
1.0,1,0.9812318
1.0,1,0.52832663
0.0,0,0.16929142
0.0,1,0.57953477
0.0,0,0.013877436
1.0,1,0.80804014
1.0,1,0.93223834
1.0,1,0.9737839
0.0,0,0.016758768
0.0,1,0.9131232
1.0,1,0.9106236
0.0,0,0.031644296
0.0,0,0.018542882
1.0,1,0.9770227
1.0,1,0.9451641
0.0,0,0.010793515
1.0,0,0.25394806
0.0,0,0.031535435
1.0,1,0.77258337
0.0,0,0.28603077
0.0,0,0.037190992
0.0,0,0.017579442
1.0,1,0.7666527
1.0,1,0.9824015
0.0,1,0.555514
1.0,1,0.8703574
1.0,1,0.75117207
0.0,0,0.0048186574
0.0,0,0.0017062679
1.0,1,0.9519722
1.0,1,0.9812773
1.0,1,0.682166
1.0,1,0.9120174
1.0,1,0.9788781
1.0,1,0.8628631
0.0,0,0.009396388
0.0,1,0.5351778
0.0,0,0.0008947946
1.0,1,0.9776297
0.0,0,0.011541129
0.0,0,0.25058135
0.0,0,0.16851605
0.0,0,0.0017434433
1.0,0,0.39163324
0.0,0,0.027474971
1.0,1,0.76512444
1.0,1,0.96353567
0.0,0,0.019434262
1.0,1,0.76851857
1.0,1,0.98180485
1.0,1,0.95343053
0.0,1,0.6053452
1.0,1,0.70054364
1.0,1,0.9811167
1.0,1,0.9609872
1.0,1,0.9164051
0.0,0,0.19583316
1.0,1,0.5006466
1.0,1,0.8512571
1.0,1,0.6252745
0.0,0,0.031429127
1.0,1,0.8430416
0.0,0,0.0014223679
1.0,1,0.8115964
0.0,0,0.072414786
1.0,1,0.98311245
1.0,1,0.8246923
0.0,1,0.884872
1.0,0,0.30865806
1.0,1,0.9269187
1.0,1,0.95850456
1.0,1,0.9605613
1.0,1,0.89286554
1.0,1,0.8863671
0.0,0,0.39127114
1.0,1,0.4971508
1.0,1,0.9489725
0.0,1,0.59788465
0.0,0,0.011665753
0.0,0,0.025197444
0.0,0,0.20637576
0.0,0,0.027220074
0.0,0,0.014628676
1.0,1,0.5575452
1.0,1,0.951121
0.0,0,0.030969877
1.0,1,0.6099124
1.0,1,0.9828302
1.0,1,0.9391251
1.0,1,0.9093858
1.0,1,0.9089157
0.0,0,0.10614658
1.0,1,0.8967059
1.0,1,0.9755518
1.0,1,0.9674798
1.0,1,0.9724474
0.0,1,0.95196444
0.0,0,0.0047177128
1.0,1,0.9658128
1.0,1,0.7307606
0.0,0,0.023850566
0.0,1,0.4966273
1.0,1,0.97827506
0.0,0,0.3334957
0.0,0,0.03151766
1.0,1,0.891526
1.0,1,0.69343674
0.0,0,0.19973788
1.0,1,0.63779604
1.0,1,0.978476
0.0,0,0.011034325
1.0,1,0.80801654
0.0,0,0.0766205
1.0,1,0.7825764
0.0,0,0.13959947
0.0,0,0.11727676
0.0,1,0.46333688
0.0,1,0.44581804
0.0,0,0.1280325
1.0,1,0.98109955
0.0,0,0.025006037
1.0,1,0.84678435
1.0,1,0.95109564
0.0,0,0.21188676
1.0,1,0.7543112
1.0,1,0.97609156
1.0,1,0.97776675
1.0,1,0.6809701
0.0,0,0.0063671116
1.0,1,0.95271885
1.0,1,0.9719915
1.0,1,0.9524735
0.0,0,0.009393748
1.0,1,0.8080945
1.0,1,0.98269933
1.0,1,0.73372775
0.0,0,0.033657994
1.0,1,0.48349714
1.0,1,0.6835867
1.0,1,0.6694639
0.0,0,0.0015009351
1.0,1,0.9132179
1.0,1,0.97233063
0.0,0,0.001029716
1.0,1,0.96187925
0.0,0,0.02698128
1.0,1,0.9705297
1.0,1,0.9010815
1.0,1,0.82894695
0.0,0,0.0018909664
0.0,0,0.14100088
0.0,0,0.006627706
1.0,1,0.9024326
1.0,1,0.98206323
0.0,0,0.043845914
0.0,0,0.028561868
1.0,1,0.7524724
1.0,1,0.8773596
1.0,1,0.89939827
0.0,0,0.001581896
1.0,1,0.5930941
0.0,0,0.0287926
0.0,0,0.031394433
0.0,0,0.10242594
1.0,0,0.4146594
1.0,1,0.9049445
1.0,1,0.96062124
1.0,1,0.9501784
0.0,0,0.0011049343
0.0,0,0.0025263282
1.0,1,0.9742932
0.0,0,0.11630465
0.0,1,0.9703302
1.0,1,0.88312155
0.0,1,0.60906327
1.0,1,0.9387033
0.0,0,0.023329457
0.0,0,0.07389231
0.0,0,0.24475732
0.0,0,0.2470492
0.0,0,0.0041168598
1.0,1,0.9801272
1.0,1,0.8652134
1.0,1,0.9439761
1.0,1,0.92958623
1.0,1,0.98341787
0.0,1,0.6251159
1.0,1,0.9739935
1.0,0,0.02595472
1.0,1,0.9785185
1.0,1,0.9803996
0.0,0,0.014587698
1.0,1,0.9683525
0.0,0,0.008878591
0.0,0,0.04389099
1.0,0,0.41071156
0.0,0,0.01838062
1.0,1,0.8296608
1.0,1,0.9752531
0.0,0,0.04183305
0.0,0,0.09394351
0.0,0,0.2010992
0.0,0,0.13104406
0.0,0,0.0015541761
1.0,1,0.50854784
1.0,1,0.8615364
1.0,1,0.8119904
0.0,0,0.1494283
0.0,0,0.04477341
1.0,1,0.94636816
0.0,0,0.043776974
1.0,1,0.9803594
0.0,0,0.14590879
1.0,1,0.9785495
1.0,1,0.97684306
1.0,1,0.6860942
1.0,1,0.97150123
1.0,1,0.979258
0.0,0,0.06619152
0.0,0,0.00507878
1.0,0,0.38557592
1.0,1,0.97321236
1.0,1,0.8496659
0.0,0,0.11141583
1.0,1,0.97057736
1.0,1,0.93670285
1.0,1,0.97729325
0.0,0,0.023294913
0.0,0,0.060892135
0.0,0,0.26999205
1.0,1,0.59683186
1.0,1,0.9645282
1.0,1,0.8856119
1.0,1,0.94296867
0.0,0,0.24679221
0.0,1,0.470236
0.0,0,0.080198005
0.0,0,0.05843146
0.0,0,0.03859175
0.0,0,0.051040232
0.0,0,0.0023852875
1.0,0,0.34749344
1.0,1,0.9805373
0.0,0,0.013670001
1.0,1,0.69330955
1.0,1,0.8981816
1.0,1,0.9585158
0.0,0,0.12930815
0.0,0,0.34363168
0.0,0,0.0015904177
1.0,1,0.8597529
0.0,0,0.021701602
1.0,1,0.85017973
0.0,0,0.12254464
1.0,1,0.961035
1.0,1,0.97902876
0.0,0,0.08823368
0.0,0,0.09682832
1.0,1,0.98270905
1.0,1,0.8209496
0.0,0,0.41464975
0.0,0,0.011911884
0.0,0,0.38399252
1.0,1,0.9762769
1.0,1,0.792429
0.0,0,0.053548116
1.0,1,0.9791569
1.0,1,0.63059556
1.0,1,0.6514316
1.0,0,0.18914326
1.0,1,0.5975152
0.0,0,0.0036993308
1.0,1,0.7261894
1.0,1,0.87197393
1.0,1,0.9619289
0.0,0,0.008383145
1.0,1,0.96397257
0.0,0,0.019989224
0.0,0,0.015662905
0.0,0,0.3659541
1.0,1,0.74126196
1.0,1,0.6971798
1.0,1,0.9708231
1.0,1,0.77824974
1.0,1,0.9181265
0.0,0,0.092794895
1.0,1,0.95763296
0.0,1,0.7457505
0.0,0,0.38087386
0.0,0,0.0029553783
1.0,1,0.96866614
0.0,0,0.015475753
0.0,0,0.009776493
1.0,1,0.91208553
0.0,0,0.005560061
0.0,0,0.021096056
0.0,0,0.06186404
0.0,0,0.002969248
0.0,0,0.07654792
1.0,1,0.89738214
0.0,0,0.008071377
0.0,1,0.8727876
0.0,0,0.0016215574
0.0,0,0.2805143
1.0,1,0.8732979
0.0,0,0.24656448
1.0,1,0.92598766
1.0,1,0.5978699
1.0,1,0.90621746
0.0,0,0.0038110656
1.0,1,0.8817817
0.0,0,0.028329367
1.0,1,0.7526274
1.0,1,0.91132253
1.0,1,0.96788275
1.0,1,0.98352814
1.0,1,0.71303535
1.0,1,0.981771
1.0,1,0.9421097
1.0,1,0.83669555
0.0,0,0.019743329
1.0,1,0.9781588
1.0,1,0.87341356
1.0,1,0.7293925
1.0,1,0.88154435
1.0,1,0.95485365
1.0,1,0.89546084
0.0,0,0.01021252
0.0,0,0.0014304912
0.0,0,0.002101823
1.0,1,0.84559065
0.0,0,0.1602312
1.0,1,0.74275553
0.0,0,0.32655716
1.0,1,0.9467779
1.0,1,0.9830334
1.0,0,0.26692164
1.0,1,0.85187703
0.0,0,0.2664836
1.0,1,0.9670594
1.0,1,0.44612435
0.0,0,0.058453716
0.0,0,0.015070037
0.0,0,0.07578879
1.0,1,0.84643376
0.0,1,0.6022415
1.0,1,0.929949
1.0,1,0.7597701
0.0,0,0.01892409
1.0,1,0.94842017
0.0,0,0.0045957738
0.0,0,0.045945022
0.0,0,0.033042435
1.0,1,0.88926876
1.0,1,0.9604856
0.0,0,0.16696194
1.0,1,0.6286994
0.0,0,0.0075848433
1.0,1,0.96684706
0.0,0,0.07932019
0.0,0,0.14319763
1.0,1,0.94167113
0.0,0,0.05660647
1.0,1,0.9525301
0.0,0,0.27184433
1.0,1,0.98165447
1.0,1,0.9858627
1.0,1,0.86670625
1.0,0,0.36109516
0.0,0,0.0028982274
0.0,0,0.013135048
0.0,0,0.017361624
1.0,1,0.8178117
1.0,1,0.9360078
0.0,0,0.03165247
1.0,1,0.9747713
1.0,1,0.97881657
0.0,0,0.0023433485
1.0,1,0.96704996
1.0,1,0.7002429
0.0,0,0.01875638
0.0,0,0.053082034
1.0,1,0.84657514
0.0,0,0.05379413
0.0,0,0.15794036
0.0,0,0.090926684
1.0,1,0.88409585
1.0,1,0.9070653
1.0,0,0.28206
1.0,1,0.71594
0.0,0,0.011469004
0.0,1,0.64390194
1.0,0,0.23013268
0.0,0,0.005773187
0.0,0,0.043691006
0.0,0,0.017189616
0.0,0,0.008030828
0.0,0,0.23637138
1.0,1,0.98190874
0.0,0,0.004478086
1.0,1,0.9501237
0.0,0,0.08145005
0.0,0,0.022187544
1.0,1,0.8566777
0.0,0,0.01973333
1.0,1,0.9838917
0.0,0,0.22275695
1.0,1,0.8343506
1.0,1,0.8278227
0.0,0,0.31634408
1.0,0,0.38502192
0.0,0,0.004565691
0.0,1,0.859962
0.0,0,0.013157534
0.0,0,0.0152993845
1.0,1,0.76955396
0.0,0,0.15725268
0.0,0,0.28890684
1.0,1,0.8820704
0.0,0,0.0110305045
0.0,0,0.010544433
0.0,0,0.06852918
0.0,1,0.7586895
0.0,0,0.08130454
0.0,0,0.29084077
1.0,1,0.8797666
0.0,0,0.022295255
1.0,1,0.9744293
0.0,0,0.014978424
0.0,0,0.12858085
0.0,0,0.14550585
0.0,0,0.41489726
0.0,0,0.018530678
1.0,1,0.97136897
1.0,1,0.80889785
1.0,1,0.76106083
0.0,0,0.12822928
1.0,1,0.8808949
1.0,1,0.8268249
0.0,1,0.71421325
0.0,0,0.06859648
0.0,0,0.0042054215
0.0,0,0.36810496
0.0,0,0.30331293
0.0,0,0.173521
1.0,1,0.97688925
1.0,1,0.96053
0.0,0,0.025308903
1.0,1,0.8152692
0.0,0,0.19913617
1.0,1,0.9174891
1.0,1,0.9566534
0.0,0,0.24453904
0.0,0,0.01726866
0.0,0,0.0104623465
0.0,0,0.00622494
1.0,1,0.7197938
1.0,1,0.79698783
1.0,1,0.6725734
0.0,0,0.01566526
0.0,0,0.022676725
1.0,1,0.8467476
1.0,0,0.20512715
1.0,1,0.9403363
0.0,0,0.17748517
1.0,1,0.9515431
0.0,1,0.6173179
1.0,1,0.87819
1.0,0,0.16927698
1.0,1,0.98431057
0.0,0,0.115773775
1.0,1,0.6430873
1.0,1,0.941406
1.0,1,0.78825605
1.0,1,0.97661054
1.0,0,0.34318355
1.0,1,0.98009014
1.0,1,0.9513325
0.0,1,0.66065705
0.0,0,0.15931956
1.0,1,0.79842615
1.0,1,0.7467003
1.0,1,0.8677453
1.0,1,0.97815204
1.0,1,0.82548106
1.0,1,0.8646312
1.0,1,0.97821593
0.0,0,0.36658558
1.0,1,0.86970794
0.0,0,0.057585195
0.0,0,0.00828903
1.0,1,0.9441192
1.0,1,0.5484357
1.0,1,0.88824135
0.0,0,0.11099969
1.0,1,0.97808796
1.0,1,0.8902133
1.0,1,0.8665531
0.0,0,0.10274086
0.0,0,0.14126809
0.0,0,0.026299806
0.0,0,0.012628724
0.0,0,0.018274026
1.0,1,0.97027427
0.0,0,0.096449
1.0,1,0.65993536
1.0,1,0.9564168
0.0,1,0.4763829
1.0,1,0.73064435
1.0,1,0.9647356
0.0,0,0.05842902
0.0,0,0.03334094
1.0,1,0.91347945
1.0,1,0.943533
1.0,1,0.7588924
1.0,1,0.9799514
1.0,1,0.97675884
0.0,0,0.031584147
0.0,0,0.10538181
1.0,1,0.98440355
1.0,1,0.8445829
1.0,1,0.97418034
0.0,0,0.0073755244
0.0,0,0.2645899
1.0,1,0.8059306
1.0,1,0.641214
1.0,1,0.79200244
0.0,0,0.024774197
1.0,1,0.8852192
1.0,0,0.08844114
1.0,1,0.78303957
0.0,0,0.053122193
0.0,0,0.01723561
0.0,0,0.007994122
0.0,0,0.0051093483
1.0,0,0.16882074
1.0,1,0.98213327
0.0,0,0.0047808415
1.0,1,0.9784986
1.0,1,0.9653478
1.0,1,0.9870547
0.0,0,0.3900819
1.0,1,0.9683668
0.0,0,0.00032447456
0.0,0,0.017565103
0.0,0,0.010640367
1.0,1,0.9624407
1.0,1,0.73323464
1.0,1,0.98319083
0.0,0,0.017136255
0.0,0,0.015492632
1.0,1,0.97425455
0.0,0,0.033091653
0.0,0,0.0025537133
0.0,1,0.5644645
1.0,1,0.979277
1.0,1,0.48834667
0.0,0,0.032031137
0.0,1,0.5645984
1.0,0,0.32776785
0.0,1,0.89297837
0.0,0,0.40637496
0.0,0,0.0092084035
1.0,1,0.9567183
1.0,1,0.5012508
0.0,1,0.49075362
0.0,0,0.124640495
1.0,0,0.25087482
1.0,1,0.9491131
0.0,1,0.8364756
1.0,1,0.91345805
0.0,0,0.015338102
0.0,0,0.16688421
0.0,0,0.01287982
0.0,0,0.008521497
1.0,1,0.87050116
1.0,1,0.48170727
0.0,0,0.0049257674
1.0,1,0.9853376
0.0,0,0.009657817
1.0,1,0.537452
1.0,1,0.8535045
0.0,0,0.39310983
1.0,1,0.665035
0.0,0,0.033420447
0.0,0,0.012826277
1.0,1,0.97896844
1.0,1,0.9732891
0.0,0,0.009327022
0.0,0,0.11767382
1.0,1,0.9669784
0.0,0,0.021817595
1.0,1,0.9208002
0.0,0,0.1164921
0.0,1,0.7032037
0.0,1,0.66013676
1.0,1,0.55530125
0.0,0,0.0026193613
1.0,1,0.9745273
0.0,0,0.06725395
1.0,1,0.7632628
0.0,0,0.009638635
0.0,0,0.37024358
0.0,1,0.8056096
0.0,0,0.09964544
1.0,1,0.42739868
0.0,0,0.36722922
0.0,0,0.020594187
0.0,0,0.06630932
0.0,0,0.10513731
0.0,0,0.05937458
1.0,1,0.79411405
1.0,1,0.8900391
0.0,0,0.012921123
1.0,1,0.8588952
0.0,0,0.022251423
0.0,0,0.1480008
0.0,0,0.009606616
0.0,0,0.17465165
1.0,1,0.9378369
1.0,1,0.785453
1.0,1,0.97966903
0.0,0,0.018340014
0.0,0,0.003013058
0.0,0,0.0055497987
0.0,1,0.69843125
0.0,0,0.101132914
0.0,0,0.1231927
1.0,1,0.5430317
0.0,0,0.028491706
1.0,0,0.004791339
0.0,1,0.663061
0.0,0,0.0042850147
1.0,1,0.82902837
1.0,1,0.98275554
1.0,1,0.97055686
0.0,0,0.39066598
1.0,1,0.97249657
0.0,0,0.019240655
1.0,1,0.8975999
0.0,0,0.41792688
0.0,0,0.09953452
0.0,0,0.035591707
0.0,0,0.045467373
1.0,1,0.79527986
1.0,1,0.95860577
1.0,1,0.97988695
1.0,1,0.59884226
0.0,0,0.04233876
0.0,0,0.011559867
1.0,1,0.8356106
1.0,1,0.82213056
1.0,1,0.9288829
0.0,1,0.73194116
1.0,1,0.85637236
1.0,1,0.96266717
1.0,1,0.8390299
0.0,0,0.03346125
0.0,0,0.01345535
0.0,0,0.0015404944
1.0,1,0.94576895
1.0,1,0.9671161
0.0,0,0.005712846
1.0,0,0.27074343
1.0,1,0.97816503
0.0,0,0.06823643
0.0,0,0.00042206867
1.0,1,0.9427547
1.0,1,0.93839246
0.0,0,0.17503573
0.0,0,0.00039825862
0.0,0,0.17371461
0.0,0,0.0077519305
0.0,1,0.7258297
0.0,0,0.07395996
1.0,1,0.95834035
0.0,1,0.7420714
1.0,1,0.9680954
0.0,0,0.012843273
0.0,0,0.008997036
0.0,0,0.33812964
1.0,1,0.94639283
0.0,0,0.04669591
0.0,0,0.3935514
1.0,1,0.874931
0.0,1,0.6774583
1.0,1,0.7616236
0.0,0,0.0042845667
0.0,1,0.8702593
0.0,0,0.2762896
0.0,0,0.39629924
0.0,0,0.0685073
0.0,0,0.02578758
0.0,0,0.000947031
0.0,1,0.7787633
1.0,1,0.974672
0.0,0,0.0892428
0.0,0,0.31429753
0.0,0,0.005594985
1.0,1,0.73829067
0.0,0,0.0045271334
1.0,0,0.124725245
1.0,0,0.35063833
1.0,1,0.9380436
1.0,1,0.8655477
1.0,1,0.8555203
0.0,0,0.16010077
0.0,0,0.084224164
1.0,1,0.8524955
0.0,0,0.027541213
1.0,1,0.9605404
1.0,1,0.75782895
0.0,0,0.009241783
0.0,0,0.0035201334
0.0,0,0.019206403
1.0,1,0.97879815
1.0,1,0.97418016
1.0,1,0.98192745
1.0,1,0.9542964
0.0,0,0.0034964685
0.0,1,0.5149238
1.0,1,0.9689466
1.0,0,0.015155811
0.0,0,0.06841696
1.0,1,0.8878825
1.0,1,0.9716333
0.0,0,0.07090529
1.0,1,0.9237835
1.0,1,0.9275163
0.0,0,0.007670138
0.0,1,0.89877486
1.0,1,0.97609013
0.0,0,0.11031826
0.0,0,0.033009343
0.0,0,0.023118448
1.0,1,0.9704453
0.0,0,0.314043
0.0,0,0.017530888
1.0,1,0.8603794
0.0,0,0.004308278
0.0,0,0.0123323295
0.0,0,0.002526779
1.0,1,0.95351064
0.0,0,0.007179584
1.0,1,0.95644075
0.0,0,0.38656363
0.0,0,0.028654194
0.0,0,0.13471812
0.0,0,0.0045654806
1.0,1,0.940967
0.0,0,0.064713575
1.0,0,0.09858305
0.0,0,0.07638198
1.0,1,0.8891831
0.0,0,0.08925137
0.0,0,0.0011998513
1.0,1,0.7288529
0.0,0,0.14832814
1.0,1,0.58960557
0.0,1,0.5885663
1.0,1,0.5004535
1.0,1,0.49993446
1.0,1,0.94235504
0.0,0,0.019401152
0.0,0,0.04368439
1.0,1,0.55212307
1.0,1,0.97841537
1.0,1,0.94806504
0.0,1,0.76813346
1.0,1,0.9760645
0.0,0,0.013665855
0.0,0,0.10410805
0.0,0,0.07169716
0.0,0,0.0072299875
0.0,0,0.041552003
0.0,0,0.14821076
1.0,1,0.9422236
0.0,0,0.0153155355
1.0,1,0.8580524
0.0,0,0.3782095
0.0,0,0.0018925591
1.0,1,0.9749694
1.0,1,0.97589886
0.0,0,0.017246323
0.0,0,0.01078204
1.0,1,0.95271957
1.0,1,0.9098724
0.0,0,0.3764051
1.0,1,0.85389656
1.0,1,0.94568235
0.0,0,0.012971857
1.0,1,0.95431453
1.0,1,0.8689642
0.0,0,0.04845108
1.0,1,0.98248255
1.0,0,0.04017976
0.0,0,0.09233855
0.0,1,0.47395378
1.0,0,0.23149589
0.0,0,0.027025847
0.0,0,0.042915776
1.0,1,0.94181204
0.0,0,0.12998705
1.0,1,0.81703544
1.0,1,0.9123479
0.0,0,0.007554982
1.0,1,0.9542244
1.0,1,0.6834223
0.0,1,0.7010021
1.0,1,0.9021788
0.0,0,0.16660778
0.0,0,0.0364143
1.0,1,0.94113934
1.0,1,0.5733049
0.0,0,0.123680264
0.0,0,0.10878996
1.0,1,0.97013724
1.0,1,0.9297226
1.0,1,0.9663859
0.0,0,0.010003002
1.0,1,0.7959788
0.0,0,0.011339359
1.0,1,0.6841639
0.0,1,0.7690673
1.0,1,0.91133076
1.0,0,0.3494007
0.0,0,0.1458071
0.0,0,0.004623826
1.0,1,0.8773284
0.0,0,0.0012100316
0.0,0,0.063923076
1.0,0,0.3987238
0.0,0,0.009959295
0.0,0,0.09028224
0.0,1,0.61914
1.0,1,0.97585326
1.0,1,0.8407871
1.0,1,0.9444281
1.0,1,0.9389506
0.0,1,0.6182125
0.0,0,0.007896002
0.0,0,0.37384295
1.0,1,0.9714951
0.0,0,0.0312171
1.0,1,0.767258
1.0,0,0.36741665
0.0,0,0.007721653
0.0,0,0.0015180418
1.0,1,0.81792593
1.0,1,0.9739552
0.0,1,0.6378319
0.0,0,0.097652346
1.0,1,0.90076894
1.0,1,0.58705556
0.0,0,0.039541055
0.0,0,0.07605763
1.0,0,0.37144488
0.0,1,0.7446879
0.0,0,0.29561839
1.0,1,0.9621891
1.0,1,0.83985656
0.0,0,0.0068143206
1.0,1,0.97560364
1.0,1,0.9497461
0.0,0,0.032396592
0.0,0,0.02477313
0.0,0,0.019232748
1.0,1,0.69668937
0.0,0,0.016311282
0.0,0,0.22623852
0.0,0,0.1741725
0.0,0,0.063031845
0.0,0,0.0054695415
1.0,1,0.780386
1.0,0,0.25253198
0.0,0,0.1869931
0.0,0,0.30230683
0.0,0,0.015526925
0.0,1,0.51813495
1.0,1,0.87067914
0.0,0,0.01127926
1.0,1,0.9818442
1.0,1,0.97267056
1.0,1,0.8852259
1.0,1,0.9173742
1.0,1,0.6635427
1.0,1,0.9793771
0.0,0,0.08092031
0.0,0,0.07849276
0.0,0,0.034270715
1.0,1,0.97163403
1.0,1,0.9696546
0.0,0,0.1584419
0.0,0,0.014075474
1.0,1,0.74657774
1.0,1,0.82976997
0.0,1,0.5220085
0.0,0,0.0077959574
1.0,1,0.67051935
0.0,0,0.017862158
0.0,0,0.23522753
0.0,0,0.06284381
1.0,1,0.9506341
0.0,0,0.038660154
1.0,1,0.9604725
0.0,0,0.12514475
1.0,1,0.94061875
1.0,1,0.44434527
0.0,0,0.06085258
0.0,0,0.13090546
0.0,0,0.010079029
0.0,1,0.57013714
1.0,1,0.8281423
1.0,1,0.96572876
1.0,1,0.94313264
0.0,0,0.074866466
1.0,0,0.41082528
1.0,1,0.87761956
0.0,0,0.0038180563
1.0,1,0.96078026
1.0,1,0.94649494
1.0,1,0.5990641
1.0,1,0.95546687
0.0,0,0.0015152489
0.0,0,0.079618104
0.0,0,0.036849644
0.0,0,0.092360914
0.0,0,0.0808921
0.0,0,0.23683314
0.0,0,0.026806302
1.0,1,0.8509574
0.0,0,0.07149295
1.0,1,0.76641315
0.0,0,0.16743264
0.0,0,0.044683184
1.0,1,0.86622024
1.0,1,0.9745547
0.0,0,0.240195
0.0,0,0.4085747
1.0,1,0.9764521
0.0,0,0.019887589
0.0,0,0.3056014
0.0,0,0.20778957
0.0,0,0.01639533
1.0,1,0.60566694
1.0,1,0.96950984
1.0,1,0.9248946
1.0,1,0.95373595
1.0,1,0.7251815
1.0,1,0.64609003
1.0,1,0.75374144
0.0,0,0.13787419
0.0,0,0.03776265
1.0,1,0.86535394
1.0,1,0.9123014
0.0,0,0.33600995
0.0,0,0.0014378898
0.0,0,0.036856506
1.0,1,0.9819177
1.0,1,0.8968825
0.0,0,0.002056743
1.0,1,0.8667393
1.0,1,0.87588495
0.0,0,0.014053904
0.0,1,0.55835354
0.0,0,0.16624744
1.0,1,0.96169376
1.0,1,0.8353998
1.0,1,0.7762948
1.0,1,0.9764805
0.0,1,0.67932117
1.0,1,0.93463147
1.0,1,0.8707372
1.0,1,0.93432724
0.0,0,0.36432087
1.0,1,0.98006934
1.0,1,0.9613262
0.0,0,0.0012260095
1.0,1,0.97621644
1.0,1,0.8865609
0.0,0,0.010320967
0.0,0,0.02183189
0.0,0,0.010482418
0.0,0,0.25495043
0.0,0,0.095460854
0.0,0,0.068810716
1.0,1,0.892108
0.0,0,0.012533796
1.0,1,0.7844552
1.0,1,0.8371191
1.0,1,0.9691744
1.0,1,0.8812363
0.0,0,0.013159441
1.0,1,0.8881279
1.0,1,0.9858994
1.0,1,0.950021
1.0,0,0.24665156
1.0,1,0.8937458
1.0,0,0.15724611
1.0,1,0.9786147
0.0,0,0.22249612
0.0,1,0.64960605
0.0,0,0.32516992
0.0,0,0.009214387
1.0,0,0.3213659
1.0,1,0.98107845
1.0,1,0.8215156
0.0,0,0.069381624
1.0,1,0.97448653
1.0,1,0.51810205
1.0,1,0.7571647
1.0,1,0.9576218
1.0,1,0.9555512
1.0,1,0.7127812
0.0,1,0.4660899
1.0,1,0.9264932
0.0,0,0.021748498
1.0,1,0.9769176
1.0,1,0.7640651
1.0,1,0.92203504
1.0,1,0.9053323
1.0,1,0.466499
0.0,0,0.0033713721
1.0,1,0.90574074
0.0,0,0.0024727162
0.0,0,0.1419434
0.0,0,0.377536
0.0,1,0.7317419
1.0,1,0.9373049
1.0,1,0.8889035
1.0,1,0.87459093
1.0,1,0.97049695
0.0,0,0.08505279
0.0,0,0.37522978
0.0,0,0.3457372
1.0,1,0.8967559
0.0,1,0.88619554
0.0,0,0.049281772
1.0,1,0.83593774
0.0,0,0.02340672
1.0,1,0.9633761
1.0,1,0.84408253
0.0,0,0.02366215
1.0,1,0.97241056
0.0,0,0.010360269
0.0,0,0.029649694
1.0,1,0.7172937
1.0,1,0.8522605
1.0,1,0.98061687
1.0,1,0.8941549
0.0,0,0.12326202
1.0,1,0.9217455
0.0,0,0.013650266
0.0,0,0.15235731
0.0,0,0.0010699594
0.0,0,0.39838937
0.0,0,0.3283022
1.0,1,0.98367256
1.0,1,0.9717472
0.0,0,0.023596438
1.0,1,0.952841
1.0,0,0.11390224
1.0,1,0.9798706
0.0,1,0.4938376
1.0,1,0.76349217
0.0,0,0.013364682
1.0,1,0.89674175
0.0,0,0.3291572
0.0,0,0.008611988
0.0,0,0.04363553
0.0,0,0.00086729514
1.0,1,0.9580185
1.0,1,0.8818973
1.0,1,0.94697607
1.0,1,0.5326965
0.0,0,0.1281583
0.0,0,0.24145985
0.0,0,0.0013153028
0.0,0,0.03344523
1.0,1,0.9817819
0.0,0,0.036033902
0.0,0,0.0032435665
0.0,0,0.007756461
0.0,0,0.3731673
0.0,1,0.4912285
1.0,1,0.85950375
0.0,0,0.086085
1.0,1,0.9307089
0.0,0,0.00242827
0.0,0,0.24571075
0.0,0,0.0712754
1.0,1,0.981638
0.0,0,0.2435069
0.0,1,0.9062306
1.0,1,0.92670554
1.0,1,0.8801893
1.0,1,0.8633721
1.0,1,0.9099038
1.0,1,0.63396084
1.0,1,0.951471
0.0,0,0.004079366
1.0,1,0.80218756
1.0,1,0.975678
0.0,1,0.74146664
0.0,0,0.34585437
1.0,1,0.88687915
0.0,0,0.13391583
1.0,1,0.9665087
0.0,0,0.0019528369
1.0,1,0.9564083
0.0,0,0.07555384
0.0,0,0.027635165
0.0,0,0.022190178
1.0,1,0.80056465
1.0,1,0.98428595
0.0,0,0.06400605
1.0,1,0.96001875
1.0,1,0.94335514
0.0,0,0.02009928
0.0,0,0.11150151
0.0,0,0.024433758
1.0,1,0.9598392
1.0,1,0.78264976
1.0,1,0.9206337
1.0,1,0.9731872
1.0,1,0.91726786
0.0,0,0.0858583
0.0,1,0.85820806
1.0,1,0.8133347
1.0,1,0.83375144
1.0,1,0.9548517
0.0,0,0.018719371
0.0,0,0.17432722
1.0,0,0.22669925
0.0,0,0.1434092
1.0,1,0.82512015
1.0,1,0.98376364
0.0,0,0.0076541197
1.0,1,0.9776047
1.0,1,0.97589266
0.0,0,0.018397687
0.0,0,0.22667882
1.0,1,0.86129093
0.0,0,0.02534777
0.0,0,0.1816452
1.0,1,0.71588254
0.0,0,0.018474685
0.0,1,0.6430754
0.0,0,0.06489295
0.0,0,0.016976194
1.0,1,0.93802553
0.0,0,0.06929833
1.0,1,0.59180576
0.0,1,0.63810146
0.0,1,0.49170712
1.0,1,0.6346941
1.0,1,0.92358595
0.0,0,0.08910334
1.0,1,0.88634807
0.0,0,0.17570576
0.0,0,0.004553214
0.0,0,0.008322603
1.0,1,0.9773175
0.0,0,0.052415896
0.0,0,0.07593678
0.0,0,0.008621517
1.0,1,0.70764375
1.0,1,0.97383636
0.0,0,0.015974406
0.0,0,0.014764314
1.0,1,0.83549106
1.0,1,0.9790337
1.0,1,0.9708123
0.0,0,0.018770944
1.0,1,0.80380905
0.0,0,0.0079526035
0.0,0,0.05077065
0.0,0,0.07111133
0.0,0,0.10910292
1.0,1,0.9698414
0.0,0,0.017030407
1.0,1,0.84204507
1.0,1,0.7180512
0.0,0,0.047904015
1.0,1,0.8912665
1.0,0,0.089007445
1.0,1,0.98020667
