True Label,Predicted Label,Confidence
1.0,1,0.88113505
1.0,1,0.7202743
1.0,1,0.9026405
0.0,0,0.0050234897
0.0,0,0.21453814
0.0,1,0.61248094
1.0,1,0.91997457
0.0,0,0.079247266
0.0,0,0.30929688
0.0,1,0.72428197
0.0,0,0.08475085
1.0,1,0.8115942
0.0,0,0.014804298
1.0,1,0.7467253
0.0,0,0.042605698
0.0,0,0.21732007
1.0,1,0.96416944
0.0,0,0.22269763
0.0,0,0.022497196
1.0,0,0.4036886
1.0,1,0.97005516
1.0,1,0.72766435
1.0,1,0.50848985
0.0,1,0.9471833
0.0,1,0.62669134
0.0,0,0.22904915
1.0,1,0.4618175
0.0,0,0.11622129
1.0,1,0.86345464
0.0,0,0.011244424
0.0,1,0.55158377
0.0,0,0.12815253
1.0,1,0.9451549
0.0,0,0.29773435
0.0,1,0.7050053
0.0,0,0.21118699
1.0,1,0.94087934
1.0,1,0.6823894
0.0,0,0.30642346
1.0,1,0.9453491
1.0,1,0.9714153
1.0,1,0.96250904
1.0,1,0.7849451
1.0,1,0.83650935
0.0,0,0.00028077842
0.0,0,0.027337344
1.0,1,0.95062995
1.0,1,0.79433846
0.0,0,0.02468523
0.0,0,0.15360533
1.0,1,0.9779862
1.0,1,0.69301516
0.0,0,0.08557244
0.0,0,0.15041192
0.0,1,0.6288809
1.0,0,0.22502866
1.0,1,0.97738266
0.0,0,0.18239069
0.0,0,0.0060780123
1.0,1,0.7558568
1.0,1,0.80760825
0.0,0,0.08250309
1.0,1,0.9699596
0.0,1,0.4425361
0.0,0,0.321491
0.0,0,0.008902489
1.0,1,0.9405296
1.0,1,0.5318615
0.0,0,0.42311397
0.0,0,0.14579831
0.0,0,0.0033493852
0.0,0,0.28813103
1.0,0,0.2904967
1.0,1,0.97330904
1.0,0,0.042407207
1.0,1,0.89645255
0.0,0,0.41188815
1.0,1,0.939884
1.0,1,0.81536347
0.0,0,0.026225891
1.0,1,0.975154
0.0,0,0.12031066
1.0,1,0.9560558
0.0,0,0.0027982593
1.0,1,0.9418673
0.0,0,0.0007035674
1.0,1,0.65298307
1.0,1,0.97045165
0.0,0,0.026637455
1.0,1,0.8900332
1.0,1,0.96213245
0.0,0,0.20925575
0.0,0,0.0072216033
0.0,0,0.11320407
1.0,1,0.9340401
0.0,0,0.31748122
1.0,1,0.91899115
0.0,0,0.10859435
1.0,1,0.9766573
1.0,1,0.97600985
1.0,1,0.62888724
1.0,1,0.61230785
0.0,0,0.100234725
1.0,1,0.4732672
0.0,0,0.030194411
0.0,0,0.045118593
1.0,1,0.9468025
0.0,0,0.06566814
0.0,0,0.020661982
1.0,0,0.06841073
0.0,0,0.012361829
0.0,0,0.034348167
0.0,0,0.0013083441
1.0,1,0.96790665
1.0,1,0.59557
1.0,1,0.97548413
1.0,1,0.4560694
1.0,1,0.9481707
1.0,1,0.95641875
0.0,0,0.0054400694
0.0,0,0.026095465
1.0,1,0.565012
0.0,0,0.012086753
0.0,0,0.26414865
0.0,0,0.05755574
1.0,1,0.8853498
0.0,1,0.58000916
1.0,1,0.6706234
0.0,0,0.061553013
1.0,1,0.8658684
1.0,1,0.9806391
0.0,0,0.20656772
1.0,1,0.9749602
1.0,1,0.64008725
1.0,1,0.91612554
1.0,1,0.79229844
1.0,1,0.87439036
0.0,0,0.01958084
0.0,0,0.23392186
1.0,1,0.888679
1.0,1,0.62982374
0.0,0,0.15592872
0.0,0,0.3119249
0.0,0,0.0058924262
0.0,0,0.18166076
1.0,1,0.8826033
0.0,0,0.008977407
0.0,0,0.10432487
1.0,1,0.95887244
1.0,1,0.9762488
0.0,0,0.01043523
1.0,1,0.69982016
0.0,1,0.77572834
0.0,0,0.0011312356
1.0,0,0.30089256
0.0,0,0.0067363693
0.0,0,0.0004315231
1.0,1,0.63488555
1.0,1,0.8577318
0.0,0,0.34330478
0.0,0,0.08670832
0.0,0,0.0057258317
1.0,1,0.91957134
0.0,0,0.0017604394
1.0,1,0.4483536
1.0,1,0.8287521
1.0,0,0.18661629
1.0,1,0.93483144
0.0,0,0.018936064
0.0,0,0.004155831
0.0,0,0.0047680754
1.0,1,0.5239048
0.0,0,0.04881788
0.0,0,0.35960492
1.0,1,0.90749085
0.0,0,0.014474791
0.0,0,0.0012341724
1.0,1,0.75584817
0.0,0,0.0015465389
1.0,1,0.9190361
1.0,1,0.9724064
0.0,1,0.8779252
1.0,1,0.9687804
1.0,1,0.95205504
0.0,0,0.0056981277
0.0,0,0.002851969
0.0,0,0.034738787
0.0,1,0.50268865
1.0,1,0.9755752
1.0,1,0.9470022
0.0,0,0.13877247
1.0,1,0.51135254
1.0,1,0.5025883
0.0,0,0.005482825
1.0,1,0.6767589
0.0,0,0.0013381216
0.0,0,0.015758432
1.0,1,0.80973005
0.0,1,0.5275226
0.0,0,0.0027814659
0.0,0,0.021240361
1.0,1,0.92933166
1.0,1,0.94289446
0.0,0,0.036744174
1.0,1,0.9656751
0.0,0,0.013423864
0.0,0,0.032077402
1.0,1,0.9720231
1.0,1,0.97282416
1.0,1,0.71612155
0.0,0,0.0045491466
1.0,1,0.6872111
1.0,0,0.13311568
0.0,0,0.040742
1.0,1,0.97425264
1.0,0,0.045860663
0.0,0,0.012740783
0.0,0,0.123902805
0.0,0,0.005426498
1.0,1,0.9624393
0.0,0,0.0022253573
0.0,1,0.6643566
0.0,0,0.0021770482
1.0,1,0.8850181
0.0,0,0.020328214
0.0,0,0.03254976
1.0,1,0.44790408
1.0,1,0.7453412
1.0,1,0.5982447
1.0,0,0.3922606
0.0,0,0.02365447
1.0,1,0.8909901
0.0,0,0.006988269
0.0,0,0.07572588
0.0,0,0.21254222
1.0,1,0.9674518
1.0,0,0.26983625
0.0,1,0.53481084
1.0,1,0.9750498
0.0,0,0.009252578
0.0,0,0.111599244
1.0,0,0.08635414
1.0,1,0.8149992
0.0,0,0.21325593
0.0,0,0.0009397093
1.0,1,0.94602233
0.0,0,0.009004964
0.0,0,0.0043389383
0.0,0,0.0027254114
0.0,0,0.008269959
1.0,1,0.5564573
1.0,1,0.6667417
1.0,1,0.79232615
1.0,1,0.634116
0.0,0,0.025604011
1.0,1,0.9482979
0.0,0,0.19617398
1.0,1,0.96877104
0.0,0,0.0037775966
0.0,0,0.020777816
1.0,1,0.92584
1.0,1,0.9081867
0.0,0,0.04705591
0.0,1,0.49685562
0.0,0,0.038712762
1.0,1,0.86544096
1.0,1,0.5319425
1.0,1,0.8755354
1.0,0,0.15500893
0.0,0,0.11928575
0.0,0,0.019209484
0.0,0,0.007685284
0.0,0,0.004064648
1.0,1,0.8120441
0.0,0,0.005900929
0.0,0,0.04864712
1.0,1,0.8656947
1.0,1,0.9773124
1.0,1,0.925774
0.0,1,0.92685616
0.0,0,0.052032545
1.0,1,0.6309823
0.0,0,0.0132213645
0.0,0,0.0009973035
1.0,1,0.66477966
0.0,0,0.0036702103
0.0,0,0.003330829
1.0,1,0.9643609
1.0,1,0.97265595
0.0,0,0.05043726
0.0,0,0.010025358
0.0,0,0.124221355
1.0,1,0.6383162
1.0,1,0.6866418
0.0,1,0.7493006
0.0,0,0.2753517
1.0,1,0.97182703
0.0,0,0.00030965285
0.0,0,0.010580628
0.0,1,0.80905944
1.0,1,0.67992544
1.0,0,0.41457018
1.0,1,0.9658006
0.0,0,0.053930297
0.0,0,0.005067734
0.0,0,0.04112596
1.0,1,0.978245
1.0,1,0.8430873
1.0,1,0.89589995
1.0,1,0.5490043
1.0,0,0.2529511
1.0,1,0.88359165
0.0,0,0.23260246
0.0,0,0.36127576
0.0,0,0.08528764
1.0,1,0.72056174
0.0,0,0.40806457
0.0,0,0.40360892
1.0,1,0.6502694
1.0,0,0.22450973
1.0,1,0.7795062
0.0,0,0.08996963
1.0,1,0.8261037
0.0,1,0.5816321
1.0,1,0.8825191
1.0,1,0.8692187
0.0,1,0.6108643
1.0,1,0.8693609
1.0,1,0.9788008
1.0,1,0.47198883
1.0,1,0.6546396
0.0,0,0.032110825
1.0,1,0.7758069
0.0,0,0.34191984
1.0,1,0.8079511
0.0,0,0.11047294
1.0,1,0.89515644
1.0,1,0.82950395
0.0,0,0.0057314564
0.0,0,0.0032520383
1.0,1,0.9615686
0.0,0,0.33508986
0.0,0,0.03420313
0.0,0,0.060007073
0.0,0,0.15154807
0.0,0,0.004841992
0.0,0,6.551354e-05
0.0,0,0.040161762
1.0,0,0.23399468
1.0,1,0.776605
0.0,0,0.24140626
1.0,1,0.9777487
1.0,1,0.9538147
0.0,0,0.34689236
1.0,1,0.96796066
1.0,1,0.9717486
1.0,1,0.5308954
1.0,1,0.917239
0.0,0,0.28545398
0.0,0,0.17399164
0.0,0,0.011483712
1.0,1,0.9520302
1.0,1,0.9517312
1.0,1,0.976171
0.0,0,0.07824092
0.0,0,0.10462401
1.0,1,0.76928204
1.0,1,0.89946586
0.0,0,0.008930692
0.0,0,0.317732
0.0,0,0.021191021
1.0,1,0.97655934
0.0,0,0.0069808937
0.0,0,0.0051232656
0.0,0,0.0030698443
1.0,1,0.89785814
1.0,0,0.25454882
0.0,0,0.17605923
1.0,1,0.95867765
1.0,1,0.91861165
0.0,0,0.0006098034
0.0,0,0.17396317
0.0,0,0.0063186055
0.0,0,0.13963018
0.0,0,0.021510083
0.0,0,0.26583362
1.0,1,0.85856926
1.0,1,0.9733249
0.0,0,0.108435705
0.0,0,0.15548989
0.0,0,0.011329709
0.0,0,0.0029676391
1.0,1,0.8445358
1.0,0,0.28878173
0.0,0,0.42113075
1.0,1,0.96443796
0.0,0,0.014158621
0.0,0,0.20166673
1.0,1,0.9144033
0.0,0,0.0018535428
1.0,1,0.65077555
1.0,1,0.95902604
0.0,0,0.00445912
0.0,1,0.45271066
0.0,0,0.37183225
0.0,1,0.7081273
0.0,0,0.023554912
0.0,0,0.08491861
0.0,0,0.15738115
0.0,1,0.96425086
1.0,1,0.9306154
1.0,1,0.7504387
1.0,1,0.9535904
0.0,0,0.003192988
1.0,1,0.9368877
1.0,1,0.80302966
0.0,0,0.0037943406
1.0,1,0.94853854
1.0,1,0.9537504
0.0,0,0.04158013
1.0,1,0.6654954
1.0,1,0.6993752
0.0,0,0.05239882
0.0,0,0.08568779
0.0,0,0.11999994
0.0,0,0.33359227
1.0,1,0.87640196
1.0,1,0.9636644
0.0,0,0.0009270294
1.0,1,0.930869
1.0,1,0.7859858
0.0,0,0.025744453
1.0,1,0.912847
0.0,0,0.00037868522
1.0,1,0.70952666
0.0,0,0.0027405936
1.0,1,0.90122515
1.0,1,0.8748299
1.0,1,0.73304605
0.0,1,0.8807878
0.0,0,0.0023269795
0.0,0,0.08734936
0.0,0,0.033391893
0.0,0,0.066307634
0.0,1,0.71277267
0.0,0,0.0024326826
0.0,0,0.011547728
1.0,1,0.9714988
0.0,1,0.7677932
0.0,0,0.0025755311
0.0,0,0.13830039
1.0,1,0.97340524
1.0,1,0.9734472
0.0,0,0.010333794
1.0,1,0.58843076
0.0,0,0.1496069
1.0,1,0.96630996
1.0,0,0.30844656
1.0,1,0.87042916
1.0,1,0.5265735
1.0,1,0.89500785
0.0,0,0.10610058
1.0,1,0.9381764
1.0,1,0.92105055
1.0,0,0.27585077
1.0,1,0.96643776
0.0,0,0.007826545
1.0,1,0.9654214
0.0,0,0.035285715
0.0,0,0.021600522
0.0,0,0.0009269066
0.0,0,0.002069924
1.0,1,0.6396878
1.0,1,0.88444185
1.0,1,0.9771115
1.0,1,0.7230324
0.0,0,0.0796234
1.0,1,0.6649816
1.0,1,0.9663241
0.0,0,0.056520272
0.0,0,0.22457145
0.0,1,0.71439135
1.0,1,0.9591539
1.0,1,0.545022
1.0,1,0.7008189
0.0,0,0.023553213
0.0,0,0.011885563
1.0,0,0.2999552
0.0,0,0.07530948
1.0,1,0.70466506
1.0,1,0.9009317
0.0,1,0.56277776
1.0,1,0.94140697
0.0,1,0.4959989
1.0,1,0.851968
1.0,1,0.8032187
1.0,1,0.9206014
1.0,1,0.96401906
1.0,1,0.74016076
0.0,0,0.0029169426
0.0,0,0.0012298094
0.0,1,0.532719
0.0,0,0.007770699
1.0,1,0.80118144
1.0,1,0.9659755
1.0,1,0.77204627
0.0,0,0.20258923
0.0,0,0.009295014
0.0,0,0.16740383
1.0,1,0.95725185
0.0,0,0.15538445
0.0,0,0.031014986
0.0,0,0.00020597852
0.0,0,0.004523836
1.0,1,0.8746922
0.0,0,0.03318632
0.0,0,0.010286233
0.0,0,0.002126545
0.0,0,0.33597603
0.0,0,0.07377629
1.0,1,0.89253783
0.0,0,0.005062835
1.0,1,0.85681295
1.0,1,0.97497064
1.0,1,0.97835475
1.0,0,0.31864774
0.0,0,0.0015796277
0.0,0,0.009734959
0.0,0,0.09213521
0.0,0,0.040692084
1.0,1,0.7839305
0.0,0,0.09531068
1.0,1,0.91299564
1.0,1,0.4772168
1.0,1,0.9613357
1.0,1,0.87220633
0.0,0,0.118519336
0.0,0,0.031575255
1.0,1,0.89063466
0.0,0,0.04985648
1.0,1,0.62314016
0.0,0,0.009017436
0.0,0,0.02723871
0.0,0,0.27913365
0.0,0,0.0010341997
0.0,0,0.029877342
1.0,1,0.81144613
1.0,1,0.818991
0.0,0,0.017107695
0.0,0,0.22085254
0.0,0,0.021932608
1.0,1,0.96835464
0.0,0,0.021268593
0.0,0,0.0005055515
1.0,1,0.7530179
1.0,1,0.9143754
1.0,1,0.9684448
0.0,0,0.118769936
0.0,0,0.23838732
1.0,1,0.73127997
0.0,0,0.010963133
0.0,0,0.029659105
1.0,1,0.9734914
0.0,0,0.004346222
0.0,0,0.11982958
0.0,0,0.0011771349
1.0,1,0.6179625
1.0,1,0.88144785
0.0,0,0.00333717
0.0,0,0.058273368
0.0,0,0.00045841298
1.0,1,0.8788329
1.0,1,0.70161784
1.0,1,0.46063158
0.0,0,0.0049405354
0.0,0,0.08646134
1.0,1,0.95234704
1.0,1,0.9750042
1.0,1,0.8539485
0.0,0,0.3588691
1.0,1,0.93235356
1.0,1,0.9327742
1.0,1,0.97935957
1.0,0,0.10571774
1.0,1,0.77693367
0.0,0,0.003032063
1.0,1,0.8830434
0.0,0,0.00076257624
1.0,1,0.95689255
0.0,0,0.13960125
0.0,0,0.15319648
1.0,1,0.970595
0.0,0,0.0002373235
0.0,0,0.2604357
1.0,1,0.96891373
1.0,1,0.9577882
0.0,0,0.25754458
1.0,1,0.9663177
1.0,1,0.92265236
0.0,0,0.0114229005
1.0,1,0.57683504
1.0,1,0.7628649
0.0,0,0.019120952
1.0,1,0.6270969
1.0,1,0.84348017
1.0,1,0.74579436
0.0,1,0.5504552
1.0,1,0.92466015
0.0,0,0.031031061
1.0,1,0.6208018
0.0,0,0.17072278
1.0,1,0.49011457
1.0,1,0.90135574
1.0,1,0.7164122
1.0,1,0.978919
1.0,1,0.7910801
1.0,1,0.9224603
0.0,1,0.5915871
1.0,1,0.56138176
0.0,0,0.30582857
1.0,0,0.11187964
0.0,0,0.015351092
0.0,0,0.016963221
0.0,0,0.09194261
0.0,1,0.45157036
1.0,1,0.5687077
1.0,0,0.19946797
0.0,0,0.053094547
1.0,1,0.7763731
1.0,1,0.5258214
0.0,0,0.0013510204
0.0,0,0.10057222
1.0,1,0.9727531
0.0,1,0.46190485
0.0,0,0.2389888
0.0,0,0.015499098
0.0,0,0.001813678
0.0,0,0.0028208017
0.0,0,0.01481923
0.0,1,0.47272256
0.0,0,0.30696422
0.0,0,0.40877503
0.0,0,0.0029513317
1.0,1,0.7805797
1.0,1,0.9420743
1.0,1,0.90430003
0.0,0,0.10735104
1.0,1,0.7484095
0.0,0,0.04346046
0.0,0,0.0092739565
0.0,1,0.8406398
1.0,0,0.33869234
1.0,1,0.87582034
0.0,0,0.004476056
0.0,0,0.0034177725
0.0,0,0.0030588666
0.0,0,0.2502271
0.0,0,0.393752
0.0,0,0.08161388
1.0,1,0.7724202
1.0,1,0.8898528
1.0,1,0.7340391
1.0,1,0.91732883
1.0,1,0.96275663
0.0,1,0.6827081
1.0,1,0.9602036
0.0,1,0.77894175
1.0,1,0.9634727
0.0,1,0.95413876
1.0,1,0.96734375
1.0,1,0.97727084
0.0,0,0.0076894234
1.0,1,0.4573005
1.0,1,0.89621496
0.0,0,0.19756778
1.0,0,0.113812484
0.0,0,0.019273635
1.0,1,0.9703744
0.0,0,0.05584868
1.0,1,0.9603526
1.0,1,0.9431343
0.0,0,0.00333457
1.0,0,0.029667323
0.0,0,0.014917368
1.0,0,0.20534313
1.0,1,0.90972364
1.0,1,0.74594563
1.0,1,0.9769861
1.0,1,0.7862799
0.0,0,0.03727843
0.0,0,0.089483656
1.0,1,0.74847054
1.0,1,0.96574503
1.0,1,0.94518375
0.0,0,0.015613074
0.0,0,0.023754703
0.0,0,0.13849334
0.0,0,0.42648825
1.0,1,0.9374472
0.0,0,0.033754908
0.0,0,0.0769103
1.0,1,0.55347943
0.0,0,0.045644496
0.0,0,0.0059038945
0.0,0,0.019959386
1.0,1,0.5555502
1.0,1,0.77014506
1.0,1,0.95339924
0.0,0,0.10329931
0.0,0,0.2566791
1.0,1,0.86628413
0.0,0,0.2290648
0.0,0,0.015964072
1.0,1,0.91149384
0.0,0,0.026483985
0.0,0,0.19683357
1.0,1,0.9239142
1.0,1,0.6368439
0.0,0,0.03151492
1.0,0,0.16518949
1.0,0,0.048559606
0.0,0,0.0020000373
0.0,0,0.1876347
0.0,0,0.38980448
1.0,1,0.9699587
1.0,1,0.920514
1.0,1,0.6722572
1.0,1,0.9781669
1.0,1,0.87731314
0.0,0,0.016094716
1.0,1,0.8320103
0.0,0,0.06448839
1.0,1,0.66673803
1.0,1,0.9770601
0.0,0,0.034293305
0.0,1,0.85558826
1.0,0,0.09141984
0.0,0,0.013311812
0.0,0,0.097406656
0.0,1,0.6393231
1.0,0,0.2341565
1.0,1,0.9704873
1.0,1,0.96488386
0.0,0,0.0346561
0.0,0,0.0033169277
1.0,1,0.9304136
0.0,0,0.28330627
1.0,1,0.6822193
1.0,1,0.9364403
1.0,1,0.67434156
0.0,0,0.120771565
1.0,0,0.3827582
1.0,1,0.71265864
1.0,1,0.8702589
1.0,1,0.7445984
0.0,0,0.02149046
1.0,1,0.9685751
0.0,0,0.0154548725
1.0,1,0.95276344
0.0,0,0.02636628
0.0,0,0.0014191079
0.0,0,0.22363417
0.0,0,0.07801004
1.0,1,0.9495675
0.0,0,0.16318452
0.0,0,0.41849717
1.0,1,0.7957535
1.0,0,0.36449605
1.0,1,0.847487
0.0,0,0.123868436
1.0,1,0.78132397
0.0,1,0.46580556
0.0,0,0.0025917944
0.0,0,0.00064805115
1.0,1,0.6996617
1.0,0,0.19571672
0.0,0,0.2751649
0.0,0,0.0029386438
0.0,1,0.65662843
0.0,0,0.2974406
1.0,1,0.86088127
0.0,0,0.0050812378
1.0,1,0.7149718
1.0,0,0.09044173
1.0,1,0.9631287
1.0,1,0.9755465
0.0,0,0.0012744769
0.0,0,0.052127
0.0,0,0.024644371
1.0,1,0.97748095
1.0,1,0.94487685
0.0,0,0.0011819578
0.0,0,0.14836289
0.0,0,0.02795357
1.0,1,0.979314
0.0,0,0.0838751
1.0,1,0.6937612
1.0,1,0.4660829
1.0,1,0.9807853
1.0,1,0.956779
1.0,1,0.7285017
1.0,1,0.7112696
0.0,0,0.06144155
1.0,1,0.9528741
0.0,0,0.08012168
0.0,0,0.11717247
0.0,0,0.10727215
1.0,1,0.8663519
0.0,1,0.6966442
1.0,1,0.74405706
0.0,0,0.0010754633
0.0,0,0.08815478
0.0,1,0.7101352
1.0,1,0.9752819
0.0,0,0.006344931
0.0,1,0.46907347
0.0,0,0.00022111007
0.0,0,0.033817783
1.0,1,0.9771875
1.0,1,0.90267
1.0,1,0.9696553
0.0,0,0.0067541283
1.0,1,0.97448
0.0,0,0.024701202
0.0,0,0.006558446
1.0,1,0.9667711
0.0,0,0.036587622
0.0,0,0.09854086
0.0,0,0.046244297
0.0,0,0.0020141148
1.0,1,0.9542009
1.0,1,0.656575
0.0,0,0.008225615
1.0,0,0.21865746
0.0,0,0.03499411
1.0,0,0.24740554
0.0,0,0.076889366
0.0,1,0.44477314
1.0,1,0.9760661
1.0,1,0.50672424
0.0,0,0.3516793
1.0,1,0.9448222
0.0,0,0.1612835
1.0,1,0.9406128
0.0,0,0.036335584
0.0,1,0.5629946
0.0,0,0.0019752684
0.0,0,0.054991655
0.0,0,0.06977888
1.0,1,0.7773607
0.0,0,0.00945698
1.0,1,0.9483465
0.0,0,0.2629136
1.0,1,0.9687582
0.0,0,0.0040274216
1.0,1,0.9718377
0.0,0,0.006200569
0.0,0,0.41603953
0.0,0,0.0007568785
1.0,1,0.94740987
0.0,0,0.0062626544
1.0,1,0.9768341
0.0,0,0.029680321
1.0,1,0.97882146
0.0,0,0.22341155
0.0,0,0.005976241
0.0,0,0.0036310514
0.0,0,0.024368512
0.0,0,0.05130651
0.0,0,0.004458442
1.0,1,0.83241826
0.0,1,0.70410204
1.0,1,0.86034954
0.0,0,0.0043097744
1.0,1,0.97380865
0.0,0,0.14697365
0.0,1,0.9308014
0.0,0,0.053132918
0.0,0,0.14718597
0.0,0,0.22544262
1.0,1,0.9786644
1.0,1,0.97530454
0.0,0,0.18093945
0.0,0,0.020368002
0.0,0,0.052403945
1.0,1,0.78168374
1.0,1,0.9735073
0.0,0,0.12811258
1.0,1,0.74976444
1.0,1,0.94049543
1.0,1,0.97329116
1.0,1,0.9764047
0.0,0,0.12951559
1.0,0,0.38344806
0.0,1,0.5012473
1.0,1,0.9750759
1.0,1,0.8200394
0.0,0,0.02196181
1.0,1,0.66666377
1.0,1,0.9496151
1.0,1,0.92609173
1.0,1,0.9606106
0.0,0,0.003548612
0.0,0,0.0004937932
1.0,1,0.95158243
1.0,1,0.91332793
0.0,0,0.31499916
1.0,1,0.9671806
1.0,1,0.94950765
0.0,0,0.028570767
1.0,1,0.8773842
0.0,0,0.08865879
1.0,1,0.4672719
0.0,0,0.39609092
0.0,0,0.4069408
1.0,0,0.4083332
1.0,1,0.83596796
1.0,1,0.8383014
1.0,1,0.80359805
0.0,1,0.5107621
0.0,0,0.014661973
0.0,0,0.0051728333
1.0,1,0.97807556
1.0,1,0.9099443
1.0,1,0.7600495
0.0,0,0.040607326
0.0,0,0.02486554
1.0,1,0.78914344
0.0,1,0.57503235
0.0,0,0.025288133
1.0,1,0.9467578
0.0,0,0.06687837
1.0,1,0.9746561
1.0,1,0.96848726
0.0,0,0.35638788
0.0,1,0.45305413
1.0,1,0.70269513
1.0,1,0.5221186
1.0,1,0.94161886
1.0,0,0.3755193
1.0,1,0.9253262
0.0,0,0.04082467
1.0,1,0.7950538
1.0,1,0.9604185
1.0,1,0.57370406
0.0,0,0.0683673
1.0,1,0.82589865
0.0,0,0.036629703
1.0,1,0.70676076
1.0,1,0.9368046
1.0,1,0.5675358
1.0,1,0.9233336
1.0,1,0.92206675
0.0,0,0.055076987
0.0,0,0.07976525
0.0,0,0.10259008
0.0,0,0.08327372
0.0,0,0.009137874
0.0,0,0.087808184
0.0,0,0.022098405
0.0,1,0.6750002
1.0,1,0.79782265
0.0,0,0.022735232
1.0,1,0.6919958
0.0,0,0.019555762
1.0,1,0.9259142
1.0,1,0.83374804
1.0,1,0.96421057
1.0,1,0.9307864
1.0,0,0.31168458
1.0,1,0.97124726
1.0,1,0.76541036
1.0,1,0.9680493
0.0,0,0.0019378474
0.0,0,0.13723907
1.0,1,0.71040654
0.0,0,0.35077193
0.0,0,0.09720453
1.0,0,0.35295168
0.0,0,0.37002262
1.0,1,0.9125353
0.0,0,0.0025296637
0.0,0,0.03694779
0.0,0,0.22730474
0.0,0,0.0051433244
0.0,0,0.07331366
1.0,0,0.32763457
1.0,1,0.93684685
1.0,1,0.82241374
0.0,0,0.106044374
1.0,1,0.9080062
1.0,1,0.94609046
1.0,1,0.48616096
0.0,0,0.0017531484
0.0,0,0.042120352
0.0,0,0.021063682
0.0,0,0.029126063
1.0,1,0.70533276
1.0,1,0.94055337
0.0,0,0.19236945
0.0,0,0.077827275
1.0,1,0.909414
0.0,0,0.000929955
0.0,0,0.032430377
0.0,0,0.023934567
1.0,1,0.5324075
0.0,0,0.020308834
1.0,1,0.89253986
1.0,1,0.73355055
0.0,0,0.22777592
0.0,0,0.42973614
0.0,0,0.20440458
0.0,0,0.00041056194
1.0,1,0.97648865
0.0,0,0.037427254
1.0,1,0.6452736
0.0,1,0.59638417
1.0,1,0.9608109
0.0,1,0.7747085
0.0,0,0.18353873
1.0,1,0.6827669
1.0,1,0.62037146
1.0,1,0.9046116
0.0,1,0.5739447
0.0,0,0.014112572
0.0,0,0.008819921
1.0,1,0.7103151
1.0,1,0.8829463
1.0,1,0.62573457
0.0,0,0.20838124
1.0,1,0.97879726
1.0,1,0.9457379
0.0,0,0.31814355
0.0,0,0.072877295
1.0,1,0.6283931
0.0,1,0.85294074
1.0,1,0.9517573
0.0,0,0.06795311
1.0,0,0.08233756
0.0,1,0.6758859
1.0,1,0.9665089
1.0,1,0.71538216
1.0,1,0.6478402
1.0,1,0.9103511
1.0,1,0.60059774
0.0,0,0.05435565
1.0,1,0.53445363
0.0,0,0.04558073
0.0,0,0.073592134
1.0,1,0.9727286
1.0,1,0.74043
1.0,1,0.977163
1.0,1,0.7752109
1.0,1,0.7858156
0.0,0,0.003553382
0.0,0,0.07226461
0.0,0,0.026234072
1.0,1,0.6362348
0.0,0,0.2656718
0.0,0,0.09841022
1.0,1,0.86362064
1.0,1,0.8378098
0.0,0,0.019321201
1.0,1,0.7243521
1.0,1,0.7732726
0.0,0,0.0042220284
1.0,1,0.9752568
1.0,1,0.6276566
0.0,0,0.16485159
0.0,0,0.12597816
0.0,0,0.038084585
0.0,0,0.025762938
0.0,0,0.064978674
0.0,0,0.006347162
0.0,0,0.03290221
1.0,1,0.95571077
0.0,0,0.27113962
1.0,1,0.939449
1.0,1,0.87499547
1.0,1,0.93588626
1.0,1,0.7027389
0.0,0,0.0043169907
0.0,0,0.031212607
1.0,1,0.9786757
1.0,1,0.8823607
0.0,1,0.6067569
0.0,0,0.0030237008
0.0,0,0.0040300405
0.0,0,0.26687357
0.0,0,0.15900134
0.0,0,0.028044987
1.0,1,0.8040368
0.0,0,0.022736331
1.0,1,0.8044392
0.0,0,0.27957332
1.0,1,0.9353884
0.0,0,0.19014604
0.0,0,0.12093107
0.0,0,0.0072813495
0.0,0,0.13688892
1.0,1,0.96744657
1.0,1,0.85752034
0.0,0,0.2964077
0.0,0,0.006008902
1.0,1,0.72775865
1.0,1,0.7082448
1.0,1,0.9700633
0.0,0,0.004480861
0.0,0,0.002297213
0.0,0,0.0063461815
1.0,1,0.552775
0.0,0,0.19960003
0.0,0,0.0016244061
0.0,0,0.0013222044
1.0,1,0.88797444
1.0,1,0.6078901
1.0,1,0.9546485
0.0,0,0.011617779
1.0,1,0.9079942
1.0,1,0.89594823
0.0,0,0.073219344
0.0,0,0.1103397
0.0,0,0.04052149
1.0,0,0.35708642
1.0,1,0.9256108
1.0,1,0.80585825
0.0,0,0.14505886
1.0,1,0.58500457
1.0,1,0.5226766
0.0,1,0.71081364
1.0,1,0.96521235
0.0,0,0.05985681
1.0,1,0.8050487
0.0,0,0.1048354
1.0,1,0.9790025
0.0,0,0.011448333
1.0,1,0.6985564
1.0,1,0.9751481
1.0,1,0.9636808
0.0,0,0.27654776
0.0,0,0.025976127
1.0,1,0.97052777
0.0,0,0.027994063
1.0,1,0.6144608
1.0,1,0.95107156
0.0,0,0.016404493
1.0,1,0.97292674
0.0,0,0.0028989029
0.0,0,0.007174687
1.0,1,0.7092798
0.0,0,0.15288296
1.0,0,0.3840516
1.0,1,0.5596267
1.0,1,0.93925583
1.0,1,0.9748113
1.0,1,0.85890764
0.0,0,0.0023699948
0.0,0,0.053473573
0.0,0,0.15170752
0.0,0,0.100875035
0.0,1,0.5363996
1.0,1,0.9702832
0.0,0,0.044612315
1.0,1,0.92641413
1.0,1,0.61945915
0.0,0,0.028889056
1.0,1,0.86634934
0.0,1,0.86734396
0.0,0,0.0006417142
1.0,1,0.8830098
0.0,0,0.04731831
1.0,1,0.71786135
1.0,1,0.8809096
1.0,1,0.974213
0.0,0,0.079453245
1.0,1,0.9780746
1.0,1,0.8008918
0.0,0,0.0080732405
0.0,0,0.09476858
1.0,1,0.7537942
0.0,0,0.10406448
0.0,0,0.32973513
0.0,0,0.15379794
0.0,0,0.08443882
0.0,1,0.64822936
0.0,1,0.708094
1.0,0,0.4150089
0.0,0,0.047924235
0.0,0,0.30724248
0.0,0,0.047702514
0.0,1,0.73727953
0.0,0,0.0013403384
0.0,0,0.31508097
0.0,0,0.020940103
1.0,1,0.9662474
0.0,0,0.02427621
0.0,0,0.04555745
0.0,0,0.0129561275
0.0,0,0.0066347197
1.0,1,0.9551726
0.0,0,0.047843367
0.0,1,0.54936886
1.0,1,0.9697807
1.0,1,0.8735466
1.0,1,0.6963738
1.0,1,0.8733579
1.0,0,0.25581476
1.0,1,0.6329682
0.0,0,0.0789208
0.0,1,0.8049691
0.0,0,0.2612624
0.0,0,0.03525287
1.0,1,0.87419176
1.0,1,0.79752433
0.0,0,0.054723263
0.0,0,0.02840867
0.0,0,0.0021096645
1.0,1,0.74586135
1.0,1,0.84561765
1.0,1,0.50477344
1.0,1,0.6069983
1.0,0,0.17262669
0.0,0,0.41982597
1.0,1,0.7368292
1.0,0,0.31769702
1.0,0,0.41427407
0.0,0,0.0072548334
1.0,1,0.78266877
1.0,1,0.9792681
0.0,0,0.001880413
0.0,0,0.07718328
1.0,1,0.85690194
1.0,1,0.78760886
1.0,1,0.6531552
0.0,0,0.004063998
1.0,1,0.74813634
0.0,0,0.005808948
0.0,0,0.00063170696
0.0,1,0.5803586
0.0,0,0.18984377
1.0,1,0.7030053
0.0,0,0.106370986
1.0,1,0.9768017
0.0,0,0.10210444
1.0,1,0.9728192
1.0,1,0.73034257
1.0,1,0.7039978
1.0,1,0.5253315
0.0,0,0.02609724
1.0,1,0.97408897
0.0,0,0.01598677
1.0,1,0.89094514
0.0,0,0.15457751
1.0,1,0.87204814
0.0,1,0.54731035
0.0,0,0.02134737
1.0,1,0.8673327
0.0,0,0.033054437
0.0,0,0.013212262
1.0,1,0.88528585
0.0,0,0.038532466
1.0,1,0.9554714
1.0,0,0.36524203
1.0,1,0.9396792
1.0,1,0.8983545
0.0,0,0.0056629227
0.0,0,0.0035974088
1.0,1,0.7236541
1.0,1,0.6394217
1.0,1,0.97614676
0.0,0,0.02258548
0.0,0,0.07738079
0.0,0,0.09008701
0.0,0,0.011576496
1.0,1,0.7752885
1.0,1,0.4804063
1.0,1,0.8476132
1.0,1,0.95210034
1.0,1,0.9787343
0.0,0,0.011004719
0.0,0,0.13118653
0.0,0,0.020383831
0.0,0,0.08620305
1.0,1,0.53613627
0.0,0,0.22370769
1.0,1,0.9623947
1.0,1,0.77213097
1.0,1,0.90465844
0.0,0,0.41083428
1.0,1,0.8819047
1.0,1,0.8778842
0.0,0,0.0017905392
0.0,1,0.4539906
0.0,0,0.032801136
1.0,1,0.83685917
1.0,1,0.9032811
0.0,0,0.1157299
1.0,1,0.9352818
0.0,0,0.0037288622
1.0,1,0.81176776
0.0,0,0.00045440468
0.0,1,0.746711
0.0,0,0.280898
1.0,1,0.8863419
0.0,0,0.0037728406
1.0,1,0.9735656
0.0,0,0.020730484
1.0,1,0.84338576
0.0,0,0.0038435624
0.0,0,0.017717443
0.0,0,0.10565495
1.0,1,0.5636692
0.0,1,0.48071128
0.0,0,0.3371995
1.0,1,0.9726858
0.0,1,0.774499
0.0,0,0.015699478
0.0,0,0.2899452
0.0,0,0.3064286
0.0,0,0.002368402
1.0,1,0.7744815
1.0,0,0.27333406
0.0,0,0.05501659
0.0,0,0.025726056
1.0,1,0.81082577
0.0,0,0.0062888945
0.0,0,0.07076639
1.0,1,0.87105024
0.0,0,0.0008167996
1.0,1,0.80646163
1.0,1,0.9117043
0.0,0,0.059407864
0.0,1,0.8415135
1.0,1,0.8632825
0.0,0,0.00044844465
1.0,1,0.96556664
0.0,0,0.12811476
0.0,0,0.02403759
0.0,0,0.001831206
0.0,0,0.003481637
0.0,0,0.22505398
1.0,1,0.76033986
0.0,0,0.005858998
1.0,0,0.3081701
1.0,1,0.95757526
1.0,1,0.5562225
1.0,1,0.74625874
0.0,0,0.010591554
0.0,0,0.33736473
1.0,1,0.5495969
0.0,0,0.014819127
1.0,1,0.9266845
0.0,1,0.9592737
0.0,0,0.025604287
0.0,0,0.00044772454
1.0,1,0.9565027
1.0,0,0.33294702
1.0,1,0.8520516
0.0,0,0.06240944
0.0,0,0.013020808
1.0,1,0.87665915
1.0,1,0.7992009
1.0,1,0.9759005
0.0,0,0.06074986
0.0,0,0.12645374
0.0,0,0.02363778
1.0,1,0.6428002
0.0,0,0.026485616
1.0,1,0.9737194
1.0,1,0.79787546
0.0,0,0.056939594
1.0,0,0.054006338
1.0,1,0.9693591
0.0,0,0.013319756
1.0,1,0.8716417
0.0,0,0.0044389665
1.0,1,0.7625918
0.0,0,0.14964621
1.0,1,0.93993
0.0,0,0.0016442528
1.0,1,0.9664915
0.0,0,0.0155917695
0.0,0,0.04790531
1.0,1,0.78198487
0.0,0,0.056237284
1.0,1,0.95088834
0.0,1,0.55077964
1.0,1,0.83103716
1.0,0,0.060934648
1.0,1,0.9436558
1.0,1,0.9272877
0.0,0,0.008025542
0.0,0,0.20291695
1.0,1,0.71280605
0.0,1,0.46481818
1.0,1,0.9206404
1.0,1,0.95515025
0.0,0,0.005424633
0.0,0,0.071354315
0.0,0,0.0043174066
0.0,0,0.016912408
1.0,1,0.9755772
0.0,0,0.018935585
0.0,1,0.456352
1.0,1,0.8598529
1.0,1,0.5279381
0.0,0,0.051968474
1.0,1,0.92303854
0.0,0,0.0688741
1.0,1,0.97433233
1.0,1,0.93634945
0.0,0,0.00028327637
0.0,0,0.011783195
0.0,0,0.0008404059
1.0,1,0.704846
1.0,1,0.87882423
0.0,0,0.04323404
0.0,0,0.3647054
1.0,1,0.9393963
1.0,1,0.8881622
0.0,0,0.12412186
0.0,0,0.0057418295
1.0,1,0.44468006
1.0,1,0.9800636
1.0,0,0.24708284
1.0,1,0.9808193
0.0,0,0.027174693
1.0,0,0.17698674
1.0,1,0.96233314
0.0,0,0.0018982766
0.0,0,0.060020976
1.0,1,0.5129935
0.0,0,0.00056589773
1.0,1,0.7021498
1.0,1,0.7292632
0.0,0,0.09724764
0.0,0,0.0521106
0.0,1,0.46824762
1.0,1,0.6992092
1.0,1,0.97812927
1.0,1,0.8369242
0.0,0,0.012531678
0.0,0,0.34577295
1.0,1,0.9655536
0.0,0,0.06695559
0.0,0,0.0006105522
1.0,1,0.96918845
1.0,1,0.87151444
0.0,0,0.0926745
0.0,0,0.028265253
1.0,1,0.47057763
0.0,1,0.44480732
0.0,0,0.3375577
0.0,0,0.0005541476
0.0,0,0.011679297
1.0,1,0.6231718
1.0,1,0.6737092
0.0,1,0.7972979
1.0,0,0.4011373
1.0,1,0.6256617
1.0,1,0.8261665
1.0,1,0.9588457
1.0,1,0.90230316
1.0,1,0.90305316
0.0,0,0.00078742654
1.0,1,0.6030272
0.0,0,0.24222502
1.0,1,0.8101132
0.0,0,0.1719313
0.0,0,0.103710234
1.0,1,0.93444407
1.0,1,0.96118695
1.0,0,0.24327171
0.0,0,0.0071577416
1.0,1,0.9528401
1.0,1,0.87385464
1.0,1,0.8468981
0.0,0,0.025703745
0.0,0,0.07996721
1.0,0,0.13041654
1.0,1,0.8551532
1.0,0,0.21874616
0.0,0,0.039312698
1.0,1,0.7411275
0.0,0,0.0022461654
1.0,1,0.89290625
1.0,0,0.39519703
0.0,0,0.098622635
0.0,1,0.68319196
1.0,1,0.94099945
1.0,1,0.97346425
0.0,0,0.3112639
1.0,1,0.9090199
0.0,0,0.061537202
0.0,0,0.0004367821
1.0,0,0.39171195
1.0,0,0.4082168
0.0,0,0.010268192
1.0,1,0.9455723
1.0,1,0.9277163
1.0,1,0.84856486
1.0,1,0.97773707
0.0,0,0.14370964
0.0,0,0.35839692
0.0,0,0.0007626772
1.0,1,0.9693444
0.0,0,0.16134486
1.0,1,0.9595384
1.0,1,0.877897
0.0,0,0.0084491335
1.0,1,0.8385355
1.0,1,0.8366914
1.0,1,0.8913821
1.0,1,0.9770904
0.0,0,0.035097945
1.0,1,0.902993
0.0,0,0.021318609
0.0,0,0.0012926076
1.0,1,0.977116
0.0,0,0.09338905
0.0,0,0.0071162884
1.0,1,0.9781562
1.0,1,0.97292
1.0,0,0.41355035
0.0,0,0.06223485
1.0,1,0.8647093
1.0,1,0.80137646
1.0,1,0.5947083
0.0,0,0.0006596452
0.0,0,0.0049846224
0.0,0,0.024505896
1.0,1,0.76996064
1.0,1,0.8501655
0.0,0,0.1660261
1.0,1,0.66779417
0.0,0,0.05436528
1.0,1,0.89462066
0.0,0,0.26173463
1.0,1,0.93096316
0.0,0,0.40918735
0.0,0,0.022088207
0.0,0,0.013091554
1.0,1,0.96565217
1.0,1,0.8313309
0.0,0,0.00592609
1.0,1,0.95661473
0.0,0,0.25347054
1.0,1,0.9137836
1.0,0,0.38161355
0.0,0,0.0039761225
1.0,1,0.9394917
0.0,0,3.920543e-05
0.0,0,0.23942094
1.0,1,0.9436879
1.0,1,0.49029613
0.0,0,0.045061965
0.0,1,0.49176323
1.0,1,0.96815866
1.0,1,0.96970963
0.0,0,0.0007237539
1.0,1,0.9020263
1.0,1,0.9665645
0.0,0,0.10617832
0.0,0,0.05785421
1.0,1,0.7703072
0.0,1,0.45735848
1.0,1,0.97860026
0.0,0,0.0028324127
0.0,0,0.09875732
0.0,0,0.059643395
0.0,0,0.0012860397
0.0,0,0.1045698
1.0,1,0.97806644
0.0,0,0.0035783958
0.0,0,0.068931326
1.0,1,0.96796656
0.0,0,0.18166505
1.0,0,0.19610839
1.0,0,0.20005773
1.0,1,0.96723354
0.0,1,0.88646394
0.0,0,0.024685936
1.0,0,0.14539172
0.0,0,0.009245727
1.0,1,0.9734028
0.0,0,0.3396933
0.0,0,0.042597797
1.0,1,0.7732321
0.0,1,0.5944668
0.0,0,0.022664675
0.0,0,0.08501947
1.0,1,0.8169472
0.0,0,0.002403913
1.0,1,0.966931
1.0,1,0.71954894
1.0,1,0.9739306
1.0,1,0.94611955
0.0,0,0.036495894
0.0,0,0.034126393
0.0,0,0.17047024
1.0,1,0.9530895
1.0,1,0.9015879
1.0,1,0.9325085
0.0,0,0.4212417
1.0,1,0.861501
1.0,1,0.9681256
0.0,0,0.34731373
0.0,0,0.004654385
1.0,1,0.9146464
1.0,1,0.9183167
0.0,0,0.0059358594
1.0,1,0.86547863
1.0,1,0.7504377
0.0,0,0.011528206
1.0,1,0.69946116
1.0,1,0.8982518
1.0,1,0.68684614
1.0,1,0.8476575
1.0,1,0.78291035
1.0,0,0.4139443
1.0,1,0.8420911
0.0,0,0.1589849
0.0,0,0.012692901
1.0,1,0.7329765
1.0,1,0.5695971
0.0,1,0.70183563
0.0,0,0.09785048
1.0,1,0.9662667
1.0,1,0.9300771
1.0,1,0.96383613
1.0,1,0.9533484
0.0,0,0.09793457
1.0,1,0.95918834
0.0,0,0.002921059
0.0,0,0.0125442995
0.0,0,0.20838305
0.0,1,0.95946187
0.0,0,0.049155965
0.0,0,0.32186487
0.0,0,0.23626617
0.0,0,0.0035736524
0.0,0,0.05663793
1.0,1,0.97404784
1.0,1,0.94996434
0.0,0,0.050027423
0.0,0,0.0037770588
0.0,0,0.060475565
0.0,0,0.007724679
0.0,0,0.005265359
1.0,1,0.97464556
1.0,1,0.8821647
1.0,1,0.8147098
0.0,0,0.0032082468
1.0,1,0.7956059
1.0,1,0.97693753
0.0,1,0.48251542
1.0,0,0.33349857
0.0,0,0.011134601
1.0,1,0.54608154
1.0,0,0.19141749
0.0,0,0.103317894
1.0,1,0.9601327
1.0,1,0.9523604
0.0,0,0.0015270314
1.0,1,0.95681834
0.0,0,0.31197044
1.0,1,0.9757674
0.0,0,0.040340945
0.0,1,0.64037776
0.0,0,0.01965777
1.0,1,0.6830082
0.0,0,0.039624885
1.0,1,0.8524016
1.0,1,0.6494535
0.0,0,0.0026063148
0.0,0,0.014028377
0.0,0,0.25677088
0.0,0,0.038146086
0.0,0,0.013522337
0.0,0,0.00046861946
1.0,1,0.9521896
0.0,0,0.09625486
0.0,0,0.10306545
0.0,0,0.0023282196
0.0,0,0.004230621
0.0,0,0.0037980333
1.0,0,0.3417295
0.0,0,0.20759974
1.0,1,0.6883744
1.0,1,0.9738677
1.0,1,0.8098276
0.0,0,0.26132286
1.0,1,0.8037247
0.0,0,0.049724378
0.0,0,0.18981348
0.0,0,0.05339337
0.0,0,0.01799695
0.0,0,0.29896092
1.0,1,0.8942879
1.0,1,0.9726425
1.0,1,0.9678115
0.0,0,0.017720228
1.0,1,0.96728826
1.0,0,0.33117154
0.0,1,0.63828504
0.0,0,0.10712104
1.0,1,0.609824
1.0,0,0.23892564
0.0,0,0.013113375
0.0,0,0.38542685
0.0,0,0.009260652
1.0,1,0.8747779
0.0,0,0.1078448
1.0,1,0.97508836
1.0,1,0.9568432
1.0,0,0.4007305
0.0,0,0.0013482891
1.0,1,0.6461147
1.0,1,0.96739274
0.0,0,0.005980095
1.0,1,0.93133104
0.0,0,0.0008007933
1.0,1,0.8617203
1.0,1,0.81638706
1.0,1,0.7581895
1.0,1,0.6736082
0.0,0,0.025970187
1.0,1,0.8827281
1.0,1,0.92752767
0.0,0,0.06809581
1.0,1,0.8269089
0.0,0,0.3456261
1.0,1,0.97186387
1.0,1,0.9215227
1.0,1,0.97014755
1.0,1,0.81047404
0.0,0,0.042999443
0.0,0,0.00615995
0.0,0,0.023221942
0.0,0,0.02232781
1.0,0,0.3888087
0.0,0,0.027593533
0.0,0,0.010164208
0.0,0,0.38094243
1.0,1,0.745193
0.0,0,0.05302042
1.0,1,0.8546328
1.0,1,0.97542346
0.0,0,0.015435275
0.0,0,0.055725407
1.0,1,0.9367743
0.0,0,0.084217854
1.0,1,0.86335224
0.0,0,0.08240071
1.0,1,0.976649
1.0,1,0.54544854
1.0,1,0.9500237
1.0,1,0.9605073
1.0,1,0.5894606
1.0,1,0.7653842
1.0,1,0.93767554
0.0,0,0.11604455
1.0,1,0.5677726
0.0,0,0.020831496
1.0,1,0.9384219
1.0,1,0.51598585
0.0,0,0.08251358
1.0,1,0.97104526
0.0,1,0.5453197
1.0,1,0.88035613
0.0,1,0.83305764
1.0,1,0.8656986
0.0,0,0.0047154767
1.0,1,0.9758475
0.0,1,0.9579033
1.0,0,0.025853653
0.0,0,0.10623741
0.0,0,0.1474682
0.0,0,0.038266882
1.0,1,0.8222261
1.0,1,0.959931
0.0,0,0.15172046
1.0,1,0.96719927
1.0,1,0.8221258
1.0,1,0.96018183
0.0,0,0.032340836
0.0,0,0.0006695586
0.0,0,0.0027508626
0.0,0,0.110773556
1.0,1,0.5639075
1.0,0,0.17635986
1.0,1,0.9425656
0.0,0,0.04131773
1.0,1,0.7832014
0.0,0,0.15253754
1.0,1,0.90573275
0.0,0,0.045051135
1.0,1,0.73608315
0.0,0,0.01316804
1.0,0,0.30012828
0.0,0,0.0490113
0.0,1,0.7789771
1.0,1,0.66892076
0.0,0,0.034090627
1.0,1,0.46319178
1.0,1,0.95113754
1.0,1,0.96527267
1.0,1,0.8597423
1.0,1,0.82374424
0.0,0,0.33091712
0.0,0,0.029592626
1.0,1,0.9783388
0.0,0,0.18296646
1.0,1,0.9417724
1.0,0,0.25042677
1.0,1,0.6797708
0.0,1,0.69113016
0.0,0,0.18131632
0.0,0,0.16546491
1.0,1,0.72480345
1.0,1,0.7522388
0.0,0,0.00038810162
0.0,0,0.00048226785
0.0,0,0.07413967
0.0,1,0.48648772
0.0,0,0.06151174
0.0,0,0.34855118
1.0,1,0.9815923
0.0,0,0.006710451
0.0,0,0.00088505825
1.0,1,0.7554529
0.0,0,0.19912355
0.0,0,0.1442385
0.0,0,0.008203585
0.0,0,0.0042167567
0.0,0,0.3965028
1.0,1,0.91905254
1.0,1,0.9219257
0.0,0,0.14806335
1.0,1,0.7559909
0.0,1,0.51183385
0.0,0,0.06840888
1.0,1,0.90353394
1.0,1,0.532192
0.0,0,0.3796534
0.0,0,0.023413813
0.0,0,0.00072874874
0.0,0,0.005558492
0.0,0,0.03474564
0.0,1,0.49947938
0.0,0,0.11978157
0.0,0,0.039427176
1.0,1,0.9760217
0.0,0,0.03412057
0.0,0,0.16718233
0.0,0,0.14745475
0.0,0,0.0741113
1.0,1,0.51580435
1.0,1,0.83166677
0.0,0,0.21549602
0.0,0,0.02140276
0.0,0,0.17848408
1.0,1,0.94453377
1.0,1,0.79786074
1.0,1,0.85218656
0.0,0,0.0006326457
1.0,0,0.37761
0.0,0,0.16067818
1.0,1,0.932156
0.0,0,0.22597313
0.0,1,0.9702398
1.0,1,0.9592979
1.0,1,0.8076323
0.0,0,0.0064476803
1.0,1,0.9436432
0.0,0,0.07296721
0.0,0,0.02918649
1.0,1,0.93749505
0.0,0,0.004324875
0.0,0,0.029189998
1.0,1,0.9737993
0.0,0,0.011544441
1.0,1,0.94872606
1.0,1,0.90383375
1.0,0,0.08444361
0.0,1,0.8915516
1.0,1,0.6036549
1.0,1,0.94932014
0.0,0,0.0072398065
1.0,1,0.9638627
1.0,1,0.7834205
1.0,1,0.97075444
1.0,1,0.90916634
0.0,0,0.26471546
0.0,0,0.0034117652
0.0,0,0.014067337
0.0,0,0.012489687
1.0,1,0.68553114
1.0,1,0.8265955
1.0,1,0.89933836
1.0,1,0.7498909
0.0,0,0.0038124274
1.0,1,0.66298646
1.0,1,0.6610632
1.0,1,0.975346
1.0,1,0.92142063
0.0,0,0.006441226
0.0,0,0.0021721884
0.0,1,0.9548973
1.0,1,0.9781669
1.0,1,0.96482915
1.0,1,0.5754696
1.0,1,0.8081527
0.0,0,0.017389655
1.0,1,0.7710381
1.0,1,0.9733072
0.0,0,0.06559075
0.0,1,0.4890798
1.0,1,0.9348442
0.0,0,0.00045379894
0.0,0,0.03125732
0.0,0,0.2186288
0.0,0,0.022388557
1.0,1,0.5440709
1.0,0,0.22259207
1.0,1,0.6934059
1.0,1,0.8377882
0.0,0,0.18776433
1.0,1,0.856535
1.0,1,0.8492831
0.0,0,0.01346016
0.0,0,0.07122956
0.0,0,0.01492939
0.0,0,0.00652024
0.0,0,0.0009454776
1.0,1,0.94248384
1.0,1,0.8111104
1.0,1,0.9418418
0.0,0,0.047930352
0.0,0,0.0002854975
1.0,1,0.74656785
0.0,0,0.0054898
0.0,0,0.24302518
0.0,1,0.5887504
1.0,1,0.9730565
0.0,0,0.108411975
0.0,0,0.040776458
0.0,0,0.006533653
1.0,1,0.89955044
0.0,0,0.09479328
0.0,0,0.0010834886
0.0,0,0.0005086229
0.0,0,0.07379568
0.0,0,0.06296512
0.0,0,0.013217291
1.0,1,0.74350977
1.0,1,0.9767211
0.0,0,0.013697385
1.0,1,0.94006
0.0,0,0.07227369
1.0,1,0.9579196
0.0,0,0.19504617
1.0,1,0.7469741
0.0,0,0.02111628
0.0,0,0.0227557
1.0,1,0.8714238
1.0,1,0.91981167
0.0,0,0.0017991302
1.0,1,0.523314
1.0,1,0.7649156
0.0,0,0.03533754
0.0,1,0.59680367
1.0,0,0.1974356
1.0,1,0.9616223
0.0,0,0.0025812914
0.0,0,0.15831701
1.0,1,0.9533663
1.0,1,0.8494423
0.0,1,0.6335187
0.0,0,0.0035514557
1.0,1,0.7932556
1.0,1,0.48927057
0.0,1,0.5985605
0.0,1,0.66459215
1.0,1,0.80586606
1.0,1,0.80065084
0.0,0,0.014025594
0.0,0,0.046294693
1.0,1,0.90557104
1.0,1,0.9099796
1.0,1,0.87667215
0.0,0,0.08937057
1.0,1,0.5845344
0.0,0,0.016269552
1.0,1,0.7451891
0.0,0,0.29665846
1.0,1,0.8707473
0.0,0,0.008129348
0.0,0,0.0022215121
0.0,0,0.015791073
0.0,1,0.74809396
1.0,1,0.6508826
0.0,0,0.016125169
0.0,1,0.70497435
1.0,1,0.9547967
1.0,1,0.89935744
1.0,1,0.7252592
0.0,0,0.13202392
0.0,1,0.9592636
0.0,0,0.08424892
0.0,0,0.023600675
1.0,1,0.9766408
0.0,0,0.011099898
1.0,1,0.8448564
0.0,0,0.010617056
1.0,1,0.9690153
0.0,0,0.1868047
1.0,1,0.9344768
1.0,1,0.9740794
0.0,0,0.34133935
0.0,0,0.0075165373
1.0,1,0.66128725
0.0,0,0.0064650383
1.0,1,0.9625789
0.0,0,0.00546225
0.0,1,0.6811619
1.0,1,0.9668624
0.0,0,0.15080991
1.0,0,0.07475738
1.0,1,0.8497541
1.0,1,0.62680924
0.0,0,0.123112455
0.0,0,0.005996725
0.0,0,0.17895646
1.0,1,0.80320597
0.0,0,0.19027668
0.0,1,0.579659
1.0,1,0.75727594
1.0,1,0.954938
1.0,1,0.9203303
1.0,1,0.61707866
1.0,1,0.9207733
0.0,1,0.6197124
0.0,0,0.0038337128
0.0,0,0.3068897
0.0,0,0.046083596
0.0,0,0.0025645583
1.0,1,0.9774004
1.0,1,0.9186196
1.0,1,0.52760625
1.0,0,0.30312517
1.0,1,0.89338326
0.0,0,0.2680553
0.0,0,0.03955731
1.0,1,0.6757033
1.0,1,0.65559113
0.0,0,0.0928574
1.0,0,0.21369363
1.0,1,0.95674413
1.0,1,0.8826523
0.0,0,0.04349466
0.0,0,0.014384559
0.0,0,0.2607011
1.0,1,0.9687645
1.0,1,0.9756394
0.0,0,0.055980906
0.0,0,0.19767925
0.0,1,0.6910846
0.0,0,0.043340053
1.0,0,0.41407505
0.0,0,0.36299783
1.0,1,0.7977182
0.0,0,0.011384614
1.0,1,0.9616011
1.0,1,0.97194064
1.0,1,0.95773697
1.0,1,0.5186087
0.0,0,0.0012803468
0.0,0,0.017742371
0.0,0,0.21356831
1.0,0,0.41716123
0.0,0,0.039789725
0.0,1,0.8465816
0.0,0,0.41433662
0.0,0,0.3305439
0.0,1,0.56716895
0.0,0,0.000990373
0.0,0,0.35388783
1.0,1,0.96674573
1.0,1,0.8421508
1.0,1,0.4411332
0.0,1,0.8418339
1.0,1,0.8016025
1.0,1,0.9436004
1.0,1,0.7549096
1.0,0,0.11339592
1.0,1,0.97283286
0.0,0,0.12863332
1.0,1,0.6068943
0.0,0,0.0010621418
0.0,0,0.009582773
1.0,1,0.9141239
0.0,0,0.007643316
0.0,0,0.097407624
0.0,0,0.017336654
1.0,1,0.94392097
1.0,1,0.5478466
1.0,1,0.60852385
0.0,0,0.0025413432
1.0,1,0.5938057
1.0,1,0.94881374
0.0,0,0.021787925
1.0,1,0.54663527
1.0,1,0.489763
0.0,0,0.016662499
0.0,0,0.05307978
1.0,1,0.8098948
0.0,0,0.036907673
0.0,0,0.18895279
1.0,1,0.92596346
0.0,0,0.18827592
1.0,1,0.8925785
1.0,1,0.91487736
1.0,1,0.6363084
1.0,1,0.96775323
1.0,1,0.6541277
0.0,1,0.44128883
1.0,0,0.09664642
1.0,1,0.97688663
0.0,0,0.046953723
1.0,1,0.9566049
1.0,1,0.7058031
0.0,0,0.21743836
1.0,0,0.22636063
0.0,0,0.0014306138
0.0,0,0.19386238
0.0,1,0.60417753
1.0,1,0.9222795
0.0,0,0.102837764
1.0,1,0.9581772
1.0,1,0.7180331
1.0,1,0.9125717
0.0,0,0.020400101
1.0,1,0.8697521
1.0,1,0.8797132
0.0,0,0.39795455
1.0,1,0.9321719
1.0,1,0.98284847
0.0,0,0.009675291
0.0,0,0.008576207
0.0,0,0.0011248784
0.0,0,0.07250443
1.0,1,0.94067496
0.0,0,0.1764826
1.0,1,0.9624978
0.0,0,0.003779388
0.0,0,0.02343905
1.0,1,0.65175045
1.0,1,0.81791997
1.0,1,0.9176164
0.0,1,0.4640475
1.0,1,0.9746604
1.0,1,0.88655704
1.0,0,0.37092292
0.0,0,0.008639749
1.0,0,0.39006045
1.0,1,0.9296907
1.0,1,0.7046095
0.0,0,0.004839968
0.0,1,0.5119363
0.0,0,0.22282387
0.0,0,0.006951602
1.0,1,0.8473333
0.0,0,0.008098054
0.0,0,0.0028552008
1.0,1,0.9149204
1.0,0,0.21467431
0.0,0,0.114904255
0.0,0,0.041434295
0.0,0,0.027696548
0.0,0,0.0046161423
1.0,1,0.9699928
1.0,1,0.97853386
0.0,0,0.030543651
0.0,0,0.0004749283
0.0,0,0.2539582
1.0,1,0.8691808
0.0,0,0.0053075165
1.0,0,0.392838
0.0,1,0.6584902
1.0,1,0.9768034
0.0,1,0.472551
0.0,0,0.002217858
0.0,0,0.018312817
0.0,0,0.015925452
1.0,1,0.97945267
1.0,1,0.9118232
0.0,0,0.03319811
1.0,1,0.5397942
1.0,1,0.95264316
0.0,0,0.0009971571
1.0,1,0.979878
1.0,1,0.97380036
0.0,0,0.40368035
0.0,0,0.017083723
1.0,1,0.9017367
1.0,1,0.7418417
1.0,1,0.97551554
0.0,0,0.010245644
1.0,1,0.83505064
0.0,0,0.0077463826
0.0,0,0.015562909
1.0,1,0.94850606
1.0,1,0.5606105
1.0,1,0.76691926
0.0,0,0.011593105
0.0,0,0.34897342
1.0,1,0.66459197
1.0,0,0.104525514
0.0,0,0.21718553
1.0,1,0.45078868
1.0,1,0.8417614
1.0,1,0.95555824
1.0,1,0.7343162
0.0,0,0.04321353
1.0,1,0.9502463
0.0,0,0.037835043
0.0,0,0.107167825
1.0,1,0.7865366
0.0,0,0.053897087
0.0,0,0.21567602
0.0,0,0.036551896
0.0,0,0.032013588
1.0,1,0.5541149
1.0,1,0.97414625
1.0,1,0.8069841
1.0,1,0.71952313
1.0,1,0.9745961
0.0,0,0.0031713047
1.0,1,0.45551538
1.0,1,0.9481713
0.0,0,0.16559099
0.0,0,0.19100375
0.0,0,0.0034376185
1.0,1,0.615538
0.0,1,0.6229766
1.0,1,0.9731532
1.0,1,0.786008
0.0,1,0.44244796
1.0,0,0.1096307
1.0,1,0.97524804
1.0,1,0.85775447
1.0,1,0.90627515
0.0,0,0.42675436
1.0,1,0.96557945
0.0,0,0.013601796
0.0,0,0.044113796
1.0,0,0.26235318
1.0,1,0.96946573
1.0,0,0.351278
0.0,0,0.16488717
0.0,1,0.73488426
1.0,1,0.91740394
0.0,0,0.07669286
1.0,1,0.9740638
1.0,0,0.42528763
1.0,1,0.9745942
0.0,0,0.005987123
0.0,1,0.5518502
0.0,0,0.0062648444
1.0,1,0.86613727
1.0,1,0.9755026
0.0,0,0.21824376
1.0,0,0.2638881
0.0,0,0.049985252
1.0,1,0.9599997
0.0,0,0.039096884
0.0,0,0.37069178
1.0,1,0.73937714
1.0,1,0.61297923
1.0,1,0.68447256
0.0,0,0.0047214
0.0,0,0.043178897
1.0,1,0.9653444
1.0,1,0.7666198
1.0,1,0.90232146
1.0,1,0.95593786
1.0,1,0.5315596
0.0,0,0.14490864
1.0,1,0.77769536
0.0,0,0.13169569
1.0,1,0.94874316
1.0,1,0.95731723
1.0,1,0.92554975
0.0,0,0.015739229
1.0,1,0.8833295
1.0,1,0.78348315
0.0,0,0.086905956
1.0,1,0.9744438
1.0,1,0.757038
1.0,1,0.558161
0.0,0,0.031770024
0.0,0,0.22790666
0.0,0,0.36224717
0.0,1,0.5786289
0.0,0,0.014491896
0.0,0,0.060457263
0.0,0,0.006671095
1.0,1,0.8948892
0.0,0,0.10007914
1.0,1,0.9782798
1.0,1,0.9704265
0.0,1,0.4497567
1.0,1,0.96098113
1.0,1,0.9701702
0.0,1,0.45317364
1.0,1,0.7426405
0.0,0,0.0015976985
0.0,0,0.01222524
1.0,1,0.5004901
0.0,0,0.006035693
0.0,0,0.13895562
1.0,1,0.8515048
0.0,0,0.39711505
1.0,1,0.5551968
0.0,0,0.0012169037
0.0,0,0.024291174
0.0,0,0.07954074
0.0,0,0.07650107
1.0,1,0.7523991
0.0,0,0.015114395
0.0,0,0.003463853
0.0,0,0.022789044
1.0,1,0.9649864
1.0,1,0.93525344
0.0,1,0.548511
0.0,0,0.3132014
0.0,0,0.31140444
1.0,1,0.7851679
0.0,0,0.018686458
0.0,0,0.026700482
1.0,1,0.9580335
1.0,1,0.970603
0.0,0,0.006635575
1.0,1,0.9780565
0.0,0,0.01742493
0.0,0,0.22240068
0.0,0,0.0049783573
0.0,0,0.014864451
1.0,1,0.9687003
0.0,0,0.0072292
1.0,1,0.8004244
0.0,1,0.61401975
0.0,0,0.08764395
0.0,0,0.014821451
0.0,0,0.022845576
0.0,0,0.19451067
0.0,0,0.0013034263
1.0,1,0.96835726
1.0,1,0.6968428
1.0,1,0.69239444
1.0,1,0.9696218
1.0,1,0.95376503
0.0,0,0.083856516
1.0,1,0.9441941
0.0,0,0.0973316
1.0,1,0.97929454
0.0,0,0.3321895
0.0,0,0.043452192
1.0,0,0.39967236
0.0,0,0.029215895
1.0,1,0.9675404
0.0,0,0.11157925
1.0,1,0.97818106
0.0,0,0.01973486
0.0,0,0.00592577
1.0,1,0.9377318
0.0,0,0.007904827
0.0,1,0.45010045
1.0,1,0.8528444
1.0,1,0.9573307
1.0,0,0.41399294
1.0,0,0.39498287
0.0,0,0.30107257
0.0,0,0.018404415
0.0,0,0.00022249631
1.0,1,0.9765928
0.0,0,0.3838695
1.0,1,0.8701033
1.0,1,0.5084147
1.0,1,0.96989137
1.0,1,0.977269
0.0,1,0.604339
1.0,1,0.97238153
1.0,1,0.86726093
0.0,0,0.16373925
0.0,0,0.0009797539
0.0,0,0.3243937
1.0,1,0.82182217
0.0,0,0.06423484
0.0,0,0.014163775
0.0,0,0.11644278
1.0,1,0.732615
0.0,0,0.07425828
1.0,0,0.42942044
0.0,0,0.38935265
1.0,0,0.27711576
0.0,0,0.08132447
0.0,0,0.0038052388
0.0,0,0.0019316551
0.0,0,0.014819782
1.0,1,0.8551065
1.0,1,0.81671345
0.0,0,0.046452273
0.0,0,0.015988002
1.0,1,0.95445114
0.0,0,0.061617184
1.0,1,0.5442205
0.0,0,0.0032189356
1.0,1,0.9758305
1.0,0,0.14923622
0.0,0,0.18964045
1.0,1,0.61996794
1.0,1,0.9124575
1.0,1,0.9343273
0.0,0,0.048052333
0.0,0,0.077002436
0.0,0,0.0012005623
1.0,1,0.96416545
0.0,0,0.00074929086
1.0,1,0.45365658
0.0,0,0.0697915
0.0,0,0.0039305408
1.0,1,0.48334816
1.0,1,0.78170323
0.0,0,0.027846249
1.0,1,0.97281337
0.0,1,0.70515466
0.0,0,0.0001178477
0.0,0,0.010846636
0.0,0,0.0005630457
0.0,0,0.0011126555
0.0,0,0.009368038
1.0,1,0.46625626
1.0,1,0.94380474
0.0,0,0.0026837222
0.0,0,0.31395188
0.0,0,0.009256361
1.0,1,0.4930812
0.0,0,0.05379701
0.0,0,0.00034808187
1.0,1,0.55285513
0.0,0,0.032085437
0.0,0,0.02077535
1.0,1,0.65731424
1.0,1,0.9236046
0.0,0,0.0019131585
0.0,0,0.2724377
1.0,0,0.29826945
1.0,1,0.7790048
0.0,0,0.00077411305
1.0,1,0.69081104
0.0,0,0.012704876
0.0,0,0.021793162
1.0,1,0.9749471
1.0,1,0.9395641
1.0,1,0.9286602
0.0,0,0.047731645
1.0,1,0.9714034
1.0,1,0.7384778
0.0,1,0.4369299
0.0,0,0.2401928
0.0,0,0.0023582715
0.0,0,0.11449063
0.0,0,0.0044826316
0.0,0,0.010337843
1.0,1,0.94623303
1.0,1,0.8974737
1.0,1,0.8032551
0.0,0,0.027155206
0.0,0,0.047266588
0.0,1,0.46267217
1.0,1,0.87397623
0.0,0,0.030035513
1.0,1,0.9715647
1.0,1,0.665593
1.0,1,0.8534807
0.0,0,0.06930251
0.0,0,0.026917228
0.0,0,0.058455236
0.0,0,0.003190661
1.0,1,0.8360562
1.0,1,0.94815105
1.0,1,0.86788064
1.0,1,0.8637817
1.0,1,0.5523977
1.0,1,0.59881353
0.0,1,0.52430236
1.0,1,0.62154317
0.0,0,0.18349802
1.0,1,0.6074008
1.0,1,0.9775876
1.0,1,0.93132174
0.0,0,0.05121402
1.0,1,0.8327561
0.0,0,0.00040982445
0.0,0,0.20800176
0.0,0,0.12430318
1.0,1,0.58992815
0.0,0,0.004005021
0.0,0,0.043871824
0.0,0,0.010301643
1.0,1,0.79817146
0.0,0,0.03310916
0.0,1,0.89934325
1.0,1,0.8025443
1.0,1,0.9743799
0.0,0,0.019777218
0.0,0,0.19517787
1.0,1,0.8471143
1.0,0,0.08622053
0.0,0,0.12409896
1.0,1,0.6278409
0.0,0,0.012763645
1.0,0,0.18657546
1.0,1,0.95747113
1.0,1,0.9749186
1.0,1,0.9078058
1.0,1,0.97582006
0.0,0,0.0035240862
0.0,0,0.08158301
0.0,0,0.025239969
1.0,1,0.78127706
1.0,1,0.5408653
0.0,0,0.06264085
1.0,1,0.95875674
1.0,1,0.8074912
1.0,1,0.73185706
0.0,0,0.024509214
0.0,1,0.45646885
1.0,1,0.9115374
0.0,0,0.04730349
1.0,1,0.86165
0.0,0,0.18831144
0.0,0,0.023422955
0.0,0,0.0007073565
1.0,1,0.74496377
0.0,0,0.0044663777
1.0,1,0.88297296
1.0,1,0.6543585
0.0,0,0.0033314242
0.0,0,0.01163379
0.0,0,0.06246961
1.0,1,0.7625801
1.0,1,0.7189653
0.0,0,0.038323354
0.0,0,0.0010544783
1.0,1,0.977645
0.0,0,0.016896155
0.0,0,0.0056868508
1.0,1,0.75183344
1.0,1,0.97913283
0.0,0,0.025369152
0.0,0,0.0014727743
0.0,0,0.2482
0.0,0,0.009038071
0.0,1,0.51725125
1.0,1,0.9759979
1.0,1,0.81317437
1.0,1,0.721425
0.0,0,0.0038581777
1.0,1,0.66911495
1.0,1,0.5415237
0.0,0,0.16258201
0.0,0,0.049205117
0.0,0,0.07693688
1.0,0,0.068449624
1.0,1,0.94014823
0.0,0,0.009927211
0.0,0,0.008051808
0.0,0,0.1001471
0.0,0,0.023629263
1.0,0,0.18380266
1.0,1,0.9736762
0.0,0,0.00066376885
1.0,1,0.89593023
1.0,0,0.04525226
0.0,0,0.0015803514
1.0,1,0.87363434
0.0,0,0.021456044
0.0,0,0.003415147
1.0,1,0.8292811
0.0,1,0.47767416
0.0,0,0.020417824
0.0,0,0.012151086
0.0,0,0.0025791228
1.0,1,0.70131063
1.0,1,0.57065475
1.0,1,0.83601415
1.0,1,0.6992947
1.0,0,0.11740883
0.0,0,0.0010502841
1.0,1,0.9605497
1.0,1,0.92611265
0.0,0,0.0074758492
1.0,1,0.85410416
1.0,1,0.64847547
1.0,1,0.7776363
0.0,0,0.028597102
0.0,0,0.29689634
1.0,1,0.6189742
0.0,0,0.0700233
1.0,1,0.75018144
0.0,0,0.0067170653
1.0,1,0.618343
1.0,1,0.59650314
0.0,0,0.0012354379
1.0,1,0.6398257
0.0,0,0.07225077
0.0,0,0.040358905
0.0,0,0.0039108614
0.0,0,0.019965084
0.0,0,0.16227938
1.0,1,0.7274247
0.0,0,0.006940353
0.0,0,0.057140388
0.0,0,0.12334852
0.0,0,0.037908822
0.0,0,0.22440568
0.0,0,0.011631481
0.0,0,0.30330202
1.0,1,0.9719614
0.0,0,0.029259799
1.0,1,0.7641196
0.0,0,0.0018736753
1.0,1,0.976589
0.0,0,0.0036813412
1.0,1,0.8591362
0.0,0,0.05314785
1.0,1,0.9625587
1.0,1,0.4980828
1.0,1,0.89216113
1.0,1,0.64633286
0.0,0,0.041726466
1.0,1,0.7484721
1.0,1,0.93871844
0.0,0,0.011840422
0.0,0,0.026339803
0.0,0,0.015328643
1.0,1,0.92823994
0.0,0,0.00091869145
1.0,1,0.8684544
0.0,0,0.01329208
1.0,1,0.9742114
0.0,0,0.016655978
0.0,0,0.028526256
1.0,1,0.84013623
0.0,0,0.14569706
0.0,0,0.0130908275
0.0,0,0.022620283
0.0,0,0.09120962
0.0,0,0.0019391719
0.0,0,0.020910043
1.0,1,0.9723876
0.0,0,0.16512856
1.0,1,0.95702255
0.0,0,0.27503893
0.0,0,0.05673403
1.0,1,0.8553926
0.0,0,0.006719917
1.0,1,0.9793122
1.0,1,0.9719321
0.0,0,0.085324556
1.0,1,0.91282773
0.0,0,0.025207626
1.0,1,0.97700506
1.0,1,0.7178925
1.0,1,0.9205681
1.0,1,0.92803264
1.0,1,0.84449035
0.0,0,0.014783602
0.0,0,0.005953411
0.0,0,0.27478808
1.0,1,0.9757178
0.0,0,0.0065118326
1.0,1,0.88744307
0.0,0,0.009553991
0.0,0,0.00068430963
1.0,1,0.7785723
0.0,0,0.06501723
1.0,1,0.7047394
1.0,1,0.9648408
1.0,1,0.9233774
0.0,0,0.0036216269
0.0,0,0.011302192
0.0,0,0.0060125864
1.0,1,0.6186388
0.0,0,0.16536558
0.0,0,0.003258518
0.0,1,0.76421946
0.0,0,0.3515968
1.0,1,0.96414226
0.0,0,0.004411522
1.0,1,0.975565
1.0,1,0.97145754
1.0,1,0.76380974
1.0,1,0.9302464
0.0,0,0.0069884574
0.0,0,0.01482462
1.0,1,0.64904094
1.0,0,0.3613565
1.0,0,0.19775192
0.0,0,0.14846149
1.0,1,0.91733927
0.0,0,0.089523725
0.0,0,0.19372682
1.0,0,0.39356884
1.0,1,0.85100514
0.0,0,0.009583421
0.0,0,0.4005894
1.0,1,0.9748662
0.0,0,0.002174215
1.0,1,0.7946472
0.0,0,0.005290785
0.0,0,0.057292946
0.0,0,0.16910434
0.0,0,0.36330533
1.0,1,0.97096413
1.0,1,0.6929915
1.0,1,0.9151202
0.0,0,0.009597791
1.0,0,0.36324215
1.0,1,0.9085579
1.0,1,0.91559523
1.0,1,0.96754956
1.0,1,0.9764483
1.0,1,0.9509049
0.0,0,0.23578657
1.0,1,0.7810851
1.0,1,0.97349495
0.0,0,0.34153116
0.0,0,0.1254781
1.0,1,0.92688674
0.0,0,0.042780757
0.0,0,0.012134652
0.0,0,0.0015543648
0.0,0,0.2945226
0.0,0,0.21540664
0.0,0,0.0390808
0.0,0,0.004925408
0.0,0,0.038524535
1.0,1,0.7274003
1.0,0,0.15378153
1.0,0,0.36928177
0.0,0,0.0052036783
1.0,1,0.89432526
0.0,0,0.28270674
0.0,0,0.03209487
0.0,0,0.22295238
0.0,0,0.0075145313
0.0,0,0.006755187
0.0,0,0.0076605263
1.0,1,0.53989923
0.0,0,0.008146695
1.0,1,0.8553071
0.0,0,0.09877792
0.0,0,0.04629045
1.0,1,0.85437214
1.0,1,0.6834639
0.0,0,0.03634086
1.0,1,0.9182522
0.0,0,0.008323379
0.0,0,0.04790416
0.0,0,0.034352563
1.0,1,0.62210584
1.0,1,0.8984883
1.0,1,0.96066236
1.0,1,0.90920955
0.0,0,0.038231675
1.0,1,0.9452949
1.0,1,0.9058036
1.0,1,0.94406855
1.0,1,0.78742665
1.0,1,0.8123796
0.0,0,0.01173794
1.0,1,0.59050864
1.0,1,0.9406497
0.0,0,0.018663859
0.0,0,0.40805602
1.0,1,0.9272246
0.0,0,0.2662847
1.0,1,0.9756428
1.0,0,0.3734955
1.0,1,0.9745818
0.0,0,0.029133467
0.0,0,0.0028217114
0.0,0,0.044804703
0.0,0,0.024241345
1.0,1,0.58598125
0.0,0,0.0044530653
1.0,1,0.92960876
1.0,1,0.6899909
1.0,1,0.9731246
0.0,0,0.0011812346
0.0,0,0.033579823
0.0,0,0.0066415523
1.0,1,0.9411887
0.0,0,0.0014777363
0.0,0,0.0010165118
1.0,1,0.80558276
0.0,0,0.003855576
0.0,0,0.035301328
1.0,1,0.6857818
1.0,1,0.90872097
0.0,1,0.6490427
0.0,0,0.013973616
0.0,0,0.17932001
1.0,1,0.8610384
1.0,1,0.9757198
0.0,0,0.03703306
1.0,1,0.90104675
1.0,1,0.817202
0.0,0,0.0066589913
1.0,1,0.71042645
0.0,0,0.0031766845
0.0,0,0.0018469997
1.0,0,0.42226624
1.0,1,0.7190045
0.0,0,0.097171344
0.0,1,0.43078497
1.0,1,0.8791523
0.0,1,0.7748971
1.0,1,0.9691442
1.0,1,0.76619905
0.0,0,0.06964975
0.0,0,0.0004221041
1.0,1,0.95586056
1.0,1,0.9629571
1.0,1,0.89820445
1.0,1,0.730918
1.0,1,0.9555608
1.0,1,0.6546838
0.0,0,0.0050574094
1.0,1,0.976104
0.0,0,0.05868428
0.0,0,0.088123545
0.0,0,0.0034168032
1.0,1,0.89083403
1.0,1,0.927708
1.0,1,0.79886836
0.0,1,0.6653807
1.0,1,0.97692776
1.0,1,0.6137972
0.0,0,0.0018304548
1.0,1,0.809751
1.0,1,0.96981955
0.0,0,0.07458527
1.0,1,0.45776147
1.0,1,0.976344
0.0,0,0.015549982
1.0,1,0.94541126
1.0,1,0.9363156
1.0,1,0.9722212
1.0,1,0.971331
0.0,0,0.03221272
0.0,0,0.009271603
1.0,1,0.79871404
1.0,1,0.6103209
1.0,1,0.87360597
0.0,0,0.0090759015
1.0,1,0.9314844
0.0,0,0.03197286
0.0,0,0.00018911906
0.0,0,0.0027350478
0.0,0,0.0016921011
0.0,0,0.008192108
1.0,1,0.56123006
1.0,1,0.9645068
1.0,1,0.6086265
0.0,1,0.58227324
0.0,0,0.02191212
0.0,0,0.003080277
0.0,0,0.0058700894
0.0,0,0.001294582
0.0,0,0.213332
0.0,0,0.18401591
0.0,0,0.004537279
1.0,1,0.9380989
0.0,1,0.43589085
1.0,1,0.5706276
0.0,0,0.13811901
0.0,1,0.5462786
0.0,0,0.079521246
1.0,1,0.9722678
0.0,0,0.081979856
0.0,0,0.0051876996
1.0,1,0.68215644
0.0,1,0.7034689
0.0,0,0.3794879
0.0,0,0.011740633
0.0,0,0.10578228
0.0,0,0.07860577
0.0,0,0.005177628
1.0,1,0.8270715
1.0,1,0.9442332
1.0,0,0.09202054
1.0,1,0.9552965
1.0,1,0.7120029
1.0,1,0.97689974
0.0,0,0.03715918
1.0,1,0.79398584
0.0,0,0.1557999
1.0,1,0.97160697
1.0,0,0.23269045
1.0,1,0.91106
0.0,0,0.014152086
1.0,1,0.6512294
1.0,1,0.9270007
0.0,1,0.79867494
0.0,0,0.050941397
1.0,1,0.6676262
1.0,1,0.5940641
0.0,0,0.00014566201
0.0,0,0.010510365
1.0,1,0.9740824
1.0,1,0.8495009
0.0,0,0.39133343
0.0,0,0.0002953308
1.0,1,0.9590407
0.0,0,0.030317003
0.0,1,0.63444746
1.0,1,0.97218674
1.0,1,0.87389326
1.0,1,0.9665778
1.0,1,0.9011836
1.0,1,0.73067844
0.0,1,0.82583475
0.0,0,0.012124818
0.0,0,0.03420902
1.0,1,0.94936115
0.0,0,0.10465082
1.0,1,0.6076225
0.0,0,0.15807123
0.0,0,0.31869513
0.0,0,0.28606823
1.0,1,0.79681355
1.0,1,0.9688544
0.0,0,0.13280761
0.0,0,0.0026169757
1.0,1,0.48737657
1.0,1,0.46234107
1.0,1,0.6551296
0.0,0,0.010481573
1.0,1,0.64718115
0.0,1,0.52086705
1.0,1,0.94347036
1.0,1,0.9286079
1.0,1,0.9800596
0.0,0,0.009767269
1.0,1,0.67568254
1.0,0,0.3222885
1.0,1,0.93258935
0.0,0,0.0011481642
1.0,1,0.9755478
0.0,0,0.0055451137
1.0,1,0.9297333
1.0,1,0.7835224
1.0,1,0.9542029
0.0,0,0.015088912
0.0,0,0.16443928
1.0,1,0.9603764
1.0,1,0.8734789
0.0,0,0.015186452
0.0,0,0.3555689
1.0,1,0.5480478
1.0,1,0.95761263
0.0,0,0.026792545
1.0,1,0.94504887
0.0,0,0.046143305
1.0,1,0.9333215
0.0,0,0.00934763
1.0,1,0.9543042
0.0,0,0.02195428
0.0,0,0.13914181
1.0,1,0.7864092
0.0,0,0.10178105
1.0,1,0.9761212
0.0,0,0.14621435
0.0,0,0.08376965
0.0,0,0.08075313
0.0,0,0.007998535
0.0,0,0.39951715
1.0,1,0.82807064
1.0,1,0.92413676
1.0,1,0.96915257
0.0,0,0.30109456
1.0,1,0.9695162
1.0,1,0.9510458
0.0,0,0.05016144
1.0,1,0.9389226
0.0,0,0.00053381186
1.0,1,0.8300709
1.0,1,0.63735855
1.0,1,0.8782162
0.0,0,0.0066223866
1.0,1,0.96920747
1.0,1,0.97256494
0.0,0,0.12971951
1.0,1,0.6138859
1.0,1,0.7916028
0.0,0,0.33200365
0.0,0,0.014935716
1.0,1,0.9195837
0.0,0,0.32624495
1.0,0,0.38507518
1.0,1,0.9754827
1.0,1,0.9617652
1.0,1,0.6884248
0.0,0,0.19079678
1.0,0,0.42387608
0.0,0,0.009276572
1.0,0,0.3788603
0.0,0,0.024245292
1.0,1,0.96260226
0.0,0,0.07493502
1.0,1,0.9363145
0.0,0,0.033352047
1.0,1,0.9569221
1.0,1,0.96198547
0.0,1,0.49578154
0.0,0,0.019894708
1.0,1,0.83490634
0.0,0,0.01321604
0.0,0,0.015110717
1.0,1,0.9602853
0.0,0,0.008887919
0.0,0,0.00023495476
1.0,1,0.95722115
0.0,0,0.0068631372
0.0,0,0.02736976
1.0,1,0.82167107
0.0,0,0.0054135816
0.0,0,0.0028039066
0.0,0,0.019842902
0.0,0,0.0012048653
0.0,0,0.077837676
0.0,0,0.002370759
1.0,1,0.9371896
0.0,1,0.92443323
1.0,1,0.6041402
0.0,0,0.05156424
0.0,0,0.10059726
0.0,0,0.0017417588
0.0,0,0.0067948787
0.0,0,0.0061355736
0.0,1,0.67473984
0.0,1,0.82583
1.0,1,0.9687353
1.0,1,0.97445595
1.0,1,0.4748256
1.0,1,0.97723496
1.0,1,0.962214
0.0,0,0.022527795
1.0,1,0.915153
0.0,0,0.0001166573
1.0,1,0.84566283
1.0,0,0.39892104
0.0,0,0.006333329
0.0,0,0.010034903
1.0,1,0.85080695
1.0,1,0.972663
0.0,0,0.0084854355
1.0,1,0.955821
1.0,1,0.9456851
0.0,0,0.07601387
0.0,1,0.6286841
0.0,0,0.055860087
1.0,1,0.75337905
0.0,0,0.02106322
1.0,1,0.97868675
0.0,0,0.044304155
1.0,1,0.90224046
0.0,1,0.55347276
1.0,1,0.84506893
0.0,0,0.024201134
1.0,1,0.49462834
1.0,1,0.95083135
1.0,1,0.9133693
0.0,0,0.004786423
0.0,0,0.1354047
1.0,1,0.82717
0.0,0,0.13909401
0.0,0,0.0016618067
1.0,1,0.9687859
0.0,0,0.005334793
1.0,1,0.7992944
1.0,1,0.95079875
1.0,1,0.9472078
1.0,1,0.9675101
1.0,1,0.9583818
0.0,0,0.078472294
1.0,1,0.9383995
1.0,1,0.97647953
1.0,1,0.9625817
0.0,0,0.009669522
1.0,1,0.5252117
0.0,0,0.05132796
1.0,1,0.8531505
0.0,0,0.07523252
1.0,1,0.8630859
0.0,0,0.0044752746
0.0,0,0.08846824
0.0,0,0.0023863474
1.0,1,0.8133859
0.0,0,0.325726
0.0,0,0.2108124
0.0,0,0.26909757
0.0,1,0.7770516
1.0,1,0.8918642
0.0,0,0.043925703
0.0,0,0.041065104
0.0,0,0.02625102
1.0,0,0.09163218
1.0,1,0.9524321
0.0,0,0.014618892
0.0,0,0.09044852
1.0,1,0.9665671
1.0,1,0.9275112
1.0,1,0.9619154
1.0,1,0.9126003
0.0,0,0.011719153
1.0,1,0.8848585
0.0,0,0.33547348
0.0,0,0.10182108
0.0,0,0.15178385
0.0,0,0.0012910949
1.0,1,0.97556067
1.0,1,0.9538962
0.0,0,0.00082981086
1.0,1,0.96781254
1.0,1,0.7580598
1.0,1,0.97239506
1.0,1,0.56963515
1.0,0,0.18213026
0.0,0,0.07350679
0.0,0,0.0047927983
0.0,0,0.05308383
1.0,0,0.4173466
1.0,1,0.920039
1.0,1,0.82405055
0.0,0,0.0069771423
0.0,0,0.32200837
1.0,1,0.85124314
0.0,0,0.27305207
1.0,1,0.8969819
0.0,0,0.0036225803
0.0,0,0.08987394
1.0,1,0.51756656
1.0,1,0.9399373
0.0,0,0.02190645
1.0,1,0.8049345
1.0,1,0.4896078
1.0,1,0.7895487
1.0,1,0.9674755
0.0,0,0.0036561657
1.0,1,0.87521034
1.0,1,0.9741722
0.0,0,0.016974699
1.0,1,0.8220822
0.0,0,0.0019780528
0.0,0,0.029468225
1.0,1,0.9498981
0.0,0,0.0025821128
0.0,0,0.036394343
0.0,0,0.015147016
1.0,1,0.97321135
1.0,1,0.89964604
1.0,1,0.9378117
0.0,0,0.00081886543
1.0,0,0.4140934
0.0,0,0.26262778
0.0,0,0.001193439
1.0,1,0.953016
0.0,0,0.10474723
0.0,0,0.0007513089
0.0,1,0.5055285
0.0,0,0.07311287
1.0,1,0.9676121
0.0,0,0.0014221837
0.0,1,0.71495426
1.0,1,0.94975024
0.0,0,0.061389383
0.0,1,0.5141616
0.0,0,0.42011705
0.0,0,0.020547971
1.0,1,0.5271866
1.0,1,0.9322789
0.0,1,0.87342906
0.0,0,0.0042769876
1.0,1,0.9118787
0.0,1,0.72438866
1.0,1,0.95346355
0.0,0,0.004658631
0.0,0,0.019927537
1.0,1,0.9774727
0.0,0,0.01901783
0.0,0,0.015910214
1.0,1,0.8563538
1.0,0,0.20126139
1.0,1,0.9494345
0.0,0,0.043327168
0.0,0,0.42380026
0.0,0,0.117609434
1.0,1,0.92267245
1.0,0,0.3844505
1.0,1,0.8863347
1.0,1,0.84589386
0.0,0,0.00021673119
1.0,1,0.58798116
0.0,1,0.6658603
1.0,1,0.93979144
0.0,0,0.011070459
0.0,0,0.32780963
0.0,0,0.0939594
1.0,1,0.94801795
0.0,0,0.00050150376
0.0,0,0.073375
1.0,1,0.51007843
1.0,1,0.916747
1.0,1,0.9199142
1.0,1,0.865445
1.0,1,0.7431905
0.0,0,0.028934319
0.0,0,0.19917218
1.0,1,0.6566392
0.0,0,0.0006613482
0.0,0,0.24763428
0.0,0,0.2578796
1.0,1,0.87916374
0.0,0,0.0037139107
1.0,1,0.96445185
0.0,0,0.003153059
1.0,1,0.9700205
0.0,1,0.7183653
0.0,0,0.062204655
0.0,1,0.5830006
1.0,1,0.89811593
0.0,0,0.00031657243
1.0,1,0.67942107
0.0,0,0.1828749
1.0,1,0.966691
1.0,1,0.96801907
1.0,1,0.59860206
1.0,1,0.8356482
1.0,1,0.94569063
0.0,0,0.033604786
0.0,0,0.006615345
0.0,0,0.33091748
1.0,0,0.22377628
1.0,1,0.96159625
1.0,1,0.9370692
1.0,0,0.41307873
0.0,0,0.11459207
0.0,0,0.010075552
1.0,1,0.5175474
1.0,0,0.3183644
0.0,0,0.1325447
1.0,0,0.26519805
1.0,1,0.7916784
0.0,0,0.014820834
1.0,1,0.9300148
0.0,0,0.008312837
1.0,0,0.38993415
0.0,0,0.0053670034
0.0,0,0.025789216
1.0,0,0.3514345
0.0,0,0.10125623
1.0,0,0.35247856
0.0,0,0.019525478
1.0,1,0.74056876
0.0,0,0.0014961391
1.0,1,0.7045791
0.0,0,0.083393164
0.0,0,0.21897082
1.0,1,0.5963312
0.0,0,0.065080136
0.0,0,0.06042887
1.0,1,0.6730645
1.0,1,0.88312155
0.0,0,0.023520838
1.0,1,0.9564877
1.0,1,0.75052696
1.0,1,0.954983
1.0,1,0.95871115
0.0,0,0.10921534
1.0,1,0.83373684
0.0,0,0.038908094
0.0,0,0.00093981944
0.0,1,0.9226927
1.0,1,0.8032062
0.0,0,0.29984662
1.0,1,0.7741493
0.0,0,0.028541837
1.0,0,0.31348166
1.0,1,0.8108277
0.0,0,0.00011078673
1.0,1,0.8340936
1.0,1,0.8504117
0.0,0,0.0429974
1.0,1,0.79579014
1.0,1,0.96690214
1.0,1,0.9148501
1.0,1,0.96672267
0.0,0,0.031470794
1.0,1,0.52343404
0.0,1,0.6953653
0.0,0,0.004036584
1.0,1,0.6338661
0.0,0,0.020502886
0.0,0,0.0017866206
0.0,0,0.0014760486
1.0,1,0.8882431
1.0,1,0.72230124
0.0,0,0.026061784
1.0,1,0.61201787
0.0,0,0.012303735
0.0,0,0.0026620913
1.0,1,0.96291536
1.0,0,0.21716124
0.0,0,0.00031113572
1.0,1,0.4475593
1.0,1,0.60619164
1.0,1,0.43825412
1.0,0,0.33219957
1.0,1,0.89757484
0.0,0,0.063681215
1.0,1,0.97233886
1.0,1,0.9292702
1.0,1,0.975587
1.0,1,0.87810624
1.0,1,0.66533697
1.0,1,0.8277199
1.0,1,0.64026654
1.0,1,0.8219542
0.0,0,0.17294306
1.0,1,0.9453824
1.0,1,0.4455263
0.0,0,0.07980992
1.0,1,0.8389887
1.0,1,0.739872
0.0,0,0.07406773
1.0,1,0.96310353
1.0,0,0.19563632
0.0,0,0.057012226
0.0,0,0.017431872
1.0,1,0.96605116
0.0,0,0.1301887
1.0,1,0.7263725
1.0,1,0.9692451
0.0,0,0.2945882
0.0,0,0.15851608
0.0,0,0.025279526
0.0,0,0.021102052
0.0,0,0.1560855
0.0,0,0.025938412
1.0,1,0.98193127
1.0,0,0.1444059
0.0,0,0.003780521
0.0,0,0.004307524
1.0,1,0.93431425
0.0,0,0.17748506
0.0,0,0.25169948
0.0,0,0.18658842
1.0,1,0.86042416
1.0,0,0.09835745
1.0,1,0.7614765
0.0,0,0.00019505978
1.0,0,0.29377323
0.0,0,0.011270931
0.0,0,0.0045776777
0.0,0,0.054604467
1.0,1,0.809453
0.0,0,0.016756214
0.0,0,0.061797377
0.0,1,0.5458547
0.0,0,7.547811e-05
1.0,1,0.9767758
1.0,1,0.7190832
1.0,1,0.9520169
0.0,0,0.00073199294
0.0,0,0.012341668
0.0,0,0.15145428
1.0,1,0.93065304
0.0,0,0.09158793
1.0,0,0.3219882
0.0,0,0.0014451047
1.0,1,0.9409177
0.0,0,0.017853418
0.0,0,0.00044978532
1.0,1,0.59850556
1.0,1,0.969415
0.0,0,0.023509601
1.0,1,0.96220315
1.0,1,0.8242277
1.0,1,0.9422922
1.0,1,0.97065794
1.0,1,0.7630278
1.0,1,0.66381544
1.0,1,0.9034477
0.0,0,0.033365097
1.0,1,0.9691828
0.0,0,0.0032721127
0.0,0,0.17194659
0.0,0,0.07097118
1.0,1,0.74251556
1.0,1,0.7798759
1.0,1,0.9697782
0.0,0,0.0010783981
0.0,0,0.3746651
0.0,0,0.020032663
0.0,0,0.019259913
0.0,0,0.0037095395
0.0,0,0.043229807
1.0,1,0.69270253
0.0,0,0.0071202954
1.0,0,0.39078468
1.0,1,0.9376712
1.0,1,0.9743264
0.0,0,0.12911023
1.0,1,0.9665827
0.0,0,0.012266232
1.0,1,0.44761392
1.0,1,0.9517853
1.0,1,0.76836216
1.0,1,0.86201125
0.0,1,0.52500427
0.0,1,0.6648967
1.0,1,0.9731481
0.0,0,0.14606214
1.0,1,0.96657
0.0,0,0.21056795
1.0,1,0.9439982
1.0,1,0.62089854
1.0,1,0.91176295
1.0,1,0.97634226
0.0,0,0.00870893
0.0,1,0.66357327
1.0,1,0.96905816
1.0,1,0.84848154
1.0,1,0.7976763
1.0,1,0.9701943
1.0,1,0.6667185
1.0,1,0.8225707
0.0,0,0.022565568
0.0,0,0.15931335
1.0,1,0.52870595
1.0,1,0.7222794
0.0,0,0.0015019745
1.0,1,0.97754043
1.0,1,0.90702236
1.0,0,0.08413434
0.0,0,0.051883824
1.0,1,0.911689
0.0,0,0.32689992
0.0,0,0.029406536
0.0,0,0.0036560264
0.0,0,0.027685694
0.0,0,0.0752542
0.0,0,0.22992629
0.0,0,0.033142608
1.0,1,0.80306184
0.0,0,0.0011976588
1.0,1,0.6142786
0.0,0,0.060882032
0.0,0,0.0034679128
1.0,1,0.5078914
0.0,0,0.021864654
0.0,0,0.0024918069
0.0,1,0.6487458
0.0,0,0.0031091664
1.0,1,0.56183815
0.0,1,0.53960854
0.0,1,0.855547
0.0,0,0.0053675743
0.0,0,0.0023455904
1.0,1,0.97861665
0.0,0,0.25197348
1.0,1,0.9724106
1.0,1,0.9196376
1.0,1,0.7479936
0.0,0,0.03891062
1.0,1,0.5582012
1.0,1,0.9635395
1.0,1,0.975532
1.0,1,0.9559661
1.0,1,0.46118623
1.0,1,0.94158036
1.0,1,0.8110702
0.0,0,0.010002696
1.0,1,0.9393752
0.0,0,0.0026757522
1.0,1,0.6483979
0.0,1,0.51950455
1.0,0,0.30054402
1.0,1,0.86414605
1.0,1,0.9595316
1.0,1,0.9733481
0.0,0,0.0009288919
1.0,1,0.67868364
1.0,0,0.41260314
1.0,1,0.84080327
0.0,0,0.043666653
1.0,1,0.9389034
0.0,0,0.17546234
0.0,0,0.021535568
0.0,0,0.20342834
0.0,0,0.074740104
0.0,0,0.0036740552
1.0,1,0.89480317
0.0,1,0.48795626
1.0,1,0.97298825
0.0,0,0.00493811
0.0,1,0.86350816
0.0,0,0.0082411235
1.0,1,0.7977223
1.0,1,0.9695236
0.0,0,0.17080842
0.0,1,0.7334255
0.0,0,0.09771491
0.0,0,0.0016132562
1.0,1,0.5135739
1.0,0,0.36765227
1.0,1,0.6511201
1.0,1,0.96440864
1.0,1,0.74642634
1.0,1,0.91955894
0.0,0,0.30789012
1.0,1,0.9198851
1.0,1,0.52080476
1.0,1,0.74658227
1.0,1,0.49727738
1.0,1,0.743334
0.0,0,0.0034268731
0.0,0,0.059715576
0.0,0,0.0011201308
1.0,1,0.9756171
1.0,1,0.798885
0.0,0,0.030140566
0.0,0,0.0005632135
1.0,1,0.9751521
1.0,1,0.87743044
0.0,0,0.044150773
0.0,0,0.17007579
1.0,1,0.95600265
1.0,1,0.8669431
0.0,0,0.01853491
0.0,0,0.004937236
1.0,1,0.8768188
0.0,0,0.17264478
1.0,1,0.694102
0.0,0,0.04219886
1.0,1,0.7050619
1.0,1,0.88309187
1.0,1,0.53413576
0.0,0,0.2841015
0.0,0,0.27632275
1.0,1,0.7674942
0.0,0,0.0036039762
1.0,1,0.6729121
1.0,1,0.9059694
0.0,0,0.41786212
1.0,1,0.9525971
1.0,1,0.8834388
0.0,0,0.0050558546
1.0,1,0.97247344
1.0,1,0.84194195
0.0,0,0.010465891
0.0,0,0.0288434
0.0,1,0.4515993
0.0,0,0.009536082
0.0,0,0.022623423
1.0,1,0.85716426
0.0,0,4.8532216e-05
1.0,1,0.8057893
0.0,0,0.023372639
0.0,0,0.29267642
0.0,0,0.15712067
1.0,1,0.74231553
0.0,0,0.011912486
1.0,1,0.96882874
1.0,1,0.88826346
0.0,0,0.003273477
0.0,0,0.06419402
1.0,0,0.36478794
1.0,1,0.7258444
0.0,0,0.007662756
1.0,1,0.5465038
0.0,0,0.22852114
0.0,0,0.00759637
1.0,1,0.9709376
1.0,1,0.7028476
1.0,1,0.9574707
1.0,1,0.6382185
0.0,0,0.059845287
0.0,0,0.35895234
0.0,0,0.018323606
1.0,1,0.94218045
1.0,1,0.76168764
0.0,0,0.17641707
1.0,1,0.6254362
0.0,0,0.14939377
1.0,1,0.8130861
1.0,1,0.70185447
1.0,1,0.96606255
0.0,0,0.00054145954
0.0,0,0.118205
0.0,0,0.0014896041
1.0,1,0.973055
0.0,0,0.0032931012
0.0,0,0.0068913405
0.0,1,0.9541093
0.0,0,0.101835705
0.0,0,0.17162895
1.0,1,0.629767
1.0,1,0.97040164
1.0,1,0.73999214
0.0,0,0.29337233
1.0,1,0.73992395
0.0,0,0.074945435
0.0,0,0.008910381
0.0,1,0.6099936
0.0,0,0.4156485
1.0,1,0.85483336
0.0,0,0.0028044812
1.0,1,0.70420945
1.0,1,0.7121476
1.0,1,0.6782875
1.0,1,0.96353596
1.0,1,0.62233126
0.0,0,0.42091477
1.0,0,0.12708457
0.0,0,0.008844465
0.0,0,0.11407851
0.0,0,0.1942497
1.0,1,0.9271936
0.0,1,0.811069
0.0,0,0.008246301
1.0,1,0.90193653
1.0,1,0.864045
1.0,1,0.5932229
1.0,1,0.9535354
1.0,0,0.25006077
1.0,1,0.9421855
1.0,1,0.97172755
0.0,1,0.48784387
1.0,1,0.8835203
0.0,0,0.0029105728
1.0,1,0.84381884
1.0,1,0.57785046
1.0,1,0.959038
0.0,0,0.18452188
1.0,1,0.96758837
1.0,1,0.97475654
0.0,0,0.20278333
0.0,0,0.026613876
0.0,0,0.01974948
1.0,0,0.15978211
0.0,0,0.10524241
0.0,0,0.08437143
0.0,0,0.0038232175
1.0,1,0.7976051
0.0,0,0.14244027
1.0,1,0.97728074
0.0,0,0.0076842513
0.0,0,0.0060976376
1.0,1,0.81028986
1.0,1,0.7692634
0.0,0,0.002127804
0.0,0,0.082660094
1.0,1,0.90824014
0.0,0,0.0012211895
1.0,1,0.5562928
1.0,1,0.97422093
0.0,0,0.0020643568
0.0,0,0.018097213
1.0,1,0.9427374
1.0,1,0.5863052
1.0,1,0.89099914
1.0,1,0.92749643
1.0,1,0.9677414
0.0,1,0.49161726
0.0,0,0.0029971162
0.0,0,0.20247851
1.0,1,0.8142687
1.0,1,0.97849226
1.0,1,0.79464585
0.0,0,0.06896081
1.0,1,0.5943036
1.0,1,0.55806756
1.0,0,0.19901374
1.0,1,0.65411747
0.0,1,0.5909567
1.0,1,0.94647914
0.0,0,0.0063803103
0.0,0,0.22653927
1.0,1,0.63382256
1.0,1,0.87943923
0.0,1,0.46224442
0.0,0,0.050340533
0.0,0,0.047513105
1.0,1,0.8307779
0.0,0,0.0012718721
1.0,0,0.39767855
0.0,0,0.00844724
1.0,1,0.97860575
1.0,0,0.17049663
0.0,1,0.6242223
0.0,0,0.39391443
1.0,1,0.7824671
1.0,1,0.9591941
1.0,1,0.9719468
0.0,1,0.71191835
0.0,0,0.054265156
1.0,1,0.9085054
0.0,0,0.05474253
1.0,1,0.91512376
1.0,1,0.8908099
1.0,0,0.06740273
0.0,0,0.2754245
1.0,1,0.97506946
1.0,1,0.93844175
1.0,1,0.8545383
1.0,1,0.9771675
1.0,1,0.5304314
0.0,0,0.04403962
0.0,0,0.016479447
1.0,1,0.9465567
1.0,1,0.9013877
0.0,1,0.59266055
1.0,1,0.81615824
0.0,0,0.002592212
0.0,0,0.024569223
1.0,1,0.5932878
1.0,1,0.869672
1.0,1,0.7123708
1.0,1,0.87521684
0.0,0,0.092395216
0.0,0,0.096179314
1.0,0,0.40726948
0.0,0,0.0005718128
0.0,0,0.072890095
1.0,1,0.75415325
1.0,1,0.6830342
0.0,0,0.15166046
1.0,1,0.92324436
1.0,1,0.6451838
1.0,1,0.9399597
0.0,0,0.018104983
1.0,1,0.6192756
1.0,1,0.92891395
1.0,1,0.4560924
0.0,1,0.89565444
1.0,1,0.8312619
1.0,1,0.70781964
1.0,1,0.9633023
1.0,1,0.9318476
0.0,0,0.0652851
1.0,1,0.62766516
1.0,1,0.63589686
1.0,1,0.7833683
1.0,1,0.97695404
1.0,1,0.7711954
0.0,0,0.014255395
1.0,1,0.72862345
0.0,0,0.20917785
1.0,1,0.4395414
1.0,1,0.6817569
1.0,1,0.96060085
1.0,1,0.969215
0.0,0,0.0456631
0.0,0,0.26447615
1.0,1,0.97778463
0.0,0,0.0032520553
0.0,1,0.46763086
1.0,1,0.8052876
1.0,0,0.2352558
0.0,0,0.23494741
0.0,0,0.001628524
1.0,1,0.9595559
1.0,1,0.75475705
1.0,1,0.7176071
0.0,0,0.4156739
0.0,0,0.10800626
1.0,1,0.9614863
0.0,0,0.003211527
1.0,1,0.91811603
0.0,0,0.01139264
0.0,0,0.003396804
1.0,1,0.9629325
1.0,1,0.66530836
1.0,1,0.6828038
0.0,0,0.003972079
1.0,1,0.811852
1.0,1,0.9649731
1.0,1,0.97469354
0.0,0,0.17206214
0.0,0,0.06914489
1.0,1,0.71795046
1.0,1,0.78551286
1.0,1,0.7055981
1.0,1,0.9619623
1.0,1,0.67126787
0.0,0,0.01370807
1.0,1,0.9215304
1.0,1,0.9651749
1.0,1,0.6991704
1.0,1,0.92454404
0.0,0,0.0077849985
0.0,0,0.01785194
0.0,0,0.28536826
1.0,1,0.94755507
0.0,0,0.0019019074
1.0,1,0.8782322
1.0,1,0.9350134
0.0,1,0.8422016
1.0,1,0.9278326
0.0,0,0.3493239
0.0,0,0.13610017
1.0,1,0.68285537
1.0,1,0.7320337
1.0,1,0.9749964
0.0,0,0.004184103
1.0,0,0.31339636
0.0,0,0.003391786
1.0,1,0.916211
0.0,0,0.0066641658
1.0,0,0.054754943
0.0,0,0.0017026955
1.0,1,0.7663796
1.0,1,0.9741569
1.0,1,0.5728879
1.0,1,0.6265414
0.0,0,0.0015014827
1.0,1,0.97872734
1.0,1,0.9194219
1.0,1,0.92071146
1.0,1,0.7698202
0.0,0,0.009872214
1.0,1,0.89897966
0.0,0,0.007131983
0.0,0,0.009412981
0.0,0,0.22818644
0.0,0,0.028323678
1.0,1,0.97911346
0.0,0,0.1318376
1.0,0,0.03304246
1.0,1,0.9132446
0.0,0,0.002372402
1.0,1,0.47958082
0.0,0,0.31337124
0.0,0,0.10649641
1.0,1,0.9635025
0.0,0,0.009320349
0.0,0,0.009485283
1.0,1,0.84538245
1.0,1,0.97134596
0.0,0,0.007659196
0.0,0,0.017388785
0.0,0,0.0016479078
1.0,1,0.8996851
1.0,1,0.77087706
0.0,0,0.023190217
0.0,0,0.06755495
0.0,0,0.0076060924
0.0,0,0.20410828
1.0,1,0.9551177
0.0,0,0.0009911857
0.0,0,0.22316511
0.0,0,0.1277428
0.0,0,0.052997466
0.0,0,0.09941089
0.0,0,0.09092679
0.0,0,0.073376946
0.0,0,0.0007153406
0.0,0,0.005389486
1.0,1,0.9304483
1.0,1,0.9764015
1.0,1,0.9740768
0.0,0,0.021733528
1.0,0,0.40140456
1.0,1,0.8560589
0.0,0,0.0010629481
0.0,0,0.14187689
0.0,1,0.4547728
1.0,1,0.91426766
0.0,0,0.016816806
1.0,1,0.96096194
1.0,1,0.89994514
1.0,1,0.75533915
1.0,1,0.61282444
0.0,0,0.0047680847
0.0,0,0.012384985
0.0,1,0.564011
0.0,0,0.0723108
0.0,0,0.059897628
0.0,1,0.9057038
1.0,0,0.17522684
1.0,1,0.63258326
1.0,1,0.63917726
0.0,0,0.14370327
1.0,1,0.7556282
0.0,0,0.14180821
1.0,1,0.6383395
1.0,0,0.08998757
1.0,1,0.96775365
1.0,1,0.6251981
1.0,1,0.9785509
1.0,1,0.96652883
1.0,1,0.95535666
0.0,0,0.11887321
0.0,0,0.33268332
1.0,1,0.8803505
0.0,0,0.029845465
1.0,1,0.9621365
0.0,0,0.02173428
1.0,1,0.84785885
1.0,0,0.1845444
0.0,0,0.068699166
1.0,1,0.89880157
1.0,1,0.71735656
1.0,1,0.8126607
1.0,1,0.94728285
0.0,0,0.003989729
0.0,0,0.0015011267
0.0,0,0.0035142773
1.0,1,0.9548743
1.0,1,0.6472218
1.0,1,0.73026943
1.0,1,0.8642973
1.0,1,0.81301796
1.0,1,0.9692004
0.0,0,0.004869887
0.0,0,0.0017042428
1.0,0,0.18057498
0.0,0,0.0021989385
1.0,1,0.9773128
0.0,0,0.08187344
0.0,0,0.30788246
0.0,0,0.09351688
0.0,1,0.8722298
0.0,0,0.056674648
0.0,1,0.68006766
1.0,1,0.9190219
1.0,1,0.9681174
1.0,1,0.9416019
0.0,0,0.003463687
0.0,0,0.0014460069
0.0,0,0.4046527
1.0,1,0.8783943
0.0,0,0.40886208
1.0,1,0.8618654
1.0,1,0.912686
1.0,1,0.6386162
0.0,0,0.15724199
1.0,1,0.70055056
0.0,0,0.0074638505
0.0,0,0.0026580847
1.0,1,0.693632
0.0,0,0.0019250629
1.0,0,0.1687854
0.0,0,0.0019037495
0.0,0,0.19677067
0.0,0,0.16168256
0.0,0,0.08242972
0.0,1,0.53078216
0.0,0,0.011092092
1.0,1,0.6235222
1.0,1,0.84439915
1.0,1,0.9768665
0.0,1,0.83680075
0.0,0,0.16859123
1.0,1,0.9575858
0.0,0,0.012130152
1.0,1,0.6298698
0.0,0,0.040281296
0.0,0,0.011027649
0.0,0,0.06212062
0.0,0,0.0008943646
0.0,0,0.21237716
0.0,0,0.0002789802
0.0,1,0.65785027
0.0,0,0.15230799
0.0,0,0.04015347
1.0,1,0.9079354
1.0,1,0.9511954
1.0,1,0.86236846
1.0,1,0.96393526
1.0,1,0.9778484
1.0,1,0.7551576
1.0,1,0.46499172
0.0,0,0.35849163
1.0,1,0.87667894
0.0,0,0.073600866
1.0,1,0.86297107
1.0,1,0.9550197
0.0,0,0.0045754276
0.0,0,0.0016250203
1.0,1,0.55820054
0.0,0,0.020785771
0.0,0,0.071325466
0.0,0,0.017413251
0.0,0,0.011743639
0.0,0,0.011981284
0.0,0,0.18241231
0.0,0,0.046674963
0.0,0,0.044857223
1.0,1,0.8252621
0.0,0,0.10964622
0.0,0,0.0149110705
0.0,0,0.0002214111
1.0,0,0.2843338
0.0,0,0.013850408
0.0,0,0.015512771
0.0,0,0.243092
1.0,0,0.16355921
0.0,0,0.0029774325
0.0,0,0.08978536
1.0,1,0.6366309
1.0,1,0.75865006
1.0,0,0.41073346
0.0,0,0.0043964563
0.0,0,0.0039237966
0.0,0,0.014265737
1.0,0,0.008313812
1.0,1,0.7738958
1.0,1,0.9795348
1.0,1,0.8894068
0.0,0,0.013061007
1.0,1,0.8151356
0.0,0,0.04154819
1.0,1,0.8118105
0.0,0,0.10760776
0.0,0,0.031902324
0.0,1,0.4593024
1.0,1,0.686946
0.0,1,0.7008059
1.0,1,0.9546248
1.0,1,0.6340034
1.0,1,0.8469789
1.0,1,0.8831711
0.0,0,0.10377208
1.0,1,0.9278446
1.0,1,0.9513134
1.0,1,0.9411019
1.0,1,0.9284102
0.0,0,0.012927048
0.0,0,0.050450932
0.0,0,0.0014612896
0.0,0,0.002021988
0.0,0,0.093830526
0.0,0,0.10424798
1.0,1,0.9515981
0.0,0,0.21967623
1.0,1,0.43770227
0.0,0,0.0509633
1.0,0,0.40946925
0.0,0,0.0023165836
1.0,1,0.91121626
1.0,1,0.9697675
0.0,0,0.42275333
1.0,1,0.9777817
0.0,0,0.0025453377
1.0,0,0.24292995
1.0,1,0.84481376
0.0,1,0.7297242
1.0,1,0.7906753
0.0,0,0.062185314
1.0,0,0.024492592
0.0,0,0.0015862875
1.0,1,0.93798643
1.0,1,0.9580228
1.0,1,0.97732466
0.0,0,0.0041752076
0.0,0,0.024692314
0.0,0,0.00040264524
1.0,1,0.9714407
1.0,1,0.90818834
0.0,0,0.13892871
0.0,0,0.00045695272
0.0,0,0.0072218976
0.0,0,0.0101408325
0.0,0,0.15583175
0.0,0,0.0106711015
1.0,0,0.23954241
1.0,1,0.4804601
1.0,1,0.9765191
0.0,0,0.41694805
0.0,0,0.12871744
1.0,1,0.74602747
1.0,1,0.97707105
1.0,1,0.73039234
0.0,0,0.23449472
0.0,0,0.07344595
0.0,0,0.0009114866
0.0,0,0.20758337
1.0,1,0.9660682
0.0,0,0.21500425
0.0,0,0.1631291
0.0,0,0.033926222
0.0,0,0.0012910352
1.0,1,0.6468092
1.0,1,0.94905305
0.0,0,0.0007036733
1.0,1,0.9484859
0.0,0,0.0645617
1.0,1,0.9693459
0.0,0,0.030292965
1.0,1,0.9593087
0.0,0,0.071760386
1.0,1,0.6810322
0.0,0,0.00073096197
1.0,1,0.6517876
0.0,0,0.00058052834
1.0,1,0.959297
1.0,1,0.9652714
0.0,0,0.121621855
1.0,1,0.49495628
0.0,0,0.024048531
1.0,1,0.9598749
1.0,1,0.97174037
1.0,1,0.7853171
1.0,0,0.42483455
0.0,0,0.22791448
1.0,1,0.768855
0.0,0,0.006681448
0.0,0,0.003891348
0.0,0,0.2070312
0.0,0,0.18672754
0.0,0,0.00690255
0.0,1,0.5549146
1.0,1,0.94820327
1.0,1,0.9802758
1.0,1,0.9582429
1.0,1,0.98040825
0.0,0,0.054233488
1.0,1,0.9494339
1.0,1,0.9592361
0.0,0,0.010491453
1.0,1,0.8555031
0.0,0,0.003404778
1.0,1,0.5075748
1.0,1,0.9388972
1.0,1,0.8098635
0.0,0,0.001549191
0.0,1,0.633947
1.0,1,0.79537326
1.0,1,0.60844713
1.0,1,0.9747052
0.0,0,0.2359865
0.0,0,0.20715775
1.0,1,0.84519535
1.0,1,0.83752257
0.0,0,0.019350307
0.0,0,0.0937112
0.0,0,0.09843757
1.0,1,0.7649916
0.0,1,0.6923812
1.0,1,0.78291756
1.0,1,0.5792373
1.0,1,0.9750941
0.0,0,0.0044016233
0.0,0,0.011156601
0.0,0,0.31314754
1.0,1,0.7810453
1.0,0,0.11922833
0.0,0,0.016551383
1.0,1,0.7571741
0.0,0,0.015793469
0.0,0,0.4268129
1.0,1,0.9239161
0.0,0,0.11504904
1.0,0,0.3797151
1.0,1,0.82641536
1.0,1,0.48066318
1.0,1,0.95393133
0.0,0,0.087275654
1.0,1,0.96400344
0.0,0,0.2401157
0.0,0,0.01614073
0.0,0,0.0006408961
0.0,0,0.24815862
0.0,0,0.04300534
1.0,0,0.33299237
0.0,0,0.00078760367
1.0,1,0.9576578
0.0,0,0.011914872
0.0,0,0.0077340384
0.0,0,0.08210548
1.0,1,0.91158754
0.0,1,0.62604403
0.0,0,0.02060182
1.0,1,0.97335273
1.0,1,0.866127
0.0,0,0.19545694
1.0,1,0.8721719
1.0,1,0.9585568
1.0,1,0.8375923
1.0,1,0.7846266
1.0,1,0.9419595
0.0,1,0.68435365
1.0,1,0.68677986
1.0,1,0.76804215
1.0,1,0.8588141
0.0,0,0.006313306
0.0,0,0.03254452
0.0,1,0.943328
1.0,1,0.8104602
0.0,0,0.0033400164
0.0,1,0.65794164
0.0,0,0.0035631862
0.0,0,0.013441311
0.0,0,0.08920895
1.0,0,0.394357
0.0,0,0.00018794755
1.0,1,0.9292389
1.0,1,0.6406721
0.0,0,0.016971238
0.0,0,0.011835669
0.0,0,0.06376704
1.0,1,0.9675554
1.0,1,0.8687724
1.0,1,0.6806563
0.0,0,0.34915578
1.0,1,0.9560769
1.0,1,0.7763186
1.0,1,0.76438296
1.0,1,0.6501212
0.0,0,0.0002860893
1.0,0,0.04611153
0.0,1,0.49875766
0.0,1,0.62381774
1.0,1,0.75233567
0.0,0,0.057054095
0.0,0,0.002071417
1.0,1,0.95447826
1.0,1,0.8799195
1.0,0,0.3167127
0.0,0,0.001044565
0.0,0,0.42452568
0.0,0,0.0030700236
0.0,0,3.6688172e-05
1.0,1,0.9502685
1.0,1,0.5792214
1.0,1,0.9452208
0.0,1,0.8480867
1.0,1,0.9663825
0.0,0,0.0031091443
0.0,0,0.01158084
0.0,0,0.21572979
0.0,0,0.0043321536
1.0,1,0.9755861
0.0,0,0.16307831
1.0,1,0.96627516
1.0,1,0.66395795
1.0,1,0.7484022
0.0,0,0.04317933
0.0,0,0.08453445
0.0,1,0.60471547
1.0,1,0.72641504
0.0,0,0.07365108
0.0,0,0.008701461
1.0,1,0.9499642
1.0,1,0.9697748
0.0,0,0.0039406614
0.0,0,0.036466815
0.0,1,0.54326355
1.0,1,0.9132316
1.0,1,0.44035208
0.0,0,0.0045164763
0.0,0,0.008542682
1.0,1,0.9708897
1.0,1,0.8706717
0.0,0,0.03214754
1.0,1,0.947975
1.0,1,0.67582667
1.0,1,0.9719519
1.0,1,0.51427656
1.0,1,0.9763547
1.0,0,0.2696813
0.0,0,0.03238681
0.0,0,0.055304486
0.0,0,0.0003728452
1.0,1,0.82170844
1.0,1,0.67399573
1.0,1,0.98046017
1.0,0,0.05245622
0.0,0,0.0993927
1.0,1,0.5250394
0.0,1,0.4581004
0.0,0,0.31375155
0.0,1,0.59061635
0.0,0,0.09629798
1.0,1,0.9776999
1.0,1,0.700861
0.0,0,0.005537546
1.0,1,0.94544756
1.0,1,0.95345736
1.0,1,0.9680788
0.0,0,0.0988573
0.0,0,0.08566092
1.0,1,0.85276085
1.0,1,0.93562055
0.0,0,0.051077023
0.0,0,0.0065605924
1.0,1,0.9325947
1.0,1,0.7909625
0.0,0,0.003286492
1.0,1,0.9774165
1.0,1,0.8913634
1.0,1,0.8258666
1.0,1,0.8894186
0.0,0,0.010890147
0.0,0,0.067299336
1.0,1,0.46703613
0.0,0,0.4119469
1.0,1,0.58155286
1.0,1,0.8168342
0.0,0,0.047401667
1.0,0,0.35865554
0.0,1,0.6603975
1.0,1,0.6953981
1.0,0,0.38306054
0.0,1,0.63588405
0.0,0,0.015689557
0.0,0,0.008153598
1.0,1,0.9790192
0.0,0,0.1308507
0.0,0,0.0021093062
0.0,0,0.009138105
1.0,0,0.016255371
0.0,0,0.06291049
0.0,0,0.027841892
1.0,1,0.9459912
1.0,1,0.784311
1.0,1,0.97035575
0.0,0,0.00012776125
1.0,1,0.6389967
0.0,0,0.0045901686
1.0,1,0.49610862
1.0,1,0.97345084
0.0,1,0.8215375
1.0,1,0.95559365
0.0,0,0.009165755
1.0,1,0.938391
0.0,0,0.13146316
1.0,1,0.96102804
0.0,1,0.6519134
1.0,1,0.8330635
1.0,1,0.95284873
1.0,1,0.71590173
1.0,1,0.6651723
0.0,0,0.0129064685
0.0,0,0.029121839
1.0,1,0.7304679
0.0,0,0.079431005
1.0,1,0.7069578
0.0,0,0.037991013
1.0,1,0.7214689
0.0,0,0.006400609
0.0,0,0.16378671
1.0,1,0.93358326
1.0,1,0.8203364
1.0,1,0.7880882
0.0,0,0.00043294605
0.0,0,0.0823718
0.0,0,0.30323535
1.0,1,0.9651618
0.0,0,0.09377338
1.0,1,0.96615773
1.0,1,0.5653919
1.0,1,0.81014675
0.0,0,0.02279004
1.0,1,0.9765497
0.0,0,0.06425146
1.0,1,0.73327386
0.0,0,0.024857465
1.0,1,0.53676885
1.0,1,0.95052266
1.0,1,0.80286777
0.0,0,0.0020795946
0.0,0,0.0846829
0.0,0,0.29939765
1.0,1,0.8434321
1.0,0,0.2950432
0.0,1,0.6542696
0.0,1,0.95444167
0.0,0,0.009956621
0.0,0,0.005203041
0.0,0,0.012163128
1.0,1,0.9289121
1.0,1,0.9514325
0.0,0,0.007420329
1.0,1,0.81767064
0.0,1,0.8181376
0.0,0,0.017406113
1.0,1,0.8483021
0.0,0,0.032442115
1.0,1,0.9231882
0.0,0,0.001142634
0.0,0,0.0119140465
1.0,1,0.9427231
0.0,0,0.0040690647
0.0,0,0.04949218
0.0,0,0.015150851
0.0,0,0.0036535335
1.0,1,0.5176377
0.0,0,0.009610486
1.0,1,0.95721287
0.0,0,0.3792547
0.0,0,0.07826781
0.0,0,0.00238626
1.0,1,0.6845155
0.0,1,0.6883713
0.0,0,0.0015092347
1.0,1,0.8643638
1.0,1,0.8203714
0.0,0,0.09764722
0.0,0,0.08603399
1.0,1,0.79819757
1.0,0,0.26872998
1.0,0,0.34406683
0.0,0,0.030775158
0.0,1,0.46949828
0.0,0,0.019914579
0.0,1,0.4576825
0.0,1,0.61176527
1.0,1,0.9785058
0.0,0,0.00087740173
1.0,1,0.96183383
1.0,1,0.9737192
1.0,1,0.9008099
1.0,1,0.8177783
1.0,1,0.7276114
0.0,0,0.13656454
0.0,0,0.019832863
1.0,1,0.9187048
0.0,0,0.013168708
1.0,1,0.5103929
1.0,1,0.73049104
1.0,1,0.94004947
1.0,1,0.5292237
1.0,1,0.7809539
1.0,1,0.9692237
0.0,0,0.009040343
0.0,0,0.26077732
1.0,1,0.9740168
0.0,0,0.008238794
0.0,0,0.108019955
0.0,0,0.32412085
1.0,1,0.6869453
1.0,1,0.76437956
1.0,0,0.3066566
1.0,1,0.8894218
0.0,0,0.1316641
1.0,1,0.89765024
0.0,1,0.8436532
1.0,1,0.91996926
1.0,1,0.9490938
1.0,1,0.8713412
1.0,1,0.90261316
1.0,0,0.3241915
1.0,1,0.90069854
0.0,0,0.009543579
0.0,0,0.0077746967
0.0,0,0.25170577
0.0,1,0.4910222
0.0,0,0.034795113
1.0,1,0.8756381
0.0,0,0.12692799
1.0,1,0.97146815
0.0,0,0.010581512
1.0,1,0.9361314
1.0,0,0.3199935
1.0,1,0.8791727
1.0,1,0.6832303
0.0,0,0.0034718402
0.0,0,0.021361291
1.0,1,0.8887269
0.0,0,0.06701536
0.0,0,0.41910484
0.0,0,0.007755639
0.0,0,0.0051211226
0.0,0,0.14470403
0.0,0,0.020697221
1.0,1,0.9050719
0.0,0,0.003036872
0.0,0,0.11147053
1.0,1,0.44780692
1.0,1,0.89914143
0.0,0,0.15248494
1.0,1,0.9794896
1.0,1,0.81963694
0.0,0,0.28693324
0.0,0,0.09169027
1.0,1,0.9254092
1.0,0,0.3964417
1.0,1,0.97067684
1.0,1,0.96572113
1.0,1,0.9767651
1.0,1,0.9550038
0.0,0,0.023035849
0.0,0,0.05030773
1.0,1,0.86268497
1.0,1,0.8517069
0.0,0,0.10992798
0.0,0,0.03796688
0.0,0,0.039255284
1.0,1,0.9642251
1.0,1,0.8113605
1.0,0,0.21560505
1.0,1,0.721239
1.0,1,0.8263265
1.0,1,0.66231334
1.0,1,0.5529642
1.0,1,0.93952274
0.0,1,0.51612294
1.0,1,0.9331568
0.0,0,0.03383737
0.0,0,0.082118556
0.0,0,0.07788679
0.0,0,0.023656169
1.0,1,0.8859278
1.0,1,0.71139824
0.0,0,0.014120057
0.0,0,0.27777517
1.0,1,0.4766079
1.0,1,0.6289439
0.0,0,0.0004727429
0.0,0,0.16194274
0.0,0,0.0042430065
1.0,1,0.8346989
0.0,0,0.035438232
1.0,1,0.71892625
1.0,1,0.8140544
1.0,1,0.9525162
0.0,1,0.5466428
0.0,0,0.00963977
0.0,0,0.14149182
1.0,1,0.9114639
0.0,1,0.61890566
1.0,1,0.97425115
0.0,0,0.011790993
0.0,0,0.036642853
0.0,1,0.48615554
1.0,1,0.7349774
0.0,0,0.17876405
0.0,0,0.17037903
1.0,1,0.97177464
0.0,1,0.6672653
0.0,1,0.4551361
0.0,0,0.00023707993
1.0,0,0.16677901
0.0,0,0.009677887
1.0,1,0.929551
0.0,0,0.0071125
0.0,0,0.05167805
0.0,0,0.0781832
0.0,0,0.05246685
1.0,0,0.33158505
0.0,0,0.012307248
1.0,1,0.7123246
1.0,1,0.5174873
1.0,1,0.97024614
1.0,1,0.97376513
1.0,1,0.6318239
1.0,1,0.76233125
0.0,0,0.022877598
0.0,0,0.0050754314
1.0,1,0.5253085
1.0,1,0.96591264
0.0,1,0.73760855
0.0,0,0.0022230705
0.0,0,0.020987881
1.0,1,0.91616356
1.0,1,0.9652002
1.0,1,0.9718003
1.0,1,0.75135046
1.0,1,0.9430796
0.0,0,0.055225678
0.0,0,0.115699895
1.0,1,0.8653737
1.0,0,0.31563672
1.0,1,0.8962198
1.0,0,0.030301476
1.0,1,0.9252589
0.0,0,0.011015601
1.0,1,0.6780412
1.0,1,0.93608695
0.0,0,0.049467377
1.0,1,0.5994098
0.0,0,0.33496967
0.0,0,0.15440805
1.0,0,0.40565255
0.0,0,0.06975549
0.0,1,0.4852027
0.0,0,0.007190444
1.0,1,0.9494804
0.0,1,0.48419636
1.0,1,0.48485678
0.0,0,0.012788496
1.0,1,0.93475103
0.0,0,0.008562356
1.0,1,0.96746784
0.0,0,0.030710198
0.0,0,0.10408115
1.0,1,0.46629366
1.0,1,0.9739137
0.0,0,0.06856222
0.0,0,0.004556079
0.0,0,0.14469716
0.0,0,0.090722635
0.0,0,0.008880168
0.0,0,0.01988952
1.0,1,0.7853409
1.0,1,0.90661824
0.0,0,0.11015788
0.0,0,0.0060979584
0.0,0,0.0022980154
0.0,0,0.1818981
0.0,0,0.11313202
1.0,1,0.8255262
0.0,0,0.0035885896
1.0,1,0.9317521
0.0,0,0.027086211
0.0,0,0.17810859
0.0,1,0.65672797
1.0,0,0.14434758
1.0,1,0.9729804
1.0,1,0.8215728
0.0,0,0.07007027
1.0,1,0.6210262
0.0,0,0.020767322
0.0,0,0.04275142
0.0,1,0.66161954
1.0,1,0.5213746
0.0,0,0.021756437
1.0,1,0.9619901
1.0,1,0.7859191
1.0,1,0.92359424
1.0,0,0.2679352
0.0,0,0.10053884
0.0,0,0.029946787
1.0,1,0.97919524
0.0,0,0.16682567
1.0,1,0.92909163
1.0,1,0.72393024
0.0,0,0.0024477958
0.0,0,0.059797708
0.0,1,0.6778555
1.0,0,0.2612351
1.0,1,0.91046923
1.0,1,0.92428374
0.0,0,0.023125345
0.0,0,0.39995697
1.0,0,0.33082643
1.0,1,0.96960795
0.0,0,0.0035985436
0.0,0,0.024954839
0.0,0,0.010786867
0.0,0,0.0037252977
1.0,0,0.30615506
1.0,1,0.81170976
1.0,1,0.9761735
1.0,1,0.88397175
0.0,0,0.05679571
1.0,1,0.944075
0.0,1,0.4902537
1.0,1,0.9138701
0.0,0,0.006518375
0.0,0,0.045202114
0.0,0,0.044865392
1.0,1,0.972196
0.0,0,0.005972059
1.0,1,0.8985008
0.0,0,0.043117143
0.0,0,0.2329941
1.0,1,0.5371069
1.0,1,0.9437952
1.0,1,0.94124156
1.0,1,0.91071963
0.0,0,0.008001483
0.0,0,0.07658905
0.0,0,0.03693584
1.0,1,0.60940164
1.0,1,0.9371427
1.0,1,0.9154933
0.0,0,0.004081631
0.0,0,0.00010688144
1.0,1,0.9300207
1.0,1,0.8164318
1.0,1,0.9311459
1.0,1,0.8227495
1.0,1,0.97705936
0.0,0,0.20446162
1.0,1,0.89578336
1.0,1,0.5881249
1.0,1,0.7644994
1.0,1,0.8007842
0.0,1,0.66444594
1.0,1,0.8113351
0.0,0,0.018624093
0.0,0,0.00523835
0.0,0,0.0089472765
1.0,1,0.95329905
0.0,0,0.15857078
1.0,1,0.9683435
0.0,0,0.0019834775
0.0,1,0.879453
1.0,1,0.979746
1.0,1,0.73233527
1.0,1,0.6062825
0.0,0,0.160691
0.0,0,0.0014646624
1.0,1,0.6801733
1.0,1,0.7492693
1.0,1,0.8531898
0.0,0,0.011926222
1.0,1,0.97173256
0.0,0,0.004714146
1.0,1,0.62310684
0.0,0,0.05023096
1.0,1,0.6413095
1.0,0,0.39424455
1.0,1,0.9309329
1.0,1,0.9315215
1.0,1,0.84884524
0.0,0,0.00037626663
1.0,1,0.87362075
0.0,0,0.1667217
0.0,0,0.023814203
0.0,0,0.0106758345
1.0,1,0.7823436
0.0,0,0.014402229
0.0,0,0.27827874
1.0,0,0.37907088
1.0,1,0.966053
1.0,1,0.97652125
0.0,0,0.021367103
1.0,1,0.9611723
0.0,0,0.096656874
1.0,1,0.9134528
1.0,1,0.58316183
0.0,0,0.0037498397
1.0,1,0.65460813
0.0,1,0.7313274
0.0,0,0.13672788
1.0,0,0.32182956
0.0,0,0.023078112
1.0,1,0.79554737
1.0,1,0.9382416
0.0,0,0.0025485829
0.0,0,0.02528375
1.0,1,0.95602995
0.0,0,0.003075566
1.0,1,0.5736087
1.0,1,0.96844304
0.0,0,0.39516276
1.0,1,0.97815543
0.0,0,0.005265549
0.0,0,0.100613065
1.0,1,0.92938954
1.0,1,0.9619762
1.0,0,0.03478379
0.0,0,0.00066940766
1.0,1,0.9516799
0.0,0,0.05437863
0.0,0,0.00032308733
1.0,1,0.86643326
1.0,1,0.9772514
1.0,1,0.5625398
1.0,1,0.77580243
0.0,0,0.0011704029
0.0,0,0.0063879336
1.0,1,0.9535573
1.0,1,0.7352936
0.0,0,0.054588262
0.0,0,0.40539667
1.0,1,0.93585914
0.0,1,0.4484268
0.0,0,0.19138345
0.0,0,0.0013635533
0.0,0,0.027493972
1.0,1,0.9715323
0.0,0,0.006689158
0.0,0,0.042802244
1.0,1,0.9582944
1.0,1,0.9724678
0.0,1,0.44400775
1.0,1,0.97707516
0.0,0,0.0032908183
1.0,1,0.89480084
0.0,0,0.004625545
1.0,1,0.8160319
1.0,1,0.90148735
1.0,1,0.9734785
1.0,1,0.9657081
1.0,1,0.81628734
0.0,0,0.030703355
0.0,1,0.46718973
0.0,0,0.008512735
0.0,0,0.38532898
0.0,0,0.001641904
1.0,1,0.69413614
0.0,0,0.036283877
1.0,1,0.93220186
1.0,1,0.6517025
1.0,0,0.37634346
0.0,0,0.025672613
1.0,0,0.3365166
1.0,0,0.3255442
1.0,1,0.92247355
0.0,0,0.050863735
0.0,0,0.009586186
1.0,1,0.75282943
1.0,1,0.943809
0.0,0,0.17157683
0.0,0,0.002392903
0.0,0,0.0070475694
1.0,1,0.7452368
1.0,1,0.83735645
1.0,1,0.9081608
1.0,1,0.685364
0.0,0,0.001873265
0.0,0,0.0104722725
1.0,1,0.6956984
1.0,1,0.9233962
0.0,0,0.017744416
0.0,0,0.000716833
0.0,0,0.14239971
1.0,1,0.896869
1.0,1,0.97829336
0.0,0,0.27190918
0.0,0,0.0013270135
0.0,0,0.004830822
1.0,1,0.96722484
1.0,1,0.7677745
0.0,0,0.011523217
0.0,0,0.2263999
0.0,0,0.1357957
0.0,1,0.5877471
1.0,1,0.8266307
1.0,1,0.80280083
0.0,0,0.07043642
1.0,1,0.86850077
0.0,1,0.5350185
1.0,1,0.8612533
1.0,1,0.8782167
1.0,1,0.9601441
1.0,1,0.80564153
0.0,0,0.07671114
1.0,1,0.93310297
0.0,0,0.011210164
0.0,0,0.0012107493
0.0,0,0.027099231
1.0,1,0.88604546
0.0,0,0.09484855
1.0,0,0.24591626
1.0,1,0.920477
1.0,1,0.56213653
0.0,0,0.03440722
1.0,1,0.7547532
0.0,0,0.009621722
1.0,1,0.9638877
1.0,1,0.94286346
0.0,0,0.033269644
0.0,1,0.59930754
1.0,1,0.9377529
0.0,0,0.16073358
1.0,1,0.89211345
1.0,1,0.85940915
0.0,0,0.0375607
1.0,1,0.96673435
1.0,1,0.65283877
0.0,1,0.46445686
0.0,0,0.009913557
1.0,1,0.9648929
0.0,0,0.035424624
0.0,0,0.24929243
0.0,1,0.77668625
0.0,0,0.035809983
0.0,0,0.00075393036
1.0,1,0.83297896
1.0,0,0.21229187
0.0,0,0.28412682
1.0,1,0.8547942
0.0,0,0.09994953
1.0,1,0.9605332
1.0,1,0.9119672
0.0,0,0.0027575358
1.0,1,0.5115993
1.0,1,0.8251171
1.0,1,0.91599977
0.0,1,0.48593572
1.0,1,0.956534
1.0,1,0.72008646
0.0,0,0.30978075
0.0,0,0.009614095
0.0,0,0.00220016
1.0,1,0.6818694
0.0,0,0.41860244
1.0,1,0.8893357
0.0,0,0.029248185
0.0,0,0.04280219
0.0,0,0.005638042
0.0,0,0.0032407069
0.0,0,0.005416838
1.0,1,0.49403563
0.0,0,0.016108314
1.0,1,0.8044542
0.0,0,0.044212032
0.0,0,0.32053295
1.0,1,0.9589071
1.0,1,0.9618188
0.0,0,0.027513016
0.0,0,0.00022331583
0.0,0,0.0081884945
1.0,1,0.88732415
1.0,1,0.9781233
0.0,0,0.13274598
0.0,0,0.044845317
1.0,1,0.974618
1.0,1,0.5115323
0.0,0,0.067436606
0.0,0,0.03251859
0.0,0,0.048254725
0.0,0,0.015788093
0.0,0,0.078937404
1.0,1,0.85673475
1.0,1,0.9647433
0.0,0,0.27504838
0.0,0,0.03231073
0.0,0,0.00832456
1.0,1,0.78206253
0.0,0,0.26840007
1.0,1,0.91367584
0.0,0,0.009771614
1.0,1,0.9531868
0.0,0,0.17675707
1.0,1,0.72138226
1.0,1,0.63011456
0.0,0,0.0025302847
1.0,1,0.6165664
1.0,1,0.9664804
1.0,1,0.9641386
1.0,1,0.802604
0.0,0,0.27138045
0.0,0,0.000829019
1.0,1,0.9656107
1.0,1,0.9698424
0.0,0,0.032192666
1.0,1,0.736843
1.0,1,0.94332325
1.0,1,0.87732047
1.0,1,0.8773883
1.0,1,0.9769357
1.0,1,0.9593727
1.0,1,0.97402585
1.0,1,0.89001244
1.0,1,0.43910727
1.0,1,0.45975676
0.0,0,0.0016126742
0.0,0,0.0012061226
0.0,0,0.15374199
1.0,1,0.78571117
0.0,0,0.0035503607
1.0,1,0.60816413
0.0,0,0.016452085
1.0,1,0.78047574
1.0,1,0.96891433
1.0,1,0.63562566
1.0,1,0.9743691
1.0,1,0.9488281
1.0,1,0.89423037
1.0,1,0.6407132
0.0,0,0.24327731
0.0,0,0.031737376
0.0,0,0.031136982
1.0,1,0.84950364
1.0,1,0.6403866
1.0,1,0.47011298
1.0,0,0.12352147
0.0,0,0.26479533
0.0,0,0.0092265755
0.0,0,0.03801824
1.0,1,0.82180506
0.0,0,0.0012050092
1.0,1,0.8917574
1.0,1,0.9721327
1.0,1,0.7824687
0.0,1,0.80650973
0.0,0,1.3700443e-05
0.0,0,0.038903713
1.0,1,0.88737404
1.0,1,0.9748993
0.0,0,0.1384922
1.0,1,0.8683882
0.0,0,0.0058375066
0.0,0,0.0035931622
1.0,1,0.58455527
1.0,1,0.92295474
1.0,1,0.8355329
0.0,0,0.34560978
1.0,1,0.97614783
0.0,0,0.005078057
1.0,1,0.7364604
0.0,0,0.061669346
0.0,0,0.009195275
1.0,1,0.847501
1.0,1,0.69536793
0.0,0,0.058507953
0.0,0,0.014947571
0.0,0,0.30494878
0.0,0,0.070176564
0.0,0,0.0095651485
1.0,1,0.76874584
0.0,1,0.53709924
0.0,1,0.7452949
1.0,1,0.73178047
1.0,1,0.95563686
1.0,1,0.8945108
1.0,1,0.87425506
1.0,1,0.9323838
0.0,0,0.09992414
0.0,0,0.0069204653
1.0,1,0.5089539
0.0,0,0.0061906776
1.0,1,0.9740262
0.0,0,0.0008402065
1.0,1,0.97133833
1.0,1,0.63515174
1.0,1,0.94488424
0.0,0,0.021288117
0.0,0,0.007962312
0.0,0,0.01171335
1.0,1,0.9510607
1.0,1,0.97383785
1.0,1,0.9722456
0.0,0,0.0032843028
1.0,1,0.8357854
0.0,0,0.1742548
1.0,1,0.83538556
0.0,0,0.034559555
1.0,1,0.97038484
1.0,0,0.23367995
1.0,1,0.87610877
1.0,1,0.83042777
0.0,1,0.89677763
0.0,0,0.153141
0.0,0,0.098366074
0.0,0,0.062298678
0.0,0,0.35488597
0.0,0,0.0011647063
1.0,1,0.90058815
0.0,1,0.60496986
1.0,1,0.9752245
1.0,1,0.8541651
0.0,0,0.10913113
1.0,1,0.93995315
1.0,0,0.27018777
0.0,0,0.002743585
1.0,0,0.17191683
0.0,0,0.122107945
0.0,0,0.34607893
0.0,0,0.0042242478
1.0,1,0.93031424
1.0,1,0.88666356
0.0,0,0.35432824
0.0,0,0.0006376278
0.0,0,0.03558054
1.0,1,0.8581489
0.0,0,0.01600923
0.0,0,6.2123625e-05
1.0,1,0.96826285
1.0,0,0.2089904
0.0,0,0.020490482
0.0,0,0.011960061
1.0,1,0.8845003
0.0,0,0.11350103
0.0,1,0.9604379
1.0,1,0.8863561
1.0,1,0.5814238
1.0,1,0.7330605
1.0,1,0.6740994
1.0,0,0.09823638
1.0,1,0.9704666
0.0,0,0.07874157
1.0,1,0.8592091
1.0,1,0.9458494
0.0,1,0.7506315
1.0,1,0.7908392
0.0,0,0.05693067
0.0,0,0.005872594
0.0,0,0.00026561087
1.0,1,0.8149195
1.0,1,0.5249795
0.0,0,0.03894358
1.0,1,0.92643476
0.0,0,0.29447654
0.0,0,0.15304105
1.0,1,0.7438909
1.0,1,0.9486307
0.0,1,0.5701445
1.0,0,0.28991935
0.0,0,0.0024565954
0.0,0,0.015359572
1.0,1,0.92008406
1.0,1,0.7326283
1.0,1,0.83541065
0.0,1,0.8149364
0.0,0,0.021581527
1.0,1,0.9296813
0.0,0,0.09833851
0.0,0,0.24014011
1.0,1,0.5598363
1.0,1,0.9461279
1.0,1,0.8854473
1.0,1,0.9017527
1.0,1,0.77820385
1.0,0,0.077142484
1.0,1,0.8842132
1.0,1,0.76055664
1.0,1,0.51198584
0.0,1,0.43917117
1.0,1,0.97981626
0.0,0,0.0013338412
1.0,0,0.36847574
1.0,1,0.740851
0.0,0,0.00444231
1.0,1,0.9591612
1.0,1,0.9458236
0.0,0,0.0029722522
0.0,0,0.36801082
1.0,1,0.8772892
1.0,1,0.8023984
1.0,1,0.9341134
0.0,1,0.57393146
0.0,0,0.082465366
1.0,1,0.96792114
0.0,0,0.009223529
1.0,1,0.9121046
1.0,1,0.6993223
1.0,1,0.9709212
1.0,1,0.7061063
0.0,0,0.051863905
0.0,0,0.110139936
0.0,0,0.010600039
1.0,0,0.09897788
0.0,0,0.0048020897
0.0,0,0.07895012
1.0,1,0.5769467
1.0,1,0.9758859
0.0,0,0.0024946958
1.0,1,0.95925915
1.0,1,0.7897421
1.0,1,0.7821249
1.0,1,0.97280884
0.0,0,0.03515709
0.0,0,0.012510123
0.0,0,0.21406409
1.0,1,0.8963833
1.0,1,0.97139335
1.0,1,0.519125
0.0,0,0.080163114
0.0,0,0.010298211
1.0,1,0.7251101
1.0,1,0.9670048
0.0,0,0.0005164763
0.0,0,0.1481645
0.0,0,0.20564862
1.0,1,0.7718258
0.0,0,0.005484913
0.0,0,0.0063017923
0.0,0,0.32937163
0.0,0,0.01158232
0.0,0,0.0044739684
0.0,0,0.29078016
1.0,1,0.96017504
1.0,1,0.7311018
0.0,0,0.015699692
0.0,0,0.14245151
0.0,0,0.0022096026
1.0,1,0.64217776
0.0,0,7.464964e-05
0.0,0,0.0955453
0.0,0,0.14281064
0.0,1,0.9766568
1.0,1,0.7842524
1.0,1,0.9161758
0.0,1,0.72792447
0.0,0,0.016357688
1.0,1,0.8151202
0.0,1,0.59104466
1.0,1,0.9550309
0.0,0,0.15637946
0.0,0,0.02913305
0.0,0,0.0801817
1.0,1,0.78400534
1.0,1,0.46146867
0.0,0,0.0016796171
0.0,0,0.036024734
1.0,1,0.9257899
1.0,1,0.9743611
0.0,0,0.027549982
0.0,0,0.01713114
0.0,0,0.0315716
1.0,1,0.70770454
0.0,0,0.017794093
1.0,1,0.88550997
1.0,1,0.5528396
1.0,1,0.7413293
0.0,0,0.11367151
0.0,0,0.13297221
1.0,1,0.9561277
0.0,0,0.29424614
1.0,1,0.48288214
0.0,0,0.0021643413
0.0,1,0.5208326
1.0,1,0.7769927
0.0,0,0.015932702
1.0,1,0.73114717
0.0,0,0.3787299
0.0,0,0.14245512
1.0,1,0.96783024
0.0,0,0.08867869
0.0,0,0.13742808
1.0,1,0.7156092
0.0,0,0.10831998
0.0,0,0.0062218406
1.0,1,0.933701
0.0,0,0.14571555
0.0,0,0.0066460245
0.0,0,0.06933583
0.0,0,0.0038525497
0.0,0,0.12992807
1.0,1,0.88081867
1.0,1,0.6698558
0.0,0,0.1418389
0.0,1,0.54859066
1.0,1,0.8743667
1.0,1,0.45656496
0.0,0,0.29719767
1.0,1,0.97674316
0.0,0,0.019072155
0.0,0,0.07735218
0.0,0,0.05995172
0.0,0,0.30259174
1.0,1,0.92631817
1.0,1,0.93010294
0.0,0,0.03455583
0.0,0,0.3835717
1.0,1,0.624689
0.0,0,0.061570644
1.0,0,0.3761618
1.0,0,0.4148615
0.0,0,0.020851979
0.0,0,0.002094473
1.0,1,0.97567844
0.0,0,0.006024576
1.0,1,0.44892734
0.0,0,0.030252691
0.0,0,0.0075521036
0.0,0,0.32181096
1.0,1,0.7496853
1.0,1,0.85729635
0.0,0,0.044553198
0.0,1,0.75369895
1.0,1,0.925468
0.0,0,0.010463369
1.0,1,0.826601
0.0,0,0.020083819
1.0,1,0.92180526
0.0,0,0.2115172
0.0,0,0.0013368427
0.0,0,0.109333426
0.0,0,0.057315264
0.0,0,0.28323007
1.0,1,0.6634588
1.0,0,0.15328328
0.0,0,0.03042254
0.0,0,0.1253935
1.0,1,0.9635743
1.0,1,0.93354005
1.0,1,0.79175574
1.0,1,0.95381933
1.0,1,0.9169442
1.0,1,0.96851724
0.0,0,0.16947816
0.0,1,0.43221888
0.0,0,0.10619697
0.0,0,0.019799823
0.0,0,0.15500411
1.0,1,0.9288263
1.0,1,0.6577423
1.0,1,0.9574347
0.0,0,0.3679268
1.0,1,0.7136725
0.0,0,0.04592211
1.0,1,0.82083446
1.0,1,0.8114421
0.0,0,0.021799618
0.0,0,0.05975434
0.0,0,0.06456168
1.0,0,0.17332278
0.0,0,0.040933404
1.0,1,0.6856974
0.0,0,0.00029176255
1.0,1,0.9638247
0.0,0,0.01995668
1.0,1,0.8872874
0.0,0,0.014977882
0.0,0,0.01908114
1.0,1,0.7240082
1.0,1,0.96309865
0.0,0,0.08895457
1.0,1,0.92847466
1.0,1,0.9702951
1.0,1,0.96872747
1.0,1,0.83100384
1.0,1,0.8532248
0.0,0,0.0679791
1.0,1,0.7886014
0.0,0,0.025500465
1.0,1,0.6902467
1.0,1,0.9254491
0.0,0,0.0015657919
0.0,0,0.13464127
1.0,1,0.96082056
0.0,0,0.050654452
0.0,1,0.5249368
1.0,1,0.7873583
1.0,1,0.79137194
1.0,1,0.9416208
0.0,0,0.24841826
1.0,1,0.9473483
0.0,0,0.01998877
1.0,1,0.5992055
1.0,0,0.15924005
1.0,1,0.974343
0.0,0,0.0908265
1.0,1,0.81262237
0.0,0,0.07866675
1.0,1,0.8090464
1.0,1,0.7635085
1.0,1,0.737513
0.0,0,0.064206585
1.0,1,0.6182861
0.0,0,0.057554003
0.0,0,0.0071314764
1.0,1,0.9749324
0.0,0,0.0007509693
0.0,0,0.059651807
0.0,0,0.048454784
1.0,1,0.9763151
0.0,1,0.8495501
1.0,1,0.6459498
1.0,1,0.8235827
1.0,0,0.38528794
1.0,1,0.8794098
1.0,1,0.77338606
1.0,1,0.9701812
0.0,0,0.055890106
1.0,1,0.8727735
1.0,1,0.96919954
1.0,1,0.72856855
0.0,0,0.08821276
1.0,1,0.6208483
0.0,0,0.17337832
1.0,0,0.17063455
1.0,0,0.15669169
0.0,0,0.31032357
1.0,1,0.5035509
0.0,1,0.7889063
1.0,1,0.9087614
0.0,1,0.45647702
1.0,1,0.8531623
1.0,1,0.9173829
0.0,1,0.8272677
0.0,0,0.037970733
1.0,1,0.97657764
0.0,0,0.0025805805
0.0,0,0.09256282
0.0,0,0.0053036683
0.0,0,0.028031753
0.0,0,0.06867408
0.0,0,0.30894458
0.0,0,0.42031246
0.0,0,0.11193065
1.0,1,0.87371385
0.0,0,0.020264093
1.0,1,0.9491107
0.0,0,0.10833654
0.0,0,0.29133385
0.0,0,0.02511414
1.0,1,0.6956334
1.0,1,0.7976034
0.0,0,0.03236362
0.0,0,0.022966104
0.0,0,0.011141844
0.0,0,0.18301956
0.0,0,0.00014108984
1.0,1,0.9768932
1.0,1,0.8011353
0.0,0,0.030818634
0.0,1,0.63706887
0.0,0,0.10389894
0.0,1,0.58770347
0.0,0,0.21343522
0.0,0,0.037949346
0.0,0,0.01619661
1.0,1,0.9388813
0.0,0,0.033834063
0.0,0,0.0064382576
1.0,1,0.46140906
0.0,0,0.0027044863
1.0,1,0.9740511
1.0,1,0.91812736
0.0,0,0.0597076
0.0,0,0.0165581
0.0,0,0.24993752
1.0,1,0.9787384
0.0,0,0.010841201
1.0,1,0.8198906
1.0,1,0.63483006
1.0,1,0.85212636
1.0,1,0.9749798
0.0,0,0.0014194153
0.0,0,0.07561335
1.0,1,0.95694745
0.0,0,0.04177686
1.0,1,0.50256145
0.0,0,0.0017895448
0.0,0,0.012453259
1.0,1,0.97314924
0.0,0,0.41116166
0.0,0,0.14194573
1.0,1,0.55506974
0.0,0,0.021621866
0.0,0,0.042161707
1.0,1,0.9712034
0.0,0,0.00526227
0.0,0,0.0036502092
1.0,1,0.8743769
1.0,1,0.9194666
0.0,0,0.32886305
0.0,0,0.0022087677
0.0,0,0.014627026
1.0,1,0.77566713
1.0,1,0.9590741
0.0,0,0.022991283
0.0,0,0.010818509
0.0,0,0.045133203
0.0,0,0.0004944903
0.0,0,0.08633407
0.0,0,0.04216816
0.0,0,0.01441542
1.0,1,0.92546475
0.0,0,0.0039212923
0.0,0,0.10541552
1.0,1,0.95113415
0.0,0,0.0053234925
1.0,1,0.97078884
0.0,0,0.04614558
1.0,1,0.9604639
1.0,1,0.8520961
1.0,1,0.7702615
0.0,0,0.025887443
0.0,0,0.050598536
0.0,0,0.00906846
1.0,1,0.47200564
0.0,0,0.25424463
1.0,0,0.38796183
0.0,0,0.110307634
0.0,0,0.041005302
0.0,0,0.011582155
1.0,1,0.64357805
1.0,1,0.97109187
0.0,0,0.119108655
1.0,1,0.87580425
1.0,0,0.13336836
1.0,1,0.97244817
1.0,1,0.96205837
0.0,1,0.6860795
0.0,0,0.006796456
0.0,0,0.0052362783
1.0,1,0.9697975
1.0,1,0.8773099
0.0,0,0.0031566622
0.0,0,0.03333533
0.0,0,0.018168475
1.0,0,0.15297954
0.0,0,0.1465276
1.0,1,0.8567733
1.0,1,0.83297604
1.0,1,0.47215223
0.0,0,0.090393625
0.0,0,0.004266996
1.0,1,0.5476722
1.0,1,0.8042106
0.0,0,0.0022925523
0.0,0,0.3092542
0.0,0,0.008278227
1.0,1,0.9688427
1.0,1,0.83951414
1.0,1,0.8932525
1.0,1,0.88623047
1.0,1,0.95532674
1.0,1,0.48082435
0.0,0,0.023155807
1.0,1,0.5822995
1.0,1,0.9683921
0.0,0,0.12695172
1.0,1,0.9708416
1.0,1,0.8963932
1.0,1,0.92924446
1.0,1,0.8832336
0.0,0,0.0060754893
1.0,1,0.8785416
0.0,1,0.82913625
1.0,1,0.9556374
0.0,0,0.11258224
0.0,0,0.040985793
1.0,1,0.5015605
1.0,1,0.8536148
0.0,0,0.008866074
1.0,1,0.9049524
1.0,1,0.7299468
1.0,1,0.5662104
1.0,1,0.8389067
0.0,0,0.26710573
0.0,1,0.48320746
0.0,0,0.025559131
0.0,0,0.39123103
0.0,0,0.0041295257
1.0,1,0.92877316
0.0,0,0.21434408
0.0,0,0.00045031172
0.0,1,0.7354895
0.0,0,0.0016199942
0.0,0,0.026795616
0.0,0,0.0016734016
0.0,0,0.17916672
1.0,1,0.9715039
0.0,0,0.1569617
1.0,1,0.8699225
1.0,1,0.80474424
0.0,0,0.0054910188
1.0,1,0.8900024
1.0,1,0.87126076
0.0,0,0.40888074
0.0,0,0.29129073
1.0,1,0.9547107
0.0,0,0.009784892
1.0,1,0.8496861
0.0,0,0.009518951
1.0,1,0.9664921
0.0,0,0.041650053
0.0,0,0.0035503188
1.0,1,0.9749829
0.0,0,0.03994304
0.0,0,0.16663222
0.0,0,0.00925584
0.0,0,0.32175118
0.0,0,0.12759225
1.0,1,0.60381925
0.0,0,0.34388784
1.0,1,0.78970337
0.0,1,0.51461506
0.0,0,0.13711965
0.0,1,0.5556705
1.0,1,0.8046059
1.0,0,0.2054127
0.0,0,0.11444297
1.0,1,0.7706943
1.0,1,0.8380984
1.0,1,0.9710781
0.0,0,0.39381516
0.0,0,0.20416
1.0,1,0.97612447
0.0,0,0.013484733
1.0,1,0.96857727
1.0,1,0.86791474
0.0,0,0.0859107
0.0,0,0.05992618
0.0,0,0.03718849
0.0,0,0.014516343
1.0,1,0.8648454
0.0,0,0.00034123845
1.0,1,0.95982337
1.0,1,0.9769273
0.0,0,0.02157763
0.0,0,0.045798734
0.0,0,0.0077095367
0.0,0,0.039346773
1.0,1,0.8491306
1.0,0,0.27963462
1.0,1,0.9748421
1.0,1,0.9773606
0.0,0,0.054561235
0.0,1,0.7040269
0.0,0,0.018715806
1.0,1,0.61686426
1.0,1,0.68029815
0.0,0,0.00060310814
0.0,0,0.375264
1.0,1,0.529264
0.0,0,0.00015379746
0.0,0,0.004605854
0.0,0,0.004755949
0.0,0,0.0024273114
1.0,1,0.948316
1.0,1,0.76836175
1.0,0,0.38479945
0.0,0,0.119112805
0.0,0,0.00052816287
0.0,0,0.022685248
0.0,0,0.04064769
1.0,1,0.8164051
0.0,1,0.44729185
1.0,1,0.9129158
1.0,1,0.9626782
0.0,0,0.02235448
0.0,0,0.004737216
1.0,1,0.4523404
0.0,0,0.0073520076
1.0,0,0.17442995
0.0,0,0.0712723
1.0,1,0.9439474
0.0,0,0.0003037433
1.0,1,0.95542073
1.0,1,0.85825574
0.0,0,0.10734569
0.0,0,0.11180944
1.0,1,0.9480093
0.0,0,0.007419108
0.0,0,0.0020551775
1.0,1,0.7521931
1.0,1,0.9440176
1.0,1,0.93684995
1.0,1,0.7912165
0.0,0,0.017509835
0.0,0,0.012921276
0.0,0,0.091908194
1.0,1,0.77438116
1.0,1,0.7941895
1.0,1,0.9491061
0.0,0,0.11945074
0.0,1,0.7177292
1.0,1,0.9467398
1.0,1,0.96288663
1.0,1,0.82703656
0.0,0,0.0017284349
0.0,0,0.2406782
1.0,1,0.9681563
1.0,1,0.73357844
0.0,0,0.0024111003
1.0,1,0.91387165
1.0,1,0.9767774
1.0,1,0.83577085
1.0,0,0.29056475
1.0,1,0.9537591
1.0,1,0.94328266
1.0,1,0.9322243
1.0,1,0.90377456
1.0,1,0.71191746
1.0,1,0.95861363
1.0,1,0.9686936
1.0,1,0.92284083
0.0,0,0.002593739
1.0,1,0.9269545
1.0,1,0.954105
1.0,1,0.664887
0.0,0,0.0020136617
1.0,1,0.7005651
0.0,0,0.2288393
0.0,0,0.019821176
0.0,0,0.034546845
0.0,0,0.28494453
1.0,1,0.56929886
0.0,0,0.0009324353
0.0,0,0.022963183
0.0,0,0.3134166
0.0,0,0.005705524
0.0,1,0.6711142
0.0,0,0.015579046
1.0,1,0.9214781
0.0,0,0.06504247
0.0,0,0.085510164
1.0,1,0.8967947
0.0,0,0.043069407
1.0,1,0.94544864
1.0,1,0.96086466
1.0,1,0.95809555
1.0,1,0.85457015
1.0,1,0.9726751
0.0,0,0.13968618
0.0,0,0.086003505
1.0,1,0.9339206
1.0,1,0.87127054
0.0,0,0.005725983
0.0,0,0.0011396408
1.0,1,0.79696006
0.0,0,0.38009548
1.0,1,0.9741595
1.0,1,0.97021085
1.0,1,0.7089758
1.0,1,0.8035579
1.0,1,0.7403476
0.0,0,0.12767635
1.0,1,0.9065337
1.0,1,0.4402644
0.0,0,0.053077888
0.0,0,0.0016628116
1.0,1,0.9229643
0.0,0,0.0563556
0.0,0,0.0074673877
1.0,1,0.8719709
1.0,1,0.9643633
0.0,0,0.022647709
1.0,1,0.9777568
1.0,1,0.7471716
0.0,0,0.007828212
1.0,1,0.96578825
1.0,1,0.8954378
1.0,1,0.97878116
0.0,0,0.03341845
1.0,1,0.792362
1.0,1,0.6713154
0.0,0,0.13848609
1.0,1,0.95796615
0.0,0,0.07615895
0.0,0,0.040010475
0.0,0,0.020754233
1.0,1,0.8645792
1.0,1,0.7868157
0.0,0,0.013240601
1.0,1,0.96023893
0.0,0,0.08261194
0.0,0,0.0054487917
0.0,0,0.012065948
1.0,1,0.4870585
0.0,0,0.041084647
0.0,1,0.6777892
1.0,1,0.9590866
0.0,1,0.48887667
1.0,1,0.9307856
0.0,0,0.005910579
1.0,1,0.9788744
1.0,1,0.6539557
1.0,1,0.9657192
1.0,0,0.23974583
1.0,1,0.6120404
1.0,1,0.976727
0.0,0,0.0022265932
0.0,0,0.007925012
1.0,1,0.92202365
1.0,1,0.9422476
1.0,0,0.34746286
0.0,0,0.21136436
0.0,0,0.0018849309
0.0,0,0.08267722
1.0,1,0.96008414
0.0,0,0.24838883
1.0,1,0.96489614
1.0,1,0.5680388
1.0,1,0.95002973
0.0,0,0.20942718
0.0,0,0.1792739
1.0,0,0.17012165
1.0,1,0.68949956
1.0,1,0.9544229
1.0,1,0.9290639
0.0,0,0.00029653782
1.0,0,0.3104989
1.0,1,0.561614
0.0,0,0.0010954462
0.0,0,0.023798164
1.0,1,0.6920693
1.0,1,0.9581307
0.0,0,0.32491982
0.0,0,0.031154847
1.0,1,0.7786409
1.0,1,0.5356722
1.0,1,0.9474453
0.0,0,0.040384203
0.0,0,0.19137801
0.0,0,0.03233735
1.0,1,0.9460657
1.0,1,0.94884545
1.0,1,0.91404116
1.0,0,0.2668281
0.0,0,0.0035162817
1.0,1,0.9703991
0.0,0,0.039891116
0.0,0,0.0024861502
0.0,0,0.0068944157
1.0,1,0.7893739
1.0,1,0.8009586
1.0,1,0.46705016
1.0,1,0.7310165
0.0,0,0.0071024885
1.0,1,0.97726583
0.0,0,0.011846176
0.0,0,0.021462934
1.0,1,0.974754
1.0,1,0.9655109
1.0,1,0.9343141
1.0,1,0.95367867
1.0,1,0.7963044
1.0,1,0.9574943
0.0,0,0.0009329436
1.0,0,0.07193485
1.0,1,0.97039616
0.0,0,0.024860283
1.0,1,0.94979674
1.0,1,0.6938864
0.0,0,0.091662936
1.0,1,0.6977451
1.0,0,0.22073875
1.0,1,0.6082891
0.0,0,0.14357203
1.0,1,0.9556439
1.0,1,0.4982777
0.0,0,0.0030058546
1.0,1,0.83248377
0.0,1,0.5189466
0.0,0,0.0023155557
1.0,1,0.96693367
0.0,0,0.032908622
1.0,1,0.78666574
1.0,1,0.9210624
0.0,0,0.0055623394
1.0,1,0.97188175
1.0,1,0.95178235
1.0,1,0.9679748
0.0,1,0.5729439
1.0,1,0.9317135
1.0,1,0.8820602
0.0,0,0.103742756
0.0,0,0.07652399
1.0,0,0.307967
1.0,0,0.2543025
0.0,0,0.31735608
0.0,0,0.00078544096
1.0,1,0.92525566
1.0,1,0.9488357
1.0,1,0.8724831
1.0,1,0.9786874
1.0,1,0.87444335
0.0,0,0.04585457
0.0,0,0.09759946
0.0,0,0.009738317
1.0,1,0.87116086
1.0,1,0.95263493
0.0,0,0.00090672297
0.0,0,0.044093397
1.0,1,0.9725423
1.0,1,0.76679265
1.0,1,0.8931245
0.0,0,0.1969127
1.0,1,0.5492543
1.0,1,0.756464
1.0,0,0.36654806
1.0,1,0.81016135
1.0,1,0.76541626
1.0,1,0.9763359
0.0,0,0.0033945611
0.0,0,0.11492525
1.0,1,0.87415165
0.0,1,0.57669485
1.0,1,0.9451936
0.0,0,0.025229497
0.0,0,0.02355051
0.0,0,0.11185529
1.0,1,0.91367143
1.0,1,0.97389996
1.0,1,0.6874201
0.0,0,0.3476166
0.0,0,0.001036646
0.0,0,0.007475785
1.0,0,0.06553962
1.0,1,0.9364557
0.0,0,0.0021742654
0.0,0,0.021355709
0.0,0,0.23868456
1.0,0,0.2887681
1.0,1,0.9594725
1.0,1,0.98206586
1.0,1,0.8287263
0.0,0,0.0061588646
1.0,1,0.7928016
0.0,0,0.01236697
1.0,1,0.8962851
0.0,0,0.0019363787
0.0,0,0.24195185
0.0,1,0.925349
0.0,0,0.02341934
0.0,0,0.046947367
0.0,0,0.11229111
1.0,1,0.9291927
0.0,0,0.0018739519
0.0,0,0.21410201
0.0,0,0.015935155
0.0,0,0.25292832
1.0,0,0.2582921
0.0,0,0.031487696
1.0,0,0.11715637
0.0,0,0.30088213
0.0,0,0.024261508
0.0,0,0.20877305
0.0,0,0.0022972703
0.0,0,0.08095998
0.0,0,0.06782043
0.0,0,0.33509862
0.0,0,0.38815692
1.0,1,0.9520917
1.0,1,0.8219027
0.0,0,0.0017704573
0.0,0,0.014231896
1.0,1,0.6378396
1.0,1,0.6799865
0.0,0,0.3701027
1.0,1,0.8878578
1.0,1,0.9778121
0.0,1,0.5770532
0.0,0,0.064047985
1.0,1,0.91821086
0.0,0,0.045374807
1.0,1,0.8525534
0.0,1,0.6685269
1.0,1,0.9734426
1.0,1,0.62958086
0.0,0,0.19704275
0.0,0,0.29231578
0.0,0,0.036955025
0.0,0,0.06888512
1.0,1,0.8269143
1.0,1,0.6722077
0.0,0,0.027049892
1.0,1,0.9770302
0.0,1,0.56378186
0.0,0,0.07935364
1.0,1,0.51096797
0.0,1,0.47234532
0.0,1,0.72948205
0.0,0,0.02906966
0.0,0,0.13520232
1.0,1,0.7588234
1.0,1,0.90694684
0.0,0,0.030209955
1.0,1,0.6658597
0.0,1,0.90354884
1.0,1,0.5810844
0.0,0,0.008628843
0.0,0,0.03668979
1.0,1,0.9767606
0.0,0,0.008474667
0.0,0,0.0049200314
0.0,0,0.06275221
0.0,0,0.0017874056
1.0,1,0.56395006
0.0,0,0.0012166834
1.0,1,0.8239504
1.0,1,0.95340085
0.0,0,0.07686781
0.0,0,0.0060171965
1.0,1,0.58613724
1.0,1,0.70731926
1.0,1,0.92872524
1.0,1,0.44132838
1.0,1,0.95778584
1.0,1,0.97210735
0.0,0,0.4155514
1.0,1,0.6806298
1.0,1,0.9674796
1.0,1,0.64773726
1.0,1,0.7607425
0.0,0,0.0030504137
0.0,0,0.0733273
1.0,1,0.9159327
1.0,1,0.865908
1.0,1,0.6702031
0.0,0,0.013504855
0.0,0,0.0022813808
1.0,1,0.72084796
0.0,0,0.38326627
1.0,1,0.9222458
1.0,0,0.20596945
0.0,0,0.010508223
0.0,0,0.1960193
1.0,1,0.9635972
1.0,1,0.5709907
1.0,1,0.7837901
1.0,0,0.22667114
1.0,1,0.9491275
1.0,1,0.9627273
1.0,0,0.346926
1.0,1,0.63264346
1.0,1,0.5760436
1.0,1,0.69250584
0.0,0,0.03296156
1.0,1,0.79551715
1.0,1,0.90198016
0.0,0,0.010202072
0.0,0,0.0046090554
1.0,1,0.6661193
0.0,0,0.1524497
0.0,0,0.019583512
1.0,1,0.94153297
0.0,0,0.3339796
1.0,1,0.93699265
1.0,1,0.5823171
1.0,1,0.64736277
1.0,1,0.62170804
0.0,0,0.24245891
0.0,0,0.16465612
1.0,1,0.6591349
0.0,0,0.0031168128
0.0,0,0.38033164
1.0,0,0.3265142
1.0,1,0.82908475
0.0,0,0.1517829
1.0,1,0.9696877
0.0,0,0.044389598
1.0,1,0.7665011
1.0,1,0.96839005
1.0,1,0.9740625
0.0,0,0.059175283
0.0,0,0.0028119297
0.0,0,0.009089576
1.0,1,0.75908935
1.0,1,0.56259096
1.0,1,0.72738075
0.0,0,0.010766976
1.0,1,0.8532333
1.0,1,0.9207755
1.0,1,0.8944948
0.0,0,0.0061600907
1.0,1,0.8504068
1.0,1,0.9655551
0.0,0,0.31305593
1.0,1,0.82198584
0.0,1,0.50770783
1.0,1,0.96928924
0.0,0,0.0016104508
0.0,0,0.057466205
1.0,1,0.76559544
1.0,1,0.9445527
0.0,0,0.029076949
0.0,1,0.6668831
0.0,0,0.058649603
1.0,1,0.8646627
0.0,0,0.008976524
0.0,0,0.040582906
1.0,1,0.7092459
0.0,0,0.010405501
1.0,1,0.481233
0.0,1,0.43940285
0.0,0,0.0032557035
0.0,0,0.006025846
1.0,1,0.8631584
0.0,0,0.023684908
0.0,0,0.10876454
0.0,0,0.40995416
0.0,0,0.10461416
1.0,1,0.98013896
0.0,1,0.8597888
1.0,1,0.94440055
1.0,1,0.67811006
0.0,0,0.0035553288
0.0,0,0.030523777
1.0,1,0.9659557
1.0,1,0.75112116
1.0,1,0.82251453
0.0,0,0.022462105
0.0,0,0.37388465
0.0,0,0.008513815
0.0,0,0.057998154
1.0,1,0.97639114
0.0,0,0.109170265
0.0,0,0.10205333
0.0,0,0.012564249
0.0,0,0.046730515
0.0,0,0.00017006753
0.0,0,0.012951012
1.0,1,0.9040544
0.0,0,0.10507435
1.0,1,0.72222865
0.0,0,0.13128129
0.0,0,0.093333796
0.0,1,0.59335893
1.0,1,0.9242369
1.0,1,0.61488545
1.0,1,0.87384975
0.0,0,0.2111779
1.0,1,0.5659683
1.0,1,0.7711186
1.0,1,0.9710794
1.0,1,0.9737344
0.0,0,0.001974149
0.0,0,0.097286485
1.0,1,0.82819486
1.0,1,0.8160139
0.0,0,0.03684305
1.0,1,0.95825243
1.0,1,0.88444304
1.0,1,0.97179353
1.0,0,0.15556507
0.0,0,0.0031816592
1.0,1,0.97449285
1.0,1,0.8790886
1.0,1,0.8290312
0.0,0,0.021729324
1.0,1,0.55193305
0.0,0,0.014866506
1.0,1,0.652953
0.0,0,0.024841113
0.0,0,0.0040266905
1.0,1,0.78670484
1.0,1,0.97558904
1.0,0,0.32697538
1.0,1,0.43862635
0.0,0,0.00011226546
0.0,0,0.24136902
1.0,1,0.5064534
0.0,0,0.118743435
0.0,0,0.0059533943
0.0,0,0.038639706
0.0,0,0.0096649565
0.0,0,0.005963929
1.0,0,0.12244397
0.0,0,0.11558237
1.0,1,0.901435
1.0,1,0.84098506
1.0,1,0.9626322
0.0,0,0.35947746
0.0,0,0.0028465663
1.0,1,0.97731006
0.0,0,0.030957278
0.0,0,0.12859485
0.0,0,0.0017485529
0.0,0,0.0046496294
0.0,1,0.53243303
1.0,1,0.9681852
1.0,1,0.85436416
1.0,1,0.9419652
0.0,0,0.312811
1.0,1,0.8931663
0.0,1,0.7411227
0.0,0,0.0066642286
0.0,0,0.021115022
1.0,1,0.965424
1.0,0,0.32429743
0.0,0,0.037382398
1.0,1,0.7576954
1.0,1,0.97273344
0.0,0,0.004091416
1.0,1,0.7061249
0.0,0,0.04350109
1.0,0,0.1820644
0.0,0,0.22319593
1.0,1,0.87151515
1.0,1,0.8959908
0.0,0,0.0017477316
0.0,1,0.7538135
0.0,0,0.012537905
1.0,1,0.89251006
0.0,1,0.7167468
0.0,0,0.004457854
1.0,1,0.97491664
0.0,0,0.008265509
1.0,1,0.7848839
0.0,1,0.683843
1.0,1,0.9482617
1.0,1,0.80049294
0.0,0,0.014874609
1.0,1,0.97628874
1.0,1,0.84050786
0.0,1,0.6856647
0.0,0,0.12788165
1.0,1,0.9412327
1.0,1,0.87131464
1.0,1,0.9420249
1.0,1,0.6120926
1.0,1,0.8697555
1.0,1,0.72831905
1.0,1,0.93546176
1.0,1,0.9590385
1.0,1,0.96069163
1.0,1,0.975103
0.0,0,0.086825594
0.0,0,0.045107685
0.0,0,0.09210249
0.0,0,0.18600468
1.0,1,0.95461655
0.0,0,0.00014273747
0.0,0,0.03507622
1.0,1,0.9725544
0.0,0,0.17607206
0.0,0,0.033177707
1.0,1,0.6212849
1.0,1,0.96596605
1.0,1,0.9155235
0.0,0,0.009813875
1.0,1,0.97694963
1.0,1,0.9166733
1.0,1,0.8726858
1.0,1,0.94903725
0.0,0,0.1273005
0.0,0,0.019714557
1.0,0,0.29981837
0.0,0,0.032859776
1.0,1,0.6868129
1.0,1,0.8376652
0.0,0,0.10066665
0.0,0,0.012258186
1.0,1,0.5396713
0.0,0,0.0023301488
0.0,0,0.033287153
0.0,0,0.00034980077
1.0,1,0.8451791
0.0,0,0.012740737
1.0,1,0.96870553
1.0,1,0.96650577
1.0,1,0.8255378
1.0,1,0.8170426
0.0,0,0.052887775
1.0,1,0.950428
0.0,0,0.0037180297
1.0,1,0.54468596
1.0,1,0.49063832
1.0,1,0.89578146
1.0,1,0.93077815
0.0,0,0.047262534
0.0,0,0.0018385812
1.0,1,0.9244056
0.0,0,0.009752176
0.0,0,0.010486619
1.0,1,0.5517622
1.0,1,0.9645575
0.0,0,0.021746581
0.0,0,0.00795298
0.0,0,0.0070094187
1.0,1,0.8749798
0.0,0,0.06464777
1.0,1,0.95976365
1.0,1,0.8205739
0.0,0,0.14768466
1.0,1,0.82248586
1.0,1,0.92520106
0.0,0,0.32431686
1.0,1,0.94299203
0.0,0,0.0014074711
0.0,0,0.14635712
1.0,1,0.63404316
1.0,1,0.9771085
1.0,1,0.8329432
0.0,1,0.43355417
1.0,1,0.972456
0.0,0,0.032322716
0.0,0,0.0019007927
1.0,0,0.22595009
1.0,1,0.8995271
1.0,1,0.94252104
0.0,0,0.004983256
1.0,1,0.9488462
0.0,0,0.0008487561
0.0,0,0.19347249
1.0,0,0.3114776
0.0,0,0.0073795887
0.0,0,0.27716494
0.0,0,0.030629244
0.0,1,0.9019233
1.0,1,0.92125183
0.0,0,0.25264043
0.0,0,0.019809812
0.0,0,0.011504039
0.0,1,0.510299
1.0,1,0.49246687
0.0,0,0.0036848828
1.0,1,0.9667833
1.0,1,0.9139378
1.0,1,0.77347535
0.0,0,0.40641305
0.0,0,0.12621897
1.0,1,0.9371493
0.0,0,0.0045518572
0.0,0,0.07300965
0.0,0,0.085050195
0.0,0,0.0728551
0.0,1,0.59873474
1.0,1,0.43542537
0.0,0,0.030270258
1.0,1,0.9438194
1.0,1,0.62247276
0.0,0,0.3855793
1.0,1,0.94657993
1.0,1,0.9583729
1.0,0,0.33518463
0.0,1,0.5837153
0.0,0,0.002313032
0.0,0,0.0005659552
1.0,1,0.95919627
0.0,0,0.285271
0.0,0,0.24609292
0.0,0,0.12379431
1.0,1,0.6378098
1.0,1,0.97874165
1.0,1,0.8673715
1.0,1,0.72341233
0.0,0,0.0326412
0.0,1,0.4608732
1.0,1,0.9557835
1.0,1,0.925151
0.0,0,0.24377048
1.0,1,0.9646887
1.0,0,0.16360691
1.0,1,0.8841917
1.0,1,0.90727836
0.0,1,0.5220583
0.0,0,0.3942915
0.0,0,0.0043874034
0.0,0,0.05104373
0.0,0,0.08035133
1.0,1,0.94729936
1.0,1,0.7181455
1.0,1,0.53805923
1.0,1,0.9680077
0.0,1,0.4457419
1.0,1,0.8589417
1.0,1,0.8642499
1.0,1,0.9722331
0.0,0,0.28107542
0.0,0,0.00312301
1.0,0,0.036558807
0.0,0,0.02037238
1.0,1,0.9680536
1.0,1,0.9460002
0.0,0,0.01294362
1.0,1,0.7329422
0.0,1,0.5160878
1.0,0,0.30143464
1.0,1,0.93675894
1.0,1,0.8917609
1.0,1,0.85200167
1.0,1,0.9599447
1.0,1,0.85754335
1.0,1,0.8856427
1.0,1,0.9652104
1.0,1,0.77507913
0.0,0,0.004074168
0.0,0,0.0013906877
0.0,0,0.08139216
0.0,0,0.12538971
1.0,1,0.9711896
0.0,0,0.0042914446
1.0,1,0.92569435
1.0,1,0.84436536
1.0,1,0.96296555
1.0,1,0.97061056
0.0,0,0.009045172
1.0,1,0.95355546
1.0,1,0.9099803
0.0,0,0.07907049
1.0,1,0.72009903
0.0,0,0.051499482
0.0,0,0.14070724
1.0,1,0.81732476
0.0,0,0.00087289006
0.0,0,0.0798033
1.0,1,0.7019179
1.0,1,0.97419626
1.0,1,0.9534735
1.0,1,0.944022
0.0,0,0.17831804
1.0,0,0.3855882
1.0,1,0.9615268
0.0,0,0.1533165
1.0,1,0.9114592
0.0,0,0.00030799434
1.0,1,0.9767025
0.0,1,0.7413683
0.0,0,0.011375103
0.0,0,0.00044146937
1.0,1,0.64687717
0.0,0,0.011214583
1.0,1,0.9413771
0.0,0,0.0016791183
1.0,1,0.61565125
1.0,1,0.8633683
1.0,1,0.95363325
1.0,1,0.9635331
1.0,1,0.97029907
0.0,1,0.5148324
1.0,1,0.734069
1.0,1,0.97839975
1.0,1,0.592058
1.0,1,0.9758617
0.0,0,0.005348784
1.0,1,0.97635853
1.0,1,0.6709186
1.0,1,0.82710135
1.0,0,0.1897275
0.0,0,0.1081997
1.0,1,0.88192636
0.0,0,0.0003298127
0.0,1,0.9324507
0.0,1,0.5176859
0.0,0,0.06093626
1.0,1,0.97631323
1.0,1,0.95006335
0.0,0,0.15593556
0.0,0,0.0465232
0.0,0,0.06136342
1.0,1,0.9123483
1.0,1,0.97441816
1.0,1,0.92465377
1.0,1,0.85473955
1.0,1,0.8383954
0.0,0,0.0006349661
0.0,0,0.06117997
0.0,0,0.23548543
0.0,0,0.00082131027
1.0,1,0.6521945
1.0,0,0.13794339
1.0,1,0.97400063
0.0,1,0.5407994
1.0,1,0.97449505
1.0,1,0.5866189
0.0,0,0.0054571
0.0,1,0.52260524
1.0,1,0.9514497
0.0,0,0.31673807
1.0,1,0.8465992
0.0,0,0.0032367029
1.0,1,0.878224
0.0,0,0.0048378506
0.0,0,0.25633937
0.0,0,0.00037662155
1.0,1,0.89390165
1.0,1,0.7497045
0.0,0,0.013514273
1.0,1,0.94997907
1.0,1,0.90194213
0.0,0,0.11456737
0.0,0,0.13505207
0.0,0,0.118574865
0.0,0,0.040598415
1.0,1,0.44298443
1.0,1,0.5675469
1.0,1,0.7718807
1.0,1,0.887777
0.0,0,0.31124225
1.0,1,0.6971251
1.0,1,0.5895554
0.0,0,0.35377306
0.0,0,0.41425714
0.0,0,0.011298181
1.0,1,0.5419706
1.0,1,0.5451098
0.0,1,0.5573543
0.0,0,0.24510899
0.0,0,0.010915904
0.0,1,0.8438137
0.0,0,0.0053283707
1.0,1,0.9561155
1.0,1,0.97867024
0.0,0,0.00038293735
1.0,1,0.93645734
1.0,1,0.7339097
0.0,0,0.0074160886
1.0,1,0.6382394
0.0,1,0.6200286
0.0,0,0.0046131616
1.0,1,0.9357021
0.0,0,0.0066968137
0.0,0,0.019295594
1.0,1,0.9324056
0.0,0,0.056593448
0.0,1,0.618783
1.0,0,0.41862786
1.0,1,0.9556659
0.0,1,0.6251322
0.0,0,0.014956602
0.0,0,0.0008291959
1.0,0,0.088560596
1.0,1,0.9232433
0.0,0,0.0025159987
1.0,1,0.9686571
1.0,1,0.9744511
0.0,1,0.6772679
0.0,0,0.02954609
0.0,0,0.15319312
1.0,1,0.96689457
0.0,0,0.19732298
1.0,1,0.9583443
1.0,1,0.65739304
0.0,0,0.062043965
0.0,0,0.0016254103
0.0,0,0.00038221522
1.0,1,0.93549937
0.0,0,0.078339994
1.0,1,0.5476727
1.0,1,0.5176182
0.0,0,0.030188715
1.0,1,0.966611
1.0,1,0.7828449
0.0,0,0.006921767
1.0,1,0.69942796
1.0,1,0.8880129
1.0,1,0.732649
0.0,0,0.24475054
0.0,1,0.7638962
0.0,0,0.16996476
0.0,0,0.0007411184
0.0,0,0.025203863
0.0,0,0.11085611
1.0,1,0.8441256
1.0,1,0.8634836
1.0,1,0.92188656
0.0,0,0.023339268
1.0,1,0.87819886
0.0,0,0.27193815
0.0,0,0.00390051
1.0,1,0.61924565
0.0,1,0.588701
1.0,1,0.58655214
1.0,1,0.74774396
0.0,0,0.030039819
0.0,0,0.0021831794
1.0,1,0.9637183
1.0,1,0.91455156
0.0,0,0.014964508
0.0,1,0.49302572
1.0,1,0.5578226
0.0,0,0.0015383828
1.0,0,0.10797871
0.0,0,0.008403746
0.0,0,0.007620312
1.0,1,0.9537279
0.0,0,0.02531249
1.0,1,0.97517365
1.0,0,0.40360454
0.0,1,0.7512448
0.0,0,0.029359002
0.0,0,0.0051917695
1.0,1,0.4642437
1.0,1,0.95441175
1.0,1,0.97462314
0.0,0,0.024603622
0.0,0,0.00050590606
1.0,1,0.4776097
0.0,0,0.01231276
0.0,0,0.0119416835
1.0,1,0.6470456
1.0,1,0.79483676
1.0,1,0.94862413
1.0,1,0.81452346
1.0,1,0.93153214
1.0,1,0.97583205
1.0,1,0.9163147
0.0,0,0.07244121
0.0,0,0.002729576
1.0,1,0.9727852
1.0,1,0.7316849
1.0,1,0.44057325
1.0,1,0.9710561
1.0,1,0.7047608
0.0,0,0.029540205
1.0,1,0.97112495
1.0,1,0.6643434
0.0,0,0.0006735201
0.0,0,0.015227185
0.0,0,0.00016311751
1.0,1,0.7892795
0.0,0,0.006857965
1.0,1,0.663259
1.0,1,0.46981868
1.0,1,0.9297762
1.0,1,0.95542496
0.0,0,0.013410287
0.0,0,0.11263669
0.0,1,0.5779418
0.0,0,0.16330063
0.0,0,0.020764682
1.0,1,0.5624005
0.0,0,0.0044569187
1.0,1,0.9787094
1.0,1,0.9616253
1.0,0,0.41725624
0.0,1,0.7339691
1.0,1,0.9109445
0.0,1,0.5397268
1.0,1,0.8855876
1.0,1,0.97489506
0.0,0,0.033855695
1.0,1,0.9622993
0.0,0,0.004355683
0.0,0,0.15811081
0.0,0,0.1692209
1.0,1,0.82287383
1.0,1,0.9424973
1.0,0,0.19711906
0.0,0,0.04648704
0.0,0,0.09803674
1.0,1,0.6599862
1.0,1,0.8742767
1.0,1,0.7916794
1.0,1,0.976694
1.0,1,0.80072296
0.0,0,0.0044301758
0.0,0,0.004723825
0.0,0,0.0012720193
1.0,1,0.9321664
0.0,0,0.06023091
0.0,0,0.0046115587
0.0,1,0.511945
1.0,1,0.97147727
0.0,0,0.060571346
0.0,0,0.2535732
0.0,0,0.1194972
1.0,1,0.5708478
1.0,1,0.78604335
0.0,0,0.012155596
0.0,0,0.016646069
0.0,0,0.010804857
1.0,1,0.7130235
1.0,0,0.40738258
1.0,1,0.97667986
0.0,0,0.005880183
1.0,1,0.82229215
1.0,1,0.8235053
0.0,1,0.81540895
1.0,1,0.65266263
0.0,1,0.9479484
0.0,0,0.0031175874
1.0,1,0.9686862
0.0,0,0.04568533
1.0,1,0.59643745
1.0,1,0.96827596
1.0,1,0.96285
1.0,1,0.9513896
0.0,0,0.013854712
1.0,1,0.85630196
1.0,1,0.9361688
0.0,1,0.70118004
0.0,0,0.0016487928
1.0,1,0.968188
1.0,1,0.90853894
0.0,0,0.011945876
1.0,1,0.5421505
1.0,1,0.8853612
0.0,1,0.5339074
1.0,1,0.75345075
1.0,1,0.830577
1.0,1,0.9336448
0.0,0,0.032561444
1.0,1,0.950045
1.0,1,0.9375304
1.0,1,0.9598592
0.0,1,0.44919187
0.0,0,0.17802745
0.0,0,0.00029327328
1.0,1,0.9279609
0.0,0,0.008633695
0.0,0,0.031668693
0.0,0,0.010246474
1.0,1,0.7101712
1.0,0,0.31175566
1.0,1,0.9695499
0.0,1,0.9054094
0.0,0,0.0046561216
1.0,1,0.779117
0.0,0,0.0023351545
0.0,0,0.010868022
1.0,1,0.9248984
1.0,1,0.90075135
0.0,0,0.14526492
0.0,0,0.0075766644
0.0,0,0.005491141
1.0,1,0.856008
0.0,0,0.003240451
0.0,0,0.051500227
0.0,0,0.03012934
0.0,0,0.0060683065
0.0,1,0.4522608
0.0,0,0.0014574128
0.0,0,6.5900014e-05
0.0,0,0.12825936
1.0,1,0.52613723
0.0,0,0.0059130783
1.0,1,0.8803642
1.0,1,0.83196205
1.0,1,0.8534702
1.0,1,0.9744154
0.0,0,0.0031447741
1.0,0,0.15580525
0.0,0,0.16198891
0.0,0,2.1528715e-05
0.0,0,0.0027169925
1.0,1,0.7516155
1.0,0,0.17088163
0.0,0,0.30766338
1.0,1,0.95571065
1.0,1,0.8262056
1.0,1,0.9105218
0.0,0,0.06204958
0.0,0,0.03148748
0.0,0,0.00023824579
1.0,1,0.7170737
0.0,0,0.0013597972
0.0,0,0.0039365273
1.0,1,0.72688663
0.0,0,0.0051090815
1.0,1,0.58648926
0.0,0,0.00981092
1.0,1,0.59337515
0.0,0,0.06623341
1.0,1,0.9476654
1.0,1,0.51234925
0.0,0,0.004193093
0.0,0,0.0005800944
0.0,1,0.59756327
0.0,0,0.02691696
1.0,1,0.95320547
0.0,0,0.00031290625
1.0,1,0.89809185
0.0,0,0.0046561374
1.0,1,0.93740934
1.0,0,0.2649523
0.0,0,0.0017094185
1.0,1,0.96592504
0.0,0,0.0011437224
0.0,0,0.004642079
1.0,1,0.8826782
0.0,0,0.110322274
0.0,1,0.9293194
1.0,1,0.9403549
0.0,0,0.013848271
1.0,1,0.69544125
1.0,1,0.97112846
0.0,0,0.023676435
1.0,1,0.83734643
1.0,1,0.9780188
1.0,1,0.9149183
1.0,0,0.19829653
1.0,1,0.92528415
0.0,0,0.056438528
1.0,1,0.94104093
0.0,0,0.12213568
0.0,0,0.30359992
0.0,0,0.00027939334
0.0,0,0.018430354
1.0,1,0.837153
0.0,0,0.08138272
1.0,1,0.84492254
1.0,1,0.8210081
0.0,0,0.1413552
0.0,0,0.04202264
1.0,1,0.9644331
1.0,1,0.50554883
1.0,1,0.512992
0.0,1,0.6157837
0.0,0,0.020096662
0.0,0,0.0024563465
0.0,0,0.0041451566
0.0,0,0.010637722
0.0,0,0.013405343
0.0,0,0.31338727
0.0,0,0.06470962
0.0,0,0.021552606
0.0,0,0.003813132
0.0,0,0.00019782662
1.0,1,0.9743053
1.0,1,0.598657
1.0,1,0.9727536
1.0,1,0.946726
0.0,1,0.5775269
0.0,0,0.0003768184
0.0,0,0.02028946
1.0,1,0.94897795
0.0,0,0.005091674
1.0,1,0.6862831
0.0,0,0.34329823
1.0,1,0.7109921
0.0,0,0.00046121527
0.0,0,0.0150018055
1.0,1,0.9543587
0.0,0,0.05397161
0.0,0,0.2599038
1.0,1,0.6783599
1.0,1,0.97873527
1.0,1,0.9118799
0.0,0,0.0189958
0.0,0,0.0021874341
0.0,0,0.045357518
0.0,0,0.0032582623
0.0,0,0.28620026
0.0,1,0.56036365
1.0,1,0.8502382
1.0,1,0.949754
0.0,0,0.0479641
0.0,0,0.22808295
1.0,1,0.77403474
0.0,0,0.0013694818
1.0,1,0.919887
0.0,0,0.26835904
1.0,1,0.94169587
0.0,0,0.006336489
1.0,1,0.9235256
0.0,0,0.007298714
0.0,0,0.013114049
1.0,1,0.9667209
1.0,1,0.7133591
1.0,1,0.9781645
1.0,1,0.73555356
1.0,1,0.6829151
1.0,1,0.74867594
0.0,0,0.007926691
0.0,0,0.118794814
0.0,0,0.34784174
1.0,1,0.9589512
0.0,0,0.008815236
1.0,1,0.8488809
0.0,0,0.0025089206
1.0,1,0.96351457
1.0,1,0.959672
1.0,1,0.96034294
1.0,1,0.87368137
0.0,0,0.13480729
0.0,0,0.016290033
1.0,1,0.7844907
1.0,0,0.16863666
0.0,0,0.0003648592
0.0,0,0.13439822
0.0,0,0.0038232338
1.0,1,0.943796
1.0,1,0.8991617
1.0,1,0.9697164
0.0,0,0.27463853
0.0,0,0.0013661862
1.0,1,0.90250134
1.0,1,0.90094775
0.0,0,0.0055508562
0.0,1,0.6442923
0.0,1,0.8349052
1.0,1,0.6009252
0.0,1,0.5555369
1.0,1,0.6648257
1.0,1,0.7583115
0.0,0,0.0044564833
1.0,1,0.5437225
1.0,1,0.7105664
0.0,0,0.0038548233
1.0,1,0.9533766
0.0,0,0.08650386
0.0,0,0.0044405814
1.0,1,0.58009017
1.0,1,0.761116
1.0,1,0.8318102
1.0,1,0.9254707
0.0,0,0.009216413
0.0,0,0.21732755
1.0,0,0.15812631
1.0,1,0.96907455
0.0,0,0.0016560132
1.0,1,0.6902614
0.0,0,0.33319467
1.0,1,0.91642225
0.0,0,0.016290912
1.0,1,0.47193184
1.0,1,0.9666492
0.0,0,0.36579427
1.0,1,0.94904196
0.0,0,0.0062399697
1.0,0,0.18224205
0.0,0,0.23475547
1.0,1,0.9751638
0.0,0,0.18138817
1.0,1,0.9243476
1.0,0,0.043396454
1.0,1,0.94619954
1.0,1,0.94885665
0.0,0,0.0021864085
1.0,1,0.50548935
0.0,0,0.010643299
0.0,0,0.009408314
0.0,0,0.32189712
1.0,1,0.9571687
0.0,0,0.04301141
0.0,0,0.002491693
1.0,1,0.86467797
1.0,1,0.9179588
0.0,0,0.002560238
0.0,1,0.44113797
1.0,1,0.69725335
1.0,1,0.7511921
0.0,0,0.36636242
1.0,1,0.49004456
0.0,1,0.58795655
1.0,0,0.22951992
1.0,1,0.95325506
0.0,0,0.092832334
0.0,0,0.044648077
0.0,0,0.01327886
1.0,1,0.80631566
1.0,1,0.7708906
1.0,1,0.9769347
1.0,1,0.95984924
0.0,0,0.005242046
1.0,1,0.45185927
0.0,0,0.04146978
0.0,0,0.053791393
0.0,0,0.00595908
0.0,1,0.5600532
0.0,1,0.4605443
1.0,1,0.56350636
0.0,1,0.67674655
0.0,0,0.11184378
1.0,1,0.7104292
1.0,1,0.97435015
0.0,0,0.37307176
1.0,1,0.9776074
0.0,0,0.13023059
1.0,1,0.54242355
1.0,1,0.4730119
0.0,0,0.21745577
0.0,0,0.021131584
1.0,1,0.62385595
0.0,0,0.057181813
0.0,0,0.22593404
0.0,0,0.076186754
0.0,1,0.7286527
1.0,1,0.88071895
0.0,0,0.11479908
1.0,1,0.9741569
0.0,0,0.21747668
1.0,1,0.96331716
0.0,0,0.0012776881
0.0,0,0.15863411
1.0,1,0.7569708
0.0,0,0.0017671979
0.0,0,0.00043446335
0.0,0,0.35588616
1.0,1,0.95082295
0.0,0,0.039601076
0.0,0,0.0005101806
1.0,1,0.95924234
0.0,0,0.0143020665
1.0,1,0.46977228
1.0,1,0.70842284
0.0,1,0.53001624
1.0,0,0.25593126
0.0,0,0.022475673
1.0,1,0.45372665
1.0,1,0.97400093
1.0,1,0.79100925
0.0,1,0.83699274
0.0,0,0.00053689186
1.0,1,0.9790286
0.0,0,0.13333645
1.0,1,0.95601994
0.0,0,0.0019871423
1.0,1,0.968235
1.0,1,0.66091096
0.0,0,0.020640109
1.0,1,0.95746195
0.0,0,0.4038502
0.0,1,0.553188
1.0,1,0.9447893
0.0,0,0.059366427
0.0,1,0.5074209
1.0,1,0.97762394
1.0,1,0.6460033
1.0,1,0.96664506
1.0,0,0.3065933
1.0,1,0.9777964
1.0,0,0.35321927
1.0,0,0.0444969
1.0,1,0.7483229
0.0,0,0.023411894
1.0,1,0.87115556
0.0,0,0.050695643
1.0,1,0.97381073
1.0,1,0.89454293
1.0,1,0.91799843
1.0,1,0.79700106
0.0,0,0.14031613
1.0,1,0.87733734
1.0,1,0.9730468
1.0,1,0.69782484
1.0,0,0.26794568
0.0,0,0.021931777
0.0,0,0.2168628
1.0,1,0.8605624
1.0,0,0.13186422
1.0,1,0.9759584
0.0,0,0.024184648
1.0,1,0.741987
0.0,0,0.008085205
1.0,1,0.9793498
1.0,1,0.94775295
1.0,1,0.91439784
0.0,0,0.0008753613
0.0,0,0.0049797604
1.0,1,0.776669
1.0,1,0.9299543
1.0,0,0.09346521
0.0,0,0.0041482802
1.0,1,0.9607619
1.0,1,0.73946625
0.0,0,0.04694715
0.0,0,0.008984961
1.0,1,0.9594118
1.0,1,0.67648363
0.0,0,0.008391833
0.0,1,0.73341864
0.0,0,0.29166907
0.0,0,0.21399836
1.0,1,0.9299239
1.0,1,0.91865635
1.0,1,0.5809562
0.0,0,0.085385986
0.0,0,0.006448438
0.0,0,0.00020844635
0.0,0,0.0034709626
0.0,0,0.10543576
0.0,0,0.1935116
1.0,1,0.499208
0.0,0,0.022556443
0.0,0,0.017740984
0.0,1,0.60467553
0.0,0,0.09089155
1.0,1,0.8552927
0.0,0,0.033896606
1.0,1,0.9681856
0.0,0,0.0032970682
0.0,0,0.0131464675
0.0,0,0.14915816
0.0,0,0.001216289
1.0,1,0.9064827
1.0,0,0.41478452
1.0,1,0.6514198
0.0,0,0.118785724
0.0,0,0.12707947
0.0,0,0.0067615444
1.0,1,0.9149481
1.0,1,0.9622562
1.0,0,0.12114956
0.0,0,0.030132193
1.0,1,0.96769637
0.0,1,0.68805003
1.0,1,0.96316755
1.0,1,0.74128026
1.0,1,0.94463897
0.0,0,0.013249034
0.0,0,0.032966703
0.0,0,0.15704387
1.0,1,0.8731884
0.0,0,0.094510175
1.0,1,0.7997806
0.0,0,0.12121474
1.0,1,0.76625794
1.0,1,0.9619325
1.0,1,0.7150749
0.0,0,0.08281639
0.0,0,0.1213
0.0,0,0.13989128
0.0,0,0.02878288
0.0,0,0.030816056
0.0,0,0.0015456879
1.0,1,0.9499775
1.0,1,0.9778768
1.0,1,0.83463395
1.0,1,0.97840315
1.0,0,0.4123998
1.0,1,0.88952124
1.0,1,0.9525003
0.0,0,0.17301887
0.0,0,0.010155048
0.0,0,0.005737035
0.0,0,0.0701437
0.0,0,0.12699653
1.0,1,0.9207669
1.0,1,0.9450371
1.0,1,0.97455674
0.0,0,0.15100664
0.0,0,0.077570274
1.0,1,0.6735593
1.0,1,0.7959087
0.0,0,0.0036941639
0.0,1,0.93953466
0.0,0,0.0006478257
0.0,0,0.0014217165
1.0,1,0.9515359
1.0,1,0.936251
1.0,1,0.80774206
1.0,0,0.16756819
1.0,1,0.9355938
1.0,1,0.63834476
1.0,1,0.9337188
1.0,1,0.93533313
1.0,1,0.49251494
0.0,0,0.004957141
0.0,0,0.0019986199
1.0,1,0.55539477
1.0,1,0.7096249
1.0,1,0.9476686
0.0,0,0.0872387
1.0,1,0.8706699
1.0,1,0.57033205
0.0,0,0.0019564994
1.0,0,0.3585637
1.0,1,0.85113835
0.0,0,0.14271773
1.0,1,0.9145924
0.0,0,0.0068792077
0.0,0,0.018316712
1.0,1,0.97453356
0.0,0,0.16027862
0.0,0,0.009053085
1.0,1,0.46766758
0.0,0,0.20548224
1.0,1,0.47200286
1.0,1,0.8924152
1.0,1,0.8951379
1.0,1,0.8515321
0.0,0,0.071693726
1.0,1,0.93486917
0.0,0,0.19070122
1.0,0,0.3540467
0.0,0,0.035637036
1.0,1,0.9726412
1.0,1,0.61403614
1.0,1,0.5231097
1.0,1,0.97228444
0.0,1,0.5137864
0.0,0,0.033506945
1.0,1,0.77184546
0.0,0,0.0030326494
0.0,0,0.11249602
0.0,0,0.0017534721
1.0,1,0.91804767
0.0,0,0.027123429
1.0,1,0.9631889
0.0,1,0.86883986
1.0,1,0.9671903
0.0,0,0.2941602
0.0,1,0.7358885
0.0,0,0.036629546
0.0,0,0.055296898
0.0,1,0.68185526
0.0,0,0.0036111325
1.0,1,0.9740535
0.0,0,0.3490673
0.0,1,0.66225445
0.0,0,0.006443405
0.0,0,0.0015523768
1.0,1,0.7560088
0.0,0,0.004576837
1.0,1,0.8746499
1.0,1,0.8745887
1.0,0,0.25388667
1.0,1,0.54198605
1.0,1,0.90400994
0.0,0,0.15233567
1.0,1,0.9669745
0.0,1,0.55484825
1.0,1,0.9631861
1.0,1,0.9747783
0.0,0,0.30244744
0.0,0,0.2459465
0.0,1,0.44300517
0.0,0,0.0030920706
1.0,1,0.81286687
0.0,0,0.000102530525
0.0,0,0.0019946073
0.0,0,0.062333483
0.0,0,0.007928008
1.0,1,0.86712056
0.0,0,0.03895372
1.0,1,0.89985806
0.0,0,0.20500988
1.0,1,0.9655958
1.0,1,0.7789432
0.0,0,0.16278882
0.0,0,0.008737508
1.0,1,0.961877
0.0,0,0.002330344
1.0,1,0.86678064
1.0,1,0.9741686
1.0,1,0.96269006
1.0,1,0.97658306
0.0,0,0.034472287
1.0,1,0.6995443
1.0,1,0.5173523
1.0,1,0.64518666
0.0,1,0.76123214
1.0,1,0.753124
1.0,0,0.3977405
1.0,1,0.7219435
0.0,0,0.025627024
1.0,0,0.37846997
1.0,1,0.5373622
0.0,0,0.05195808
0.0,0,0.037671078
0.0,0,0.008014393
0.0,0,0.036848474
0.0,0,0.00722908
0.0,0,0.014542678
0.0,0,0.019322177
1.0,1,0.92979795
0.0,0,0.16325551
1.0,1,0.84503573
1.0,1,0.9755161
0.0,0,0.06631531
0.0,0,0.001305916
1.0,1,0.6571531
0.0,0,0.06078214
1.0,1,0.89213365
1.0,1,0.78650606
0.0,0,0.31662574
1.0,1,0.78364885
1.0,0,0.26820797
1.0,1,0.9290117
1.0,1,0.8233382
1.0,1,0.67360014
0.0,0,0.027376728
0.0,0,0.0023915237
1.0,1,0.8038078
0.0,0,0.0061186184
1.0,1,0.97085476
1.0,1,0.77286196
1.0,1,0.8653199
1.0,1,0.64489126
1.0,1,0.5548214
0.0,0,0.0775146
0.0,0,0.09087433
1.0,1,0.8129185
1.0,1,0.85275996
0.0,0,0.075997196
0.0,1,0.4925567
1.0,0,0.41922826
0.0,0,0.21321063
0.0,0,0.012294068
1.0,1,0.9691266
0.0,0,0.023943746
1.0,1,0.46169922
0.0,0,0.0062768077
0.0,0,0.07086067
0.0,0,0.24515569
1.0,1,0.96398795
0.0,1,0.48294774
0.0,0,0.26331818
1.0,1,0.9789949
0.0,0,0.17275283
1.0,1,0.92903185
0.0,0,0.021119583
1.0,0,0.32360926
0.0,0,0.013983928
1.0,1,0.97585475
0.0,0,0.019478776
1.0,1,0.8386113
0.0,0,0.0020305966
0.0,0,0.001074032
0.0,0,0.24531367
0.0,0,0.039528694
0.0,1,0.50888026
1.0,1,0.8683613
1.0,1,0.95658827
0.0,0,0.07941921
1.0,1,0.70494926
0.0,0,0.0010510805
1.0,1,0.9707937
1.0,1,0.46484175
0.0,0,0.035351995
0.0,0,0.0006095001
0.0,0,0.041047826
0.0,0,0.2508868
1.0,1,0.9628554
1.0,1,0.9136997
0.0,0,0.18806314
1.0,1,0.9732612
0.0,0,0.06836755
0.0,0,0.00013390573
0.0,0,0.036840137
1.0,1,0.75875443
1.0,1,0.97660536
1.0,1,0.560374
0.0,0,0.29393062
0.0,0,0.36693463
0.0,0,0.0014382978
1.0,1,0.8894081
0.0,1,0.54626477
1.0,1,0.95871836
0.0,0,0.019817784
0.0,0,0.1945226
1.0,1,0.7806312
0.0,0,0.015414201
1.0,1,0.8825822
0.0,0,0.050777607
0.0,0,0.2573098
0.0,0,0.17016353
1.0,1,0.9044279
0.0,0,0.045205582
1.0,1,0.86239356
1.0,0,0.3412412
1.0,1,0.6403445
1.0,1,0.7762129
0.0,0,0.12339718
1.0,1,0.9707781
1.0,0,0.31488198
0.0,0,0.018160004
0.0,0,0.051235963
1.0,1,0.93813145
0.0,0,0.0005504571
0.0,0,0.046624143
1.0,1,0.8509524
1.0,1,0.96351707
1.0,1,0.929289
0.0,0,0.0007773641
1.0,1,0.54186785
1.0,0,0.115325935
0.0,0,0.015297942
1.0,1,0.95964706
1.0,1,0.7999726
1.0,1,0.7753173
1.0,1,0.8035865
1.0,1,0.7676032
0.0,0,0.05030134
0.0,0,0.29561934
1.0,1,0.74071705
1.0,1,0.93397117
0.0,0,0.018517466
1.0,1,0.95246714
1.0,1,0.9156427
0.0,1,0.47789255
0.0,0,0.0052040014
0.0,0,0.075417824
0.0,0,0.004332133
0.0,0,0.0282532
1.0,1,0.7347057
0.0,0,0.2184373
0.0,0,0.027589943
1.0,1,0.5730508
1.0,1,0.8186807
1.0,1,0.94806844
1.0,1,0.8430612
1.0,1,0.94808835
1.0,1,0.7804576
1.0,1,0.94293183
0.0,0,0.0028696957
1.0,0,0.37588862
1.0,1,0.889282
1.0,1,0.87491876
0.0,0,0.08363696
1.0,1,0.88124204
0.0,0,0.0041980576
1.0,1,0.6295133
0.0,0,0.21684387
1.0,1,0.9727134
1.0,1,0.8093518
1.0,1,0.9236695
0.0,0,0.038904093
1.0,0,0.017035987
1.0,1,0.7658974
1.0,1,0.7925235
0.0,0,0.017352596
0.0,0,0.13521783
0.0,0,0.25503564
1.0,1,0.80257285
1.0,1,0.9388024
1.0,1,0.5209369
1.0,1,0.90663725
0.0,1,0.54965925
1.0,1,0.841313
1.0,1,0.9706286
1.0,1,0.7591778
1.0,1,0.9540394
1.0,1,0.91722757
1.0,1,0.6384636
0.0,0,0.0060991663
1.0,1,0.8135642
0.0,0,0.0018113288
1.0,1,0.9652611
0.0,0,0.018072985
0.0,0,0.00081645476
1.0,1,0.93921274
0.0,0,0.0044051725
0.0,0,0.34807432
1.0,0,0.22232193
1.0,1,0.69470376
1.0,1,0.9042126
1.0,1,0.8662279
0.0,0,0.1302822
0.0,0,0.054061
1.0,1,0.6436472
0.0,0,0.0075831995
1.0,1,0.96364075
0.0,0,0.055596065
0.0,0,0.1834014
0.0,0,0.1245248
1.0,0,0.30906644
1.0,1,0.9721934
1.0,1,0.6199675
0.0,0,0.23091124
0.0,0,0.037591692
1.0,0,0.29274282
1.0,1,0.9605587
1.0,1,0.5622319
0.0,0,0.29416105
1.0,1,0.8503956
0.0,0,0.07990831
1.0,1,0.89542943
1.0,1,0.7395857
1.0,1,0.8107957
0.0,0,0.0026484372
0.0,0,0.110082455
0.0,0,0.036511876
1.0,0,0.26852426
1.0,0,0.11623927
1.0,1,0.9666664
0.0,0,0.019074421
0.0,0,0.013613917
0.0,0,0.017411105
1.0,1,0.86012757
1.0,1,0.92945427
0.0,0,0.19990522
0.0,0,0.0044324896
1.0,1,0.76485324
1.0,1,0.7145375
0.0,0,0.039905947
0.0,0,0.03603194
0.0,0,0.0046457383
0.0,0,0.0005890271
1.0,1,0.6206194
1.0,1,0.828499
0.0,0,0.0008368642
1.0,1,0.7369654
0.0,0,0.18071792
0.0,0,0.02848312
1.0,1,0.94889176
0.0,0,0.0007326071
1.0,1,0.94570065
0.0,1,0.8180575
1.0,1,0.8661977
1.0,0,0.06391765
1.0,1,0.8743956
1.0,1,0.9546421
1.0,1,0.71431494
1.0,0,0.29670772
0.0,0,0.088631436
0.0,0,0.22036462
0.0,0,0.10196503
0.0,0,0.0067441105
0.0,0,0.004083958
0.0,0,0.07857186
0.0,0,0.07677792
0.0,0,0.30470353
1.0,1,0.8215114
0.0,1,0.4307682
0.0,0,0.015152701
1.0,1,0.45628792
0.0,0,0.34884155
0.0,0,0.0017277882
1.0,1,0.96073437
0.0,0,0.02659539
0.0,0,0.0009437937
1.0,1,0.84838593
0.0,0,0.014503614
0.0,1,0.5932411
0.0,1,0.55322874
0.0,0,0.15683296
0.0,0,0.035589706
1.0,1,0.96497995
0.0,0,0.0031231705
0.0,0,0.06766239
0.0,1,0.48202008
1.0,0,0.23231803
0.0,0,0.0007523589
1.0,1,0.9373194
1.0,0,0.29232976
1.0,0,0.24097602
0.0,0,0.0054821647
0.0,0,0.10438848
1.0,1,0.9263412
1.0,1,0.8328541
1.0,1,0.9597555
0.0,0,0.0066581964
0.0,0,0.33397165
1.0,0,0.38770965
0.0,0,0.00012862156
1.0,1,0.94705206
0.0,0,0.0021302782
1.0,1,0.88056326
1.0,1,0.9776609
0.0,0,0.010866238
0.0,0,0.020339357
0.0,0,0.0009235893
0.0,0,0.33026084
0.0,1,0.6915779
1.0,1,0.7093452
1.0,1,0.97473174
0.0,0,0.074033804
0.0,0,0.0083655985
0.0,0,0.0055672713
0.0,0,0.037995774
1.0,1,0.5103737
0.0,0,0.14672945
1.0,1,0.7371576
0.0,0,0.06860443
1.0,1,0.60220087
0.0,0,0.03195025
0.0,0,0.14373337
1.0,1,0.97299993
1.0,1,0.65121704
1.0,1,0.96675634
0.0,1,0.74822575
1.0,1,0.87529135
1.0,1,0.65855527
0.0,0,0.03716732
0.0,0,0.2065351
1.0,1,0.96821684
0.0,0,0.032853827
1.0,1,0.7085551
0.0,0,0.07036865
1.0,1,0.97721267
1.0,1,0.7865464
0.0,0,0.01461004
0.0,0,0.24302016
0.0,0,0.14753762
0.0,0,0.1262387
1.0,1,0.8493891
0.0,0,0.054181032
0.0,0,0.038445223
1.0,1,0.7280551
0.0,0,0.27443132
1.0,1,0.7545155
0.0,0,0.008900827
1.0,1,0.50670874
0.0,0,0.019441
1.0,1,0.948427
1.0,1,0.5223012
0.0,0,0.0127145
0.0,0,0.12326256
0.0,0,0.009810855
0.0,0,0.0022509687
1.0,1,0.96265036
1.0,1,0.9707741
0.0,0,0.18403463
0.0,0,0.00198403
1.0,1,0.798036
1.0,0,0.35752076
0.0,0,0.0040709455
1.0,1,0.8345641
1.0,1,0.89153886
1.0,0,0.26133737
1.0,1,0.9634553
0.0,0,0.008915903
0.0,0,0.0110750375
1.0,1,0.62122107
0.0,0,0.0015774026
0.0,1,0.8487108
0.0,0,0.000999785
1.0,1,0.9633242
0.0,0,0.13121705
1.0,1,0.9687621
1.0,1,0.94290125
0.0,0,0.017731706
1.0,0,0.39289713
1.0,1,0.948672
0.0,0,0.0050689415
0.0,0,0.0018243288
0.0,1,0.833446
1.0,1,0.9193583
0.0,1,0.63377094
0.0,0,0.21186693
0.0,0,0.017687956
0.0,0,0.0017453317
1.0,1,0.7696022
1.0,1,0.9464666
1.0,0,0.35890105
1.0,1,0.97677433
1.0,1,0.72073495
1.0,1,0.46779242
1.0,1,0.97538716
0.0,0,0.042056795
1.0,1,0.73938245
0.0,0,0.03204046
0.0,0,0.18895444
1.0,1,0.96801525
0.0,0,0.25626543
1.0,1,0.79332423
0.0,0,0.016246757
1.0,1,0.54014516
1.0,1,0.5636714
0.0,0,0.1312587
0.0,0,0.4194623
1.0,1,0.7551569
1.0,1,0.899857
1.0,1,0.8417927
1.0,1,0.9240493
1.0,0,0.40906352
1.0,1,0.7061118
0.0,0,0.0009723379
0.0,0,0.02811627
0.0,1,0.59101075
0.0,0,0.0006193194
0.0,0,0.03807636
0.0,0,0.0053669633
1.0,1,0.4562396
1.0,1,0.48415515
1.0,1,0.8654157
0.0,0,0.12746792
1.0,1,0.93400407
0.0,0,0.00552131
1.0,1,0.9782491
1.0,1,0.57350004
1.0,1,0.9642546
0.0,0,0.020482957
0.0,0,0.2934795
1.0,1,0.57722116
1.0,0,0.39682695
0.0,1,0.5227005
1.0,1,0.6172582
0.0,0,0.0032661092
1.0,1,0.5843083
0.0,0,0.004507558
0.0,0,0.115425944
0.0,1,0.9202396
1.0,1,0.97323394
1.0,1,0.8279783
0.0,1,0.88585484
1.0,1,0.92987114
1.0,1,0.96119535
1.0,1,0.6703433
1.0,1,0.96985763
1.0,1,0.60505986
0.0,0,0.007537443
0.0,0,0.22248709
0.0,0,0.012698938
0.0,0,0.034350127
1.0,1,0.8724596
0.0,0,0.14127249
0.0,0,0.048039854
0.0,0,0.10442458
1.0,1,0.9654207
0.0,0,0.38307273
0.0,0,0.26917586
0.0,0,0.053011265
0.0,0,0.01269613
1.0,1,0.7877368
1.0,1,0.87711406
1.0,1,0.85787266
1.0,1,0.74979484
0.0,0,0.15815246
0.0,0,0.09529715
1.0,1,0.95131403
0.0,0,0.0025389052
1.0,1,0.98239505
1.0,1,0.9086703
1.0,1,0.93777156
0.0,0,0.008149825
0.0,1,0.6412549
0.0,0,0.041665584
0.0,0,0.007715927
0.0,0,0.1537304
1.0,1,0.8584504
0.0,0,0.27605376
0.0,0,0.013349915
0.0,0,0.029914217
1.0,1,0.82593876
1.0,1,0.77211535
1.0,1,0.96661335
1.0,1,0.55525035
0.0,0,0.34990036
0.0,0,0.07874347
0.0,0,0.021585524
0.0,0,0.001738534
0.0,0,0.054627784
0.0,1,0.87194556
0.0,1,0.47028887
0.0,0,0.013052024
1.0,1,0.6857453
0.0,0,0.030986607
0.0,0,0.008901726
1.0,0,0.3741746
1.0,1,0.84936976
0.0,1,0.51124525
0.0,0,0.1485148
0.0,0,0.15744448
0.0,0,0.057617173
0.0,0,0.007586477
0.0,1,0.50295234
1.0,1,0.9548785
1.0,0,0.35013747
0.0,0,0.08553584
0.0,0,0.008190977
0.0,0,0.0007526611
0.0,0,0.06462547
1.0,1,0.8862483
1.0,1,0.9564748
0.0,0,0.045031704
0.0,0,0.0154980235
0.0,0,0.021379938
1.0,1,0.96408486
1.0,1,0.9223412
1.0,1,0.97096574
0.0,0,0.0068958495
1.0,1,0.8032174
1.0,1,0.96957153
0.0,0,0.00108496
0.0,0,0.03630052
1.0,1,0.9789499
1.0,1,0.6200462
1.0,1,0.7492303
1.0,1,0.6205971
0.0,0,0.042558104
0.0,0,0.004130577
0.0,0,0.0048494353
1.0,1,0.9711888
1.0,1,0.7442461
0.0,0,0.12980509
0.0,0,0.0006690396
1.0,1,0.9148825
0.0,0,0.0022459282
1.0,1,0.97817254
1.0,1,0.8518574
0.0,0,0.010701782
0.0,0,0.014854742
0.0,0,0.11030048
1.0,1,0.9281747
1.0,1,0.7464956
0.0,0,0.0032377339
1.0,1,0.95243514
0.0,0,0.006343801
1.0,1,0.8588638
0.0,0,0.0023359514
1.0,1,0.9169829
0.0,0,0.05569766
0.0,0,0.007702343
1.0,1,0.9549234
1.0,1,0.79689324
1.0,1,0.97146124
1.0,1,0.8325392
0.0,0,0.0003949256
0.0,0,0.003594914
0.0,0,0.0073791137
0.0,0,0.006185968
0.0,0,0.01417445
1.0,1,0.75025123
0.0,0,0.013727451
0.0,0,6.2079496e-05
0.0,0,0.0046722153
0.0,1,0.5699798
1.0,1,0.9721727
0.0,0,0.0038035312
1.0,1,0.9141518
1.0,1,0.74353635
0.0,0,0.029100707
1.0,1,0.9720564
0.0,0,0.0043181204
1.0,1,0.9194142
1.0,1,0.5085851
1.0,1,0.92170316
0.0,0,0.018052377
0.0,0,0.039880812
0.0,0,0.00014114044
1.0,1,0.8024742
1.0,1,0.96051115
1.0,1,0.97043335
0.0,0,0.026765734
0.0,0,0.00015774042
1.0,0,0.1064263
1.0,1,0.64685124
0.0,0,0.2074433
1.0,1,0.8079174
1.0,1,0.8596915
0.0,0,0.08265778
0.0,0,0.009139194
0.0,0,0.07701167
1.0,1,0.8291097
1.0,1,0.9536996
1.0,1,0.9056353
0.0,0,0.1034065
0.0,0,0.17572016
1.0,1,0.97364044
0.0,0,0.038079727
1.0,1,0.9471986
1.0,1,0.9281892
1.0,1,0.97252834
1.0,1,0.5026393
0.0,0,0.022925755
0.0,0,0.020540508
0.0,1,0.6091786
0.0,0,0.30726045
0.0,0,0.0043192296
1.0,1,0.940895
0.0,0,0.12215743
1.0,0,0.13923755
1.0,1,0.51155233
0.0,0,0.06195037
1.0,1,0.75410694
0.0,1,0.70597416
1.0,0,0.3097192
1.0,1,0.9489698
0.0,0,0.38617095
0.0,0,0.01127322
1.0,1,0.79997826
1.0,1,0.91117066
0.0,0,0.056710046
0.0,0,0.38571462
0.0,0,0.080850355
0.0,1,0.65307164
0.0,0,0.052493013
0.0,0,0.06630339
0.0,0,0.0016955003
1.0,1,0.89530927
1.0,1,0.5349207
0.0,0,0.28173617
1.0,1,0.9333874
1.0,1,0.9710035
0.0,0,0.17316967
0.0,0,0.015994927
0.0,0,0.02904138
0.0,0,0.0098088635
0.0,0,0.037781004
1.0,1,0.92166317
1.0,1,0.97705096
1.0,1,0.57887644
0.0,0,0.02310522
1.0,0,0.2568185
1.0,1,0.6426414
1.0,1,0.85381734
1.0,1,0.9736468
0.0,0,0.029032605
0.0,0,0.017444143
0.0,0,0.018653119
1.0,1,0.47743177
1.0,1,0.8091377
1.0,1,0.9217708
0.0,0,0.31117266
0.0,0,0.0023154763
1.0,1,0.9735105
0.0,1,0.5347531
0.0,0,0.026638987
1.0,1,0.58970356
1.0,1,0.9143528
0.0,0,0.013557556
1.0,0,0.3039683
1.0,1,0.70482427
1.0,1,0.9486728
1.0,1,0.7439932
0.0,1,0.53496075
0.0,0,0.37119046
0.0,0,0.017861072
0.0,1,0.45380747
0.0,0,0.031917635
1.0,1,0.9426665
1.0,1,0.55313015
0.0,0,0.080108844
1.0,1,0.91260695
1.0,1,0.9313869
1.0,0,0.42257679
1.0,1,0.77100444
1.0,1,0.7968364
1.0,1,0.9650909
1.0,1,0.90323603
1.0,1,0.96838003
1.0,1,0.8430336
1.0,1,0.94098926
1.0,1,0.8672679
1.0,1,0.9561175
0.0,0,0.026430884
1.0,1,0.67757
1.0,1,0.9743579
1.0,1,0.9818085
1.0,1,0.89579564
0.0,0,0.0020674367
1.0,1,0.7405569
1.0,1,0.7973071
1.0,1,0.8995748
1.0,1,0.9284042
0.0,0,0.000887914
1.0,1,0.93813044
0.0,0,0.01762207
1.0,1,0.97347194
0.0,1,0.5564884
1.0,1,0.96887237
1.0,1,0.43394947
1.0,1,0.6706527
1.0,1,0.63208765
0.0,0,0.02121994
1.0,1,0.93644696
0.0,0,0.053144604
1.0,1,0.9724797
0.0,0,0.27416125
0.0,0,0.0058491705
1.0,1,0.90058005
0.0,0,0.2282005
1.0,1,0.96271026
0.0,0,0.01253889
0.0,1,0.56290865
0.0,0,0.016172519
0.0,1,0.47548386
0.0,0,0.02273356
0.0,0,0.2275523
1.0,1,0.93018156
0.0,0,0.051364984
1.0,1,0.9397703
1.0,1,0.81436455
1.0,1,0.9636789
1.0,1,0.57300425
1.0,1,0.9507702
1.0,1,0.9485839
1.0,1,0.82722867
1.0,0,0.37435296
1.0,0,0.34322944
0.0,0,0.025132356
1.0,1,0.72452784
1.0,1,0.89283186
0.0,0,0.22675976
1.0,1,0.63345796
1.0,1,0.9335203
1.0,1,0.58366746
0.0,0,0.07989783
0.0,0,0.32459033
0.0,0,0.059282646
0.0,1,0.47595838
0.0,0,0.021561528
0.0,0,0.00096907315
0.0,0,0.0033143985
0.0,0,0.0020646616
1.0,1,0.96105343
1.0,1,0.940661
1.0,1,0.97622037
0.0,0,0.029072843
1.0,1,0.7485223
0.0,0,0.0064195166
0.0,0,0.12112359
0.0,0,0.16982053
1.0,1,0.9554576
1.0,1,0.916132
1.0,1,0.9600029
1.0,0,0.14206707
1.0,1,0.72462153
0.0,0,0.13171358
0.0,0,0.004110068
0.0,0,0.013550237
1.0,1,0.90111387
0.0,0,0.0011762364
1.0,1,0.9786463
1.0,1,0.9342718
1.0,1,0.82630545
0.0,0,0.00030955748
0.0,0,0.021824852
1.0,1,0.538388
0.0,0,0.15555647
0.0,0,0.022569913
0.0,0,0.011076046
0.0,0,0.04477486
1.0,1,0.96944577
1.0,1,0.65077615
0.0,0,0.0021197894
1.0,1,0.8330414
0.0,0,0.18895112
0.0,1,0.5727321
1.0,1,0.94898605
0.0,0,0.0066594137
1.0,1,0.79302734
0.0,0,0.010865393
0.0,0,0.15401387
0.0,0,0.050385755
0.0,0,0.07389469
0.0,0,0.00048542506
0.0,0,0.016794572
0.0,0,0.0013759847
0.0,0,0.042359084
0.0,0,0.0030271832
1.0,1,0.93545455
0.0,0,0.027491843
1.0,1,0.75211954
1.0,1,0.95782727
1.0,1,0.9775921
0.0,0,0.00020168991
1.0,1,0.9357166
1.0,1,0.97336257
0.0,0,0.024514401
0.0,0,0.05272352
1.0,1,0.9204904
0.0,0,0.31420428
1.0,1,0.9140118
0.0,0,0.040583536
1.0,1,0.97159505
0.0,0,0.05619886
0.0,0,0.083893344
1.0,1,0.92463684
1.0,1,0.9199333
0.0,0,0.071786545
0.0,0,0.32311594
1.0,1,0.9098317
0.0,0,0.040475097
1.0,1,0.785436
0.0,0,0.026558839
1.0,1,0.93946743
0.0,0,0.03708176
1.0,1,0.9756676
0.0,0,0.2757489
0.0,0,0.15965015
0.0,0,0.032052156
1.0,1,0.9687692
0.0,0,0.0034833283
1.0,1,0.9376621
0.0,0,0.0034116516
0.0,1,0.870387
1.0,1,0.976766
1.0,1,0.92643344
1.0,1,0.73206043
1.0,1,0.82663804
0.0,0,0.06455157
1.0,1,0.8676553
1.0,1,0.95209885
0.0,0,0.0033676794
1.0,1,0.8147535
1.0,1,0.91032565
1.0,1,0.94369733
0.0,0,0.007310165
0.0,1,0.54722005
0.0,0,0.0012638579
1.0,1,0.97740096
0.0,0,0.004539774
1.0,1,0.6394995
1.0,1,0.72197235
0.0,0,0.056646693
1.0,1,0.8039709
0.0,0,0.15089485
1.0,1,0.9039611
1.0,1,0.908654
1.0,1,0.8781909
1.0,1,0.9071511
0.0,1,0.97666514
0.0,0,0.08541306
0.0,0,0.03301603
0.0,0,0.16218719
1.0,0,0.37882927
1.0,1,0.9767239
0.0,0,0.062132318
1.0,1,0.893201
0.0,0,0.0900219
0.0,0,0.0462464
0.0,0,0.0034322513
1.0,1,0.8439326
0.0,0,0.009354537
1.0,1,0.9498867
1.0,1,0.9735452
0.0,1,0.8418766
0.0,0,0.027463596
1.0,1,0.9387896
0.0,0,0.031976577
1.0,1,0.5215306
1.0,1,0.5444919
0.0,0,0.009960559
1.0,1,0.6588397
0.0,0,0.13542877
1.0,1,0.97632533
0.0,0,0.028466396
1.0,1,0.6813152
1.0,1,0.94090915
0.0,0,0.016445152
1.0,1,0.97821176
0.0,0,0.21060574
1.0,1,0.9374128
0.0,0,0.020413494
0.0,0,0.22019315
1.0,1,0.84068507
1.0,1,0.9453964
1.0,1,0.71988845
0.0,0,0.027972506
0.0,0,0.0014961846
0.0,0,0.038155932
1.0,0,0.045415785
0.0,0,0.025241671
0.0,0,0.1617916
0.0,0,0.0024729844
1.0,1,0.9607217
1.0,1,0.7919692
0.0,0,0.07368161
0.0,0,0.031037224
1.0,1,0.7390877
1.0,1,0.9506874
1.0,0,0.15848182
0.0,0,0.0026378967
0.0,0,0.09705674
0.0,0,0.01093693
1.0,0,0.33266282
0.0,1,0.49264964
1.0,1,0.95651984
0.0,0,0.10658795
0.0,0,0.04996162
1.0,1,0.97419536
0.0,0,0.008239744
0.0,1,0.8290776
1.0,1,0.97232974
0.0,0,0.079073094
0.0,0,0.10263643
0.0,0,0.014572921
1.0,1,0.96987695
0.0,0,0.004534379
1.0,1,0.95927835
0.0,0,0.10940802
0.0,0,0.053186465
0.0,0,0.36690205
1.0,1,0.891904
1.0,1,0.95262593
0.0,0,0.039609592
0.0,0,0.014164934
1.0,0,0.41394314
1.0,1,0.9458711
0.0,0,0.013651852
0.0,0,0.0022982224
0.0,0,0.022547886
1.0,1,0.8805863
1.0,1,0.91490096
1.0,1,0.964817
1.0,1,0.44672528
0.0,0,0.02474856
0.0,0,0.01373918
1.0,1,0.6394908
0.0,0,0.29995522
1.0,1,0.96864325
1.0,1,0.8620128
1.0,1,0.74151284
1.0,1,0.9762109
1.0,1,0.6297842
0.0,0,0.063564084
1.0,1,0.8019755
0.0,0,0.055697635
1.0,1,0.4706615
0.0,0,0.2509609
1.0,1,0.96252406
0.0,0,0.0060244096
0.0,0,0.004524558
0.0,0,0.0806864
1.0,1,0.6276814
0.0,0,0.05065017
0.0,0,0.012053218
1.0,1,0.90574795
0.0,0,0.014510192
0.0,1,0.80198175
0.0,0,0.014323628
1.0,1,0.95416445
0.0,1,0.52126485
1.0,1,0.80435884
1.0,1,0.96438515
0.0,0,0.15845028
0.0,0,0.0071628904
0.0,0,0.1335847
1.0,1,0.9667871
0.0,0,0.027362276
1.0,1,0.9450827
0.0,0,0.2002762
1.0,1,0.47955585
1.0,1,0.5280249
1.0,1,0.8633344
0.0,0,0.20048575
0.0,0,0.14362885
0.0,0,0.34268063
1.0,1,0.46597216
0.0,1,0.5978922
1.0,1,0.8849343
1.0,1,0.6795819
1.0,1,0.8871104
0.0,1,0.61094147
0.0,1,0.5031755
1.0,1,0.96020544
1.0,1,0.8487944
0.0,0,0.042466935
1.0,1,0.871011
0.0,0,0.0034143503
0.0,0,0.13205564
0.0,0,0.033001736
1.0,1,0.94518167
1.0,1,0.9741458
1.0,1,0.79391396
1.0,1,0.95715743
0.0,0,0.030776424
1.0,1,0.9165774
0.0,0,0.30063722
1.0,1,0.9556486
1.0,1,0.9412162
1.0,1,0.76551634
1.0,1,0.9359126
1.0,1,0.88664806
0.0,0,0.21220891
1.0,1,0.682542
1.0,1,0.9483288
0.0,0,0.0052366513
1.0,1,0.85028183
0.0,0,0.0017184525
1.0,1,0.62049866
1.0,1,0.6091583
0.0,0,0.25383765
1.0,0,0.26830178
1.0,1,0.709675
0.0,0,0.00027615367
0.0,0,0.033411667
0.0,0,0.34015834
0.0,0,0.23336074
0.0,0,0.019629424
0.0,0,0.04449215
0.0,0,0.0046197637
1.0,1,0.97431874
0.0,0,0.049394246
1.0,1,0.97044724
1.0,0,0.37564433
0.0,0,0.008432356
0.0,0,0.032529313
1.0,1,0.6645634
0.0,0,0.24700165
1.0,1,0.78993195
0.0,0,0.000109386674
0.0,0,0.029156575
0.0,0,0.061232712
0.0,0,0.0033644452
0.0,0,0.37448898
0.0,0,0.028046302
0.0,0,0.029640255
0.0,0,0.25371143
1.0,1,0.9317862
1.0,1,0.6927773
0.0,0,0.011475708
1.0,0,0.21843092
0.0,0,0.2365361
0.0,0,0.0023421568
1.0,1,0.731075
0.0,0,0.0029633362
1.0,1,0.8132687
0.0,0,0.007992716
1.0,1,0.9295679
1.0,1,0.5537777
0.0,0,0.0015975343
1.0,1,0.61955893
0.0,0,0.26166892
0.0,0,0.035821047
0.0,0,0.105056636
0.0,0,0.17956823
1.0,1,0.8760612
1.0,1,0.8229145
1.0,0,0.33470806
1.0,1,0.88107735
0.0,0,0.004104326
0.0,0,0.0032894455
0.0,0,0.05364549
1.0,1,0.9566548
0.0,0,0.039322555
0.0,0,0.0540609
1.0,0,0.26266432
0.0,0,0.0111650685
1.0,1,0.9705133
1.0,1,0.77000564
0.0,1,0.43601573
0.0,0,0.20668152
1.0,1,0.8420715
0.0,0,0.0062104524
1.0,1,0.75604296
0.0,0,0.01093514
0.0,0,0.00054584944
1.0,1,0.7941572
0.0,0,0.017002227
1.0,1,0.9651716
0.0,1,0.93932074
1.0,1,0.8472689
0.0,0,0.13795178
0.0,1,0.86023855
0.0,0,0.150519
0.0,0,0.004946341
0.0,0,0.016933603
1.0,1,0.89406335
0.0,1,0.48111564
0.0,0,0.22616962
0.0,0,0.09371106
0.0,0,0.008821141
0.0,0,0.0021807118
1.0,1,0.97346956
1.0,1,0.7301949
0.0,0,0.036469217
0.0,0,0.032270037
0.0,0,0.08458711
1.0,1,0.93329316
0.0,0,0.041784603
1.0,1,0.8856825
0.0,0,0.10873142
0.0,0,0.1437203
1.0,1,0.8421234
0.0,0,0.0005673386
0.0,0,0.00030162517
1.0,0,0.13853103
0.0,0,0.009166161
0.0,0,0.020673169
0.0,0,0.0005030224
1.0,1,0.88934064
0.0,0,0.0031167665
0.0,0,0.0014099813
0.0,0,0.045372956
0.0,0,0.0055415276
1.0,1,0.97483724
1.0,1,0.9747985
1.0,1,0.80767924
0.0,0,0.31979164
0.0,0,0.073664196
1.0,1,0.8851145
0.0,0,0.00096415944
0.0,0,0.27915388
1.0,1,0.5021234
1.0,1,0.971179
1.0,1,0.95083153
0.0,1,0.8780782
1.0,1,0.9190969
1.0,1,0.7051406
0.0,0,0.004579843
1.0,1,0.6681481
0.0,0,0.048157007
1.0,1,0.97163707
0.0,0,0.048101276
0.0,0,0.24802195
0.0,0,0.0061253174
0.0,0,0.23388177
0.0,0,0.0029700159
1.0,1,0.95607215
0.0,1,0.6019473
1.0,1,0.8557297
0.0,0,0.3132724
1.0,1,0.50610816
0.0,0,0.13213715
0.0,1,0.5896255
0.0,0,0.00042206162
1.0,1,0.9330046
1.0,1,0.9725509
0.0,0,0.0065401066
0.0,0,0.043325853
1.0,1,0.8356924
0.0,0,0.12029376
1.0,1,0.93476546
1.0,1,0.6764742
1.0,1,0.7015286
1.0,1,0.9779806
0.0,0,0.2283552
0.0,0,0.00985543
0.0,0,0.07529566
0.0,0,0.007923378
1.0,1,0.7959026
1.0,1,0.48608375
0.0,0,0.21936233
0.0,0,0.005102471
1.0,1,0.8045373
0.0,0,0.04063211
1.0,1,0.8800871
1.0,1,0.9647418
1.0,1,0.96695817
0.0,0,0.19168912
0.0,0,0.07996432
1.0,1,0.97210777
1.0,1,0.97717506
0.0,0,0.0010880898
0.0,0,0.075893834
0.0,0,0.031272724
0.0,0,0.001255996
0.0,0,0.0041339146
0.0,0,0.11211066
0.0,0,0.014137139
1.0,1,0.9675937
0.0,0,0.014547182
0.0,0,0.120491736
1.0,1,0.9289707
0.0,0,0.030481353
1.0,1,0.9755508
0.0,0,0.42955786
0.0,0,0.15228441
1.0,1,0.7564115
0.0,0,0.004253979
1.0,0,0.39489627
1.0,1,0.928259
0.0,1,0.5359584
1.0,0,0.24148612
0.0,0,0.013590866
1.0,1,0.9566083
1.0,1,0.96872777
0.0,1,0.62719715
0.0,0,0.08263837
0.0,0,0.015919361
0.0,0,0.0015826283
0.0,0,8.744511e-05
1.0,1,0.6488248
1.0,1,0.97600555
0.0,0,0.23598234
1.0,1,0.9803058
0.0,0,0.04225767
0.0,0,0.3167501
0.0,1,0.87898964
0.0,0,0.23074293
0.0,0,0.050755583
0.0,0,0.0014748978
1.0,1,0.66107273
0.0,0,0.0042315447
0.0,0,0.18077926
1.0,0,0.40594596
0.0,0,0.01840768
0.0,0,0.048922285
1.0,1,0.61791384
1.0,1,0.96618634
0.0,1,0.48243695
1.0,1,0.97293067
1.0,1,0.926713
1.0,1,0.84841025
0.0,0,0.021043397
0.0,0,0.033527352
1.0,1,0.9601242
0.0,0,0.34363294
1.0,1,0.97715807
0.0,1,0.5530376
1.0,1,0.75552374
1.0,1,0.61805487
0.0,0,0.22704259
0.0,0,0.005989286
1.0,1,0.8721034
1.0,1,0.974327
0.0,0,0.025689408
1.0,1,0.9730959
1.0,1,0.4784664
0.0,0,0.0051241377
0.0,0,0.010795847
1.0,1,0.6774653
1.0,1,0.9464036
0.0,1,0.5693003
1.0,1,0.5971877
0.0,0,0.24306668
0.0,0,0.050027404
1.0,1,0.8422297
0.0,0,0.0038288883
0.0,0,0.0068604727
0.0,0,0.20325501
1.0,1,0.9733353
0.0,0,0.00041278254
0.0,0,0.014258913
0.0,0,0.008493463
0.0,0,0.026891151
0.0,0,0.15047967
0.0,0,0.030569797
0.0,0,0.05097002
1.0,1,0.97568035
0.0,1,0.58705664
1.0,1,0.9264753
1.0,0,0.38153952
1.0,1,0.94592166
1.0,0,0.25715947
0.0,0,0.025556518
0.0,0,0.008183392
1.0,1,0.63526595
0.0,0,0.0016739751
1.0,1,0.7015879
1.0,1,0.97687584
0.0,0,0.14341788
1.0,1,0.82320297
0.0,0,0.018530946
0.0,0,0.18668687
0.0,0,0.31145415
0.0,0,0.1427383
0.0,1,0.47793058
1.0,1,0.8782537
0.0,0,0.18833663
0.0,1,0.62288344
0.0,0,0.038819402
0.0,1,0.5653673
0.0,0,0.08312447
1.0,1,0.976334
0.0,0,0.005384144
1.0,1,0.73330045
1.0,1,0.77830625
0.0,0,0.00051310257
1.0,1,0.7800359
1.0,1,0.8679383
0.0,0,0.01997294
0.0,0,0.09119587
1.0,1,0.94277936
0.0,0,0.035893116
0.0,0,0.0006519974
0.0,0,0.04125282
0.0,0,0.00043751785
1.0,0,0.4109867
1.0,1,0.54208595
1.0,1,0.82690245
0.0,0,0.27356496
1.0,1,0.9183566
1.0,1,0.743441
1.0,1,0.7946469
1.0,1,0.9514026
1.0,1,0.72111106
1.0,1,0.6724774
0.0,0,0.0008868094
1.0,1,0.7679859
0.0,0,0.13517289
1.0,1,0.6906626
0.0,0,0.052846327
1.0,0,0.32444742
0.0,0,0.012192168
0.0,0,0.20611608
0.0,0,0.3605899
0.0,0,0.09850965
1.0,1,0.97625667
1.0,1,0.9732495
0.0,0,0.0028314714
0.0,0,0.0059176683
1.0,1,0.8777301
1.0,1,0.872301
1.0,1,0.7318461
1.0,0,0.3905608
1.0,1,0.74884045
1.0,1,0.6152166
1.0,1,0.9492491
0.0,1,0.6298027
1.0,1,0.97499007
0.0,0,0.124705896
0.0,0,0.40163645
1.0,1,0.9701349
1.0,1,0.7183635
0.0,0,0.026487373
0.0,0,0.19701752
1.0,1,0.9709213
0.0,1,0.6856562
1.0,1,0.83548135
0.0,0,0.004511934
1.0,0,0.26132303
0.0,0,0.0036642097
1.0,1,0.97467726
1.0,1,0.86725587
1.0,1,0.7906924
0.0,1,0.64544755
1.0,1,0.73277116
0.0,0,0.001457576
1.0,1,0.9710763
1.0,0,0.19646844
0.0,0,0.005863051
1.0,1,0.9601889
0.0,0,0.06424727
1.0,1,0.8618534
1.0,1,0.80544996
0.0,0,0.028527435
0.0,0,0.0007858059
0.0,0,0.24381684
1.0,1,0.92108154
1.0,1,0.97428507
1.0,1,0.9579929
1.0,1,0.9212171
0.0,0,0.009174506
0.0,0,0.12777145
0.0,0,0.0051624174
1.0,1,0.9766479
1.0,0,0.11574979
0.0,0,0.26651502
0.0,0,0.40581828
1.0,1,0.96556395
0.0,0,0.39160413
1.0,1,0.7389599
1.0,1,0.9597816
1.0,1,0.7946149
0.0,1,0.64624786
1.0,0,0.27296028
0.0,0,0.0020071464
1.0,1,0.55465364
1.0,1,0.50329506
0.0,0,0.024204468
0.0,0,0.039166655
1.0,1,0.9518298
0.0,0,0.27909034
1.0,1,0.72909653
0.0,0,0.18939294
0.0,0,0.0040355106
0.0,0,0.015942961
1.0,1,0.8513257
1.0,1,0.96587676
0.0,0,0.025157677
0.0,0,0.007442136
1.0,1,0.78462315
1.0,1,0.9765614
1.0,1,0.53670716
1.0,1,0.50289196
1.0,1,0.93288463
1.0,0,0.27454486
1.0,1,0.58909917
0.0,0,0.06961941
1.0,0,0.32953304
1.0,1,0.84047043
0.0,0,0.06697424
0.0,0,0.331052
0.0,0,0.2985816
1.0,1,0.8536016
0.0,0,0.28399363
1.0,1,0.45287034
1.0,1,0.76590014
1.0,1,0.9381217
0.0,0,0.35515445
1.0,1,0.6274299
1.0,1,0.97807616
0.0,0,0.0129303755
0.0,0,0.0069872225
0.0,0,0.20529677
0.0,0,0.13364626
1.0,1,0.87007475
1.0,1,0.53973615
1.0,1,0.91092056
0.0,0,0.0075224554
0.0,0,0.32364753
0.0,0,0.30469787
0.0,1,0.5059648
1.0,1,0.9176984
0.0,0,0.03286342
1.0,1,0.9040676
1.0,1,0.60166025
1.0,1,0.7187569
1.0,1,0.60821396
1.0,1,0.9745349
1.0,1,0.8965294
0.0,1,0.5921023
1.0,1,0.964493
1.0,1,0.66476715
1.0,1,0.9303258
0.0,0,0.022661824
1.0,1,0.97717506
1.0,1,0.9384726
0.0,1,0.5168231
0.0,0,0.16414109
0.0,0,0.037972387
1.0,1,0.9702758
1.0,1,0.94345003
0.0,0,0.0032910095
1.0,1,0.9732321
0.0,0,0.015789613
0.0,0,0.052419018
0.0,0,0.0007438252
0.0,0,0.0108650755
1.0,1,0.55306363
0.0,0,0.3818505
1.0,1,0.8965576
0.0,0,0.03569056
1.0,1,0.8252617
0.0,1,0.63416815
0.0,0,0.1674731
0.0,0,0.023022879
0.0,1,0.65581137
1.0,1,0.96317506
0.0,0,0.009161268
1.0,1,0.9032923
0.0,0,0.059026077
0.0,0,0.021461431
0.0,0,0.0039660395
1.0,1,0.94214433
1.0,1,0.9528932
0.0,0,0.31815875
0.0,0,0.039377697
0.0,0,0.06153796
1.0,1,0.57026345
1.0,1,0.9138531
0.0,0,0.018510787
0.0,0,0.06142408
0.0,0,9.450082e-05
1.0,1,0.9739534
0.0,1,0.7478273
0.0,0,0.22210003
0.0,0,0.01640681
0.0,0,0.0022637541
1.0,1,0.8594394
1.0,1,0.73562056
1.0,1,0.9346233
0.0,0,0.001119552
0.0,0,0.23106426
0.0,0,0.0016034311
1.0,1,0.9670791
1.0,1,0.9192071
1.0,1,0.53706276
1.0,1,0.9609719
0.0,0,0.0036059376
1.0,1,0.9803983
1.0,1,0.8719387
0.0,0,0.0073518967
0.0,0,0.3903684
0.0,0,0.00481183
1.0,1,0.7123737
0.0,0,0.268037
0.0,0,0.043015085
0.0,1,0.46037558
1.0,0,0.41747388
0.0,0,0.059777364
0.0,0,0.011397275
0.0,0,0.0026768646
1.0,1,0.83352524
0.0,0,0.0069856485
0.0,0,0.0015811807
1.0,1,0.9337183
0.0,0,0.35942394
1.0,1,0.9280466
1.0,1,0.62929106
1.0,1,0.8536403
1.0,1,0.955935
1.0,1,0.9389083
1.0,0,0.37058404
1.0,0,0.11685285
1.0,1,0.66022336
0.0,0,0.0007927559
1.0,1,0.9659163
0.0,0,0.068681546
0.0,0,0.00035147884
1.0,1,0.92123795
1.0,1,0.9688605
0.0,0,0.12567298
0.0,0,0.007518782
1.0,1,0.5813818
0.0,0,0.004490345
1.0,1,0.9756511
0.0,0,0.015535645
0.0,0,0.06779874
1.0,1,0.9618688
1.0,1,0.53488374
0.0,0,0.059387483
0.0,0,0.0111921765
1.0,1,0.7088269
0.0,0,0.07435869
1.0,1,0.70765966
0.0,0,0.006175605
0.0,0,0.119352736
0.0,0,0.0038675591
0.0,0,0.00075460307
1.0,1,0.7816034
1.0,1,0.46588588
0.0,0,0.00021906909
1.0,1,0.8422781
1.0,1,0.97175586
1.0,1,0.8109978
0.0,0,0.19522892
1.0,1,0.81101507
1.0,1,0.97643775
1.0,0,0.25631288
1.0,1,0.9672393
0.0,0,0.05878302
1.0,1,0.9663174
0.0,0,0.000108451095
0.0,0,0.039809868
0.0,0,0.14774157
1.0,1,0.96699584
0.0,0,0.040359017
0.0,0,0.33318308
1.0,1,0.9802521
0.0,0,0.0004963656
1.0,1,0.8461124
1.0,0,0.40070304
1.0,1,0.94498575
1.0,0,0.3424878
0.0,0,0.04316554
0.0,1,0.82806003
1.0,1,0.97720814
0.0,0,0.0051236106
0.0,0,0.13319337
1.0,1,0.94042283
0.0,0,0.036913034
1.0,1,0.9788363
1.0,0,0.3509429
0.0,0,0.23530254
0.0,0,0.0078724185
0.0,0,0.010889679
1.0,1,0.97147936
1.0,0,0.15040033
0.0,0,0.046122413
0.0,0,0.006511631
1.0,1,0.9773036
0.0,1,0.547225
0.0,0,0.083194874
1.0,1,0.71420014
0.0,0,0.005493514
1.0,1,0.71175
1.0,1,0.725927
0.0,1,0.50480354
0.0,0,0.03105255
0.0,0,0.008205691
1.0,0,0.23712161
1.0,1,0.51847655
1.0,1,0.68228376
1.0,1,0.8348202
0.0,0,0.028427815
0.0,0,0.0023709622
1.0,1,0.7259081
0.0,0,0.0060558394
1.0,1,0.8298858
0.0,0,0.0024336076
1.0,1,0.7320784
1.0,1,0.9269445
1.0,1,0.94031304
1.0,1,0.71397054
0.0,0,0.00089966756
1.0,1,0.9569315
0.0,0,0.020116191
1.0,1,0.94953775
1.0,1,0.76654696
0.0,0,0.0014075106
0.0,0,0.3216255
1.0,1,0.9664054
1.0,1,0.97210777
1.0,1,0.97179824
0.0,0,0.13031848
1.0,1,0.9737445
1.0,1,0.6035812
1.0,1,0.7648963
0.0,0,0.000485835
1.0,1,0.95428836
0.0,1,0.43544105
0.0,0,0.0012984101
0.0,0,0.27221355
1.0,1,0.8842768
0.0,0,0.0016409162
1.0,1,0.91395515
1.0,1,0.9779544
0.0,0,0.00018770702
1.0,1,0.95770806
0.0,0,0.045584656
0.0,0,0.01242113
1.0,1,0.9328801
1.0,1,0.60051745
0.0,0,0.020227646
0.0,0,0.39370114
1.0,1,0.7186817
1.0,1,0.7728163
0.0,0,0.00067229295
0.0,0,0.014794858
0.0,0,0.14717029
0.0,0,0.0013560028
1.0,1,0.89331585
0.0,0,0.0493087
1.0,0,0.39418966
1.0,1,0.9280956
1.0,1,0.809938
0.0,0,0.19249763
0.0,0,0.037428524
1.0,1,0.7230102
1.0,1,0.9362103
1.0,1,0.93676496
1.0,1,0.5816486
0.0,1,0.7308521
0.0,0,0.022509335
1.0,1,0.9575877
1.0,1,0.70459807
0.0,0,0.043592006
0.0,0,0.0030417528
1.0,1,0.962191
0.0,1,0.6885117
1.0,1,0.8182883
0.0,0,0.04085534
1.0,1,0.9020936
1.0,1,0.9591486
0.0,0,0.42136002
0.0,0,0.009268408
1.0,1,0.94395745
1.0,1,0.91506803
0.0,0,0.0037725489
0.0,1,0.823557
0.0,0,0.06425892
1.0,1,0.9353813
1.0,1,0.9188454
0.0,0,0.17058349
1.0,1,0.65033174
0.0,0,0.024838448
1.0,1,0.9761144
0.0,0,0.0019416902
0.0,1,0.8577386
0.0,0,0.00079143123
1.0,1,0.9719136
1.0,1,0.9645168
1.0,1,0.94863594
1.0,1,0.8535877
1.0,1,0.98156995
0.0,0,0.007520163
1.0,1,0.80606973
0.0,0,0.07926864
1.0,1,0.4706614
0.0,0,0.011996981
0.0,0,0.0068810745
1.0,1,0.77592015
0.0,0,0.0064331084
0.0,0,0.0025491756
0.0,0,0.04720399
1.0,1,0.9506736
0.0,0,0.002793663
1.0,0,0.05215411
1.0,0,0.07798666
0.0,0,0.009091208
0.0,0,0.04310873
1.0,1,0.66302586
1.0,1,0.9750066
0.0,0,0.059787698
1.0,1,0.979415
0.0,0,0.00040357249
1.0,1,0.8564324
1.0,1,0.9696868
0.0,0,0.062035635
0.0,0,0.03165742
1.0,1,0.6827284
0.0,0,0.0763251
0.0,0,0.0009352086
0.0,0,0.06055168
1.0,1,0.8921471
1.0,1,0.7893923
1.0,0,0.37700754
1.0,1,0.9661928
0.0,0,0.102888696
0.0,0,0.037980404
0.0,0,0.25922158
1.0,1,0.9741442
1.0,1,0.7490504
0.0,0,0.026867235
1.0,1,0.6035346
0.0,0,0.01921033
1.0,1,0.9334946
1.0,1,0.6518303
1.0,0,0.26632497
0.0,0,0.079135135
0.0,0,0.21455167
0.0,1,0.44287544
1.0,1,0.91546154
0.0,0,0.18084618
0.0,0,0.0342751
0.0,0,0.0117872935
1.0,1,0.9123873
1.0,1,0.48928088
1.0,0,0.0142047
1.0,1,0.74513936
0.0,0,0.010358964
1.0,1,0.57372713
0.0,0,0.02461706
0.0,0,0.0022524388
1.0,1,0.9487869
0.0,0,0.26685306
0.0,0,0.019632671
1.0,1,0.9759914
0.0,0,0.0038988483
0.0,0,0.008242768
0.0,0,0.015634047
1.0,1,0.9730401
0.0,0,0.018892396
0.0,1,0.5237541
0.0,0,0.0020420027
0.0,0,0.35338104
1.0,1,0.9536567
0.0,0,0.007464423
0.0,0,0.13684377
0.0,0,0.0016119021
0.0,0,0.3069794
1.0,1,0.85689443
0.0,0,0.020835212
1.0,1,0.8168288
0.0,0,0.059608523
0.0,1,0.51809144
0.0,0,0.047086902
1.0,1,0.86132073
1.0,1,0.9723169
1.0,1,0.81154627
1.0,1,0.9732691
1.0,0,0.33798495
1.0,0,0.38063374
1.0,1,0.86135685
1.0,1,0.8459594
1.0,1,0.5439935
0.0,0,0.04701496
1.0,1,0.61995494
0.0,0,0.11339199
1.0,1,0.6187564
1.0,1,0.5838054
0.0,0,0.01526669
0.0,0,0.0026422685
1.0,1,0.48714793
0.0,0,0.009302996
0.0,0,0.0030658543
0.0,0,0.39370582
0.0,0,0.14607611
1.0,1,0.9668596
1.0,0,0.3503555
1.0,1,0.9776115
1.0,0,0.334808
1.0,0,0.14309531
0.0,0,0.005214053
0.0,0,0.2162297
1.0,1,0.47077876
1.0,1,0.97274995
1.0,1,0.7907128
1.0,1,0.8152506
0.0,0,0.025370926
1.0,1,0.9382784
1.0,1,0.85982543
1.0,0,0.30426303
0.0,0,0.009709669
1.0,1,0.8692986
1.0,1,0.54098254
1.0,1,0.84779394
1.0,1,0.9458383
0.0,1,0.59425485
0.0,0,0.19024344
1.0,0,0.11033326
0.0,0,0.061964147
1.0,0,0.27910584
0.0,0,0.04175081
0.0,0,0.0069911215
0.0,1,0.8024101
0.0,0,0.01383111
1.0,1,0.97660625
1.0,0,0.032792225
1.0,1,0.9554054
0.0,0,0.08349258
0.0,0,0.13054493
1.0,1,0.97386366
0.0,0,0.006207993
0.0,0,0.034938943
1.0,1,0.754571
1.0,1,0.76824915
0.0,0,0.0067867897
1.0,1,0.9655727
0.0,0,0.009979793
1.0,1,0.9709637
1.0,1,0.90498936
1.0,1,0.7692524
0.0,0,0.15541728
1.0,1,0.8184196
1.0,1,0.93820095
1.0,1,0.95594543
1.0,1,0.9673254
0.0,0,0.0011842371
0.0,0,0.07824391
1.0,1,0.6391823
0.0,0,0.007416804
1.0,1,0.7062511
0.0,0,0.1948137
0.0,1,0.7152841
1.0,1,0.9752557
0.0,0,0.0021906735
1.0,1,0.97683084
1.0,1,0.85083693
1.0,1,0.9054568
0.0,0,0.060580395
0.0,1,0.9694558
1.0,1,0.94680184
0.0,0,0.00020671969
1.0,0,0.27188805
1.0,1,0.96627104
0.0,0,0.23388624
0.0,0,0.0076683634
0.0,0,0.003475957
1.0,1,0.9035214
0.0,0,0.009910886
1.0,1,0.91783816
0.0,0,0.27633628
0.0,0,0.26466677
0.0,0,0.020174908
0.0,0,0.13360627
1.0,1,0.804873
1.0,1,0.96443665
1.0,1,0.8967171
1.0,1,0.95307565
0.0,0,0.00854372
0.0,0,0.08944847
1.0,1,0.7631897
1.0,1,0.97326857
0.0,0,0.021486178
1.0,1,0.6216333
1.0,1,0.96763474
0.0,0,0.0054321396
0.0,0,0.014803938
1.0,1,0.9654936
0.0,0,0.29608446
1.0,1,0.7046688
1.0,1,0.93476737
1.0,1,0.9588737
0.0,0,0.21024443
0.0,0,0.042716574
0.0,0,0.0039614085
1.0,1,0.9681381
0.0,0,0.027496906
0.0,0,0.03850549
0.0,0,0.0262589
0.0,0,0.10836875
1.0,1,0.8612149
1.0,1,0.8765509
0.0,0,0.18572924
0.0,0,0.028831454
0.0,0,0.0010588529
1.0,1,0.88341284
0.0,0,0.002218139
1.0,1,0.8151673
0.0,0,0.2197169
0.0,0,0.026746703
1.0,1,0.97500277
0.0,0,0.12826195
0.0,1,0.44310397
0.0,0,0.1311052
1.0,1,0.97667986
0.0,0,0.0016314206
1.0,1,0.9609593
0.0,0,0.015959436
0.0,0,0.0036304991
0.0,0,0.08337002
0.0,0,0.0019969465
0.0,1,0.6772375
1.0,1,0.93395436
0.0,0,0.0016808255
0.0,1,0.8011407
1.0,1,0.8498925
0.0,1,0.85475755
1.0,0,0.10982888
0.0,0,0.0030211837
1.0,1,0.9734706
1.0,1,0.9558466
1.0,1,0.95170534
1.0,1,0.9746499
1.0,1,0.43535495
0.0,0,0.002833295
1.0,1,0.6392529
1.0,1,0.8550607
1.0,1,0.9678374
1.0,1,0.94215894
0.0,0,0.046080623
0.0,1,0.4381688
1.0,1,0.93643326
0.0,0,0.045738835
1.0,1,0.69309807
1.0,1,0.95595723
1.0,0,0.28169507
1.0,1,0.9697923
0.0,0,0.004072135
1.0,1,0.684209
1.0,1,0.97448903
1.0,1,0.96910155
1.0,1,0.9256675
0.0,0,0.00076730736
1.0,1,0.96867764
0.0,0,0.06765162
0.0,0,0.0046524415
1.0,1,0.95860046
1.0,1,0.954724
1.0,1,0.84615827
1.0,1,0.9716166
1.0,1,0.6687521
1.0,1,0.9663545
0.0,0,0.021054266
1.0,1,0.8796972
1.0,1,0.96665627
0.0,0,0.058314964
1.0,1,0.9282205
1.0,1,0.9388178
1.0,1,0.8615636
1.0,1,0.8379709
1.0,1,0.72403467
0.0,0,0.012572358
1.0,1,0.93295825
1.0,1,0.95907485
0.0,1,0.55397654
1.0,1,0.8398081
1.0,1,0.9731691
0.0,0,0.12391488
0.0,0,0.13214348
1.0,1,0.96326804
0.0,0,0.047114756
1.0,1,0.83032465
1.0,1,0.93903416
0.0,0,0.017880445
1.0,1,0.9265342
1.0,1,0.5063555
0.0,1,0.43357083
1.0,1,0.8843999
0.0,0,0.008343558
0.0,0,0.15765683
1.0,0,0.35605198
1.0,1,0.78320205
1.0,1,0.77189714
1.0,1,0.9729153
1.0,1,0.97118133
0.0,0,0.052006118
1.0,1,0.8764712
0.0,0,0.09435463
0.0,1,0.5037264
0.0,0,0.007025194
0.0,0,0.026123408
1.0,1,0.97305304
0.0,0,0.0024514871
0.0,0,0.0034838312
1.0,1,0.97647333
0.0,0,0.047869265
1.0,1,0.8877774
0.0,0,0.33068603
1.0,1,0.87411034
1.0,1,0.8012736
1.0,1,0.87159777
1.0,1,0.9732192
1.0,1,0.97802407
1.0,1,0.9690631
0.0,0,0.09969896
1.0,1,0.96888614
1.0,1,0.913694
1.0,1,0.827008
1.0,1,0.972691
0.0,1,0.61215806
0.0,1,0.791806
1.0,1,0.8189798
0.0,0,0.302563
0.0,0,0.13148203
1.0,1,0.88126075
1.0,1,0.94962734
1.0,1,0.92454636
1.0,1,0.58085585
1.0,1,0.5482068
1.0,1,0.93858737
0.0,0,0.12306927
1.0,1,0.822501
1.0,1,0.93330806
1.0,1,0.6709795
1.0,1,0.8109678
1.0,1,0.81411564
0.0,0,0.24778342
0.0,0,0.083333194
0.0,0,0.010420601
1.0,1,0.970969
0.0,0,0.23526104
0.0,0,0.0905587
0.0,1,0.8419115
1.0,1,0.62057257
1.0,1,0.8088774
0.0,0,0.032190595
1.0,1,0.52627015
1.0,1,0.81474423
1.0,1,0.9759501
1.0,1,0.72407776
1.0,1,0.6558924
1.0,1,0.9735612
1.0,1,0.7112496
0.0,0,0.010046383
0.0,0,0.2793114
0.0,0,0.010813704
1.0,1,0.91841376
1.0,1,0.97240627
0.0,0,0.0028866567
1.0,1,0.82797575
1.0,1,0.9419208
1.0,1,0.5559195
1.0,1,0.9649071
1.0,1,0.86079824
1.0,1,0.9421308
0.0,0,0.08590571
0.0,0,0.046148647
0.0,0,0.021698503
1.0,1,0.6233698
1.0,1,0.77671605
1.0,1,0.76565427
0.0,0,0.2146986
0.0,0,0.13089474
1.0,1,0.9769577
1.0,1,0.63151443
0.0,0,0.016213348
0.0,0,0.007662922
0.0,0,0.09620004
0.0,0,0.025469985
0.0,0,0.041040055
1.0,1,0.84693253
1.0,1,0.6782802
1.0,1,0.9461859
1.0,1,0.96367264
1.0,1,0.68524575
1.0,1,0.9370135
1.0,0,0.19467899
0.0,1,0.49056885
0.0,0,0.048148174
1.0,1,0.7383764
1.0,1,0.87620765
0.0,0,0.017182343
1.0,0,0.17494301
1.0,1,0.9767849
0.0,0,0.09290553
1.0,1,0.96312016
1.0,1,0.8528578
1.0,1,0.9320392
0.0,1,0.49539313
1.0,1,0.7581376
0.0,0,0.35812616
0.0,0,0.11743443
1.0,1,0.688427
0.0,0,0.0054472466
0.0,0,0.0029181286
0.0,0,0.15738747
0.0,1,0.84732145
1.0,1,0.77553517
1.0,1,0.9406209
0.0,0,0.0036433167
1.0,1,0.9780704
0.0,0,0.38620004
1.0,1,0.82019305
0.0,0,0.37050274
1.0,1,0.9453439
0.0,0,0.35996234
0.0,0,0.16319388
1.0,1,0.85220706
0.0,0,0.0018925935
0.0,0,0.034285385
1.0,1,0.97291946
0.0,0,0.003454303
1.0,1,0.74035585
0.0,0,0.119709104
1.0,1,0.9328226
1.0,1,0.9120107
1.0,1,0.9010573
0.0,0,0.0020682572
1.0,1,0.97651434
0.0,0,0.035546552
0.0,0,0.0203943
0.0,1,0.8898271
1.0,0,0.22954679
0.0,0,0.009040941
0.0,0,0.00096740527
0.0,0,0.18138592
0.0,0,0.0074340776
0.0,0,0.054246657
0.0,1,0.4483576
0.0,0,0.049678087
1.0,1,0.7774311
0.0,0,0.028184121
0.0,0,0.002048195
0.0,0,0.01587932
0.0,1,0.47763142
0.0,0,0.35155854
0.0,0,0.12577875
1.0,1,0.96764827
1.0,1,0.9300379
0.0,0,0.09821704
0.0,0,0.00958811
0.0,0,0.025341365
1.0,1,0.96754825
1.0,1,0.82561004
1.0,1,0.92241925
0.0,0,0.0031227104
0.0,0,0.12221406
1.0,1,0.46793196
1.0,1,0.97271246
0.0,0,0.012805953
0.0,0,0.002991944
1.0,1,0.44361785
1.0,1,0.6139442
0.0,0,0.3207252
1.0,1,0.97251767
0.0,0,0.00071512006
0.0,0,0.079444245
1.0,1,0.8738914
0.0,0,0.0034634823
1.0,1,0.5621977
0.0,0,0.030329831
0.0,1,0.74924064
1.0,1,0.97192353
1.0,0,0.14232372
1.0,1,0.7801219
1.0,1,0.9260522
0.0,0,0.036891714
1.0,1,0.9771966
0.0,0,0.00799753
1.0,1,0.47240964
0.0,0,0.20402387
1.0,1,0.9040283
1.0,0,0.04211703
0.0,0,0.0020615454
1.0,1,0.6752579
0.0,0,0.1932163
1.0,1,0.95216346
0.0,0,0.0009398991
0.0,1,0.91647875
1.0,1,0.92027766
0.0,0,0.29284593
0.0,0,0.06362374
0.0,0,0.006861038
1.0,1,0.8557013
1.0,1,0.7900904
1.0,1,0.97892374
0.0,0,0.11411918
1.0,1,0.68542445
0.0,0,0.0020387094
1.0,1,0.5226041
0.0,0,0.005956087
1.0,1,0.72313106
1.0,1,0.97601545
0.0,0,0.041085493
1.0,1,0.9425997
1.0,1,0.8453841
1.0,1,0.97757053
1.0,1,0.9321816
0.0,0,0.016554363
1.0,1,0.7041132
0.0,0,0.058427326
1.0,1,0.7052109
1.0,1,0.8293084
0.0,0,0.006651885
0.0,0,0.17350908
1.0,1,0.9702123
1.0,1,0.5117167
1.0,1,0.9571927
0.0,0,0.20348093
0.0,0,0.0016122044
0.0,0,0.0115322815
1.0,1,0.7837423
0.0,0,0.047185037
1.0,0,0.21190009
1.0,1,0.97790253
0.0,0,0.0035066674
1.0,1,0.9332329
1.0,1,0.8068403
0.0,0,0.0043233084
1.0,1,0.8231918
1.0,1,0.6781569
1.0,1,0.9332006
1.0,1,0.5348502
1.0,1,0.84857345
1.0,1,0.62842333
1.0,1,0.97160876
0.0,0,0.19232225
1.0,1,0.8373388
0.0,0,0.17094105
0.0,0,0.002971599
0.0,0,0.0020912117
0.0,0,0.0008158175
1.0,1,0.54703856
0.0,0,0.009702459
0.0,0,0.090569295
1.0,1,0.9699757
1.0,1,0.97649467
1.0,1,0.94159603
1.0,1,0.7124572
0.0,0,0.0045113834
0.0,0,0.0016027914
1.0,1,0.95359516
1.0,1,0.9144626
0.0,0,0.28110832
1.0,1,0.97013974
1.0,1,0.87464696
0.0,0,0.018732786
1.0,1,0.69264126
0.0,0,0.090811044
1.0,1,0.9646832
1.0,1,0.7401918
0.0,0,0.213946
0.0,0,0.0047801854
0.0,0,0.055772938
0.0,0,0.16118862
1.0,1,0.9264231
1.0,1,0.84406805
0.0,0,0.0042370763
0.0,0,0.018055841
0.0,0,0.11272197
1.0,1,0.91281426
0.0,0,0.005798375
0.0,0,0.010000529
0.0,0,0.027613485
1.0,1,0.90372396
1.0,1,0.93203753
0.0,0,0.0021081886
1.0,1,0.7222425
1.0,1,0.9738589
0.0,0,0.0042994367
1.0,1,0.7677319
0.0,0,0.047093
1.0,1,0.7493454
0.0,0,0.018781478
1.0,0,0.31876191
1.0,1,0.924571
0.0,0,0.12853192
1.0,1,0.8796222
0.0,0,0.0100877825
1.0,1,0.9674751
1.0,1,0.69744813
0.0,0,0.08479699
0.0,0,0.19150023
1.0,1,0.8783307
1.0,1,0.83575153
0.0,0,0.16001166
0.0,0,0.021934733
1.0,1,0.79328316
0.0,0,0.07080002
0.0,0,0.16595107
1.0,1,0.97624755
1.0,1,0.7306429
0.0,0,0.00055620045
1.0,1,0.96320367
1.0,1,0.97401553
0.0,0,0.40958396
1.0,1,0.7089704
0.0,0,0.032184005
0.0,0,0.014742357
1.0,1,0.7831475
1.0,1,0.9170932
1.0,1,0.91638047
1.0,1,0.9786928
0.0,0,0.04907915
1.0,1,0.88425946
1.0,1,0.8685925
0.0,0,0.0062715686
0.0,0,0.0017556803
0.0,0,0.0026279923
1.0,1,0.8026146
1.0,1,0.748283
1.0,1,0.745893
0.0,0,0.03273495
1.0,1,0.7339265
0.0,0,0.06029032
0.0,0,0.0011453102
0.0,0,0.0041476376
0.0,0,0.0008398271
1.0,1,0.93279874
0.0,0,0.0014957059
1.0,1,0.888308
1.0,0,0.15515691
0.0,0,0.06301749
1.0,1,0.9447785
0.0,0,0.0071249465
1.0,1,0.9777125
1.0,0,0.36989844
0.0,0,0.0012505655
1.0,0,0.25206083
0.0,0,0.040244505
0.0,0,0.08847878
1.0,1,0.9751031
0.0,0,0.19775936
1.0,1,0.73207724
1.0,1,0.83564633
1.0,1,0.9226553
1.0,1,0.9636226
1.0,1,0.96085095
1.0,1,0.53271115
0.0,0,0.0028174384
1.0,1,0.9477434
0.0,0,0.0033269748
0.0,0,0.007964278
0.0,0,0.053047534
0.0,0,0.002646726
0.0,0,0.005613211
1.0,1,0.9074766
0.0,0,0.13890533
0.0,0,0.11918982
0.0,0,0.0055668643
0.0,0,0.0005494519
1.0,1,0.8628611
0.0,0,0.25199357
1.0,1,0.7427153
0.0,1,0.43389505
1.0,1,0.8889748
0.0,0,0.108184606
1.0,1,0.778676
1.0,1,0.89876175
1.0,1,0.9194951
1.0,0,0.31713262
0.0,0,0.011102473
0.0,0,0.047574528
1.0,1,0.7207401
0.0,0,0.016131252
0.0,0,0.14748561
1.0,1,0.968546
1.0,1,0.94055736
1.0,1,0.7782554
0.0,1,0.80718565
0.0,0,0.19343324
0.0,0,0.0006086497
0.0,0,0.022934468
1.0,1,0.9472841
0.0,0,0.026719868
0.0,0,0.053110346
0.0,0,0.09215773
0.0,0,0.15944503
0.0,0,0.024101546
1.0,1,0.4763251
1.0,1,0.95761657
1.0,1,0.94060165
1.0,1,0.5634581
0.0,1,0.59854615
1.0,1,0.7391478
1.0,1,0.94854057
1.0,1,0.96473104
0.0,0,0.000407754
0.0,0,0.28241146
0.0,0,0.12098696
0.0,0,0.05060544
0.0,0,0.0003746699
1.0,1,0.97592425
1.0,1,0.81246865
0.0,0,0.01928862
1.0,1,0.92022103
1.0,1,0.9590655
0.0,0,0.016379222
1.0,1,0.93446666
1.0,1,0.97541165
0.0,0,0.0075043673
1.0,1,0.97493315
0.0,0,0.0045306915
0.0,0,0.0024520399
0.0,0,0.043365724
0.0,0,0.0018247737
0.0,0,0.025058
0.0,0,0.00141575
0.0,0,0.004476428
1.0,1,0.9448192
1.0,1,0.71827227
1.0,1,0.83659816
0.0,0,0.20413382
1.0,1,0.9341507
1.0,1,0.9483196
1.0,1,0.715091
0.0,0,0.00029641765
1.0,1,0.93277925
1.0,1,0.8775625
1.0,1,0.9166854
1.0,1,0.9587639
1.0,1,0.8803203
0.0,0,0.0062747374
0.0,0,0.1351552
0.0,0,0.028678712
1.0,1,0.8952303
1.0,1,0.6926863
0.0,1,0.783267
1.0,1,0.89670837
1.0,1,0.54943895
0.0,0,0.048930977
0.0,0,0.014115019
1.0,1,0.96971095
1.0,1,0.82583195
0.0,0,0.10604485
0.0,0,0.06851001
0.0,0,0.0052640303
0.0,0,0.028471095
0.0,0,0.15726745
1.0,1,0.9652451
1.0,1,0.9750181
0.0,0,0.008592656
1.0,1,0.9274131
1.0,1,0.930416
1.0,1,0.76511383
1.0,1,0.9448143
0.0,0,0.07743524
1.0,1,0.929179
1.0,1,0.8366399
0.0,0,0.006021832
0.0,0,0.23572965
0.0,0,0.08006164
0.0,1,0.53017473
0.0,0,0.0029981893
0.0,0,0.09858042
1.0,1,0.97211176
0.0,0,0.02282092
1.0,1,0.9633527
1.0,1,0.9786846
1.0,1,0.88789195
0.0,0,0.030287782
0.0,0,0.008233886
0.0,0,0.004929036
0.0,0,0.15043963
1.0,1,0.81446075
0.0,0,0.006845236
0.0,0,0.116172716
0.0,1,0.7953046
1.0,1,0.71117795
1.0,1,0.5193038
0.0,0,0.0016469813
1.0,1,0.950535
1.0,1,0.808152
1.0,1,0.97956467
0.0,0,0.034377433
0.0,0,0.00067380967
0.0,0,0.011526607
0.0,0,0.32960883
1.0,1,0.89759487
1.0,1,0.76066774
0.0,0,0.18676412
1.0,1,0.9752856
1.0,1,0.9651773
1.0,1,0.6596128
1.0,1,0.86717683
1.0,1,0.97731143
0.0,0,0.21300225
1.0,1,0.48501235
1.0,1,0.777838
1.0,1,0.74891794
1.0,1,0.9751009
1.0,1,0.8489677
1.0,1,0.9769828
0.0,0,0.040288135
0.0,0,0.010005596
0.0,0,0.03579114
1.0,1,0.97181606
0.0,1,0.7587925
0.0,0,0.21372479
0.0,0,0.057047103
1.0,1,0.9731504
1.0,1,0.8995378
0.0,1,0.7665726
1.0,1,0.9697457
1.0,1,0.9779129
0.0,1,0.7459811
0.0,0,0.07902828
1.0,0,0.42450523
0.0,0,0.08288369
0.0,0,0.42617673
1.0,1,0.43287998
1.0,1,0.9430621
0.0,0,0.009800272
1.0,0,0.3433894
0.0,0,0.009684127
0.0,0,0.035427425
0.0,0,0.0071092006
1.0,1,0.9525506
0.0,0,0.18308924
0.0,0,0.33629447
0.0,0,0.05493202
0.0,0,0.020373903
1.0,1,0.9028345
1.0,1,0.60982585
1.0,1,0.9661684
1.0,1,0.9557373
1.0,1,0.9076327
0.0,0,0.3580093
1.0,1,0.89364505
1.0,0,0.33973542
0.0,0,0.0019517265
0.0,0,0.30518833
1.0,1,0.9644755
1.0,1,0.9307644
1.0,1,0.79465616
1.0,0,0.30561283
1.0,1,0.71076167
1.0,1,0.83006895
0.0,0,0.063156985
1.0,1,0.67339426
0.0,0,0.0019660515
1.0,1,0.9392411
0.0,0,0.0002409365
0.0,0,0.036136206
0.0,0,0.22041282
0.0,0,0.017040139
1.0,1,0.75430644
0.0,1,0.9248699
1.0,1,0.87252486
0.0,0,0.3012608
0.0,0,0.001118094
1.0,1,0.955222
1.0,1,0.9042324
1.0,1,0.81574905
1.0,1,0.8243408
0.0,0,0.0069949855
1.0,1,0.9187982
0.0,1,0.5120541
1.0,1,0.9530481
1.0,1,0.7711283
0.0,1,0.6950698
1.0,1,0.72408026
0.0,0,0.13547558
1.0,1,0.97328806
0.0,0,0.038207237
0.0,0,0.003176866
0.0,0,0.2808993
1.0,1,0.82808053
1.0,1,0.9168433
1.0,1,0.92876637
1.0,0,0.09548619
1.0,1,0.79254943
1.0,1,0.90458024
0.0,0,0.39212576
0.0,0,0.008703674
1.0,1,0.8536124
0.0,0,0.018470068
0.0,0,0.0020303503
1.0,1,0.9687237
0.0,0,0.27492332
0.0,1,0.51813936
1.0,0,0.17123808
1.0,1,0.7941653
1.0,1,0.93802035
1.0,1,0.94609916
0.0,0,0.0004389225
0.0,0,0.18228513
1.0,1,0.74374557
0.0,0,0.00045493693
0.0,0,0.001037471
1.0,1,0.83850175
1.0,1,0.55497
0.0,0,0.0014517476
0.0,0,0.08369341
1.0,1,0.9276432
1.0,1,0.97567755
0.0,0,0.2152129
1.0,1,0.46098506
1.0,1,0.9414345
1.0,1,0.7329306
1.0,1,0.96683645
1.0,0,0.2537952
1.0,1,0.5955851
0.0,0,0.09961172
1.0,1,0.9345857
0.0,0,0.2611922
0.0,0,0.00097425777
0.0,0,0.0073814336
0.0,0,0.020007918
0.0,0,0.15824594
0.0,0,0.26112133
0.0,0,0.0054963566
0.0,0,0.26943114
1.0,1,0.88737106
1.0,1,0.7391244
1.0,1,0.9139363
0.0,0,0.10604435
1.0,1,0.85018325
0.0,0,0.0061728316
0.0,0,0.040538788
1.0,1,0.93110126
1.0,1,0.7485055
1.0,1,0.9615224
1.0,1,0.9277373
0.0,0,0.004614716
1.0,0,0.27872315
0.0,0,0.056755748
1.0,0,0.17271268
0.0,0,0.0002606122
0.0,0,0.045713983
0.0,0,0.01853818
1.0,1,0.87063944
0.0,0,0.010228801
1.0,1,0.6430309
1.0,1,0.9656376
1.0,1,0.94473726
0.0,1,0.4566113
1.0,1,0.9442052
0.0,0,0.14334482
0.0,0,0.008497898
1.0,1,0.7663745
1.0,1,0.87612426
1.0,1,0.9631602
0.0,0,0.061319027
1.0,1,0.68138075
0.0,0,0.0049991203
0.0,0,0.27714276
1.0,1,0.940537
1.0,1,0.96601695
0.0,0,0.0039905533
0.0,0,0.0051491363
0.0,0,0.0062293396
1.0,1,0.9704791
1.0,1,0.49844596
1.0,0,0.42884973
1.0,1,0.82757103
0.0,0,0.054215927
1.0,1,0.94898576
0.0,1,0.6544708
0.0,0,0.0021560397
0.0,0,0.27732402
1.0,0,0.37329286
0.0,0,0.2608249
1.0,1,0.9809863
1.0,1,0.83324075
1.0,1,0.8812739
0.0,0,0.015419237
0.0,0,0.00039640677
1.0,1,0.8727991
1.0,1,0.9737109
1.0,1,0.43977126
0.0,1,0.44135603
1.0,1,0.500964
0.0,0,0.0017143426
1.0,1,0.84913427
1.0,0,0.14780247
0.0,0,0.021583105
0.0,0,0.14050853
1.0,1,0.9057627
0.0,0,0.0026691929
0.0,0,0.0064902366
1.0,1,0.97620374
0.0,0,0.044322453
0.0,0,0.0018353323
1.0,1,0.52731586
0.0,0,0.087843545
0.0,0,0.14126885
0.0,0,0.14970459
1.0,1,0.80646086
0.0,0,0.18346487
1.0,1,0.8903126
0.0,0,0.009868593
0.0,0,0.21566783
0.0,0,0.00032407607
1.0,1,0.94394654
0.0,1,0.46515024
1.0,1,0.7351706
0.0,0,0.00640834
0.0,0,0.038904157
0.0,0,0.06033167
0.0,0,0.000639204
0.0,0,0.108945325
0.0,0,0.0017621102
0.0,1,0.482382
1.0,0,0.38374364
0.0,0,0.2801082
1.0,1,0.5878015
1.0,1,0.9401147
0.0,0,0.040675435
1.0,1,0.96472573
1.0,1,0.6717013
1.0,1,0.91058874
0.0,0,0.0032945117
0.0,0,0.0051878523
1.0,1,0.6219635
0.0,0,0.049016334
1.0,1,0.96757674
1.0,1,0.92863095
0.0,1,0.46728152
1.0,1,0.8879011
0.0,0,0.00047841333
0.0,0,0.008600677
1.0,1,0.97327125
0.0,1,0.6747936
0.0,0,0.005333984
0.0,0,0.0008383084
0.0,0,0.04229039
1.0,1,0.8732802
0.0,0,0.26937303
0.0,0,0.22640541
0.0,0,0.009394396
0.0,0,0.015117182
1.0,1,0.85239035
0.0,0,0.05436197
0.0,1,0.4548515
0.0,0,0.06069053
0.0,0,0.14730617
0.0,0,0.0014982183
0.0,0,0.0036840655
0.0,0,0.15393694
1.0,1,0.8462114
1.0,1,0.7184323
1.0,1,0.93217903
0.0,0,0.055818647
1.0,1,0.6755742
1.0,1,0.66156334
0.0,0,0.09806481
1.0,1,0.925689
0.0,0,0.0067333835
0.0,0,0.0019429245
0.0,0,0.0042751404
0.0,0,0.20438994
0.0,1,0.67077345
1.0,1,0.8882455
1.0,1,0.9708877
0.0,1,0.75094587
0.0,0,0.007541961
1.0,1,0.80295694
1.0,1,0.879727
1.0,1,0.97066605
1.0,1,0.5911571
0.0,0,0.0004028314
0.0,0,0.040694393
1.0,1,0.978043
0.0,0,0.0011524145
1.0,0,0.4096031
1.0,0,0.24184713
1.0,1,0.85404193
1.0,1,0.43321836
1.0,1,0.5495945
0.0,0,0.021677164
1.0,1,0.97470665
1.0,0,0.3584981
1.0,1,0.8140874
1.0,1,0.93259
1.0,1,0.9322912
0.0,0,0.034900956
1.0,1,0.9647138
1.0,0,0.18560202
0.0,0,0.07738717
0.0,0,0.003292264
0.0,0,0.09891784
0.0,0,0.02120527
0.0,0,0.015386523
1.0,0,0.33894184
0.0,0,0.008128583
0.0,0,0.0023975791
0.0,0,0.29881418
1.0,1,0.9050336
1.0,1,0.8731706
0.0,0,0.05385747
1.0,1,0.639925
0.0,0,0.16537255
1.0,0,0.15848565
1.0,0,0.23356327
0.0,0,0.017623689
1.0,1,0.69653565
0.0,0,0.09327555
1.0,1,0.97802234
1.0,1,0.95722526
0.0,0,0.0018418519
1.0,1,0.67349905
1.0,1,0.93091637
0.0,0,0.041261654
0.0,1,0.6608137
0.0,0,0.26090398
0.0,0,0.28269684
0.0,0,0.036884893
0.0,0,0.11440023
0.0,0,0.14827561
0.0,0,0.00023447788
0.0,0,0.043543015
1.0,0,0.012991953
1.0,1,0.973209
0.0,0,0.01549152
1.0,1,0.96834296
1.0,0,0.36880475
1.0,1,0.96709037
1.0,0,0.372896
1.0,1,0.97087795
1.0,1,0.7535593
1.0,1,0.97947526
0.0,0,0.0026429698
0.0,0,0.0018886387
0.0,0,0.10033416
1.0,1,0.93774325
1.0,1,0.9738856
0.0,0,0.13214305
1.0,1,0.7376546
1.0,1,0.62124085
1.0,1,0.9555028
1.0,0,0.4034646
0.0,0,0.016638562
0.0,0,0.00093524944
1.0,1,0.9658391
1.0,1,0.97759646
0.0,0,0.42697418
1.0,1,0.76353145
0.0,0,0.03784212
0.0,0,0.029200235
0.0,0,0.007638599
1.0,1,0.67862666
0.0,0,0.05881315
1.0,1,0.5048659
1.0,1,0.9238665
0.0,0,0.012802186
0.0,0,0.005253798
1.0,1,0.9027721
0.0,0,0.20777217
0.0,0,0.0072319177
1.0,1,0.71832454
1.0,1,0.90212744
0.0,0,0.11037754
1.0,1,0.53208673
0.0,0,0.090107456
1.0,1,0.9638794
1.0,1,0.7424699
1.0,1,0.939467
0.0,0,0.058999408
0.0,1,0.47200385
1.0,1,0.92881405
1.0,1,0.6621456
0.0,0,7.33944e-05
0.0,0,0.046226766
1.0,1,0.9440654
1.0,1,0.8961621
1.0,1,0.88681984
0.0,0,0.22025844
1.0,1,0.9735359
1.0,1,0.9679262
1.0,0,0.3803431
1.0,1,0.62627137
1.0,1,0.7566795
1.0,1,0.8957983
1.0,1,0.827283
1.0,1,0.7301737
0.0,0,0.14203148
0.0,0,0.32024306
1.0,1,0.43279168
1.0,1,0.9274154
0.0,0,0.0065953173
0.0,0,0.0023645645
1.0,1,0.76634544
1.0,1,0.90817344
0.0,0,0.01053515
1.0,1,0.9575728
0.0,1,0.805328
1.0,1,0.62374806
1.0,1,0.90029866
0.0,0,0.018266175
0.0,0,0.31226224
1.0,1,0.76443285
1.0,1,0.6761426
0.0,0,0.007820683
0.0,0,0.08035576
1.0,1,0.97486514
0.0,0,0.16091567
1.0,1,0.9304925
0.0,0,0.018343087
1.0,1,0.94811267
0.0,0,0.30666763
1.0,1,0.9700036
1.0,1,0.84051055
1.0,1,0.96530044
0.0,0,0.0060665472
1.0,1,0.97628176
0.0,0,0.013002695
1.0,1,0.8702346
0.0,0,0.2196708
1.0,1,0.91267145
1.0,1,0.97794557
1.0,1,0.7858254
0.0,1,0.6477548
0.0,0,0.0036725807
0.0,0,0.065490104
1.0,1,0.7400892
1.0,1,0.8511299
1.0,1,0.6995766
1.0,1,0.65178615
0.0,0,0.13919115
1.0,0,0.16211148
0.0,0,0.0021056551
1.0,1,0.97247577
1.0,1,0.86903155
1.0,1,0.95011044
0.0,0,0.014034552
1.0,1,0.9749355
0.0,0,0.058566097
0.0,0,0.38908738
1.0,1,0.8136722
1.0,0,0.29308978
0.0,0,0.009757643
1.0,1,0.791312
0.0,0,0.333684
1.0,1,0.7268068
0.0,0,0.24057569
1.0,1,0.9681177
1.0,1,0.6093024
1.0,1,0.96965396
1.0,1,0.88034034
0.0,1,0.4703332
1.0,1,0.77792406
1.0,1,0.9232655
0.0,0,0.11127235
0.0,0,0.004999125
1.0,1,0.9706657
0.0,0,0.0010227982
0.0,0,0.0714809
1.0,1,0.95389986
0.0,0,0.011082948
1.0,1,0.96607333
1.0,1,0.89555764
1.0,1,0.96939594
0.0,1,0.6917558
0.0,0,0.035108283
0.0,0,0.1751336
0.0,0,0.09027535
1.0,1,0.8877347
0.0,0,0.00135584
1.0,1,0.9264
1.0,1,0.90076005
1.0,1,0.80810666
1.0,1,0.9082877
1.0,1,0.7692531
0.0,0,0.11660177
0.0,1,0.49201894
0.0,0,0.12271705
0.0,0,0.04460713
0.0,0,0.13150872
0.0,0,0.008392624
1.0,1,0.5759972
1.0,1,0.6698996
0.0,0,0.16956724
0.0,0,0.20786963
0.0,0,0.037209965
1.0,1,0.97477275
1.0,1,0.97127324
1.0,1,0.5970166
1.0,1,0.9687019
1.0,1,0.7677477
0.0,0,0.0011305214
1.0,1,0.9763451
0.0,0,0.18854865
1.0,1,0.96848315
1.0,1,0.61871564
1.0,1,0.598882
0.0,0,0.0008208905
0.0,0,0.058461346
1.0,1,0.50513315
0.0,0,0.12437228
0.0,0,0.2095785
0.0,0,0.20748161
0.0,0,0.1677608
1.0,1,0.85872614
1.0,1,0.50097275
0.0,0,0.00060617196
0.0,0,0.054501887
0.0,0,0.0010939273
0.0,0,0.08508126
1.0,1,0.9287858
1.0,1,0.7805924
1.0,1,0.88914543
1.0,1,0.9343849
1.0,1,0.8060019
0.0,0,0.033143703
1.0,1,0.8882286
0.0,1,0.6626805
0.0,0,0.012238179
1.0,1,0.73508656
1.0,0,0.25591615
0.0,0,0.42044425
1.0,1,0.670704
1.0,1,0.55905527
0.0,0,0.006100626
1.0,1,0.64902717
0.0,0,0.072324626
0.0,0,0.035150222
1.0,1,0.9531111
1.0,0,0.3924212
0.0,0,0.023689162
1.0,1,0.63935566
1.0,0,0.039818138
1.0,1,0.9669989
0.0,0,0.024092993
0.0,0,0.23689096
0.0,0,0.123476446
0.0,0,0.04515957
1.0,1,0.94594556
1.0,1,0.8036871
1.0,1,0.47884253
1.0,1,0.9538577
0.0,0,0.151315
1.0,1,0.5038812
0.0,0,0.226
0.0,0,0.00044010984
0.0,0,0.014819761
1.0,1,0.6185951
1.0,1,0.8417597
0.0,0,0.30449533
0.0,0,0.007045054
0.0,0,0.03398468
1.0,1,0.5921693
0.0,0,0.31903023
0.0,0,0.012721234
0.0,0,0.056315962
0.0,0,0.09819283
0.0,0,0.06128199
0.0,0,0.01614641
1.0,1,0.84774524
1.0,1,0.9761784
0.0,0,0.004759394
0.0,0,0.006416126
1.0,1,0.9524106
0.0,0,0.0068610543
0.0,0,0.18322864
0.0,0,0.0006014764
0.0,0,0.05676592
0.0,0,0.0048939562
1.0,0,0.36833814
0.0,1,0.60968983
1.0,1,0.8389756
1.0,1,0.96823204
0.0,0,0.0013174171
1.0,0,0.024863774
1.0,1,0.94611937
1.0,1,0.9532959
1.0,1,0.80348766
1.0,1,0.9714911
1.0,1,0.8908751
0.0,0,0.027319023
0.0,0,0.19392088
0.0,0,0.18961035
1.0,1,0.7706844
1.0,1,0.6565749
1.0,1,0.722428
1.0,0,0.37680528
0.0,0,0.01256641
1.0,1,0.9482733
0.0,0,0.1867705
1.0,1,0.8732292
1.0,1,0.9677014
1.0,1,0.8178656
0.0,0,0.15561809
0.0,0,0.003310864
0.0,0,0.0005940384
1.0,1,0.9543827
1.0,1,0.9114656
1.0,1,0.7491367
0.0,0,0.066007406
0.0,0,0.24718876
0.0,0,0.0059144185
0.0,0,0.0012562788
0.0,0,0.007475888
0.0,1,0.6426543
1.0,1,0.95995724
0.0,0,0.03047678
1.0,1,0.97144973
0.0,0,0.034485437
1.0,1,0.93386775
1.0,1,0.9578699
1.0,1,0.9636714
1.0,1,0.8647683
0.0,0,0.0052585322
1.0,1,0.97799325
0.0,1,0.834533
0.0,0,0.0119993435
0.0,0,0.0008678077
1.0,1,0.9505247
0.0,0,0.005198825
0.0,0,0.19107628
1.0,1,0.92055595
1.0,0,0.24221735
1.0,1,0.9325079
0.0,0,0.052948646
1.0,1,0.52274585
0.0,0,0.13030659
0.0,0,0.005571465
1.0,1,0.7332747
0.0,1,0.68046176
1.0,1,0.967734
0.0,0,0.020890243
1.0,0,0.35085312
1.0,0,0.29615745
1.0,1,0.8681705
0.0,0,0.028645916
1.0,1,0.734618
1.0,1,0.7453984
0.0,0,0.22376892
1.0,1,0.94648904
1.0,1,0.952598
0.0,0,0.04316426
0.0,0,0.1797736
1.0,1,0.97627383
1.0,1,0.5282328
1.0,0,0.42281526
0.0,0,0.006925307
0.0,0,0.12813187
1.0,1,0.96726364
1.0,1,0.9555307
1.0,1,0.9545743
0.0,0,0.045184582
0.0,1,0.8898601
1.0,1,0.5517696
0.0,0,0.30631307
1.0,1,0.43772593
1.0,1,0.95877016
0.0,0,0.004043305
1.0,0,0.41251495
1.0,1,0.9025794
0.0,0,0.14482932
1.0,1,0.97815824
1.0,1,0.83384967
0.0,0,0.0144428145
1.0,1,0.82052076
1.0,1,0.69452083
0.0,0,0.028087346
1.0,1,0.6032131
0.0,0,0.12903573
0.0,0,0.30196154
1.0,1,0.9660835
0.0,0,0.0032384498
1.0,1,0.92092216
1.0,1,0.86452556
0.0,0,0.013889337
1.0,1,0.9787542
0.0,0,0.005552436
1.0,1,0.89483017
1.0,1,0.87019235
1.0,1,0.8022677
0.0,1,0.7858248
1.0,1,0.9141379
1.0,1,0.8546988
0.0,0,0.055623207
1.0,1,0.96984786
0.0,0,0.042811975
0.0,0,0.42735296
0.0,0,0.058494467
0.0,0,0.0039332565
0.0,0,0.04339059
1.0,1,0.8502721
1.0,1,0.58347046
0.0,0,0.13565496
1.0,1,0.95033044
0.0,0,0.13334991
1.0,1,0.8874352
0.0,0,0.024752017
1.0,1,0.7128998
0.0,0,0.0076280506
1.0,1,0.9656276
1.0,1,0.48642713
1.0,1,0.7378135
1.0,1,0.975018
0.0,0,0.09320129
1.0,1,0.95173424
0.0,0,0.095762864
0.0,0,0.024919296
1.0,1,0.9619171
0.0,0,0.35684842
1.0,1,0.96116644
0.0,0,0.22698826
0.0,0,0.026156152
0.0,0,0.013346911
1.0,1,0.8571773
0.0,0,0.21949728
0.0,1,0.54038364
1.0,1,0.8910461
1.0,1,0.97139597
1.0,1,0.9771255
0.0,1,0.72696334
1.0,1,0.9058285
1.0,1,0.8834461
1.0,1,0.4366291
0.0,0,0.08552271
0.0,0,0.012567054
1.0,0,0.280974
1.0,1,0.5836793
0.0,0,0.006750285
1.0,1,0.89354753
0.0,0,0.008074207
0.0,0,0.005916112
0.0,0,0.19241863
1.0,1,0.94725937
0.0,0,0.00022515623
1.0,1,0.9642445
1.0,1,0.5616916
1.0,1,0.720658
1.0,1,0.9625251
1.0,1,0.964001
0.0,0,0.00048755447
0.0,0,0.031735208
1.0,1,0.8986452
0.0,0,0.38775554
1.0,1,0.9738538
1.0,1,0.9661052
0.0,0,0.1444348
1.0,1,0.9535009
1.0,1,0.89969134
1.0,1,0.71271694
1.0,1,0.95726645
1.0,1,0.94089156
1.0,1,0.97765654
0.0,0,0.07533805
1.0,1,0.97150576
0.0,0,0.10098167
0.0,0,0.06527022
0.0,0,0.0014841747
0.0,0,0.006627455
1.0,1,0.7325752
0.0,1,0.76208043
0.0,0,0.13582535
0.0,0,0.0148933735
1.0,1,0.9688735
0.0,1,0.4928627
1.0,1,0.8185531
1.0,1,0.45332253
1.0,1,0.9751904
1.0,1,0.95764256
0.0,0,0.094485894
1.0,1,0.88836825
0.0,0,0.0015027421
0.0,1,0.44979098
1.0,1,0.9100718
0.0,1,0.6585068
0.0,0,0.004930954
0.0,0,0.00582214
0.0,0,0.3606001
0.0,0,0.057818104
1.0,1,0.73161286
1.0,1,0.9677856
1.0,1,0.7290923
1.0,1,0.95361686
0.0,0,0.012071492
0.0,0,0.055701975
0.0,0,0.3925179
1.0,1,0.69104594
1.0,1,0.9224806
1.0,1,0.8867826
0.0,0,0.15301275
1.0,1,0.9637909
0.0,0,0.2629163
1.0,1,0.6786736
1.0,1,0.88651335
1.0,1,0.5162812
0.0,0,0.0033233531
1.0,0,0.20678872
0.0,0,0.2694719
0.0,0,0.008076385
0.0,0,0.0158674
1.0,1,0.8421165
1.0,1,0.9441706
0.0,0,0.21282522
1.0,1,0.9318027
0.0,0,0.03268061
0.0,0,0.09278954
1.0,1,0.83627474
0.0,0,0.0031238266
0.0,0,0.30851194
1.0,1,0.75824404
1.0,1,0.8756774
1.0,1,0.6318133
0.0,0,0.069947325
1.0,1,0.9625846
1.0,1,0.7327804
1.0,1,0.75739855
1.0,1,0.93981946
0.0,0,0.0069803847
0.0,0,0.12432459
1.0,1,0.9749151
1.0,1,0.5325389
1.0,0,0.10259143
0.0,0,0.0018075593
1.0,1,0.8514506
0.0,0,0.13073257
0.0,0,0.06166647
0.0,0,0.18932307
0.0,0,0.0013183234
1.0,1,0.89063406
1.0,1,0.94812274
1.0,0,0.21666276
1.0,1,0.9766408
0.0,0,0.0006785755
0.0,0,0.07589757
1.0,1,0.778589
0.0,0,0.05900788
0.0,0,0.0057483795
1.0,1,0.47322232
0.0,0,0.008291433
0.0,0,0.012469443
0.0,1,0.5750998
0.0,0,0.011985817
1.0,1,0.94642156
0.0,0,0.0016339965
1.0,1,0.446817
1.0,1,0.8185131
0.0,0,0.0066840053
1.0,1,0.78689975
0.0,0,0.0328576
0.0,0,0.02766363
1.0,1,0.9235651
0.0,0,0.036283795
1.0,0,0.16642042
1.0,1,0.53232455
0.0,1,0.68393576
1.0,1,0.97751063
1.0,1,0.95245963
1.0,1,0.91429865
1.0,1,0.956504
1.0,1,0.95888513
1.0,1,0.46387294
0.0,0,0.28904492
0.0,0,0.022343311
0.0,0,0.0795415
1.0,1,0.9727704
0.0,0,0.09154906
0.0,0,0.00032511924
1.0,1,0.65689
0.0,0,0.24748784
0.0,0,0.032071486
0.0,0,0.26310343
0.0,0,0.007008529
0.0,0,0.008631649
0.0,1,0.77089196
0.0,0,0.000526475
1.0,1,0.9525648
1.0,1,0.7120246
0.0,0,0.11004865
0.0,0,0.018262448
0.0,0,0.0006239756
0.0,0,0.0024746023
1.0,1,0.5721795
1.0,1,0.47032577
1.0,1,0.7786913
1.0,1,0.96867466
1.0,1,0.9506711
0.0,0,0.052274685
1.0,0,0.40511015
1.0,1,0.821952
1.0,1,0.93181306
1.0,1,0.9487312
0.0,0,0.03989878
0.0,1,0.48020494
1.0,1,0.7350291
0.0,0,0.0010946774
0.0,0,0.028058028
1.0,1,0.9355582
0.0,1,0.4455652
1.0,1,0.9778817
0.0,0,0.006924783
0.0,0,0.01300617
1.0,1,0.81561714
1.0,1,0.8407825
1.0,1,0.9735201
1.0,1,0.9013492
1.0,1,0.9523022
0.0,0,0.06909112
0.0,0,0.1257371
1.0,1,0.9721249
0.0,0,0.07381762
1.0,1,0.928232
0.0,0,0.02076761
1.0,1,0.8872185
0.0,0,0.044616275
1.0,1,0.92022556
0.0,0,0.100409895
1.0,1,0.980283
1.0,1,0.97380966
0.0,0,0.064260386
1.0,1,0.5175079
1.0,0,0.35770065
1.0,1,0.6625721
1.0,1,0.6905262
0.0,0,8.8811976e-05
0.0,0,0.11226897
1.0,1,0.8640776
1.0,1,0.8480972
0.0,1,0.5773275
1.0,1,0.9495614
0.0,0,0.056933727
1.0,1,0.5955692
1.0,1,0.50211406
0.0,0,0.03623528
0.0,0,0.000513527
1.0,1,0.97129273
1.0,1,0.80011415
0.0,0,0.000828893
1.0,1,0.80883014
1.0,1,0.9357211
0.0,0,0.2811513
1.0,0,0.28773805
0.0,0,0.09440009
0.0,0,0.0046531837
1.0,1,0.58729047
0.0,0,0.23923704
0.0,0,0.0027344523
1.0,1,0.8888305
0.0,0,0.12559405
0.0,0,0.22749032
1.0,1,0.848945
1.0,1,0.8834976
0.0,0,0.004549537
0.0,0,0.07679283
0.0,0,0.011948673
0.0,0,0.07200628
0.0,0,0.016860532
1.0,1,0.8896712
0.0,1,0.8413366
1.0,1,0.5806254
1.0,1,0.4508439
0.0,0,0.007964143
0.0,0,0.05384216
0.0,0,0.14236335
0.0,0,0.044070415
1.0,1,0.9255686
0.0,0,0.0054595545
0.0,0,0.031710073
1.0,1,0.9638062
1.0,1,0.9602809
0.0,0,0.010890224
0.0,1,0.8047854
1.0,1,0.53962
1.0,1,0.82628214
1.0,1,0.81076235
0.0,0,0.0012171344
1.0,1,0.8536116
1.0,1,0.97198856
1.0,1,0.48109537
0.0,0,0.06714637
1.0,1,0.884218
1.0,1,0.5859208
1.0,0,0.17173137
0.0,0,0.006197185
0.0,0,0.38252556
0.0,0,0.05869465
1.0,1,0.95037407
1.0,1,0.9690638
0.0,0,0.026827494
0.0,0,0.017720895
0.0,1,0.96305895
1.0,1,0.7149372
0.0,0,0.34988263
1.0,1,0.8540083
0.0,0,0.00092803995
1.0,1,0.9101026
0.0,0,0.015041697
0.0,0,0.16133532
1.0,1,0.9480105
1.0,1,0.66026324
0.0,0,0.0021343161
1.0,1,0.972304
0.0,0,0.04483027
0.0,0,0.0038454034
1.0,1,0.9036957
1.0,1,0.4770712
1.0,0,0.3644382
1.0,1,0.9445152
1.0,1,0.93270814
0.0,0,0.00014767925
1.0,1,0.9199475
0.0,0,0.32819638
0.0,0,0.0079026325
0.0,0,0.14047086
0.0,1,0.9098235
1.0,0,0.20046023
0.0,0,0.105848305
1.0,1,0.9650877
1.0,1,0.7930069
1.0,1,0.9197132
1.0,1,0.962665
0.0,0,0.017564723
0.0,0,0.0048080296
1.0,1,0.9701113
0.0,0,0.23273687
0.0,0,0.01232729
1.0,1,0.93508905
1.0,1,0.92924374
0.0,0,0.009509658
1.0,1,0.95573723
1.0,1,0.9258356
1.0,1,0.43088147
0.0,0,0.14956875
0.0,0,0.07455648
1.0,1,0.9745844
1.0,1,0.94347155
0.0,0,0.047148485
1.0,1,0.8631527
1.0,1,0.9750146
0.0,0,0.0002954801
1.0,1,0.8252402
1.0,1,0.8589325
0.0,0,0.00012457305
1.0,1,0.9325776
0.0,0,0.00046190014
0.0,0,0.000114653805
1.0,1,0.60146946
1.0,1,0.7422995
0.0,0,0.07771852
1.0,1,0.8602761
0.0,0,0.0448308
0.0,0,0.2987872
0.0,0,0.034392282
0.0,0,0.11357496
0.0,0,0.11932012
0.0,0,0.06614511
1.0,1,0.97377884
1.0,1,0.97128147
0.0,0,0.00045755226
1.0,1,0.8329998
0.0,0,0.22685838
0.0,0,0.015120265
0.0,0,0.060222883
1.0,1,0.81162477
0.0,0,0.26462242
1.0,1,0.8287153
1.0,1,0.6458233
0.0,0,0.017768718
1.0,1,0.75519955
0.0,0,0.042848255
0.0,0,0.010975218
1.0,1,0.97872645
0.0,0,0.024276199
1.0,1,0.9627262
1.0,1,0.8338805
0.0,0,0.031271663
1.0,1,0.7895054
1.0,1,0.79053205
0.0,0,0.033981763
1.0,1,0.712271
0.0,0,0.009387347
0.0,0,0.21530752
1.0,1,0.9366308
1.0,1,0.94013745
0.0,0,0.0017246314
0.0,0,0.075673535
1.0,1,0.97768134
0.0,0,0.3940722
1.0,1,0.9047326
0.0,0,0.110307306
1.0,1,0.9460961
0.0,1,0.6867274
0.0,0,0.14978588
0.0,0,0.104818664
0.0,0,0.04441333
0.0,0,0.01613905
1.0,1,0.58501214
0.0,0,0.0040505603
1.0,1,0.89025605
0.0,0,0.060823366
1.0,1,0.77100766
1.0,1,0.88618636
0.0,0,0.10248533
0.0,1,0.97064453
0.0,0,0.006114627
0.0,0,0.0031374295
1.0,1,0.9029289
1.0,1,0.6636375
1.0,1,0.81837714
0.0,0,0.020715563
0.0,0,0.0004968643
0.0,0,0.07759005
1.0,1,0.96599495
0.0,0,0.20706242
0.0,0,0.3944622
1.0,1,0.6435243
1.0,1,0.9666996
0.0,0,0.0012169303
0.0,0,0.19517486
1.0,1,0.97467846
0.0,0,0.008869242
0.0,0,0.095548
1.0,1,0.97028786
1.0,1,0.6964146
1.0,1,0.84673196
1.0,1,0.93290865
0.0,0,0.0562679
1.0,1,0.85925394
0.0,0,0.0104595525
1.0,1,0.97314656
1.0,1,0.7111614
0.0,0,0.00295845
1.0,1,0.9763201
1.0,1,0.9331201
1.0,0,0.33118248
0.0,0,0.09823376
0.0,0,0.010076422
0.0,0,0.22058478
1.0,1,0.7904246
0.0,0,0.002553763
0.0,0,0.0033186025
0.0,0,0.18049398
0.0,0,0.049358305
1.0,1,0.55925167
0.0,0,0.38116807
1.0,1,0.5428854
1.0,1,0.7876126
0.0,0,0.25279748
0.0,0,0.11291913
0.0,0,0.014141573
1.0,1,0.8491621
1.0,1,0.84417194
0.0,0,0.0142937405
0.0,0,0.11187729
0.0,1,0.47208554
1.0,1,0.968082
0.0,0,0.20967297
0.0,0,0.003050054
1.0,1,0.85202575
0.0,0,0.3089938
1.0,1,0.53910863
0.0,0,0.0008425186
1.0,1,0.71277994
0.0,0,0.013091474
1.0,1,0.6607444
0.0,0,0.02846056
0.0,0,0.0066585145
1.0,1,0.9056438
0.0,0,0.018548856
0.0,0,0.09289446
1.0,1,0.97255456
1.0,1,0.95146877
0.0,0,0.16927725
0.0,0,0.004382066
0.0,0,0.008400337
0.0,0,0.002080441
1.0,1,0.93692607
1.0,1,0.9244104
1.0,1,0.5506917
1.0,1,0.82653236
1.0,1,0.7844021
0.0,0,0.034530442
0.0,0,0.13186026
1.0,1,0.96825194
0.0,0,0.000119676726
1.0,1,0.91755766
0.0,0,0.0010723389
1.0,1,0.9310458
1.0,0,0.10587588
1.0,1,0.6274811
0.0,1,0.9008113
0.0,0,0.084623314
0.0,0,0.004462226
1.0,1,0.8431137
0.0,0,0.12912238
0.0,0,0.024913277
0.0,0,0.011759288
0.0,0,0.014400388
1.0,1,0.94677466
1.0,1,0.69404334
0.0,0,0.02425937
1.0,1,0.7815875
0.0,0,0.11523776
0.0,0,0.14601949
1.0,1,0.9807269
0.0,0,0.013008888
1.0,1,0.9565809
0.0,0,0.31319562
0.0,0,0.0011282153
0.0,1,0.5020041
1.0,1,0.90634245
1.0,1,0.90335613
1.0,1,0.640252
0.0,0,0.0013530074
1.0,1,0.9768507
1.0,1,0.680213
0.0,0,0.0033369958
1.0,0,0.32240957
0.0,0,0.031102851
1.0,1,0.6923784
0.0,0,0.08504503
0.0,0,0.17433512
0.0,0,0.007295564
1.0,1,0.9426762
0.0,1,0.89744467
0.0,0,0.194898
1.0,1,0.90634453
1.0,1,0.9755523
0.0,0,0.41704562
1.0,1,0.7357669
0.0,0,0.016541792
1.0,0,0.19265111
1.0,1,0.5619374
1.0,1,0.96891254
0.0,0,0.024602953
0.0,0,0.005209697
0.0,0,0.013514463
1.0,1,0.8335815
0.0,0,0.16741176
0.0,0,0.056179848
1.0,1,0.9369631
0.0,1,0.5125225
1.0,1,0.8612586
1.0,1,0.8734605
0.0,0,0.004638912
1.0,1,0.73170495
0.0,1,0.8233097
1.0,0,0.4235898
0.0,0,0.0013323044
0.0,0,0.12271963
0.0,0,0.0067677437
0.0,0,0.0014035659
1.0,1,0.4618981
0.0,0,0.0032927743
1.0,0,0.091992594
0.0,0,0.023910226
0.0,1,0.44795704
1.0,1,0.64130366
1.0,1,0.88102734
1.0,0,0.261024
0.0,0,0.025018388
1.0,1,0.91864234
0.0,0,0.02210782
0.0,0,0.0017957884
0.0,0,0.14248137
1.0,1,0.8978201
0.0,0,0.004367208
1.0,1,0.97376543
0.0,0,0.006378092
0.0,0,0.05243514
0.0,0,0.014095092
0.0,0,0.012435544
0.0,0,0.10034932
0.0,0,0.3389165
1.0,1,0.6071179
1.0,1,0.82753986
0.0,0,0.027981766
0.0,0,0.17175716
1.0,1,0.6352422
1.0,1,0.81292874
1.0,1,0.87665725
0.0,0,0.28615007
1.0,1,0.84484226
1.0,1,0.87523097
0.0,0,0.14257412
1.0,1,0.9394998
0.0,0,0.011805614
1.0,1,0.54037154
1.0,1,0.92350996
0.0,0,0.35686466
0.0,0,0.03341853
1.0,1,0.6887739
0.0,0,0.2543089
0.0,0,0.0009091088
0.0,0,0.0015476568
0.0,0,0.0013535448
0.0,0,0.001349372
1.0,1,0.89622754
1.0,1,0.91523457
0.0,0,0.008929446
1.0,1,0.77424115
0.0,0,0.00046419798
0.0,1,0.48651022
1.0,1,0.9791264
0.0,0,0.0028091434
0.0,0,0.018258942
1.0,1,0.47773534
0.0,0,0.0053836033
1.0,0,0.29824287
1.0,1,0.8491389
0.0,0,0.005496492
0.0,0,0.066612065
1.0,1,0.9748382
0.0,0,0.04854194
0.0,0,0.031563703
1.0,1,0.957486
1.0,1,0.4802835
0.0,0,0.038273785
0.0,1,0.73977613
1.0,1,0.81015563
1.0,1,0.9771427
0.0,0,0.002076056
1.0,1,0.9709428
1.0,1,0.8184978
0.0,1,0.5784724
0.0,0,0.010128004
0.0,0,0.23655003
0.0,0,0.004818525
0.0,0,0.0048839543
0.0,0,0.21412674
1.0,1,0.86810696
0.0,0,0.048686564
1.0,1,0.9537707
1.0,1,0.8005887
0.0,0,0.04278825
0.0,0,0.0028140952
1.0,1,0.78229934
0.0,0,0.29726917
0.0,0,0.0092713805
0.0,0,0.13293247
0.0,0,0.00022121824
1.0,1,0.735888
1.0,1,0.7609927
1.0,1,0.96310884
1.0,1,0.97561496
0.0,0,0.054203372
1.0,1,0.9456296
0.0,0,0.0031857162
0.0,1,0.64586294
0.0,0,0.016361402
1.0,1,0.92129165
1.0,1,0.8082804
0.0,0,0.25281203
1.0,1,0.7578884
1.0,1,0.95475674
1.0,0,0.36853105
0.0,0,0.0062574213
0.0,0,0.03160935
1.0,1,0.7723541
0.0,0,0.002741184
1.0,0,0.3295885
0.0,0,0.031746138
1.0,1,0.7190771
1.0,1,0.7014484
1.0,1,0.8797028
0.0,0,0.008939998
0.0,0,0.0118576735
0.0,0,0.0022743074
1.0,1,0.9711027
0.0,0,0.0064899134
0.0,0,0.0014960677
0.0,0,0.0020318106
1.0,1,0.64396507
1.0,1,0.8969656
1.0,1,0.9663981
1.0,0,0.2597783
0.0,0,0.07895338
1.0,1,0.9638432
1.0,1,0.97096014
1.0,1,0.75081986
1.0,1,0.78167796
1.0,1,0.9779595
1.0,1,0.962305
1.0,1,0.4759596
0.0,0,0.024685856
1.0,1,0.97512674
0.0,0,0.09286561
1.0,1,0.9157216
1.0,0,0.26079
0.0,0,0.2639047
0.0,0,0.03703022
0.0,0,0.2993769
1.0,1,0.761848
1.0,1,0.88323176
1.0,1,0.81254464
1.0,1,0.951948
0.0,0,0.17644712
1.0,1,0.95378137
0.0,1,0.69229275
0.0,0,0.0063238074
1.0,1,0.70845675
1.0,1,0.92985046
1.0,1,0.9600201
0.0,0,0.01742969
1.0,1,0.88471025
0.0,0,0.027133856
1.0,1,0.83026344
1.0,1,0.9050639
0.0,1,0.55889314
1.0,1,0.619056
1.0,1,0.7911021
1.0,1,0.94642615
0.0,0,0.34679085
0.0,0,0.015359715
1.0,1,0.93905777
0.0,0,0.0034007938
1.0,1,0.64216036
0.0,0,0.002892014
0.0,0,0.0025008307
1.0,1,0.845057
0.0,1,0.46016407
0.0,0,0.24169564
0.0,0,0.0013241067
0.0,0,0.00041915767
1.0,1,0.4574391
1.0,1,0.9131286
0.0,0,0.15867923
0.0,0,0.0036417767
1.0,0,0.29953292
1.0,1,0.6568122
0.0,0,0.00035340103
1.0,1,0.82248056
0.0,0,0.08060964
0.0,0,0.022355814
0.0,0,0.030944625
0.0,0,0.15452416
0.0,1,0.8749684
1.0,1,0.9694695
1.0,1,0.9734992
0.0,0,0.09802964
1.0,1,0.9809791
1.0,0,0.09956969
1.0,1,0.74413353
1.0,0,0.03217181
1.0,1,0.97315323
0.0,0,0.009546712
0.0,0,0.0019120324
1.0,1,0.8425319
0.0,0,0.0014301514
0.0,0,0.0012949879
1.0,0,0.42164645
1.0,1,0.9542495
0.0,0,0.0002103258
1.0,0,0.33275878
1.0,1,0.82679236
1.0,0,0.32310125
1.0,1,0.80976677
0.0,0,0.0067472323
1.0,1,0.72238594
1.0,1,0.96713096
1.0,1,0.51828575
1.0,1,0.94430286
0.0,0,0.38557217
0.0,0,0.0030118253
1.0,1,0.95544475
0.0,0,0.011677166
1.0,1,0.90533656
1.0,1,0.8031875
1.0,1,0.95443845
0.0,1,0.7200208
1.0,1,0.88953966
0.0,1,0.7978693
0.0,0,0.021697214
1.0,1,0.6394422
0.0,0,0.24886413
1.0,1,0.95878404
1.0,1,0.93706685
1.0,1,0.9067181
0.0,0,0.015141775
1.0,1,0.5641923
1.0,1,0.87895805
0.0,1,0.47984526
1.0,1,0.9803779
0.0,0,0.00072017516
0.0,0,0.3013806
0.0,0,0.009895564
1.0,1,0.71545774
0.0,0,0.1450867
0.0,0,0.004417967
0.0,0,0.074530944
0.0,0,0.0020869372
0.0,0,0.007340992
1.0,0,0.2405315
0.0,0,0.0024087972
0.0,1,0.5893266
1.0,1,0.91579926
0.0,0,0.019636545
0.0,0,0.009393766
0.0,0,0.004532335
1.0,1,0.9597883
1.0,1,0.9563402
0.0,0,0.00029751565
0.0,0,0.020685008
1.0,1,0.95526093
1.0,1,0.57291514
1.0,1,0.9596403
1.0,1,0.45770013
1.0,1,0.9494511
0.0,0,0.16350675
0.0,1,0.7494654
1.0,1,0.98019034
1.0,1,0.9670542
0.0,0,0.070316
0.0,0,0.06835148
0.0,0,0.12763518
0.0,0,0.0011293461
1.0,1,0.9644645
0.0,0,0.040787645
1.0,1,0.826559
0.0,0,0.023223389
0.0,0,0.0009769143
0.0,0,0.1067806
1.0,1,0.8142116
0.0,0,0.0020318057
1.0,1,0.69745696
1.0,1,0.73131806
0.0,0,0.36964327
1.0,1,0.97662365
1.0,1,0.9220163
0.0,0,0.012090756
0.0,0,0.0014145932
1.0,1,0.50546455
0.0,1,0.56588286
0.0,1,0.49438637
0.0,0,0.268741
1.0,0,0.13364017
1.0,1,0.97615206
1.0,1,0.86728024
0.0,0,0.0052927095
1.0,1,0.964256
0.0,1,0.67619145
1.0,1,0.9568385
1.0,1,0.9733672
1.0,1,0.67308104
1.0,1,0.9120765
1.0,1,0.92528164
0.0,0,0.0045229727
0.0,0,0.03822771
0.0,0,0.040092163
1.0,1,0.7428292
0.0,0,0.00032131956
0.0,1,0.81724966
1.0,0,0.19847032
1.0,1,0.54125464
1.0,1,0.7576527
1.0,0,0.22624382
1.0,0,0.22319786
0.0,0,0.2659954
1.0,1,0.84486306
1.0,1,0.87330514
0.0,0,0.014995029
0.0,0,0.06464428
1.0,1,0.96859336
1.0,1,0.6803429
1.0,1,0.6154023
0.0,0,0.007888468
0.0,0,0.028801173
0.0,0,0.059005067
0.0,0,0.03404258
0.0,0,0.10192534
0.0,0,0.31731737
0.0,0,0.2006925
0.0,0,0.06196237
0.0,0,0.0010884994
0.0,1,0.6635355
1.0,0,0.37352654
0.0,0,0.049628362
0.0,0,0.017322944
0.0,0,0.0022628875
0.0,0,0.10347745
1.0,1,0.9677464
0.0,0,0.004539455
1.0,0,0.31070322
0.0,0,0.14694747
1.0,1,0.8939891
1.0,1,0.9592224
0.0,0,0.01669698
1.0,1,0.96244234
0.0,0,0.12431166
1.0,1,0.7383835
0.0,0,0.17433502
1.0,1,0.66802466
1.0,1,0.9614855
0.0,0,0.004269049
1.0,1,0.9617994
1.0,1,0.9662063
1.0,0,0.31475025
1.0,1,0.87203544
0.0,0,0.026883485
0.0,0,0.03328796
1.0,1,0.9357603
0.0,0,0.014356341
0.0,0,0.1860808
1.0,0,0.32499388
0.0,1,0.6341502
1.0,1,0.8852765
0.0,0,0.0010615138
0.0,0,0.00074967364
0.0,1,0.8404034
0.0,0,0.012065596
1.0,1,0.9715413
0.0,0,0.0091632735
0.0,0,0.0055451556
0.0,0,0.022738656
1.0,1,0.9266018
0.0,0,0.017371364
1.0,1,0.97083414
1.0,1,0.6554158
0.0,0,0.066883445
1.0,1,0.9677978
1.0,1,0.9748646
0.0,0,0.009665944
0.0,0,0.020279698
1.0,1,0.97773314
0.0,0,0.0015980622
0.0,0,0.37045148
1.0,1,0.80186784
1.0,1,0.71946645
1.0,1,0.48667273
0.0,0,0.004399572
1.0,1,0.72809845
0.0,1,0.5078909
1.0,1,0.5837282
0.0,0,0.0028908881
0.0,0,0.03013578
0.0,0,0.0028816757
0.0,0,0.21884713
0.0,0,0.019386506
0.0,0,0.035924952
1.0,1,0.8578139
0.0,0,0.011242606
1.0,1,0.75208426
1.0,1,0.9760267
1.0,1,0.9759146
0.0,1,0.7937911
1.0,1,0.9427759
1.0,1,0.97080356
1.0,1,0.9439242
1.0,1,0.8575241
1.0,1,0.69752204
1.0,1,0.9118462
0.0,0,0.2634962
1.0,1,0.6413995
0.0,1,0.5835644
1.0,1,0.9710168
1.0,1,0.7428561
0.0,0,0.24127567
0.0,0,0.00035236822
1.0,1,0.82806015
0.0,0,0.08349065
0.0,0,0.15864933
1.0,0,0.40550044
1.0,1,0.8049145
1.0,1,0.65831435
1.0,1,0.97021246
0.0,1,0.73768437
0.0,0,0.007911295
1.0,1,0.97590417
1.0,1,0.898767
1.0,1,0.7996771
1.0,1,0.87592685
0.0,0,0.24688275
1.0,1,0.9720562
0.0,1,0.92213327
1.0,1,0.52020514
0.0,0,0.20320153
0.0,0,0.008206145
1.0,1,0.5435765
1.0,1,0.8286722
1.0,1,0.7709903
0.0,0,0.012591302
0.0,0,0.05674892
0.0,0,0.00013323872
0.0,0,0.34432235
0.0,0,0.017557658
0.0,0,0.012077116
1.0,1,0.97420245
1.0,1,0.5128767
0.0,1,0.59763277
1.0,1,0.95477355
0.0,0,0.031027483
1.0,1,0.702823
1.0,0,0.38873315
1.0,1,0.9473936
1.0,1,0.91714704
1.0,1,0.77523124
1.0,1,0.8535422
1.0,1,0.9713023
1.0,1,0.8628148
1.0,0,0.41457948
0.0,0,0.02306624
1.0,1,0.96528333
1.0,0,0.37020582
0.0,0,0.15527311
0.0,0,0.105606176
1.0,1,0.97080654
1.0,1,0.9560409
1.0,1,0.8558446
0.0,0,0.0015884798
0.0,0,0.19467667
0.0,0,0.049966134
1.0,1,0.85606587
1.0,1,0.9379367
0.0,0,0.00017491652
0.0,0,0.060463693
1.0,1,0.9737614
1.0,1,0.9563431
1.0,1,0.9533955
0.0,0,0.00036780987
1.0,1,0.9469886
0.0,0,0.13793796
1.0,1,0.7727971
0.0,0,0.25093937
0.0,0,0.0011528471
0.0,0,0.09389469
0.0,0,0.02492745
0.0,0,0.071139194
1.0,1,0.79207015
0.0,0,0.021712536
1.0,1,0.9752816
0.0,0,0.22892733
1.0,1,0.9614645
1.0,1,0.9771932
1.0,0,0.228254
0.0,0,0.1660269
0.0,0,0.13282698
0.0,0,0.001075053
0.0,0,0.21587229
0.0,0,0.05301792
0.0,0,0.0027425417
1.0,1,0.8692079
0.0,1,0.7479273
1.0,1,0.8898205
0.0,0,0.021748647
0.0,0,0.0030301071
1.0,1,0.9759566
0.0,0,0.0019198934
1.0,1,0.9165897
1.0,1,0.976518
0.0,1,0.70029676
1.0,1,0.91766274
0.0,0,0.3890734
1.0,1,0.7381336
0.0,1,0.82218933
1.0,1,0.7013035
0.0,0,0.0039248774
0.0,0,0.014774202
0.0,1,0.5752396
1.0,1,0.5609454
1.0,1,0.9522813
0.0,0,0.12381114
0.0,0,0.021078477
1.0,0,0.20906238
0.0,1,0.78386056
0.0,0,0.025827432
1.0,0,0.13274302
1.0,1,0.9315354
1.0,1,0.89124155
1.0,1,0.91142213
0.0,1,0.67751384
1.0,0,0.100247584
1.0,1,0.80632895
0.0,0,0.12502289
0.0,0,0.28993592
0.0,0,0.02497796
1.0,1,0.9676313
0.0,0,0.072039135
0.0,0,0.022580033
0.0,0,0.016633108
0.0,0,0.15867543
1.0,1,0.89354485
0.0,0,0.012623963
1.0,1,0.9231247
0.0,0,0.31572774
0.0,1,0.7406355
0.0,1,0.9423718
0.0,0,0.015325382
1.0,1,0.885131
0.0,0,0.007197957
1.0,1,0.92001325
0.0,0,0.0007422401
1.0,1,0.97657233
0.0,0,0.009355894
0.0,0,0.0146443965
0.0,0,0.37021077
0.0,0,0.16271245
1.0,1,0.97258943
0.0,1,0.53638446
1.0,1,0.9549955
1.0,1,0.85254455
0.0,0,0.18568973
0.0,0,0.011812018
0.0,0,0.016202925
1.0,1,0.9079436
1.0,1,0.9658509
1.0,1,0.8913386
1.0,1,0.97106296
0.0,0,0.005056802
1.0,1,0.9486612
1.0,1,0.75495815
1.0,1,0.9629946
0.0,1,0.75436425
1.0,1,0.9370924
0.0,0,0.0035715017
1.0,1,0.8399094
1.0,1,0.9213096
1.0,1,0.8773301
1.0,1,0.9768132
0.0,0,0.16299158
1.0,1,0.9614484
0.0,1,0.5790982
0.0,0,0.0063691777
1.0,1,0.9451616
0.0,0,0.01151952
0.0,0,0.0910802
1.0,1,0.8841965
1.0,0,0.33304885
0.0,0,0.026597502
0.0,0,0.02724403
1.0,1,0.95716
1.0,1,0.6932591
1.0,1,0.94528425
0.0,0,0.008569508
1.0,1,0.7806596
0.0,0,0.0044506984
0.0,0,0.37033188
0.0,0,0.047167953
0.0,0,0.0010155782
1.0,1,0.51381314
1.0,1,0.83855635
0.0,0,0.36286277
1.0,1,0.84859526
0.0,0,0.008870172
0.0,0,0.0010716015
1.0,1,0.9713627
0.0,0,0.055284325
1.0,1,0.8373277
1.0,1,0.97557205
1.0,1,0.96325076
0.0,0,0.09754429
1.0,1,0.80558854
0.0,0,0.054643672
1.0,1,0.8499285
1.0,1,0.9661047
1.0,1,0.97402316
1.0,1,0.97225446
0.0,0,0.005159472
1.0,1,0.97701675
0.0,0,0.011909511
0.0,1,0.5724703
0.0,0,0.073587984
0.0,0,0.2651062
1.0,1,0.5987471
1.0,1,0.9682344
1.0,1,0.8608951
1.0,1,0.873994
1.0,1,0.74356115
0.0,0,0.07622507
0.0,0,0.002792533
0.0,0,0.0028672598
1.0,1,0.8333827
1.0,1,0.954965
1.0,1,0.79413444
0.0,0,0.02700405
0.0,1,0.6881861
0.0,1,0.5167688
1.0,1,0.86457795
1.0,1,0.98177755
1.0,1,0.78423566
1.0,1,0.9042766
0.0,1,0.58450365
0.0,0,0.119657524
1.0,1,0.8772508
1.0,1,0.8692549
1.0,1,0.9614502
1.0,1,0.8485532
1.0,1,0.9154858
1.0,1,0.9665529
1.0,1,0.6465445
0.0,0,0.38210204
1.0,1,0.5105958
0.0,0,0.0005885476
0.0,0,0.0017641371
1.0,1,0.9679079
1.0,1,0.9374531
0.0,0,0.11535138
1.0,1,0.8221297
1.0,1,0.88221365
0.0,0,0.00027920373
1.0,1,0.83658063
1.0,1,0.9070396
0.0,0,0.053304184
1.0,1,0.5993257
1.0,1,0.84961194
0.0,0,0.004451865
0.0,0,0.0022327648
0.0,0,0.05334317
1.0,0,0.38710815
0.0,0,0.0023978187
0.0,0,0.024385285
0.0,0,0.0063672317
0.0,0,0.0029787382
1.0,1,0.9688058
0.0,0,0.23254313
0.0,0,0.25005123
0.0,0,0.0010430699
1.0,1,0.77497876
1.0,1,0.86815304
0.0,0,0.00093161024
0.0,0,0.0001409481
0.0,0,0.015031732
0.0,0,0.0031225975
0.0,0,0.045422748
0.0,0,0.032252923
0.0,0,0.0029316815
1.0,1,0.7216939
1.0,1,0.63472474
1.0,1,0.81567645
0.0,0,0.0014942312
1.0,1,0.97679925
0.0,0,0.001519533
1.0,1,0.9628309
0.0,0,0.018959861
0.0,0,0.0030251213
1.0,1,0.88844055
1.0,1,0.97842485
0.0,0,0.0030801306
1.0,1,0.50634426
1.0,0,0.22223286
1.0,1,0.9686919
1.0,1,0.9730084
1.0,1,0.43100095
1.0,1,0.7731367
1.0,1,0.96253574
0.0,0,0.002460052
0.0,0,0.00091909117
1.0,1,0.89108974
0.0,1,0.43076482
0.0,0,0.0057240347
1.0,1,0.9565895
1.0,1,0.9388771
0.0,0,0.003535461
1.0,1,0.60607684
1.0,0,0.387772
1.0,1,0.9175773
1.0,1,0.58837295
1.0,1,0.90010345
0.0,0,0.009485265
0.0,0,0.022272622
1.0,1,0.48997074
0.0,0,0.3033838
0.0,0,0.047775965
0.0,0,0.18257017
1.0,1,0.5975874
1.0,1,0.8197831
1.0,1,0.85147935
1.0,1,0.9760716
0.0,0,0.015514561
0.0,0,0.11192837
1.0,1,0.8264156
0.0,0,0.00087530375
1.0,1,0.909799
0.0,0,0.08674793
1.0,1,0.79613954
1.0,1,0.76878166
0.0,0,0.060654543
0.0,0,0.1708558
0.0,1,0.71702325
0.0,0,0.008330447
1.0,1,0.840469
0.0,0,0.006605347
0.0,0,0.020115197
0.0,0,0.0023385899
0.0,0,0.005097559
1.0,1,0.9460891
0.0,0,0.029954776
1.0,1,0.7664473
1.0,1,0.85580504
1.0,1,0.9682915
0.0,0,0.0122132
0.0,0,0.009270291
0.0,0,0.26069885
0.0,0,0.00296955
0.0,0,0.34224966
1.0,1,0.97564876
0.0,0,0.016031284
0.0,0,0.021699848
0.0,0,0.0018872854
1.0,1,0.7898792
0.0,0,0.0012522074
0.0,0,0.08088678
1.0,1,0.96060055
0.0,0,0.16384576
0.0,0,0.00039665512
0.0,0,0.0025079339
1.0,1,0.930291
1.0,1,0.7790146
0.0,0,0.23328501
0.0,0,0.009102735
0.0,0,0.017641727
1.0,1,0.8916205
1.0,1,0.927064
1.0,1,0.9479427
0.0,0,0.005558224
0.0,0,0.1270725
1.0,1,0.71436346
1.0,1,0.97622937
0.0,1,0.7897382
1.0,1,0.81940657
0.0,0,0.023489352
1.0,1,0.9796151
0.0,0,0.0054466263
0.0,0,0.06450787
0.0,0,0.036218908
0.0,0,0.19437784
0.0,0,0.006595627
0.0,1,0.75485694
0.0,0,0.004549198
0.0,0,0.0036100445
0.0,0,0.012318677
0.0,0,0.062851496
0.0,0,0.00013264798
0.0,0,0.0013375202
1.0,1,0.8965697
1.0,1,0.9420992
0.0,0,0.006056147
0.0,0,0.18893375
0.0,0,0.1327582
1.0,1,0.95859
1.0,1,0.8637177
1.0,1,0.96096456
0.0,0,0.14938822
0.0,0,0.41024703
1.0,1,0.9253049
0.0,0,0.2699476
1.0,1,0.9610686
0.0,0,0.17524949
1.0,1,0.968479
0.0,0,0.10918761
1.0,1,0.701805
0.0,0,0.026882593
0.0,0,0.0031024828
0.0,0,0.30279928
1.0,1,0.9780425
1.0,1,0.9672093
1.0,1,0.9781974
0.0,0,0.003688494
1.0,0,0.09538391
0.0,0,0.10715987
0.0,0,0.038595837
1.0,1,0.6048423
0.0,0,0.016809028
0.0,0,0.0001414506
0.0,0,0.0024609223
1.0,1,0.60989356
1.0,1,0.82355386
0.0,0,0.017755188
1.0,1,0.9473336
1.0,1,0.7390187
0.0,0,0.09773284
0.0,0,0.0068682223
1.0,1,0.7328552
1.0,1,0.6908161
1.0,1,0.96665883
1.0,1,0.7608524
1.0,1,0.7125244
1.0,1,0.76252645
1.0,1,0.8880346
0.0,0,0.07614883
1.0,1,0.9812132
0.0,0,0.031995986
0.0,0,0.010204103
0.0,0,0.009168821
0.0,0,0.008648335
0.0,0,0.00060155324
0.0,0,0.008797471
1.0,1,0.97332656
0.0,0,0.0025671076
0.0,0,0.007214155
1.0,1,0.9037296
0.0,0,0.0007594828
1.0,1,0.8494106
0.0,0,0.010534678
1.0,1,0.87059665
1.0,1,0.9359049
1.0,1,0.9021002
1.0,1,0.9776139
1.0,1,0.7938719
0.0,0,0.003255744
0.0,1,0.5459312
0.0,0,0.0718599
0.0,0,0.22720097
1.0,1,0.43812945
0.0,0,0.075582616
1.0,1,0.6083826
0.0,0,0.030209307
0.0,0,0.29270586
0.0,0,0.0129829375
1.0,0,0.06400954
1.0,1,0.9706048
1.0,1,0.8998264
0.0,0,0.2111832
1.0,1,0.9625329
0.0,0,0.009247352
0.0,0,0.01584368
0.0,0,0.06281059
1.0,1,0.96605027
1.0,0,0.09687653
1.0,0,0.3912647
1.0,1,0.9657621
1.0,1,0.76059765
1.0,1,0.80393004
0.0,0,0.17440763
0.0,0,0.050211076
0.0,0,0.30556437
1.0,1,0.9688338
1.0,1,0.64741516
1.0,1,0.7709442
1.0,1,0.5049055
1.0,1,0.71261364
1.0,1,0.96555597
0.0,1,0.8012095
0.0,0,0.07160684
0.0,0,0.0018383197
0.0,0,0.16830058
0.0,0,0.08511433
0.0,0,0.003020652
1.0,1,0.9486951
0.0,0,0.041605603
1.0,1,0.7252243
1.0,1,0.814439
1.0,1,0.82751656
0.0,0,0.0038494312
0.0,0,0.13483699
0.0,0,0.013982179
1.0,1,0.49259174
0.0,0,0.2570512
0.0,0,0.30414093
0.0,0,0.016164843
1.0,1,0.85176927
0.0,0,0.35939988
1.0,1,0.6799266
1.0,1,0.6280291
0.0,0,0.3805761
0.0,0,0.33586767
1.0,1,0.82966137
0.0,0,0.14207274
1.0,0,0.24190626
1.0,1,0.91128427
0.0,1,0.50090337
0.0,0,0.002573955
1.0,1,0.7666739
1.0,1,0.94419074
0.0,1,0.49406445
1.0,1,0.9654757
1.0,1,0.96435404
0.0,1,0.53199255
0.0,1,0.8839368
0.0,0,0.28926545
1.0,1,0.9036598
1.0,0,0.28977668
0.0,0,0.014390124
0.0,0,0.033081293
0.0,0,0.012933383
0.0,0,0.056482956
0.0,0,0.004844936
0.0,0,0.0070704836
1.0,1,0.9799062
0.0,0,0.3152314
0.0,0,0.001218289
0.0,0,0.010112211
0.0,0,0.028370606
1.0,1,0.7363935
0.0,0,0.00056046044
0.0,0,0.0009901994
1.0,1,0.823812
0.0,0,0.00097025704
0.0,0,0.005288622
0.0,0,0.0067766155
0.0,0,0.0937197
1.0,1,0.9535941
1.0,1,0.8975048
1.0,1,0.95427716
1.0,1,0.85061705
0.0,1,0.6286098
0.0,0,0.13064346
0.0,0,0.0031054325
1.0,1,0.89636385
1.0,1,0.90035903
1.0,0,0.23835738
0.0,0,0.0054085185
0.0,0,0.0019816416
1.0,1,0.7346864
0.0,0,0.30556715
0.0,0,0.0030134362
1.0,1,0.4600659
0.0,0,0.058438245
1.0,1,0.9745151
0.0,0,0.0069844145
1.0,1,0.7994778
0.0,0,0.0041929893
1.0,1,0.6072889
0.0,0,0.017664377
0.0,0,0.0787786
1.0,1,0.9741097
0.0,0,0.015379293
0.0,0,0.0067225047
1.0,1,0.90585923
0.0,0,0.0081629865
1.0,1,0.96338415
0.0,0,0.04651958
1.0,1,0.8261339
0.0,0,0.005576032
1.0,1,0.96036005
1.0,1,0.9425168
0.0,0,0.14686514
1.0,1,0.9784246
0.0,0,0.07963509
1.0,1,0.76126826
0.0,0,0.010615078
1.0,1,0.49923053
1.0,1,0.7189157
0.0,0,0.29310787
0.0,0,0.030806111
1.0,1,0.9739356
0.0,0,0.07887578
1.0,1,0.8612796
1.0,1,0.97009706
0.0,0,0.25977555
1.0,1,0.88566196
0.0,0,0.31817335
0.0,0,0.035028208
1.0,1,0.76679873
0.0,0,0.027785549
0.0,0,0.00082550826
1.0,1,0.62488985
1.0,1,0.77270573
0.0,0,0.008233282
1.0,1,0.732068
0.0,0,0.33727148
1.0,1,0.8964443
0.0,0,0.2855287
0.0,0,0.010104797
1.0,1,0.4857802
1.0,1,0.8608256
1.0,0,0.31835666
0.0,0,0.19571954
0.0,0,0.066004045
0.0,0,0.18626045
0.0,0,0.016740957
1.0,1,0.9770791
1.0,1,0.84663683
0.0,0,0.23008603
1.0,1,0.9330731
1.0,1,0.9787208
1.0,1,0.5520031
1.0,1,0.959592
0.0,0,0.021265091
0.0,0,0.036670238
1.0,0,0.19900654
0.0,0,0.106281266
1.0,1,0.9685815
1.0,1,0.9557736
0.0,0,0.15984891
1.0,1,0.5042118
1.0,1,0.92039704
0.0,0,0.023736758
1.0,1,0.861106
0.0,0,0.17289105
0.0,0,0.0013223059
0.0,0,0.025062533
1.0,1,0.9725564
1.0,1,0.7552804
1.0,1,0.86072874
1.0,0,0.1437397
0.0,0,0.008674132
0.0,0,0.003680341
0.0,0,0.027320435
1.0,1,0.7667099
0.0,0,0.07289463
1.0,1,0.80975914
1.0,1,0.64700615
0.0,0,0.03511061
1.0,1,0.92902964
0.0,0,0.02051189
1.0,1,0.9147277
0.0,0,0.011210519
0.0,0,9.199398e-05
0.0,1,0.63050145
1.0,1,0.500389
1.0,1,0.96707046
1.0,1,0.8875773
1.0,1,0.6923593
0.0,0,0.002715223
1.0,1,0.9766999
1.0,1,0.9696523
1.0,1,0.9631479
1.0,1,0.81267995
1.0,1,0.94885755
0.0,0,0.4118727
0.0,1,0.48084325
1.0,0,0.30368468
0.0,0,0.027473079
1.0,1,0.7113093
1.0,1,0.9453927
1.0,1,0.9306096
1.0,1,0.9677263
1.0,1,0.9323859
1.0,1,0.9250903
0.0,0,0.0017596898
0.0,0,0.29966477
1.0,1,0.4500824
1.0,1,0.9309547
0.0,0,0.006161235
1.0,1,0.953567
1.0,1,0.692636
1.0,1,0.96545404
1.0,1,0.95785964
0.0,0,0.0056883986
1.0,1,0.85670924
0.0,0,0.007035154
0.0,0,0.105548255
0.0,0,0.22696504
1.0,1,0.97180325
1.0,1,0.7830124
1.0,1,0.8873389
1.0,1,0.7725954
1.0,1,0.9384928
0.0,1,0.7362376
1.0,1,0.9685743
0.0,0,0.0017752765
1.0,1,0.585486
1.0,1,0.94326496
1.0,1,0.53037536
0.0,1,0.7271717
0.0,0,0.04211866
0.0,0,0.057975832
0.0,0,0.0011382477
1.0,1,0.6482478
1.0,0,0.07662338
1.0,1,0.97741735
1.0,1,0.86555433
1.0,1,0.58137476
0.0,0,0.080842145
1.0,1,0.9709384
0.0,0,0.0022151405
0.0,0,0.0021434235
0.0,0,0.004447731
1.0,1,0.9713627
1.0,1,0.9730262
1.0,0,0.39102706
1.0,1,0.9375577
0.0,0,0.008508558
1.0,1,0.95902145
1.0,1,0.80432117
1.0,1,0.9029587
1.0,1,0.9702329
0.0,0,0.0022013327
0.0,0,0.012829315
0.0,0,0.005714937
0.0,0,0.19348843
1.0,1,0.92945904
1.0,1,0.94070697
1.0,1,0.82446563
0.0,0,0.009344278
0.0,0,0.0067315693
0.0,0,0.10525121
1.0,1,0.8215955
0.0,0,0.015158751
0.0,0,0.32288736
0.0,0,0.00037079077
0.0,0,0.07779995
1.0,1,0.48148215
1.0,1,0.789518
0.0,0,0.024885498
1.0,1,0.97270983
0.0,0,0.0012719376
0.0,0,0.0025367178
0.0,0,0.33301216
1.0,1,0.7711842
1.0,1,0.9183775
0.0,0,0.0012212885
0.0,0,0.026809534
0.0,0,0.0010716256
1.0,1,0.6290228
1.0,1,0.9750842
0.0,0,0.000681214
1.0,1,0.9711417
0.0,1,0.8107941
0.0,0,0.17385462
0.0,0,0.0006613205
0.0,0,0.0040254937
0.0,0,0.00039923517
1.0,1,0.60353076
1.0,1,0.6526376
0.0,0,0.019023268
1.0,1,0.96655834
1.0,1,0.8705216
1.0,1,0.9533388
1.0,1,0.94277817
0.0,0,0.2281342
0.0,0,0.0023721491
0.0,0,0.058097355
0.0,0,0.0051956894
1.0,1,0.69807947
1.0,1,0.9642752
1.0,1,0.9642258
1.0,1,0.9294553
1.0,1,0.51520133
0.0,0,0.002257803
0.0,0,0.006127423
0.0,0,0.0011000538
1.0,1,0.9297841
1.0,1,0.75960016
0.0,0,0.03327107
0.0,0,0.0011335333
0.0,0,0.0012566624
0.0,0,0.16631807
0.0,0,0.008285311
1.0,1,0.9688845
1.0,1,0.9693081
1.0,1,0.92934
1.0,0,0.04223484
1.0,1,0.96724814
1.0,1,0.94652194
0.0,0,0.03303949
0.0,1,0.69238293
1.0,1,0.80116165
1.0,1,0.9547675
1.0,1,0.8351413
0.0,1,0.871993
1.0,1,0.7835849
0.0,0,0.38582906
0.0,0,0.33162937
1.0,1,0.9748001
1.0,1,0.7139706
1.0,1,0.82893634
1.0,1,0.9694576
1.0,1,0.8989986
1.0,1,0.94074273
0.0,1,0.6562144
1.0,1,0.50740665
1.0,1,0.94947106
0.0,1,0.71622115
0.0,1,0.5456507
0.0,0,0.01826886
1.0,1,0.9689163
1.0,1,0.64974177
0.0,0,0.0062129726
1.0,1,0.7815259
0.0,0,0.1187267
1.0,1,0.974837
1.0,1,0.91576654
0.0,0,0.034778304
1.0,1,0.8550916
0.0,0,0.0057583223
1.0,1,0.68980694
1.0,1,0.78017545
0.0,1,0.57561135
1.0,1,0.94999075
1.0,1,0.9304156
1.0,1,0.97638524
0.0,0,0.0014009825
0.0,0,0.0015811281
0.0,0,0.06778781
1.0,1,0.97604024
0.0,0,0.0343268
0.0,0,0.10797822
0.0,0,0.031748954
1.0,1,0.8769462
0.0,0,0.019543953
0.0,0,0.006853264
1.0,1,0.92440224
0.0,0,0.0033869606
1.0,1,0.59049606
0.0,0,0.13745749
1.0,1,0.8836711
1.0,1,0.9385131
1.0,1,0.96121806
1.0,0,0.33724886
1.0,1,0.9287578
0.0,0,0.03663706
1.0,1,0.6876581
0.0,0,0.07434672
1.0,1,0.8889846
1.0,1,0.90019906
1.0,1,0.95274997
0.0,0,0.0045183846
0.0,0,0.0017657189
1.0,1,0.9250713
1.0,1,0.96219337
0.0,0,0.108257756
0.0,0,0.023711484
1.0,1,0.9714089
0.0,0,0.034026373
1.0,0,0.27729282
0.0,0,0.0037981814
1.0,1,0.9618222
1.0,1,0.9751486
0.0,0,0.012741012
0.0,0,0.01931366
0.0,0,0.0153622255
1.0,1,0.96638423
0.0,0,0.14199927
1.0,1,0.81237334
1.0,1,0.48312747
1.0,1,0.8890609
0.0,1,0.5647025
1.0,1,0.8405507
0.0,0,0.34451735
0.0,0,0.0016697824
0.0,0,0.100425094
1.0,1,0.74564373
0.0,0,0.10556678
1.0,1,0.5276804
1.0,1,0.9193053
0.0,0,0.04595465
1.0,1,0.90343547
0.0,0,0.062912196
0.0,0,0.17138441
0.0,0,0.22606559
1.0,1,0.88277435
1.0,1,0.5262072
1.0,1,0.5503414
1.0,1,0.8656611
1.0,1,0.8165911
0.0,0,0.20010787
0.0,0,0.09460125
0.0,0,0.062786005
0.0,0,0.056034997
1.0,1,0.8360076
0.0,0,0.014881618
1.0,1,0.967381
1.0,1,0.94546837
0.0,0,0.047895756
0.0,0,0.045951657
0.0,0,0.24476366
1.0,1,0.9727568
0.0,0,0.086566955
1.0,1,0.9615842
0.0,0,0.040967137
1.0,1,0.7493043
0.0,0,0.06315681
1.0,1,0.89553857
1.0,1,0.9565641
0.0,0,0.004503965
1.0,1,0.9320563
1.0,0,0.39766216
1.0,1,0.95239496
1.0,1,0.91403073
0.0,0,0.0934902
0.0,0,0.0016361075
0.0,0,0.011559556
0.0,0,0.20264587
1.0,1,0.975045
0.0,0,0.20624731
1.0,1,0.7867834
0.0,0,0.14666866
0.0,0,0.29915932
0.0,1,0.6995491
0.0,0,0.0013712033
1.0,1,0.8699813
1.0,1,0.7587758
0.0,0,0.008132698
1.0,1,0.95732933
1.0,1,0.82342887
0.0,0,0.07076454
0.0,0,0.011470911
0.0,0,0.027379991
0.0,0,0.001191196
1.0,1,0.95064574
1.0,0,0.19090159
0.0,0,0.30590442
1.0,1,0.96565676
1.0,0,0.29009572
0.0,0,0.014405646
0.0,0,0.008972101
0.0,0,0.34493497
1.0,1,0.83210623
0.0,0,0.010848104
0.0,0,0.3455966
1.0,1,0.8929056
1.0,1,0.9725707
1.0,1,0.87796944
1.0,1,0.96586025
0.0,0,0.008362261
0.0,0,0.012284663
1.0,1,0.8449049
0.0,0,0.019935733
1.0,1,0.7160246
0.0,0,0.1402251
1.0,1,0.97041965
0.0,0,0.009327445
1.0,1,0.96962625
1.0,1,0.75179935
0.0,0,0.09024017
0.0,0,0.044434343
1.0,1,0.87936264
0.0,0,0.19066878
0.0,0,0.02254362
0.0,0,0.013773253
0.0,1,0.49075565
1.0,0,0.16901407
0.0,0,0.019243201
1.0,1,0.92239827
0.0,0,0.023987168
0.0,0,0.010980561
1.0,1,0.9719322
0.0,0,0.3348087
1.0,1,0.62051755
0.0,0,0.004671628
1.0,1,0.56883514
0.0,0,0.016811399
0.0,0,0.015938848
1.0,1,0.946336
0.0,0,0.001817328
1.0,0,0.26464584
0.0,1,0.48917574
0.0,0,0.10308988
1.0,1,0.955836
1.0,1,0.723114
1.0,1,0.87837416
0.0,0,0.024375735
0.0,0,0.016415123
0.0,0,0.025202839
1.0,1,0.97734165
1.0,1,0.9134758
1.0,1,0.8297868
0.0,0,0.082975864
0.0,0,0.004288175
0.0,0,0.012395541
0.0,0,0.009440556
0.0,0,0.01119992
1.0,1,0.8168805
0.0,0,0.4007694
0.0,0,0.038129438
1.0,1,0.9665817
1.0,1,0.6518034
1.0,1,0.84842473
1.0,1,0.9514231
1.0,1,0.97605956
0.0,0,0.00021319406
1.0,1,0.97024816
0.0,1,0.6801369
0.0,0,0.04521103
0.0,0,0.008656404
1.0,1,0.81919605
1.0,1,0.66040576
0.0,1,0.769004
1.0,1,0.8476095
0.0,0,0.005770683
0.0,0,0.36243954
1.0,1,0.97291833
1.0,1,0.9616579
0.0,0,0.01916433
1.0,1,0.61417794
0.0,0,0.0010646943
0.0,0,0.0123682
0.0,0,0.0068907402
1.0,1,0.9602827
0.0,0,0.015463182
0.0,0,0.0031070078
0.0,0,0.02728875
1.0,1,0.7865946
1.0,1,0.86845446
0.0,0,0.02162803
0.0,1,0.46122095
1.0,1,0.9743925
0.0,0,0.011042309
1.0,1,0.6663597
1.0,1,0.7532462
1.0,1,0.96627194
0.0,0,0.0061623766
0.0,0,0.044501387
1.0,1,0.8762064
1.0,1,0.81531876
1.0,1,0.9707848
0.0,0,0.0032473784
1.0,1,0.95237976
0.0,0,0.014240454
1.0,1,0.9097878
0.0,0,0.019639576
1.0,1,0.887372
0.0,0,0.0017554915
1.0,1,0.94676137
1.0,1,0.8219532
0.0,0,0.0008999514
0.0,0,0.054603536
1.0,0,0.32999796
0.0,0,0.11137721
0.0,0,0.14515786
1.0,1,0.94301033
1.0,1,0.9754185
0.0,0,0.16793942
1.0,1,0.9701601
1.0,1,0.97371817
1.0,1,0.9179013
1.0,1,0.5799187
0.0,0,0.34936896
0.0,0,0.10662554
0.0,0,0.049061794
0.0,0,0.008473176
1.0,1,0.78606963
0.0,1,0.6721761
0.0,0,0.024032505
1.0,1,0.7870671
0.0,0,0.007058536
0.0,0,0.030950898
1.0,1,0.8202935
0.0,0,0.094581164
0.0,0,0.01706534
0.0,0,0.1435746
0.0,0,0.005732013
0.0,0,0.037305526
0.0,0,0.15231788
1.0,1,0.93738055
1.0,1,0.8388333
0.0,0,0.0036984433
0.0,0,0.001019447
0.0,0,0.015012773
1.0,1,0.9771425
1.0,1,0.614014
0.0,1,0.72817063
1.0,1,0.85053027
0.0,0,0.023209753
0.0,0,0.019589491
0.0,0,0.05417438
0.0,0,0.0017919007
0.0,1,0.81783205
1.0,1,0.8999573
1.0,0,0.37699392
0.0,0,0.001093958
0.0,0,0.02412969
1.0,1,0.9703916
1.0,0,0.20284836
1.0,1,0.97216827
1.0,0,0.40192086
0.0,0,0.019385645
0.0,0,0.027104624
1.0,1,0.93463683
1.0,1,0.75457597
1.0,1,0.9783071
1.0,1,0.97109324
0.0,0,0.020823598
0.0,0,0.00466829
0.0,0,0.0016703072
1.0,1,0.9132699
0.0,0,0.2162126
0.0,0,0.0512295
0.0,0,0.15276483
1.0,1,0.9453263
0.0,1,0.43075535
1.0,1,0.96399623
1.0,1,0.8643626
1.0,1,0.89471036
1.0,1,0.9729899
0.0,0,0.0017476317
0.0,0,0.0061948686
0.0,0,0.12877144
1.0,1,0.9643118
0.0,0,0.0067066164
1.0,1,0.7693064
0.0,0,0.03629214
1.0,1,0.6410248
0.0,0,0.0009901098
0.0,0,0.0028108414
1.0,1,0.97613925
1.0,1,0.53528666
0.0,0,0.0029161607
1.0,1,0.8878289
0.0,0,0.0017722955
0.0,0,5.9406895e-05
0.0,0,0.0040226593
1.0,1,0.76817966
0.0,0,0.068839826
0.0,0,0.11126666
0.0,0,0.12760133
0.0,0,0.12874448
1.0,1,0.9576688
1.0,1,0.92949593
1.0,1,0.8067416
0.0,0,0.08934177
0.0,0,0.049873177
1.0,1,0.69821095
0.0,0,0.0006220677
1.0,1,0.57576084
0.0,0,0.0540058
1.0,1,0.8248676
0.0,0,0.005388006
0.0,0,0.007213219
1.0,1,0.9745046
1.0,1,0.9072998
1.0,0,0.033191413
0.0,0,0.0125683565
0.0,0,0.02469105
0.0,0,0.017948968
0.0,0,0.027701749
0.0,0,0.00576975
1.0,1,0.93640685
1.0,1,0.73912656
1.0,1,0.9279101
1.0,1,0.8977899
0.0,0,0.020256396
0.0,0,0.25495714
1.0,1,0.9727799
1.0,1,0.8809991
0.0,0,0.03530303
1.0,1,0.47837973
1.0,1,0.6012174
1.0,1,0.8803612
1.0,1,0.93896794
1.0,1,0.6297065
0.0,0,0.03873342
1.0,1,0.9412782
1.0,1,0.8652953
0.0,0,0.004888914
1.0,1,0.9673625
0.0,0,0.13988547
1.0,1,0.96241724
0.0,0,0.005582755
1.0,1,0.9150651
0.0,0,0.15854171
0.0,1,0.81539834
1.0,1,0.96200573
1.0,1,0.7491857
1.0,1,0.79925203
1.0,1,0.44188964
0.0,0,0.02603321
0.0,0,0.08484783
1.0,1,0.9179338
0.0,1,0.9051184
0.0,0,0.24774075
0.0,0,0.07881794
1.0,1,0.7108247
0.0,0,0.07070299
1.0,1,0.82780826
0.0,0,0.00043948248
0.0,0,0.09905304
1.0,1,0.69153595
0.0,0,0.054793704
0.0,0,0.0034178698
1.0,1,0.9317191
0.0,0,0.006167235
1.0,1,0.536152
1.0,1,0.75183797
1.0,1,0.963323
0.0,0,0.066401266
0.0,0,0.11474666
1.0,1,0.9082606
0.0,0,0.28757888
0.0,0,0.0005699731
1.0,1,0.83743155
1.0,1,0.8688242
0.0,0,0.029147552
0.0,0,0.01887531
1.0,1,0.9729485
1.0,1,0.94267166
0.0,0,0.0025696862
0.0,0,0.0001781522
1.0,1,0.6268014
1.0,1,0.97361904
0.0,0,0.10628646
1.0,1,0.96871036
0.0,0,0.00038008342
0.0,0,0.0019783296
1.0,1,0.95169055
1.0,1,0.9407223
1.0,1,0.88267994
0.0,0,0.020541513
0.0,0,0.048155624
1.0,1,0.97436506
1.0,1,0.6174272
1.0,1,0.827769
0.0,0,0.02160126
0.0,0,0.04195883
0.0,0,0.21954083
0.0,0,0.013725197
1.0,0,0.23758078
1.0,1,0.977651
1.0,1,0.6606641
1.0,0,0.25527412
1.0,1,0.8497269
1.0,1,0.94850266
0.0,0,0.0018487656
1.0,1,0.85036075
1.0,0,0.35892823
0.0,1,0.6039721
0.0,0,0.11988492
1.0,1,0.95064634
1.0,1,0.9788812
0.0,0,0.12182018
1.0,1,0.9248542
1.0,0,0.25177824
0.0,0,0.05532579
1.0,1,0.45497036
0.0,0,0.3225633
1.0,1,0.8362301
0.0,0,0.010809986
1.0,1,0.8265569
0.0,0,0.006761499
0.0,0,0.0054595745
1.0,1,0.73259
1.0,1,0.96553844
1.0,1,0.9122388
0.0,0,0.0006780499
0.0,0,0.11540749
0.0,0,0.19103016
0.0,0,0.015603096
0.0,0,0.0066218753
1.0,1,0.53626
1.0,1,0.9295652
1.0,1,0.9712975
0.0,0,0.024451349
1.0,1,0.62980556
0.0,0,0.018503258
1.0,1,0.9777596
1.0,1,0.97307795
0.0,0,0.044772353
1.0,1,0.7793556
0.0,0,0.013460502
1.0,0,0.14591019
1.0,1,0.68374395
0.0,0,0.018485757
0.0,0,0.09713916
1.0,1,0.9434651
0.0,0,0.06850311
0.0,0,0.021176279
1.0,1,0.9656471
1.0,1,0.7998773
0.0,1,0.5503854
1.0,1,0.96934503
0.0,1,0.5135199
1.0,1,0.8332422
0.0,0,0.10457223
0.0,0,0.013587255
0.0,0,0.0025956677
1.0,1,0.51327527
0.0,0,0.013836243
0.0,1,0.7757964
1.0,1,0.89750886
0.0,0,0.024623495
1.0,1,0.74580693
0.0,0,0.30086604
1.0,1,0.8976425
1.0,1,0.8465929
0.0,0,0.046251565
0.0,0,0.048379228
1.0,1,0.94393533
1.0,1,0.95367575
0.0,0,0.0011162652
1.0,1,0.7583809
1.0,1,0.8799306
0.0,0,0.13145992
1.0,1,0.49358794
1.0,1,0.79122925
1.0,1,0.978685
1.0,1,0.6729007
1.0,1,0.9350346
1.0,1,0.68426704
0.0,0,0.0030878095
1.0,1,0.93281025
1.0,1,0.82567185
0.0,0,0.06258665
1.0,1,0.9747478
1.0,0,0.32526514
1.0,1,0.9789422
1.0,0,0.18822159
1.0,1,0.56311417
0.0,0,0.00045319743
0.0,1,0.7243279
0.0,0,0.03679648
1.0,0,0.20941365
1.0,1,0.88549143
1.0,1,0.9193414
0.0,0,0.01594395
0.0,0,0.0692075
1.0,1,0.94874966
1.0,1,0.62627053
0.0,0,0.0017318816
0.0,0,0.12159081
1.0,1,0.9187548
1.0,1,0.92967504
1.0,1,0.7295854
1.0,1,0.9575172
1.0,1,0.96928656
1.0,1,0.68437195
0.0,0,0.058054738
0.0,0,0.011865588
0.0,0,0.0027909956
0.0,0,0.016502818
0.0,0,0.0010754064
1.0,1,0.8463303
0.0,1,0.7664294
1.0,1,0.7427199
0.0,0,0.08230046
0.0,0,0.038251262
0.0,0,0.009686207
1.0,1,0.9170148
1.0,1,0.7203928
1.0,1,0.6601801
0.0,1,0.9148206
0.0,0,0.005164561
0.0,0,0.025780562
1.0,1,0.96684986
0.0,0,0.0013230705
0.0,0,0.009012367
1.0,1,0.93021536
1.0,1,0.843592
1.0,1,0.9346969
0.0,1,0.8092953
1.0,1,0.97908664
0.0,0,0.10155519
0.0,0,0.0960611
0.0,0,0.003338128
1.0,1,0.49378395
0.0,0,0.16912897
0.0,0,0.36376175
0.0,0,0.21323349
1.0,1,0.97340274
0.0,0,0.005552181
0.0,0,0.052279077
0.0,0,0.049534168
1.0,1,0.92209536
0.0,0,0.027052881
1.0,1,0.77205414
1.0,1,0.6026584
1.0,1,0.92421705
0.0,0,0.0005811306
0.0,0,0.14350985
0.0,0,0.054404665
0.0,0,0.10728618
1.0,1,0.9639209
1.0,1,0.97622055
1.0,1,0.7306632
1.0,1,0.9429111
1.0,1,0.9793586
1.0,1,0.9049057
1.0,0,0.27418873
1.0,1,0.58259964
1.0,1,0.9439371
1.0,1,0.9750603
1.0,1,0.6665172
0.0,0,0.26469713
1.0,1,0.81502926
0.0,0,0.0050704353
0.0,0,0.047692645
1.0,1,0.8073261
0.0,0,0.006829502
1.0,1,0.8897582
1.0,1,0.95012987
1.0,1,0.976949
1.0,1,0.9558328
1.0,1,0.67214507
0.0,0,0.002227551
1.0,1,0.78036547
1.0,1,0.7391441
1.0,1,0.94868153
0.0,0,0.065701395
0.0,0,0.12113637
0.0,0,0.113905005
0.0,0,0.09217891
1.0,0,0.026749399
0.0,0,0.056045227
1.0,1,0.9312293
1.0,1,0.9500664
1.0,1,0.8328807
0.0,0,0.025223365
0.0,0,0.2340107
0.0,0,0.20842688
0.0,1,0.6116014
0.0,0,0.0013646524
0.0,0,0.0032412522
1.0,1,0.8181554
0.0,1,0.5552695
1.0,1,0.65326107
0.0,0,0.16695365
0.0,0,0.013581528
1.0,1,0.90722245
0.0,0,0.04058896
0.0,0,0.00089178706
1.0,1,0.951167
0.0,0,0.007212068
0.0,0,0.013694171
0.0,0,0.009353685
0.0,0,0.26142246
1.0,0,0.11831911
0.0,0,0.030713754
0.0,0,0.035670117
0.0,0,0.07262438
0.0,0,0.14143527
0.0,0,0.034651812
1.0,1,0.97486407
0.0,0,0.029460456
0.0,0,0.07570095
0.0,0,0.2501275
1.0,1,0.8863029
1.0,0,0.07085515
0.0,0,0.40962544
0.0,0,0.015467388
0.0,0,0.00032226506
0.0,0,0.027198989
1.0,1,0.85449195
0.0,0,0.0015196727
0.0,0,0.02283346
1.0,1,0.80858445
1.0,1,0.7423744
0.0,0,0.0018324911
1.0,1,0.9670856
1.0,1,0.73545647
1.0,1,0.97122824
0.0,0,0.005179959
1.0,1,0.6798589
1.0,1,0.9736429
1.0,1,0.93712896
0.0,0,0.13949798
0.0,0,0.20031276
1.0,1,0.97511554
1.0,1,0.9631302
1.0,1,0.5793031
1.0,1,0.66470325
1.0,1,0.89815164
1.0,1,0.96959084
1.0,1,0.85335153
1.0,1,0.9537424
0.0,0,0.033891805
0.0,0,0.13661492
0.0,0,0.0017353887
0.0,0,0.09309427
1.0,1,0.98039716
0.0,0,0.3278078
0.0,0,0.021823868
1.0,0,0.10986192
1.0,1,0.68572795
0.0,0,0.06582945
0.0,0,0.00065160973
1.0,1,0.9762153
1.0,1,0.9252424
0.0,0,0.12202928
0.0,0,0.422682
1.0,1,0.76575416
1.0,1,0.5000099
1.0,1,0.9524926
1.0,1,0.6885449
1.0,1,0.7731139
1.0,1,0.8225173
1.0,0,0.21004547
0.0,0,0.004534575
1.0,0,0.4217946
1.0,1,0.7335229
1.0,1,0.7954267
0.0,0,0.38582858
1.0,0,0.006957618
1.0,1,0.95628643
1.0,0,0.3052183
0.0,1,0.7567507
1.0,1,0.8088704
0.0,0,0.0504464
1.0,1,0.9659005
1.0,0,0.24920084
1.0,1,0.9170948
1.0,1,0.95218426
1.0,1,0.7593288
0.0,0,0.1077702
1.0,1,0.54357934
0.0,0,0.3484668
0.0,0,0.006513489
0.0,0,0.38630044
1.0,1,0.9392632
1.0,1,0.9766723
0.0,1,0.66376495
1.0,1,0.89697665
0.0,0,0.026332362
0.0,0,0.30733207
1.0,1,0.94841176
1.0,1,0.91654366
0.0,0,0.021491764
0.0,0,0.016938193
0.0,0,0.25504258
0.0,0,0.0047177016
1.0,1,0.9679575
1.0,1,0.5534817
0.0,0,0.0041906745
0.0,0,0.0028662237
0.0,0,0.34532687
0.0,0,0.0339235
1.0,1,0.8581958
0.0,0,0.09814033
1.0,1,0.94729745
0.0,0,0.062003843
0.0,0,0.022719914
1.0,0,0.13867205
1.0,1,0.8199947
1.0,1,0.7699905
1.0,1,0.87353706
1.0,1,0.53437257
1.0,1,0.921628
1.0,1,0.78780615
1.0,1,0.94499105
1.0,1,0.9684477
0.0,1,0.76550347
0.0,0,0.010014952
0.0,1,0.8600509
1.0,1,0.9795443
1.0,1,0.96052593
1.0,1,0.56722045
0.0,0,0.31653267
1.0,0,0.22801313
0.0,0,0.013432513
0.0,0,0.052649602
0.0,0,0.107867576
0.0,0,0.10246323
1.0,1,0.61206865
0.0,0,0.02193829
0.0,0,0.09408222
0.0,0,0.35132736
1.0,1,0.76766884
0.0,0,0.015406893
1.0,1,0.9481999
0.0,0,0.013303303
0.0,0,0.114868805
1.0,1,0.9084887
0.0,0,0.009408347
0.0,0,0.0029685139
0.0,0,0.0010824883
0.0,0,0.046074547
1.0,1,0.97639143
1.0,1,0.8262115
1.0,1,0.9771301
1.0,1,0.9751458
0.0,0,0.009397755
0.0,0,0.015577547
0.0,0,0.0017567436
1.0,1,0.96392673
0.0,0,0.015298027
0.0,0,0.0431463
0.0,0,0.1503788
0.0,0,0.010944917
1.0,1,0.76819575
0.0,0,0.029822068
1.0,1,0.94076496
0.0,0,0.051767368
1.0,0,0.08834704
0.0,0,0.004070594
1.0,1,0.5379411
0.0,0,0.00015190829
0.0,0,0.16661082
1.0,1,0.9343029
0.0,0,0.0021275226
1.0,1,0.94198775
0.0,0,0.006291231
0.0,0,0.16542627
1.0,0,0.2003544
0.0,0,0.25900623
1.0,1,0.9726994
1.0,1,0.6753912
0.0,0,0.034280155
1.0,1,0.91940165
0.0,0,0.0029768182
1.0,1,0.9753386
0.0,0,0.016226321
0.0,0,0.004845923
1.0,1,0.9313147
0.0,0,0.19087124
1.0,1,0.9419132
1.0,0,0.046118367
0.0,0,0.1689637
0.0,0,0.20832403
0.0,1,0.6629136
1.0,1,0.70938814
0.0,0,0.01219388
0.0,0,0.18350618
1.0,1,0.8828956
0.0,0,0.008388533
0.0,0,0.1544039
1.0,1,0.93535244
1.0,1,0.97928756
0.0,0,0.00023750412
1.0,1,0.849724
0.0,0,0.0052358685
0.0,0,0.37761095
0.0,0,0.00018830145
0.0,0,0.012413504
1.0,1,0.9772913
1.0,1,0.6355655
1.0,1,0.8181333
0.0,0,0.013709283
0.0,0,0.029329399
0.0,0,0.029017085
1.0,1,0.96751416
0.0,0,0.002849773
1.0,1,0.7245491
1.0,1,0.6200913
1.0,1,0.9585966
1.0,1,0.67103416
0.0,0,0.01609163
0.0,0,0.00038145517
0.0,0,0.0008152102
1.0,1,0.96012396
1.0,0,0.04800684
0.0,1,0.8966521
1.0,1,0.8069582
0.0,0,0.0015315559
1.0,1,0.8901097
1.0,1,0.9760569
1.0,1,0.9289355
0.0,0,0.13377626
0.0,0,0.021071214
1.0,1,0.95840615
0.0,0,0.020392528
0.0,0,0.1571039
0.0,0,0.070218325
0.0,0,0.00085946824
0.0,0,0.38564986
1.0,1,0.88678634
1.0,1,0.97837424
1.0,1,0.9779713
1.0,1,0.97627246
0.0,0,0.011308124
1.0,1,0.73290455
0.0,0,0.07124499
1.0,1,0.4936711
0.0,0,0.0064467276
0.0,0,0.09388252
0.0,0,0.021049354
1.0,1,0.9505559
1.0,1,0.91669375
0.0,0,0.020334559
1.0,1,0.7301748
0.0,0,0.021254294
0.0,0,0.004482146
0.0,0,0.21807562
0.0,0,0.02146105
1.0,1,0.81819284
1.0,1,0.9369957
1.0,0,0.33011344
1.0,1,0.94357884
0.0,0,0.25223112
0.0,0,0.0057185795
1.0,1,0.7370305
0.0,0,0.23695895
1.0,1,0.9740868
1.0,1,0.9689299
0.0,0,0.07960851
1.0,1,0.93299013
0.0,0,0.04593525
0.0,0,0.06988098
1.0,1,0.91714567
0.0,0,0.0010323131
0.0,0,0.1368468
1.0,1,0.9114828
0.0,0,0.042183757
1.0,1,0.97823286
0.0,0,0.30770352
0.0,0,0.026417924
0.0,0,0.3955799
1.0,1,0.9700769
0.0,0,0.004633081
1.0,1,0.9699189
0.0,0,0.21112148
1.0,1,0.9264093
0.0,0,0.0017077315
0.0,0,0.003597067
0.0,0,0.008065286
0.0,0,0.11778175
0.0,0,0.27938882
0.0,0,0.0184329
0.0,0,0.027143946
1.0,1,0.7016165
0.0,0,0.000632108
1.0,1,0.94974023
0.0,0,0.16604604
0.0,0,0.03606426
1.0,1,0.91940147
0.0,0,0.0044894563
0.0,0,0.006004842
0.0,0,0.10320734
1.0,1,0.6880307
0.0,0,0.0034242037
0.0,1,0.707735
1.0,1,0.9311313
0.0,0,0.03349569
0.0,1,0.73344994
1.0,1,0.9714098
0.0,0,0.32720938
1.0,1,0.9482898
1.0,1,0.8649837
1.0,1,0.9760833
0.0,0,0.010765812
1.0,1,0.6725057
0.0,0,0.036704298
1.0,1,0.92799973
1.0,1,0.8014531
1.0,1,0.97944343
1.0,1,0.79443985
0.0,0,0.0007725581
0.0,0,0.22070129
0.0,0,0.15238257
0.0,0,0.2827078
0.0,0,0.27698472
1.0,1,0.94441634
0.0,0,0.0088341925
1.0,1,0.85961336
1.0,1,0.9533448
1.0,1,0.93146163
0.0,0,0.00759724
0.0,0,0.00024188642
0.0,0,0.014160653
1.0,1,0.97661126
1.0,1,0.95757955
0.0,0,0.008234983
1.0,1,0.9647856
1.0,1,0.8944198
0.0,0,0.006183111
1.0,1,0.756898
0.0,0,0.06535987
0.0,0,0.008201947
0.0,0,0.40169472
0.0,0,0.3820254
1.0,1,0.6449791
0.0,0,0.122215085
0.0,0,0.00038389646
0.0,0,0.24589571
0.0,0,0.046206463
1.0,0,0.110172465
1.0,1,0.9660482
0.0,0,0.048663985
0.0,0,0.0029642195
1.0,1,0.8440451
1.0,1,0.7690413
0.0,0,0.01032105
0.0,0,0.054799408
0.0,0,0.0018386864
0.0,0,0.008596991
0.0,1,0.8706559
0.0,0,0.024573555
1.0,1,0.96731603
0.0,0,0.016319018
1.0,1,0.7999978
0.0,0,0.21508338
0.0,0,0.013542961
1.0,1,0.75428206
0.0,1,0.92273146
0.0,0,0.039388802
0.0,0,0.17535417
0.0,0,0.013500433
1.0,1,0.91105944
0.0,0,0.12705019
0.0,0,0.00414495
1.0,1,0.71813494
0.0,0,0.0010785155
0.0,0,0.030015256
0.0,1,0.8662694
0.0,0,0.018564817
1.0,1,0.96322507
0.0,0,0.051147547
1.0,1,0.9371773
1.0,0,0.4136851
0.0,0,0.010091987
0.0,0,0.009898138
0.0,0,0.05663111
0.0,0,0.05096577
0.0,0,0.25141084
0.0,0,0.07557332
1.0,1,0.9785957
1.0,1,0.91450584
1.0,1,0.8953275
0.0,0,0.033949398
1.0,1,0.7626294
0.0,0,0.04789159
0.0,0,0.002999705
1.0,1,0.8770386
1.0,1,0.498438
1.0,1,0.8675606
0.0,0,0.1849526
0.0,0,0.102038644
1.0,1,0.93720853
1.0,1,0.9490785
1.0,1,0.79188496
0.0,1,0.8949156
0.0,0,0.052843604
1.0,1,0.8754444
1.0,1,0.73026377
0.0,0,0.014251584
0.0,0,0.07118807
0.0,0,0.011646484
0.0,1,0.5715995
0.0,0,0.004058025
1.0,1,0.85559523
0.0,0,0.014105308
1.0,1,0.97905105
0.0,0,0.4011962
1.0,1,0.8106084
1.0,1,0.97315884
1.0,1,0.86997414
1.0,1,0.9774776
1.0,1,0.4800688
0.0,0,0.09324847
0.0,0,0.10304563
0.0,0,0.10956639
0.0,0,0.08416716
0.0,0,0.010505555
0.0,0,0.25571686
0.0,0,0.016914055
1.0,1,0.88902366
0.0,0,0.12296829
1.0,0,0.18024488
1.0,0,0.34297204
0.0,0,0.013766647
1.0,0,0.2580654
0.0,0,0.18938182
0.0,0,0.043188885
1.0,1,0.90302813
1.0,1,0.94807404
0.0,0,0.061167896
0.0,0,0.2966074
0.0,0,0.38471252
1.0,1,0.7438211
1.0,1,0.9726206
1.0,0,0.31257966
1.0,1,0.97631925
0.0,0,0.033750933
0.0,0,0.008521506
1.0,1,0.8949135
1.0,0,0.27253318
0.0,0,0.034844995
1.0,1,0.9727844
0.0,0,0.04920279
0.0,0,0.0018523436
1.0,1,0.9620797
1.0,1,0.69499075
0.0,0,0.023896158
0.0,1,0.5266659
0.0,0,0.00051437033
0.0,0,0.258471
0.0,0,0.11000475
0.0,0,0.07334782
0.0,0,0.23474169
0.0,1,0.87657076
0.0,0,0.043521732
0.0,0,0.16148607
1.0,1,0.691464
0.0,0,0.053617336
0.0,0,0.06789708
1.0,1,0.93513167
0.0,0,0.011309083
1.0,1,0.942417
0.0,0,0.0074808463
1.0,1,0.8848574
1.0,1,0.9428323
0.0,0,0.06585772
1.0,1,0.83321464
1.0,1,0.9777536
1.0,1,0.84969455
0.0,0,0.0020963408
0.0,1,0.53674626
1.0,1,0.9574042
1.0,1,0.9446465
0.0,0,0.026027396
0.0,0,0.10825432
0.0,0,0.065396115
1.0,1,0.7703959
0.0,0,0.010133946
0.0,0,0.028146198
0.0,0,0.0012569741
1.0,1,0.9639924
0.0,0,0.32519224
1.0,1,0.64044654
1.0,1,0.53362286
0.0,0,0.19320299
0.0,0,0.056050677
0.0,1,0.48045117
1.0,1,0.60629785
1.0,1,0.7813296
1.0,1,0.8268322
0.0,0,0.0022372003
0.0,0,0.032134138
1.0,1,0.9123756
1.0,1,0.62852997
0.0,0,0.0053160014
1.0,1,0.8812092
0.0,0,0.073614635
0.0,0,0.11127733
0.0,0,0.41773722
1.0,1,0.90365714
1.0,0,0.18839543
0.0,0,0.08082831
1.0,1,0.9656201
0.0,0,0.011437221
0.0,1,0.73586476
0.0,0,0.1996925
0.0,1,0.5912427
0.0,0,0.04109137
0.0,0,0.06194098
0.0,0,0.10830706
0.0,0,0.08875149
1.0,1,0.45894074
1.0,1,0.8430734
1.0,1,0.8473971
0.0,0,0.09789446
1.0,1,0.8571556
1.0,1,0.8985015
1.0,1,0.9737612
1.0,1,0.93237716
0.0,0,0.06267355
0.0,0,0.0018950523
1.0,1,0.610112
1.0,1,0.9597354
0.0,0,0.019500526
1.0,1,0.96384907
0.0,0,0.01184762
1.0,1,0.74906826
1.0,1,0.9454213
0.0,0,0.047228985
1.0,1,0.67232525
1.0,1,0.9794872
1.0,1,0.9770444
0.0,0,0.004725231
1.0,1,0.95608807
1.0,0,0.13559364
0.0,0,0.002595516
1.0,0,0.15337043
0.0,0,0.38604134
0.0,0,0.0043298197
0.0,0,0.015236326
0.0,0,0.0050434903
0.0,1,0.9695836
0.0,0,0.0031433336
1.0,1,0.73272884
1.0,1,0.9306245
1.0,0,0.2545366
0.0,0,0.21340828
1.0,1,0.5392033
0.0,0,0.016807215
0.0,0,0.012061623
1.0,1,0.55634457
1.0,1,0.9429124
1.0,1,0.8064886
1.0,1,0.8017664
1.0,1,0.7277864
1.0,1,0.95760906
0.0,0,0.019576976
0.0,0,0.29993805
1.0,1,0.97580385
0.0,0,0.003284125
0.0,0,0.08818838
0.0,0,0.3117351
1.0,1,0.6891898
0.0,0,0.15212095
1.0,1,0.95766854
1.0,1,0.9525387
1.0,1,0.57629263
0.0,0,0.0011641206
0.0,0,0.0071155378
1.0,1,0.95405865
1.0,0,0.35466984
1.0,0,0.27418423
0.0,0,0.0017114766
0.0,1,0.5325181
0.0,0,0.042403605
0.0,0,0.13810408
1.0,1,0.9764651
0.0,0,0.13992062
0.0,0,0.0045103575
0.0,0,0.007695367
1.0,1,0.9637056
0.0,0,0.004487575
1.0,1,0.9665639
0.0,0,0.16099626
0.0,1,0.47638625
1.0,1,0.65784514
0.0,0,0.015057678
0.0,0,0.0012348584
0.0,0,0.048489843
0.0,0,0.07539256
0.0,0,0.03368261
0.0,0,0.28238446
0.0,0,0.06268343
0.0,0,0.06489691
0.0,0,0.16100658
0.0,0,0.051696304
1.0,1,0.8059372
0.0,0,0.03997868
0.0,0,0.012561181
1.0,1,0.9460052
0.0,0,0.027240572
1.0,1,0.9172079
0.0,0,0.27094513
0.0,0,0.35110465
0.0,0,0.0036345273
1.0,1,0.9667797
1.0,1,0.6495591
1.0,1,0.9520588
0.0,0,0.0017373709
1.0,0,0.031113537
0.0,0,0.0030004848
1.0,1,0.94591767
1.0,1,0.7059598
0.0,0,0.0071199117
1.0,1,0.9639895
1.0,1,0.9554698
1.0,1,0.6197583
0.0,0,0.05427647
1.0,1,0.9065518
0.0,0,0.003125321
0.0,0,0.07736011
0.0,0,0.061120532
1.0,1,0.9747576
0.0,1,0.5691669
0.0,0,0.00047982932
1.0,1,0.62156963
1.0,1,0.95325905
1.0,1,0.87038946
1.0,0,0.37423977
1.0,1,0.82076114
1.0,1,0.8442048
1.0,1,0.97384363
0.0,0,0.0017608762
1.0,1,0.9717741
0.0,0,0.060110103
0.0,0,0.029953014
1.0,0,0.36318022
1.0,0,0.027386088
0.0,0,0.014239001
0.0,0,0.004262867
1.0,1,0.53920305
0.0,0,0.03451685
0.0,0,0.22771081
1.0,1,0.91226614
0.0,0,0.01283242
1.0,1,0.96283185
0.0,1,0.55134904
1.0,1,0.9785535
0.0,0,0.0006746019
0.0,0,0.0006151719
0.0,0,0.041395597
0.0,0,0.08406969
0.0,0,0.0037259066
0.0,0,0.0012032647
0.0,0,0.032350585
1.0,1,0.9751811
0.0,0,0.0027235032
1.0,1,0.97005963
1.0,1,0.8290458
1.0,1,0.94210005
0.0,0,0.07191881
1.0,1,0.97215647
0.0,0,0.0001604332
1.0,1,0.466505
0.0,0,0.00032344452
1.0,1,0.9808928
1.0,1,0.9089529
1.0,1,0.9303832
1.0,1,0.818745
1.0,1,0.83534276
0.0,0,0.060026515
0.0,0,0.01339644
1.0,1,0.83799875
0.0,0,0.006543531
0.0,1,0.91236407
1.0,1,0.59341407
0.0,0,0.27750948
0.0,0,0.17588095
1.0,1,0.5520539
1.0,1,0.7312641
1.0,1,0.94314283
1.0,1,0.68348414
0.0,0,0.00089816615
1.0,1,0.9649743
1.0,1,0.644768
0.0,0,0.074183874
1.0,0,0.3758619
1.0,1,0.7531659
1.0,1,0.9218782
1.0,1,0.90495634
1.0,1,0.90898466
0.0,0,0.0065293307
0.0,0,0.04580192
0.0,0,0.002177852
0.0,0,0.112588994
1.0,1,0.9715794
0.0,0,0.040762298
1.0,0,0.28562048
0.0,0,0.18678512
1.0,1,0.968855
1.0,1,0.79809356
0.0,1,0.54126024
0.0,0,0.012984544
0.0,1,0.47652695
0.0,0,0.124618664
1.0,1,0.9684832
1.0,1,0.61773896
0.0,0,0.004457706
1.0,1,0.72773373
0.0,0,0.002177302
1.0,1,0.7307398
0.0,0,0.0070281588
0.0,0,0.19985431
0.0,0,0.016127884
1.0,1,0.96671337
0.0,0,0.38315475
1.0,1,0.44042996
0.0,0,0.0012795032
1.0,1,0.97002894
1.0,1,0.94939
1.0,0,0.3373489
1.0,1,0.7726337
1.0,1,0.75946337
1.0,1,0.87139755
0.0,0,0.095493004
1.0,1,0.9341019
0.0,0,0.0033059414
1.0,1,0.5518451
1.0,1,0.9691249
1.0,1,0.7895272
1.0,1,0.889334
0.0,0,0.3840064
1.0,1,0.5055483
1.0,1,0.8050602
0.0,0,0.050142746
0.0,0,0.0056294007
1.0,1,0.756406
1.0,1,0.8709632
1.0,1,0.9461732
0.0,0,0.0015225392
1.0,1,0.84607875
1.0,1,0.948109
1.0,1,0.56765145
0.0,0,0.064793326
1.0,1,0.8529745
0.0,0,0.060553327
0.0,0,0.01780564
1.0,1,0.6267083
1.0,1,0.7518823
0.0,0,0.0023388003
1.0,1,0.75989056
0.0,0,0.0070984983
1.0,1,0.75943106
1.0,1,0.94990325
1.0,1,0.9793468
0.0,0,0.21531618
0.0,1,0.5330925
0.0,0,0.4044414
0.0,0,0.013977978
1.0,1,0.5642284
0.0,0,0.0054963822
0.0,0,0.20872754
1.0,1,0.56768537
0.0,0,0.29342067
1.0,1,0.5311169
0.0,0,0.04462977
0.0,0,0.035114344
0.0,0,0.019413276
0.0,0,0.013324351
1.0,1,0.4638201
0.0,0,0.35563794
1.0,1,0.8954382
1.0,1,0.46755472
0.0,0,0.074365124
0.0,0,0.21491417
1.0,1,0.79894674
0.0,0,0.3730797
1.0,1,0.9637347
0.0,0,0.00175066
0.0,0,0.009440703
1.0,0,0.29026732
0.0,0,0.03332496
1.0,1,0.7992315
0.0,0,0.0050748126
1.0,1,0.9798419
0.0,0,0.01623631
0.0,0,0.06185934
1.0,0,0.4266351
1.0,1,0.88991565
0.0,0,0.03982503
1.0,0,0.1421283
0.0,0,0.18977123
1.0,1,0.8127575
1.0,1,0.942399
1.0,1,0.95305806
0.0,1,0.7515664
0.0,0,0.009278229
1.0,1,0.9443018
0.0,1,0.55487955
1.0,1,0.96504706
0.0,1,0.61023664
0.0,1,0.6988851
0.0,0,0.0026162064
1.0,1,0.96965206
0.0,0,0.37503654
0.0,0,0.07225254
0.0,0,0.023900013
1.0,1,0.87208694
1.0,1,0.9731367
0.0,0,0.012531324
0.0,0,0.14190206
1.0,1,0.7218642
0.0,0,0.12443406
0.0,0,0.0073751826
1.0,1,0.8952312
0.0,0,0.18889757
1.0,0,0.2594981
0.0,0,0.002504557
1.0,1,0.9051714
0.0,0,0.12268879
0.0,0,0.14379895
0.0,0,0.00391368
1.0,1,0.95019835
1.0,0,0.36505234
1.0,1,0.9745925
0.0,0,0.040807523
1.0,1,0.7131848
0.0,0,0.13779685
0.0,0,0.006471277
0.0,0,0.043984354
0.0,0,0.0021697795
0.0,0,0.24820541
1.0,1,0.88539267
0.0,1,0.57635105
1.0,1,0.95757866
0.0,0,0.05947024
1.0,1,0.78729016
1.0,0,0.41139793
1.0,0,0.42591718
0.0,0,0.15063158
1.0,1,0.7735419
0.0,0,0.3201963
0.0,0,0.096238606
0.0,0,0.22612199
1.0,1,0.9676947
1.0,1,0.8313888
1.0,1,0.89875734
0.0,0,0.00010710446
0.0,0,0.15780313
1.0,1,0.512698
0.0,0,0.0033343004
1.0,1,0.52402544
1.0,1,0.9438093
1.0,1,0.98025167
1.0,0,0.4175333
1.0,1,0.7963939
1.0,1,0.5278834
1.0,1,0.94228846
0.0,0,0.14440659
0.0,0,0.0020795995
0.0,0,0.0010201144
0.0,0,0.22593886
1.0,1,0.814803
1.0,1,0.8521262
1.0,1,0.94935924
0.0,0,0.14330679
1.0,1,0.93489486
1.0,1,0.94589
0.0,1,0.5767588
1.0,1,0.8190155
0.0,0,0.09222138
1.0,1,0.85867
0.0,0,0.009965367
0.0,0,0.41577443
1.0,1,0.97265816
1.0,0,0.27908608
0.0,1,0.5302246
0.0,0,0.00013103579
0.0,0,0.019116148
1.0,1,0.9343096
1.0,1,0.97081393
1.0,1,0.85461867
1.0,1,0.8321778
0.0,0,0.04721315
0.0,0,0.0026414494
1.0,1,0.9581729
0.0,0,0.09848999
0.0,0,0.24487424
0.0,0,0.041227594
1.0,1,0.9350207
1.0,1,0.9780451
1.0,1,0.8279699
0.0,0,0.012963019
0.0,0,0.25534868
0.0,1,0.72735775
0.0,0,0.00042485117
1.0,1,0.9732106
1.0,1,0.9117907
1.0,1,0.9388368
1.0,0,0.19376081
0.0,0,0.014358582
0.0,0,0.12095815
1.0,1,0.8255242
1.0,1,0.968159
1.0,1,0.9373797
0.0,0,0.0054149884
0.0,0,0.18808635
1.0,1,0.91043854
0.0,0,0.25286558
1.0,1,0.6209984
1.0,1,0.66512185
0.0,0,0.0010430049
0.0,0,0.002940438
0.0,0,0.07913626
1.0,1,0.92915535
0.0,0,0.26812133
1.0,1,0.93731916
0.0,0,0.28990078
1.0,1,0.80495965
1.0,1,0.96973634
0.0,0,0.0037065167
0.0,0,0.0005360809
1.0,1,0.9143335
1.0,0,0.02670759
0.0,1,0.5659714
1.0,1,0.9711113
0.0,0,0.0049974695
0.0,0,0.061334375
1.0,1,0.97493076
0.0,0,0.0011198928
1.0,1,0.9070446
0.0,0,0.01902877
1.0,1,0.8794221
0.0,0,0.0015850065
1.0,1,0.9704704
1.0,1,0.97536683
1.0,1,0.8838241
0.0,0,0.01468587
0.0,0,0.09500208
1.0,1,0.95790356
0.0,0,0.32203096
0.0,0,0.05503189
1.0,1,0.6384286
1.0,1,0.62515914
1.0,1,0.5884225
0.0,0,0.25191614
0.0,0,0.0011592065
1.0,1,0.82192886
1.0,1,0.54361105
0.0,1,0.5800463
0.0,0,0.010990316
1.0,1,0.84315217
0.0,0,0.024390584
0.0,0,7.34472e-05
1.0,1,0.94430006
0.0,0,0.009118809
0.0,0,0.003705582
1.0,0,0.25039163
0.0,0,0.24595562
1.0,1,0.9736191
0.0,0,0.07242354
0.0,1,0.58010453
0.0,0,0.00022181553
1.0,1,0.9697554
0.0,0,0.21305048
1.0,1,0.7448143
1.0,1,0.43368915
1.0,1,0.94571525
0.0,0,0.40960333
1.0,0,0.0034665747
0.0,0,0.0041706264
0.0,0,0.34017467
1.0,1,0.9637066
0.0,0,0.045662124
0.0,1,0.9723552
1.0,1,0.9360745
0.0,0,0.0019417135
1.0,1,0.97533375
1.0,1,0.79832554
0.0,0,0.11647047
0.0,0,0.048946563
0.0,1,0.7538216
1.0,0,0.1663956
1.0,1,0.94682294
1.0,1,0.89194816
1.0,1,0.9735319
0.0,0,0.0274917
1.0,1,0.9802314
1.0,1,0.7913296
0.0,0,0.05081341
1.0,1,0.78842235
0.0,0,0.053872474
0.0,0,0.08537565
0.0,0,0.16113494
0.0,0,0.006037685
0.0,0,0.0015038134
0.0,0,0.009467451
1.0,1,0.8013005
1.0,1,0.6954055
0.0,0,0.0077334493
0.0,0,0.022329763
0.0,0,0.32384324
1.0,1,0.46831375
0.0,0,0.00084556034
1.0,0,0.23873334
1.0,1,0.9726889
1.0,1,0.680405
1.0,1,0.96050745
1.0,1,0.9752477
1.0,1,0.90988916
0.0,0,0.020369813
1.0,1,0.89050806
0.0,0,0.012977981
0.0,1,0.6776546
1.0,1,0.9633146
0.0,0,0.031258173
1.0,1,0.49538302
0.0,0,0.02162355
1.0,1,0.8713712
0.0,0,0.055201825
0.0,0,0.3884967
0.0,0,0.022736367
0.0,0,0.0019553597
1.0,1,0.94739515
0.0,0,0.0037037905
0.0,0,0.004244083
0.0,0,0.01368219
0.0,0,0.0074304724
1.0,1,0.546767
0.0,0,0.053415865
1.0,1,0.48367596
0.0,0,0.013781461
0.0,1,0.60345024
1.0,1,0.6252669
0.0,0,0.011459735
1.0,1,0.9706856
1.0,1,0.89870864
1.0,1,0.8159696
1.0,0,0.025873205
1.0,1,0.5162342
0.0,1,0.6032606
1.0,1,0.9238945
0.0,0,0.23483434
1.0,1,0.6421314
0.0,1,0.45281255
0.0,0,0.0129779335
1.0,1,0.95107394
0.0,0,0.18758835
1.0,1,0.6203215
0.0,0,0.04849657
0.0,0,0.0014844709
0.0,0,0.012757019
1.0,1,0.84320116
0.0,0,0.17401138
0.0,0,0.003284111
0.0,0,0.0028122119
0.0,0,0.09978374
1.0,1,0.9502579
0.0,0,0.009862338
0.0,0,0.2713788
1.0,1,0.9452358
0.0,0,0.14902279
0.0,0,0.2201351
0.0,0,0.34030825
0.0,0,0.012336738
1.0,1,0.94040334
1.0,1,0.9707892
1.0,1,0.93517923
0.0,0,0.1262291
1.0,0,0.0348593
1.0,1,0.9126379
1.0,1,0.7751148
1.0,1,0.96488357
0.0,0,0.0930767
0.0,0,0.0026520959
0.0,0,0.00057853706
1.0,1,0.706596
1.0,1,0.89472145
0.0,0,0.005234592
0.0,0,0.044295225
0.0,0,0.2707311
1.0,1,0.9576892
0.0,0,0.005311573
1.0,1,0.9526534
1.0,1,0.97395587
0.0,0,0.011452385
1.0,1,0.81044227
0.0,1,0.533691
1.0,0,0.23092134
1.0,1,0.9735522
0.0,0,0.042646404
1.0,1,0.97887874
0.0,0,0.022900883
0.0,0,0.0024597687
0.0,0,0.028280417
1.0,1,0.83915967
0.0,0,0.019166354
1.0,0,0.023153165
0.0,0,0.01952283
0.0,0,0.018106518
1.0,1,0.8844581
0.0,0,0.007970051
1.0,0,0.39257437
0.0,0,0.015957318
1.0,1,0.4832056
1.0,1,0.5764893
0.0,0,0.021133378
0.0,0,0.004502332
1.0,1,0.85671705
0.0,0,0.07204864
1.0,1,0.8074211
1.0,1,0.7967775
1.0,1,0.7683216
1.0,1,0.9675585
0.0,0,0.25182185
0.0,0,0.031921335
0.0,0,0.0011662956
0.0,0,0.0003632028
0.0,0,0.03229039
1.0,1,0.61327535
1.0,0,0.06453781
1.0,1,0.7761993
1.0,1,0.93191516
0.0,0,0.035613418
1.0,1,0.8901385
1.0,1,0.97545755
0.0,0,0.0074766595
1.0,1,0.9729978
1.0,1,0.9598216
1.0,1,0.82253784
1.0,0,0.28451744
1.0,1,0.75070924
1.0,1,0.9689424
1.0,1,0.96243036
0.0,0,0.008280329
1.0,1,0.92717206
1.0,1,0.9695783
0.0,0,0.0029899676
0.0,0,0.14498764
0.0,0,0.11138798
0.0,0,0.11626849
1.0,1,0.830583
0.0,0,0.0066587515
0.0,0,0.00043326497
0.0,0,0.0034912457
0.0,0,0.08942776
1.0,1,0.9663569
1.0,1,0.9684067
0.0,0,0.32679245
1.0,1,0.95370024
0.0,0,0.11903927
0.0,0,0.19062977
0.0,0,0.016914055
1.0,1,0.53578234
0.0,0,0.0019354427
1.0,1,0.9717782
1.0,1,0.9084386
1.0,1,0.8178266
1.0,1,0.97659755
1.0,1,0.95847476
1.0,1,0.87934697
1.0,1,0.66437924
0.0,0,0.0020433967
0.0,0,0.27598324
0.0,0,0.009005917
1.0,1,0.7146661
1.0,1,0.76469177
0.0,0,0.06818307
0.0,0,0.13641025
0.0,1,0.6028897
0.0,0,0.00831088
1.0,1,0.9370576
0.0,0,0.0041400734
1.0,1,0.97080535
0.0,0,0.012673694
0.0,0,0.3574356
0.0,0,0.24510035
1.0,1,0.8566535
0.0,0,0.37208974
1.0,1,0.731112
1.0,1,0.92834437
1.0,1,0.96491337
1.0,1,0.9286556
0.0,0,0.10318061
1.0,1,0.9199157
1.0,0,0.30059567
0.0,0,0.41853845
0.0,0,0.0011848328
0.0,0,0.059856627
0.0,0,0.00086011225
1.0,1,0.86980575
1.0,1,0.96334976
0.0,0,0.0027688923
0.0,0,0.02050395
1.0,1,0.67724764
1.0,1,0.5110743
1.0,1,0.9175835
1.0,1,0.69810617
1.0,1,0.9057882
1.0,1,0.7954991
1.0,1,0.86951387
1.0,0,0.33719587
1.0,1,0.7000028
1.0,0,0.19619903
1.0,1,0.92928433
0.0,1,0.74535275
0.0,0,0.017145598
1.0,1,0.939088
0.0,1,0.4952724
0.0,0,0.035101615
1.0,1,0.97684306
1.0,0,0.06641781
0.0,0,0.0019848146
1.0,1,0.6337788
1.0,1,0.9721635
1.0,0,0.35122362
1.0,1,0.9723749
0.0,1,0.7408574
0.0,0,0.0140274195
1.0,1,0.9497141
1.0,1,0.7242912
1.0,1,0.9473899
1.0,0,0.108866476
0.0,0,0.017111434
0.0,0,0.108443044
0.0,0,0.009643294
1.0,1,0.933756
0.0,0,0.004384892
0.0,0,0.13053349
1.0,1,0.9674786
1.0,1,0.8332045
0.0,0,0.00011385977
0.0,0,0.11436532
0.0,0,0.02469073
0.0,0,0.0009507359
0.0,1,0.6374402
1.0,1,0.9121986
1.0,1,0.95998794
1.0,1,0.7399901
1.0,1,0.9619609
1.0,1,0.5787646
0.0,0,0.29598027
0.0,0,0.019882774
0.0,0,0.05037942
1.0,1,0.7696637
1.0,1,0.95957273
0.0,0,0.023929752
0.0,1,0.5226134
1.0,1,0.886998
0.0,0,0.021856615
0.0,0,0.005030784
0.0,0,0.065059595
0.0,0,0.0034081289
0.0,0,0.3041197
1.0,1,0.97649676
1.0,0,0.30458793
1.0,1,0.94853675
1.0,1,0.80802095
0.0,0,0.007203592
1.0,1,0.8542337
0.0,0,0.00023053488
0.0,0,0.017857071
1.0,1,0.52010906
0.0,0,0.016123982
0.0,1,0.6062322
0.0,0,0.033572637
1.0,1,0.87413573
0.0,0,0.005257193
0.0,0,0.06746117
1.0,0,0.38606274
1.0,0,0.11798461
1.0,1,0.7668183
1.0,1,0.7343886
0.0,0,0.031108497
1.0,1,0.7893208
1.0,1,0.7397295
0.0,0,0.0040597403
1.0,0,0.34264395
0.0,0,0.08273273
1.0,1,0.9625108
0.0,0,0.011975669
1.0,1,0.9811805
1.0,1,0.7989234
0.0,0,0.00338305
0.0,0,0.008518388
1.0,1,0.94150466
0.0,0,0.022434821
0.0,0,0.0010231375
0.0,0,0.021301791
1.0,1,0.57265806
0.0,0,0.2516214
1.0,1,0.97437775
0.0,0,0.18237351
1.0,1,0.8740863
1.0,1,0.9334101
1.0,1,0.96823287
0.0,0,0.0016940256
1.0,1,0.9613912
0.0,1,0.6178088
1.0,1,0.9627746
0.0,0,0.0017481027
1.0,1,0.9768143
0.0,0,0.00057670043
0.0,0,0.0014486451
0.0,1,0.74460936
1.0,1,0.9772585
0.0,0,0.01974671
0.0,0,0.036387306
1.0,1,0.9771695
0.0,0,0.07390549
0.0,1,0.45554408
1.0,1,0.9491323
1.0,0,0.32923466
1.0,1,0.97150517
1.0,1,0.45021427
0.0,0,0.0503659
0.0,0,0.24642044
0.0,0,0.0037568272
1.0,1,0.9072242
0.0,0,0.009215484
1.0,1,0.97160274
0.0,0,0.02544917
1.0,1,0.9402733
1.0,1,0.89283407
0.0,0,0.013085875
0.0,0,0.23383124
0.0,0,0.0030831485
0.0,0,0.003421632
1.0,1,0.6714469
0.0,0,0.013639336
0.0,0,0.22128643
0.0,1,0.65659595
1.0,1,0.69272506
0.0,0,0.024737736
1.0,0,0.2896244
0.0,0,0.15294689
1.0,0,0.18905683
1.0,1,0.95103014
1.0,1,0.89976174
0.0,0,0.30267885
1.0,1,0.9511595
1.0,1,0.57083106
1.0,1,0.8712271
0.0,0,0.11496527
1.0,1,0.9739467
1.0,1,0.667054
0.0,0,0.0010721209
1.0,1,0.92952824
0.0,0,0.036877792
0.0,0,0.0154689485
1.0,1,0.841765
0.0,0,0.00038367326
0.0,0,0.0059417794
1.0,1,0.74555755
0.0,0,0.014259129
0.0,1,0.6988561
0.0,0,0.18970111
0.0,0,0.014774589
0.0,0,0.4061917
0.0,0,0.012295086
1.0,1,0.9649665
0.0,1,0.7094967
0.0,0,0.1882388
0.0,0,0.028478088
0.0,0,0.048513927
1.0,1,0.8050307
0.0,0,0.40059832
0.0,0,0.02494199
0.0,0,0.12010522
1.0,0,0.28424025
0.0,0,0.07908657
0.0,0,0.14889632
0.0,0,0.25781894
0.0,0,0.087306425
1.0,1,0.6628047
1.0,1,0.9759044
0.0,0,0.12698542
0.0,0,0.021826897
0.0,0,0.1606406
1.0,1,0.9730345
1.0,1,0.95120066
0.0,0,0.031021465
1.0,1,0.9811526
1.0,1,0.5982008
0.0,0,0.029939732
1.0,1,0.8518956
0.0,0,0.001484936
1.0,1,0.9788866
1.0,1,0.5559597
0.0,0,0.0005546213
1.0,1,0.64317274
1.0,1,0.83225113
0.0,0,0.05318169
1.0,1,0.9191564
0.0,0,0.115463704
1.0,1,0.8318351
1.0,1,0.96940047
1.0,1,0.47107488
0.0,0,0.00074103585
1.0,1,0.8022451
1.0,1,0.93816066
1.0,1,0.66237974
1.0,1,0.9682817
1.0,1,0.9218959
1.0,1,0.65238774
1.0,1,0.8114819
1.0,1,0.9113002
1.0,1,0.88391155
1.0,1,0.9612449
1.0,1,0.65597546
1.0,1,0.9299773
0.0,0,0.10122235
1.0,1,0.57909846
0.0,0,0.18374684
0.0,0,0.0018963469
1.0,1,0.75354385
1.0,1,0.9607281
1.0,1,0.95646626
0.0,0,0.0071140286
1.0,1,0.82007027
1.0,1,0.76595837
1.0,1,0.9580301
1.0,1,0.9675055
1.0,1,0.902926
1.0,1,0.9380123
0.0,0,0.014820254
1.0,1,0.9660122
0.0,0,0.005647144
1.0,0,0.22137363
1.0,1,0.95511013
1.0,1,0.8464363
1.0,1,0.67445767
0.0,0,0.0074362135
1.0,1,0.7331438
0.0,0,0.12468888
1.0,0,0.032616902
1.0,1,0.6598948
0.0,0,0.2108726
1.0,0,0.3914362
1.0,1,0.9552617
0.0,1,0.604096
0.0,0,0.21589173
0.0,0,0.33536902
1.0,1,0.8594643
0.0,0,0.09993156
0.0,0,0.03768268
1.0,1,0.887426
1.0,1,0.8374572
1.0,1,0.9523272
1.0,1,0.9580993
0.0,0,0.19370773
0.0,0,0.26386726
0.0,0,0.23859417
1.0,1,0.9713785
0.0,0,0.0042227237
0.0,0,0.0032188145
0.0,1,0.44278464
0.0,0,0.07131744
0.0,0,0.21487837
1.0,1,0.8574429
1.0,1,0.8520634
1.0,1,0.9254595
0.0,0,0.0046906522
1.0,1,0.88557255
1.0,1,0.8698969
1.0,1,0.9667422
1.0,1,0.47049844
0.0,0,0.05752802
1.0,1,0.8701155
0.0,0,0.006646018
1.0,1,0.5790168
1.0,1,0.70951205
1.0,1,0.8599281
0.0,0,0.1912531
0.0,0,0.26445872
1.0,1,0.79911906
1.0,1,0.9035129
1.0,1,0.8281474
1.0,1,0.9767472
0.0,0,0.0027155872
1.0,1,0.97357154
0.0,0,0.030063769
1.0,1,0.9332966
1.0,1,0.9679886
0.0,0,0.050162945
0.0,0,0.0059916475
0.0,0,0.0011598277
0.0,0,0.00917859
1.0,1,0.9477957
0.0,0,0.014429151
1.0,1,0.7457974
0.0,0,0.00559045
1.0,1,0.95792145
1.0,1,0.89560634
1.0,1,0.9507725
1.0,0,0.27888498
0.0,0,0.06195363
0.0,1,0.55907696
1.0,1,0.8549767
1.0,1,0.975026
0.0,1,0.7215878
1.0,0,0.18540822
0.0,0,0.0013419638
1.0,1,0.850873
0.0,0,0.01156422
0.0,0,0.0013467553
0.0,0,0.25161165
0.0,0,0.28098154
1.0,1,0.84907055
0.0,0,0.0032323862
0.0,0,0.22833374
1.0,1,0.9786486
0.0,0,0.020382624
0.0,0,0.066297434
0.0,0,0.031648874
0.0,0,0.0021430005
1.0,1,0.5502603
1.0,1,0.87231153
1.0,1,0.9550024
0.0,0,0.0075142714
0.0,0,0.34415707
1.0,1,0.9422072
1.0,1,0.9030452
1.0,1,0.70641017
0.0,0,0.004095444
0.0,0,0.11583017
0.0,0,0.25339732
0.0,0,0.006468749
0.0,0,0.23269196
0.0,0,0.1481172
0.0,0,0.16416629
1.0,1,0.94301546
0.0,0,0.025335042
1.0,1,0.6414055
0.0,0,0.31822053
1.0,1,0.68245614
0.0,0,0.20779346
1.0,1,0.6960328
1.0,1,0.7109379
1.0,1,0.8024671
1.0,1,0.97299373
1.0,1,0.5999615
0.0,0,0.037584387
1.0,0,0.16623512
1.0,1,0.4828808
0.0,0,0.0046018097
0.0,0,0.04333257
1.0,1,0.96867603
0.0,0,0.0436502
0.0,0,0.0068289135
1.0,1,0.7830201
1.0,1,0.8865321
0.0,0,0.0068758274
0.0,0,0.00030772958
0.0,0,0.004938391
1.0,1,0.86257887
0.0,0,0.14559245
0.0,0,0.0001154164
0.0,1,0.5573764
1.0,1,0.73978555
1.0,1,0.9443873
0.0,0,0.017326947
1.0,1,0.9767526
0.0,0,0.0029276828
0.0,0,0.033307947
0.0,1,0.7148987
1.0,1,0.8595765
0.0,0,0.31762403
0.0,0,0.011961323
0.0,0,0.0015111063
1.0,1,0.965834
1.0,1,0.95996296
0.0,0,0.009235555
1.0,0,0.09511157
0.0,0,0.00021470935
0.0,0,0.23497838
1.0,1,0.8212658
0.0,0,0.008482532
1.0,1,0.6100497
1.0,1,0.96923053
0.0,0,0.09778402
1.0,1,0.8866159
1.0,1,0.9550549
1.0,1,0.96872896
0.0,0,0.33558986
1.0,0,0.1804498
0.0,0,0.010683604
1.0,1,0.88676465
0.0,0,0.0094596995
0.0,0,0.3031943
0.0,0,0.37670597
0.0,0,0.013315044
1.0,1,0.76387596
1.0,1,0.76791584
1.0,1,0.94445306
1.0,1,0.9703679
1.0,1,0.9543362
1.0,1,0.9671657
0.0,0,0.01765109
1.0,1,0.5134976
0.0,0,0.018215112
1.0,1,0.95153636
0.0,0,0.013766059
0.0,0,0.00031436305
1.0,1,0.6400632
0.0,0,0.01738859
1.0,1,0.81996596
1.0,1,0.79560256
0.0,0,0.021724349
1.0,0,0.0900684
1.0,1,0.5317186
1.0,1,0.9239984
0.0,0,0.1988406
1.0,1,0.93257487
1.0,1,0.94416296
0.0,0,0.07091135
1.0,1,0.84763056
0.0,1,0.43096656
0.0,0,0.0151203
0.0,0,0.059226625
0.0,0,0.06089217
0.0,0,0.01600063
1.0,1,0.50888693
0.0,0,0.0013962968
1.0,1,0.67885995
1.0,1,0.8127213
1.0,1,0.73996735
0.0,0,0.009095271
0.0,0,0.053281292
1.0,1,0.9449432
1.0,1,0.93319947
1.0,0,0.41768262
1.0,0,0.36753365
0.0,0,0.0031149283
1.0,1,0.6985154
0.0,0,0.054434333
1.0,1,0.82270277
0.0,0,0.028369239
0.0,0,0.0030372837
1.0,1,0.9579058
0.0,0,0.022317046
0.0,1,0.6624337
0.0,0,0.005451283
0.0,0,0.015277031
1.0,1,0.6576004
0.0,0,0.012970312
1.0,1,0.96411854
1.0,1,0.9764422
0.0,0,0.0003727251
1.0,1,0.5378258
0.0,1,0.6821158
1.0,1,0.943556
1.0,1,0.9443995
1.0,1,0.5290812
1.0,1,0.9437385
1.0,1,0.96761984
0.0,0,0.1347712
1.0,1,0.9720067
1.0,1,0.9625908
1.0,1,0.8177944
1.0,1,0.76672196
0.0,0,0.03596037
1.0,1,0.9585207
0.0,0,0.13031472
1.0,1,0.44822356
0.0,0,0.024742644
1.0,0,0.35933313
1.0,0,0.17960273
1.0,0,0.42607403
0.0,0,0.2501853
1.0,1,0.5847194
0.0,0,0.031796586
1.0,1,0.9678383
0.0,0,0.1500748
1.0,1,0.967019
0.0,1,0.61522335
0.0,0,0.08977278
0.0,0,0.005107441
1.0,1,0.8964029
1.0,1,0.96241254
1.0,1,0.81971985
0.0,0,0.04032831
1.0,1,0.97094226
1.0,1,0.7398453
1.0,1,0.80472076
1.0,1,0.93551344
0.0,0,0.16127725
1.0,0,0.426456
0.0,0,0.23710507
0.0,0,0.057081126
0.0,0,0.0123887835
1.0,1,0.91608465
1.0,1,0.80933917
0.0,0,0.00088781933
0.0,1,0.5647314
0.0,1,0.6036566
1.0,1,0.971431
1.0,1,0.7404871
1.0,1,0.9688425
0.0,0,0.011631718
0.0,0,0.005018369
1.0,1,0.8812424
1.0,1,0.9187311
0.0,0,0.07332127
1.0,1,0.5931647
0.0,0,0.0077959574
1.0,1,0.94251096
0.0,0,0.0076965764
1.0,1,0.6882688
1.0,1,0.95336866
1.0,1,0.44296685
0.0,0,0.00095192733
0.0,0,0.0050579393
0.0,0,0.007671771
0.0,0,0.0032352402
0.0,0,0.3429324
1.0,1,0.7738969
0.0,0,0.28498968
1.0,1,0.97277635
0.0,0,0.009935547
0.0,0,0.009164581
1.0,1,0.9535439
0.0,0,0.066832274
0.0,1,0.7162368
0.0,0,0.059210025
0.0,0,0.30258217
1.0,0,0.2841807
1.0,1,0.65168
1.0,1,0.96786875
1.0,1,0.8852377
0.0,0,0.056394447
0.0,0,0.11414784
0.0,1,0.92573285
0.0,0,0.017442401
0.0,0,0.0014154636
0.0,0,0.021341484
1.0,1,0.96897024
1.0,1,0.8720421
1.0,1,0.9775984
0.0,0,0.017618535
1.0,1,0.9760527
1.0,1,0.93235105
1.0,1,0.9346769
1.0,1,0.82630223
0.0,0,0.098053716
1.0,1,0.9073263
0.0,0,0.114165895
1.0,1,0.9164932
1.0,1,0.8297556
0.0,0,0.057118606
1.0,1,0.6222272
1.0,1,0.96362597
0.0,0,0.057013974
0.0,0,0.2541
1.0,1,0.9567073
1.0,1,0.85524875
0.0,0,0.022723308
0.0,1,0.75316507
0.0,0,0.007413095
0.0,0,0.0072579966
0.0,0,0.12486431
1.0,1,0.94495004
0.0,0,0.011545845
1.0,1,0.96839833
1.0,1,0.9177995
0.0,0,0.023824817
0.0,1,0.6344503
0.0,0,0.0025169444
0.0,0,0.0066601774
0.0,0,0.0006335311
0.0,0,0.012368777
0.0,0,0.0020860704
1.0,1,0.9754088
1.0,1,0.941573
1.0,1,0.9747933
1.0,0,0.19969155
0.0,0,0.045082554
1.0,1,0.94926685
1.0,1,0.88057315
0.0,0,0.008792887
1.0,1,0.9451763
0.0,0,0.013385081
1.0,1,0.96987563
1.0,1,0.96648794
1.0,1,0.8096723
0.0,1,0.70785505
0.0,0,0.031665023
0.0,0,0.0007922824
1.0,1,0.9385713
1.0,1,0.9558781
1.0,1,0.95841455
1.0,1,0.48469803
1.0,1,0.9506608
1.0,1,0.9141661
1.0,1,0.9718866
1.0,1,0.794762
0.0,0,0.02268435
0.0,0,0.027563076
0.0,0,0.068948604
1.0,1,0.8434279
0.0,0,0.028414877
1.0,1,0.96660185
1.0,1,0.9629649
0.0,0,0.0025192404
1.0,1,0.97659683
1.0,1,0.86272824
1.0,1,0.90273285
0.0,1,0.527027
0.0,0,0.010476424
0.0,0,0.018696567
1.0,1,0.90733457
0.0,0,0.01675129
0.0,0,0.035094917
1.0,1,0.7505461
1.0,1,0.7219662
0.0,1,0.6960828
1.0,1,0.6633391
1.0,0,0.22715151
0.0,1,0.62020814
0.0,0,0.012989481
0.0,0,0.0006514011
0.0,1,0.9274992
1.0,1,0.7833314
0.0,1,0.69849
1.0,1,0.7469299
0.0,0,0.03527696
1.0,1,0.8462262
0.0,0,0.0153920995
1.0,1,0.58767223
1.0,1,0.8994168
0.0,0,0.0038941384
1.0,0,0.23490416
0.0,0,0.4030897
1.0,1,0.9731678
1.0,1,0.72295094
0.0,0,0.0020614197
0.0,0,0.054614976
0.0,0,0.0030190619
0.0,1,0.6698873
0.0,0,0.13492061
0.0,0,0.03036425
1.0,1,0.97409946
1.0,1,0.77309835
0.0,0,0.015372456
0.0,1,0.5279876
0.0,0,0.0019021672
0.0,0,0.39764455
1.0,1,0.61359155
1.0,1,0.7312764
1.0,1,0.91064525
1.0,1,0.92251563
1.0,1,0.760475
0.0,0,0.00031959033
1.0,1,0.61470735
1.0,1,0.83638984
0.0,0,0.052797887
0.0,0,0.020275662
0.0,1,0.67261624
1.0,1,0.5696523
0.0,0,0.017466763
1.0,1,0.68783164
1.0,1,0.95071507
0.0,0,0.010494151
1.0,1,0.8475371
0.0,0,0.13014333
0.0,0,0.020941803
0.0,0,0.007329107
1.0,1,0.9669311
0.0,0,0.1163548
1.0,1,0.9662648
1.0,1,0.67721164
1.0,0,0.3658215
0.0,1,0.95630616
0.0,0,0.080484025
0.0,0,0.07565539
0.0,0,0.42703545
1.0,1,0.73777574
1.0,0,0.38557482
0.0,0,0.09113573
0.0,0,0.0071961693
0.0,0,0.108782075
1.0,1,0.93942624
0.0,0,0.002492166
1.0,1,0.5304109
1.0,1,0.94336325
0.0,0,0.065735556
1.0,0,0.41930604
0.0,0,0.059514627
0.0,0,0.039276272
1.0,1,0.9183517
1.0,1,0.9778888
1.0,1,0.925342
1.0,1,0.97957957
0.0,0,0.39040315
0.0,0,0.030174667
1.0,1,0.9412433
0.0,0,0.14294541
0.0,0,0.00032679204
0.0,0,0.031250145
1.0,1,0.9780052
0.0,1,0.50715923
1.0,1,0.96554494
1.0,1,0.9630644
1.0,1,0.52605003
1.0,1,0.68254733
1.0,1,0.89703244
1.0,1,0.9799956
1.0,1,0.95241266
1.0,1,0.9714858
1.0,1,0.87513494
0.0,0,0.0030544624
0.0,0,0.0025601648
0.0,0,0.20169255
1.0,1,0.6956073
1.0,1,0.9121163
1.0,0,0.33871672
1.0,1,0.48393208
0.0,0,0.009183097
1.0,1,0.78269285
1.0,1,0.87035716
0.0,0,0.004156972
1.0,1,0.8177565
0.0,1,0.54369843
0.0,0,0.013625966
1.0,1,0.93375564
1.0,1,0.45841712
0.0,0,0.0034049267
1.0,1,0.70975155
1.0,1,0.91910714
1.0,1,0.68153363
1.0,1,0.8584629
1.0,1,0.5899447
0.0,0,0.08452519
0.0,0,0.004480435
0.0,0,0.017588908
1.0,1,0.9707128
1.0,1,0.96736914
0.0,0,0.0042538517
1.0,1,0.9708433
1.0,1,0.9745846
1.0,1,0.89073586
1.0,0,0.33485165
1.0,1,0.8153155
0.0,1,0.48868567
1.0,1,0.687794
0.0,0,0.053168748
0.0,0,0.014657902
0.0,0,0.0014663377
1.0,1,0.97747827
1.0,1,0.55362177
1.0,1,0.58631074
1.0,1,0.5528141
0.0,0,0.07859014
0.0,0,0.35270503
1.0,1,0.9408473
0.0,0,0.0680317
0.0,0,0.1034491
0.0,0,0.052963495
0.0,0,0.18569058
0.0,0,0.11945421
1.0,1,0.97513986
1.0,1,0.6579524
1.0,1,0.8809547
1.0,1,0.89585024
0.0,0,0.21897434
0.0,0,0.22812617
0.0,0,0.118789546
1.0,0,0.16042449
0.0,0,0.15037413
0.0,0,0.06198025
0.0,0,0.109927006
1.0,1,0.6589506
0.0,0,0.3101103
1.0,1,0.83028334
0.0,0,0.015646147
0.0,0,0.003121667
0.0,0,0.051252622
0.0,1,0.71300757
0.0,0,0.018631546
0.0,0,0.08495953
1.0,1,0.9777225
0.0,0,0.01458728
1.0,1,0.9729483
1.0,1,0.7422822
1.0,1,0.94437236
1.0,1,0.9746884
1.0,1,0.95210665
1.0,1,0.6290859
1.0,1,0.86672795
1.0,1,0.57890594
0.0,0,0.010562932
0.0,0,0.014667775
0.0,1,0.56270283
1.0,1,0.88978887
0.0,0,0.102469325
0.0,0,0.002283332
0.0,0,0.0026734031
0.0,1,0.5672906
0.0,0,0.23183872
0.0,0,0.031761307
1.0,1,0.8093786
1.0,1,0.9696834
1.0,1,0.9435772
0.0,1,0.7610838
1.0,1,0.9634016
1.0,1,0.48164403
1.0,1,0.7268958
0.0,0,0.012118999
0.0,0,0.014580552
1.0,1,0.8678905
0.0,0,0.027098425
1.0,1,0.9643428
0.0,0,0.1725224
0.0,0,0.018494349
1.0,1,0.9700883
0.0,0,0.025722755
0.0,0,0.006800902
0.0,0,0.036354557
1.0,1,0.9514539
1.0,1,0.8980189
1.0,1,0.74978316
1.0,1,0.9430387
0.0,0,0.0016361075
0.0,0,0.09303633
0.0,1,0.94955623
1.0,1,0.9360897
0.0,0,0.03865482
1.0,0,0.2810467
0.0,1,0.78335404
0.0,0,0.0093265325
1.0,1,0.78068084
0.0,0,0.0017692515
1.0,1,0.97307426
1.0,1,0.56875587
1.0,1,0.9571869
1.0,1,0.924184
0.0,0,0.0035263947
1.0,1,0.8575499
0.0,0,0.19189349
0.0,0,0.26641968
0.0,0,0.03379737
0.0,0,0.0572713
1.0,1,0.72803295
1.0,1,0.82733834
0.0,0,0.04425705
0.0,0,0.10936495
0.0,0,0.042223968
1.0,0,0.36924303
0.0,0,0.013815404
0.0,0,0.023054551
1.0,1,0.9665514
0.0,0,0.004811038
0.0,0,0.39586923
1.0,1,0.89406604
0.0,0,0.16272612
1.0,1,0.8699951
0.0,0,0.046802577
0.0,0,0.0024153762
1.0,0,0.08750523
1.0,1,0.87554896
1.0,0,0.12276646
0.0,0,0.06513283
0.0,0,0.0016326287
1.0,1,0.93822753
1.0,1,0.94338983
0.0,0,0.000101157704
1.0,0,0.3097789
1.0,1,0.78217983
1.0,1,0.87101346
0.0,0,0.33144036
1.0,1,0.9675517
1.0,1,0.98044103
1.0,1,0.8224482
1.0,1,0.48352176
0.0,0,0.002214645
0.0,0,0.00016520654
0.0,0,0.020113785
1.0,0,0.3160557
1.0,1,0.71802026
0.0,0,0.08960125
1.0,1,0.9685456
1.0,1,0.9746851
0.0,0,0.020836553
0.0,0,0.104794465
1.0,1,0.97724557
0.0,1,0.6465565
0.0,0,0.05738987
0.0,0,0.27585053
0.0,0,0.008843809
1.0,1,0.95240194
0.0,0,0.017696327
0.0,0,0.0013432156
0.0,0,0.0014654493
1.0,1,0.96720254
0.0,0,0.25427416
1.0,1,0.9347261
1.0,1,0.8947845
1.0,1,0.8640603
1.0,1,0.4347067
1.0,1,0.7642757
0.0,0,0.0120673245
1.0,1,0.7760824
0.0,0,0.002403562
1.0,1,0.9792418
0.0,0,0.2240599
1.0,1,0.95922446
0.0,1,0.67604125
1.0,1,0.9728202
0.0,1,0.4562032
1.0,1,0.89181644
0.0,0,0.1983493
1.0,1,0.7548784
1.0,1,0.9109397
0.0,0,0.001110398
0.0,0,0.28686738
0.0,0,0.00806974
0.0,1,0.5261989
1.0,1,0.9760658
1.0,0,0.26214442
0.0,0,0.29838887
1.0,1,0.9815046
1.0,1,0.90531677
0.0,1,0.46757707
0.0,1,0.6324452
1.0,1,0.9674979
1.0,1,0.6868835
0.0,0,0.10225748
0.0,0,0.05711945
0.0,0,0.11952446
0.0,0,0.005967249
0.0,0,0.002352183
1.0,1,0.9000666
0.0,0,0.008855298
1.0,1,0.93787366
1.0,1,0.6859634
0.0,0,0.00956789
1.0,1,0.8250165
0.0,0,0.028812287
1.0,1,0.97184044
1.0,1,0.9735085
0.0,1,0.6104387
1.0,1,0.9597782
0.0,0,0.00038930666
0.0,0,0.30116412
0.0,0,0.023127329
0.0,0,0.0019358194
1.0,1,0.8342694
0.0,0,0.015223467
1.0,1,0.5999019
1.0,1,0.9687429
0.0,1,0.49822366
1.0,1,0.49265355
1.0,1,0.91755325
0.0,0,0.1558646
1.0,1,0.7990844
0.0,1,0.6645714
1.0,1,0.9791758
1.0,1,0.66105115
0.0,0,0.0090567265
0.0,0,0.13911776
1.0,0,0.2882921
0.0,0,0.049478542
0.0,0,0.00794199
1.0,1,0.95787954
0.0,0,0.010780946
0.0,0,0.00044484233
1.0,1,0.9694559
1.0,1,0.8372288
0.0,0,0.023000548
1.0,1,0.9684945
0.0,0,0.05286294
1.0,1,0.9263441
1.0,1,0.9731463
0.0,0,0.02748563
1.0,1,0.82048583
0.0,0,0.25493318
1.0,1,0.9754667
1.0,1,0.97184366
0.0,0,0.0017361804
0.0,0,0.008177175
0.0,0,0.018983223
1.0,1,0.6744479
0.0,0,0.08920188
1.0,1,0.75364614
1.0,1,0.9236665
0.0,0,0.0017096878
1.0,1,0.97423005
1.0,1,0.5522373
0.0,0,0.02127031
0.0,0,0.0017681194
0.0,0,0.005631939
0.0,0,0.1292681
1.0,1,0.83032215
0.0,0,0.011867768
1.0,1,0.96995544
0.0,1,0.65753806
1.0,0,0.094822824
0.0,0,0.001613638
1.0,1,0.9753936
0.0,0,0.008480021
1.0,1,0.82648027
0.0,0,0.28277054
1.0,1,0.82193935
1.0,1,0.7804055
0.0,0,0.00775441
1.0,1,0.45293373
0.0,0,0.03523408
0.0,0,0.0071714614
1.0,1,0.9624318
1.0,1,0.96219224
0.0,0,0.00062381366
1.0,1,0.7908021
0.0,0,0.37969914
1.0,1,0.72335744
0.0,0,0.010229844
1.0,1,0.97222555
0.0,0,0.40838167
1.0,1,0.9615571
1.0,1,0.91713625
0.0,1,0.46098587
1.0,1,0.74532056
0.0,0,0.0043608597
0.0,0,0.0017044116
1.0,1,0.86626905
1.0,1,0.90473837
1.0,1,0.8815931
1.0,0,0.19845659
0.0,0,0.02417734
0.0,0,0.108646356
0.0,0,0.004104505
0.0,1,0.61926347
1.0,1,0.9250172
1.0,1,0.9588437
1.0,1,0.75971764
1.0,1,0.7811432
1.0,1,0.9702062
0.0,0,0.031853423
0.0,0,0.027704744
0.0,0,0.00043798605
1.0,1,0.97421384
0.0,0,0.29875955
1.0,1,0.6529304
1.0,1,0.8026367
0.0,0,0.0032016505
0.0,0,0.1519687
1.0,1,0.8541209
1.0,1,0.9259535
0.0,0,0.0024141485
0.0,1,0.46859938
1.0,1,0.8503909
0.0,0,0.0053727035
1.0,1,0.7175038
0.0,0,0.012074944
0.0,0,0.02416756
1.0,1,0.81428856
1.0,1,0.9083059
0.0,1,0.45376894
0.0,0,0.24594308
1.0,1,0.8762379
0.0,0,0.05366979
0.0,0,0.030938797
0.0,0,0.073295094
1.0,1,0.9757044
0.0,0,0.08830438
1.0,1,0.45309013
1.0,0,0.2842161
0.0,0,0.003389184
1.0,1,0.7697688
0.0,0,0.008080422
1.0,1,0.95885277
1.0,1,0.7002765
1.0,0,0.33188796
0.0,0,0.2760348
0.0,0,0.007128729
1.0,1,0.9248029
0.0,0,0.043527685
1.0,1,0.9290376
0.0,0,0.06825558
1.0,1,0.90168136
1.0,1,0.94229543
1.0,1,0.651191
1.0,1,0.9322982
1.0,1,0.92932457
0.0,1,0.61383414
1.0,1,0.8707731
0.0,0,0.00030922182
1.0,1,0.61633873
1.0,1,0.812952
1.0,1,0.85229105
1.0,0,0.2217635
0.0,0,0.36176902
0.0,0,0.008703658
0.0,0,0.016933406
1.0,1,0.9711639
0.0,0,0.00035140075
0.0,0,0.000272955
1.0,1,0.9400791
0.0,0,0.0073074256
0.0,0,0.12723966
0.0,0,0.29341915
0.0,1,0.6306199
0.0,0,0.0023299658
1.0,1,0.967934
1.0,1,0.88851726
0.0,0,0.000271413
0.0,0,0.0025508362
1.0,1,0.9542228
0.0,0,0.048279803
0.0,0,0.22338553
0.0,0,0.0025724585
1.0,1,0.9765863
0.0,0,0.00029813888
1.0,1,0.94187
0.0,0,0.00056267576
1.0,1,0.6445645
1.0,1,0.9773299
0.0,0,0.013949622
1.0,1,0.9670563
1.0,0,0.23298824
0.0,0,0.005757017
0.0,0,0.33771503
0.0,0,0.11839226
1.0,1,0.975202
0.0,0,0.20016783
0.0,0,0.28068283
0.0,0,0.15454969
0.0,0,0.005322748
1.0,1,0.97626245
0.0,0,0.004192631
1.0,1,0.84689593
1.0,1,0.920495
0.0,0,0.09489388
1.0,1,0.97736144
0.0,1,0.44667566
1.0,1,0.9301125
0.0,0,0.04276026
0.0,0,0.4079304
0.0,0,0.0006532706
0.0,0,0.008106682
1.0,1,0.96883726
0.0,0,0.04789693
0.0,0,0.1966507
1.0,1,0.95834535
1.0,1,0.97820556
0.0,0,0.10161454
0.0,0,0.019883161
0.0,0,0.028907161
0.0,0,0.006293375
0.0,0,0.0024924895
0.0,1,0.57762086
1.0,0,0.35215995
0.0,1,0.5638672
1.0,1,0.91867375
1.0,1,0.72531843
1.0,1,0.66723824
1.0,1,0.74137187
0.0,1,0.7237573
0.0,0,0.066382125
1.0,1,0.95166564
1.0,1,0.9592194
0.0,0,0.00058436155
0.0,0,0.019162787
1.0,1,0.9431254
1.0,1,0.5999745
1.0,1,0.97659963
0.0,0,0.025247306
1.0,0,0.30427492
0.0,0,0.2712099
0.0,1,0.75320053
1.0,1,0.8516894
0.0,0,0.012384497
0.0,1,0.4848543
1.0,1,0.8909184
1.0,1,0.60669565
1.0,1,0.4699469
0.0,0,0.17967756
0.0,1,0.44921675
0.0,0,0.02260676
0.0,0,0.0071112737
1.0,1,0.55224943
0.0,0,0.033716142
0.0,1,0.43711585
0.0,0,0.19447157
0.0,0,0.0014862445
1.0,1,0.8105312
1.0,1,0.57351536
1.0,1,0.94319963
1.0,1,0.96280587
1.0,1,0.91037375
1.0,1,0.86960906
1.0,1,0.53811365
0.0,0,0.020575782
1.0,1,0.63637304
1.0,1,0.9778167
1.0,1,0.69455373
1.0,1,0.9274215
0.0,0,0.010120873
1.0,1,0.974589
0.0,0,0.049452238
1.0,1,0.8322423
0.0,1,0.639174
0.0,0,0.0033691942
0.0,0,0.0041689873
0.0,0,0.03199206
1.0,1,0.9047053
0.0,0,0.03348713
1.0,1,0.9428214
0.0,0,0.033241592
0.0,0,0.06681033
0.0,0,0.40465343
1.0,1,0.84112906
1.0,1,0.9562028
0.0,0,0.004627246
0.0,0,0.072114274
1.0,1,0.47697115
1.0,1,0.73805106
1.0,1,0.86898583
1.0,1,0.9724385
1.0,1,0.97480154
1.0,1,0.774276
1.0,1,0.9275311
1.0,0,0.33588704
1.0,1,0.6839875
1.0,1,0.91964114
0.0,1,0.74286366
0.0,0,0.011889046
1.0,1,0.95517874
1.0,1,0.8887286
0.0,0,0.13777083
1.0,1,0.63727057
0.0,0,0.2293407
0.0,0,0.073553555
1.0,1,0.48317927
1.0,1,0.9527619
0.0,0,0.015384522
1.0,1,0.777124
1.0,1,0.97695047
0.0,0,0.0046352455
0.0,0,0.00033653964
1.0,1,0.9529544
1.0,1,0.9169639
1.0,1,0.7784613
0.0,0,0.057575088
0.0,0,0.013701768
0.0,0,0.0075784316
0.0,0,0.011546204
1.0,1,0.76123697
0.0,0,0.014290012
1.0,1,0.8518063
0.0,0,0.0026531178
1.0,1,0.7967764
1.0,1,0.900289
0.0,0,0.01833547
1.0,1,0.7598722
0.0,0,0.0036595599
0.0,0,0.030253453
1.0,1,0.93512875
1.0,1,0.62839663
1.0,1,0.9681125
1.0,1,0.8912752
1.0,1,0.8426113
1.0,1,0.97617155
1.0,1,0.9042718
0.0,0,0.0045160903
1.0,0,0.3994184
0.0,0,0.10299971
1.0,1,0.9366839
0.0,0,0.0019840675
0.0,0,0.2162928
1.0,1,0.96177524
1.0,1,0.80124164
0.0,0,0.032776255
0.0,0,0.062364403
0.0,0,0.009757593
0.0,0,0.005609098
0.0,0,0.035681304
1.0,1,0.8503536
1.0,1,0.9410453
0.0,0,0.38253936
1.0,1,0.8162119
1.0,1,0.97071934
0.0,0,0.41179875
0.0,0,0.11807971
0.0,0,0.11112096
1.0,1,0.8437018
1.0,1,0.97595316
0.0,0,0.008442261
1.0,1,0.9712179
1.0,1,0.92953473
1.0,1,0.9476958
1.0,1,0.9747222
1.0,1,0.9687966
0.0,0,0.00023945983
1.0,1,0.96315515
0.0,0,0.054397527
0.0,0,0.06345215
0.0,0,0.009831328
1.0,0,0.22209631
1.0,0,0.29072022
1.0,1,0.9498519
0.0,0,0.0026892142
1.0,1,0.9751746
1.0,1,0.63170624
0.0,0,0.18494631
0.0,0,0.020487657
0.0,0,7.826635e-05
1.0,1,0.55826443
0.0,0,0.029485945
0.0,0,0.010983109
1.0,1,0.9802709
0.0,0,0.26063713
0.0,0,0.0035335596
0.0,0,0.29011008
0.0,0,0.09037053
1.0,1,0.64640194
1.0,1,0.95390457
1.0,1,0.82721084
1.0,1,0.79424924
0.0,0,0.010925907
1.0,1,0.97599196
1.0,1,0.9594171
0.0,0,0.0082362415
0.0,0,0.00030929144
1.0,1,0.6472646
0.0,0,0.0039818557
0.0,0,0.019278413
1.0,1,0.74894905
0.0,0,0.0022498595
0.0,1,0.85464513
1.0,1,0.9326492
0.0,0,0.13379855
1.0,1,0.9728867
0.0,0,0.25282732
1.0,1,0.97170705
0.0,0,0.0040707523
0.0,0,0.0032785544
1.0,1,0.9713787
0.0,0,0.10645995
0.0,0,0.0020860059
0.0,0,0.12642904
0.0,0,0.07137822
1.0,1,0.83141595
1.0,1,0.83998233
1.0,1,0.78553414
1.0,0,0.21715757
1.0,1,0.539993
1.0,1,0.7363359
1.0,1,0.93837756
1.0,1,0.7798169
0.0,0,0.0057288674
1.0,1,0.8085065
1.0,1,0.71718436
1.0,1,0.53350294
1.0,1,0.7559838
0.0,0,0.03503802
0.0,0,0.064692125
0.0,0,0.15209728
1.0,1,0.9552503
1.0,1,0.6617781
1.0,1,0.9408788
0.0,0,0.0044335243
1.0,1,0.7464434
1.0,1,0.6909766
1.0,1,0.8895261
1.0,1,0.9533523
0.0,0,0.0029418461
0.0,0,0.00075988675
0.0,0,0.01920421
1.0,1,0.7895863
0.0,0,0.0012783837
1.0,1,0.5436791
1.0,1,0.9391275
0.0,0,0.06493562
0.0,0,0.010665758
0.0,1,0.7443805
1.0,1,0.97639567
0.0,0,0.0049949447
1.0,0,0.09487915
1.0,1,0.9236959
1.0,1,0.8602148
1.0,1,0.96549314
1.0,1,0.74460703
1.0,1,0.83667743
1.0,0,0.22296092
1.0,0,0.21817568
0.0,0,0.030309126
1.0,1,0.9224492
0.0,0,0.052761216
0.0,0,0.00038314186
0.0,0,0.05729108
0.0,0,0.06838638
1.0,1,0.96787477
1.0,1,0.7495328
0.0,0,0.00063791923
1.0,1,0.9182578
0.0,0,0.1877228
0.0,0,0.06067787
1.0,1,0.9389302
0.0,0,0.22532973
1.0,1,0.8871642
0.0,0,0.20890404
1.0,1,0.95643175
1.0,1,0.71313965
0.0,0,0.009255249
1.0,1,0.9753592
0.0,0,0.2153196
0.0,0,0.004220471
1.0,1,0.9665538
1.0,0,0.22229561
0.0,0,0.29357642
1.0,1,0.8354496
1.0,1,0.9270153
1.0,1,0.9431649
1.0,1,0.7428158
1.0,1,0.8574879
1.0,1,0.69507116
0.0,0,0.006209287
0.0,0,0.0753812
1.0,1,0.94921803
0.0,0,0.0010555126
1.0,1,0.55606806
1.0,1,0.9718842
1.0,1,0.68067294
1.0,1,0.8059164
1.0,1,0.815637
1.0,1,0.9319355
1.0,1,0.97901416
1.0,1,0.851272
0.0,0,0.0012785713
1.0,1,0.97265387
1.0,0,0.22132203
0.0,0,0.002133777
1.0,1,0.79259384
1.0,1,0.9245093
0.0,0,0.01870609
0.0,0,0.039700385
0.0,0,0.113188654
0.0,0,0.03455601
0.0,0,0.0109055145
1.0,1,0.86058164
0.0,0,0.010162738
1.0,1,0.7678355
0.0,0,0.08345042
0.0,0,0.0033247338
1.0,0,0.40787536
0.0,0,0.0803949
0.0,0,0.005060784
0.0,0,0.0045111007
0.0,0,0.07461354
0.0,0,0.08293338
0.0,0,0.00039702663
1.0,1,0.94587195
0.0,0,0.0050614346
1.0,1,0.9169222
1.0,1,0.9221094
0.0,0,0.19796588
0.0,0,0.10312644
0.0,0,0.1267467
0.0,0,0.15069623
0.0,0,0.20508301
0.0,0,0.011499225
1.0,0,0.09291375
1.0,1,0.8197224
0.0,0,0.08795113
0.0,0,0.0058257515
0.0,0,0.32523605
1.0,1,0.96671605
0.0,0,0.0009554779
1.0,1,0.8185528
0.0,0,0.02792468
0.0,1,0.4750171
0.0,0,0.043373995
1.0,1,0.6742836
1.0,1,0.9583296
0.0,0,0.06248624
1.0,1,0.7988217
1.0,0,0.21762724
1.0,1,0.9641473
0.0,0,0.0011819408
1.0,1,0.97469467
0.0,0,0.004339591
1.0,1,0.8487984
1.0,1,0.8970725
0.0,0,0.029952995
1.0,1,0.8963731
1.0,1,0.67685246
0.0,0,0.0015801032
0.0,0,0.007950286
1.0,1,0.82921886
0.0,0,0.002410027
0.0,0,0.0015114394
1.0,1,0.88583845
0.0,0,0.00015963148
0.0,0,0.005188788
1.0,1,0.79298955
0.0,0,0.027334595
0.0,0,0.015394961
1.0,1,0.6356957
0.0,0,0.04863794
1.0,1,0.453078
0.0,1,0.43071124
1.0,0,0.22762161
1.0,1,0.97806406
1.0,1,0.6698817
1.0,1,0.9707786
0.0,0,0.007847086
1.0,1,0.8290311
0.0,1,0.74325514
0.0,0,0.24708003
0.0,0,0.26403093
0.0,0,0.013551626
1.0,1,0.9555461
1.0,1,0.9181034
0.0,0,0.03196166
0.0,0,0.29406372
0.0,0,0.13215467
0.0,0,0.0011743959
0.0,0,0.0335416
0.0,0,0.05752871
0.0,0,0.103128225
0.0,0,0.031168707
0.0,0,0.023123514
0.0,0,0.013328337
1.0,1,0.8737051
1.0,1,0.8800564
0.0,0,0.11555625
0.0,0,0.17900272
1.0,1,0.8514966
0.0,0,0.0030183499
1.0,0,0.3585333
0.0,0,0.00438479
0.0,0,0.0115252165
0.0,0,0.4291114
0.0,0,0.010511322
0.0,0,0.12935756
1.0,1,0.8743186
1.0,1,0.72503865
1.0,0,0.19445273
0.0,1,0.46024528
1.0,1,0.6396009
0.0,0,0.33904123
0.0,0,0.0064161234
1.0,1,0.97662324
0.0,0,0.40215397
1.0,1,0.93735975
1.0,1,0.91229564
1.0,1,0.5068648
1.0,1,0.910915
1.0,1,0.7013405
0.0,0,0.063970394
0.0,0,0.0008469187
0.0,0,0.052749496
1.0,1,0.6124712
0.0,0,0.0045271185
0.0,0,0.31438404
1.0,1,0.97872066
1.0,1,0.9749799
1.0,0,0.29500923
1.0,1,0.9717177
1.0,1,0.77976596
0.0,0,0.16030996
0.0,0,0.0014859601
1.0,1,0.93552166
0.0,0,0.16466597
0.0,0,0.021004053
0.0,0,0.003913258
0.0,0,0.23095547
1.0,1,0.95527977
0.0,0,0.00058017566
0.0,0,0.0069272327
1.0,1,0.7965569
1.0,1,0.6433411
0.0,0,0.1896835
1.0,1,0.9773925
1.0,1,0.95320535
0.0,0,0.008399495
0.0,0,0.23902218
1.0,1,0.9610299
1.0,0,0.1652228
0.0,1,0.5249319
0.0,0,0.09099829
0.0,1,0.56272113
1.0,1,0.8865042
0.0,0,0.0010820572
1.0,1,0.7860236
0.0,0,0.022407025
1.0,1,0.7990192
1.0,0,0.30995506
1.0,1,0.5686317
1.0,1,0.8946479
1.0,1,0.96063703
1.0,1,0.5075321
0.0,0,0.014387994
0.0,0,0.25685358
1.0,1,0.6250746
1.0,1,0.9351723
1.0,1,0.6970042
0.0,1,0.7101687
1.0,1,0.97375625
1.0,1,0.9746699
1.0,1,0.69064134
0.0,0,0.07419236
1.0,1,0.8486231
1.0,1,0.48688066
0.0,0,0.1742273
1.0,1,0.92751753
0.0,0,0.026269902
0.0,0,0.030553596
1.0,1,0.7739999
0.0,0,0.412703
0.0,0,0.22368288
0.0,0,0.0020874427
0.0,0,0.18773088
1.0,1,0.7055578
1.0,1,0.8035288
0.0,0,0.005527933
1.0,1,0.9281516
1.0,1,0.76490444
1.0,1,0.76885587
0.0,0,0.0224596
1.0,1,0.9420207
1.0,1,0.8956969
1.0,1,0.6635809
1.0,1,0.92375576
0.0,0,0.024666013
1.0,1,0.8328177
0.0,0,0.058248695
0.0,0,0.3224368
1.0,1,0.85729843
0.0,0,0.0099051315
0.0,0,0.0052835112
0.0,0,0.0017853997
1.0,1,0.9537532
0.0,0,0.11657219
1.0,1,0.8268681
0.0,0,0.003690426
1.0,1,0.79408336
1.0,1,0.87693185
0.0,0,0.003907256
1.0,0,0.30199787
1.0,1,0.65811116
1.0,1,0.5844245
0.0,0,0.15055409
1.0,1,0.92191654
1.0,1,0.86595976
0.0,0,0.04427597
0.0,0,0.25446784
0.0,0,0.28198993
0.0,0,0.075939305
1.0,1,0.97756135
1.0,1,0.95940346
0.0,0,0.2636916
1.0,1,0.9234938
1.0,1,0.9314086
1.0,1,0.67565286
0.0,1,0.5029568
1.0,1,0.48629406
0.0,0,0.017416645
0.0,0,0.02132856
0.0,0,0.0059933267
1.0,1,0.97814035
1.0,1,0.6797359
1.0,1,0.8530992
1.0,1,0.96865386
1.0,1,0.6086142
0.0,0,0.021320181
0.0,0,0.0005715668
1.0,1,0.9770428
0.0,0,0.13665389
1.0,1,0.9274125
1.0,1,0.97142696
1.0,1,0.96361804
0.0,0,0.019150969
1.0,1,0.9491883
1.0,1,0.70851123
1.0,0,0.1598768
1.0,1,0.9637108
1.0,1,0.8308046
1.0,1,0.89440644
0.0,1,0.4371808
0.0,0,0.013836086
1.0,1,0.96392053
1.0,1,0.75165755
1.0,1,0.8377177
0.0,0,0.12963651
0.0,0,0.049841046
1.0,1,0.8660404
0.0,0,0.07102778
0.0,0,0.16393347
1.0,0,0.34637412
0.0,1,0.4850656
1.0,1,0.977089
0.0,0,0.0038199483
0.0,0,0.04113015
1.0,1,0.9017404
1.0,1,0.9607985
1.0,1,0.5999546
0.0,0,0.114812426
1.0,1,0.9278372
0.0,0,0.00096831215
0.0,1,0.52593535
0.0,0,0.21896604
0.0,0,0.06407533
0.0,0,0.016625373
1.0,1,0.93759745
0.0,0,0.004868353
0.0,0,0.090634376
0.0,0,0.1816899
1.0,1,0.89254105
1.0,0,0.31280458
0.0,0,0.031763542
1.0,1,0.77231264
0.0,0,0.014472412
0.0,0,0.0153542785
0.0,0,0.11005428
1.0,1,0.9711095
0.0,0,0.13076016
1.0,0,0.2997987
1.0,1,0.978282
0.0,0,0.29160917
0.0,1,0.54205465
1.0,1,0.95663613
1.0,0,0.3375427
0.0,0,0.0042853057
0.0,0,0.2454577
1.0,1,0.9717948
1.0,0,0.39149043
1.0,1,0.53813136
0.0,0,0.0034725824
1.0,1,0.9676639
0.0,0,0.055274848
0.0,0,0.118752
0.0,0,0.02670778
0.0,1,0.48121446
1.0,1,0.9466906
0.0,0,0.012915072
0.0,0,0.00029207455
1.0,1,0.7506718
1.0,1,0.90249765
1.0,1,0.9701504
1.0,1,0.7371346
0.0,1,0.8540702
1.0,0,0.36771023
0.0,0,0.010405231
1.0,1,0.9761886
1.0,1,0.66899693
0.0,0,0.00059418567
1.0,1,0.971282
1.0,0,0.052614935
0.0,0,0.005134124
0.0,0,0.1287724
0.0,0,0.012306337
1.0,1,0.7827949
1.0,1,0.9707146
0.0,0,0.005341625
1.0,1,0.65051067
1.0,1,0.8740418
0.0,1,0.52543545
1.0,1,0.6031264
1.0,1,0.79359746
1.0,1,0.8505347
0.0,0,0.33025044
1.0,1,0.9776003
0.0,0,0.010651296
0.0,0,0.0026522009
1.0,1,0.7897701
1.0,0,0.42142013
1.0,1,0.88318366
1.0,1,0.97459763
0.0,0,0.026962612
0.0,0,0.0024393061
0.0,0,0.0881183
0.0,0,0.059937764
1.0,1,0.8799216
0.0,0,0.0009909827
1.0,1,0.923901
1.0,1,0.82358
0.0,0,0.005836604
1.0,1,0.7551727
1.0,1,0.88162184
0.0,0,0.025937203
0.0,0,0.036651008
1.0,1,0.84140736
0.0,0,0.15185173
0.0,0,0.2818687
1.0,1,0.96526206
1.0,1,0.91086906
1.0,1,0.9404067
0.0,0,0.066008545
0.0,0,0.10285772
0.0,0,0.0032134994
0.0,0,0.11130588
0.0,0,0.11409969
0.0,0,0.075444914
1.0,0,0.09837903
1.0,1,0.797819
0.0,0,0.12665379
0.0,0,0.3623585
0.0,0,0.0020401555
0.0,0,0.33266225
1.0,1,0.97701
1.0,1,0.49623814
1.0,1,0.94151086
1.0,1,0.5080209
1.0,1,0.56040597
0.0,0,0.002131874
0.0,0,0.094666615
0.0,0,0.04027496
1.0,1,0.48076054
1.0,1,0.76491696
1.0,1,0.9762973
0.0,0,0.024485644
1.0,1,0.94168746
1.0,1,0.9763078
1.0,1,0.7033354
1.0,1,0.85262597
0.0,0,0.0024551935
0.0,0,0.3222403
1.0,1,0.971874
0.0,0,0.012334624
1.0,1,0.9315779
0.0,0,0.01625807
1.0,1,0.9332766
1.0,1,0.8048575
0.0,0,0.014929053
1.0,0,0.11124735
1.0,1,0.7366065
1.0,1,0.97720057
1.0,1,0.8821956
0.0,0,0.031584065
1.0,1,0.9377442
1.0,1,0.97051615
0.0,0,0.4161136
1.0,0,0.19697715
1.0,1,0.7551663
0.0,0,0.062281393
0.0,0,0.001932488
1.0,1,0.81106365
1.0,0,0.3815188
1.0,1,0.92193735
0.0,1,0.5813986
0.0,0,0.0064315656
1.0,1,0.9780578
0.0,0,0.088225484
1.0,1,0.6861537
1.0,1,0.7553358
0.0,1,0.93788433
0.0,0,0.006302952
1.0,1,0.9217917
0.0,0,0.11322693
0.0,0,0.002645085
0.0,0,0.07994535
1.0,1,0.9288465
0.0,0,0.007251702
0.0,0,0.00508895
1.0,1,0.8104051
1.0,1,0.9008519
1.0,1,0.9094974
1.0,1,0.9540672
1.0,1,0.9779899
1.0,1,0.9750034
1.0,1,0.96014047
0.0,0,0.055373594
1.0,1,0.96437734
1.0,1,0.92257625
0.0,0,0.039968174
1.0,1,0.9603574
0.0,0,0.050356448
1.0,1,0.8335586
1.0,1,0.7852735
0.0,0,0.00017394722
0.0,0,0.122497045
0.0,0,0.05475665
0.0,0,0.02718064
1.0,1,0.81222415
1.0,1,0.92858505
0.0,0,0.004545179
1.0,1,0.9516694
1.0,1,0.94644696
0.0,0,0.023137802
0.0,0,0.104746446
1.0,1,0.8387258
0.0,0,0.013642507
0.0,0,0.08255042
0.0,0,0.070217974
0.0,0,0.0036608553
0.0,0,0.23833916
0.0,0,0.15305597
0.0,0,0.05684147
1.0,1,0.9718237
0.0,0,0.08698166
1.0,1,0.54973423
1.0,1,0.9635974
0.0,0,0.42221516
1.0,1,0.62101626
0.0,0,0.007213615
0.0,0,0.011432909
1.0,1,0.6972747
0.0,0,0.004332454
1.0,1,0.56997097
0.0,0,0.20835163
0.0,0,0.0062980675
1.0,1,0.7859835
1.0,1,0.8077073
1.0,1,0.5350249
1.0,0,0.1918504
1.0,1,0.95792
0.0,0,0.016329432
1.0,1,0.926678
1.0,1,0.8206242
0.0,0,0.0019498966
1.0,1,0.9448031
0.0,0,0.0052171336
0.0,0,0.03055165
0.0,0,0.011336688
1.0,1,0.67343634
0.0,0,0.0017838326
0.0,0,0.013534694
0.0,0,0.001044674
0.0,0,0.1064443
0.0,0,0.3494544
1.0,1,0.662073
0.0,1,0.62060803
0.0,0,0.0008467225
0.0,0,0.006043267
1.0,1,0.90864664
0.0,0,0.1270175
0.0,0,0.12820342
1.0,1,0.7141212
0.0,0,0.010235136
1.0,1,0.5962789
1.0,1,0.87241995
0.0,0,0.07556543
0.0,0,0.123411626
0.0,0,0.0015662981
1.0,1,0.9264569
1.0,1,0.85662377
0.0,0,0.118849516
1.0,1,0.4303723
1.0,1,0.83801925
1.0,1,0.72966
1.0,1,0.44849646
1.0,1,0.841121
0.0,0,0.0039633014
0.0,0,0.0003903401
1.0,1,0.6474124
1.0,1,0.8189956
0.0,0,0.023030832
0.0,0,0.013948664
0.0,0,0.30616835
1.0,1,0.70044136
0.0,0,0.014473786
1.0,1,0.81028146
1.0,1,0.9676827
0.0,0,0.17408341
0.0,0,0.022890033
1.0,1,0.9330795
0.0,0,0.01494609
1.0,1,0.97806686
0.0,0,0.21586709
0.0,1,0.474989
1.0,1,0.9704945
1.0,1,0.97015834
0.0,0,0.34152055
0.0,0,0.005148188
0.0,0,0.20829716
0.0,0,0.2262501
0.0,0,0.081374034
0.0,0,0.027027886
0.0,0,0.0934997
1.0,1,0.58519155
0.0,0,0.0041293455
0.0,0,0.016497247
1.0,1,0.9135146
0.0,0,0.0060340455
0.0,0,0.00062497106
0.0,0,0.0020809735
0.0,0,0.0025752226
1.0,1,0.9729344
0.0,1,0.47581562
1.0,1,0.8364216
0.0,0,0.015446335
0.0,1,0.43426937
0.0,0,0.002374057
1.0,1,0.61935264
0.0,1,0.6216325
0.0,0,0.0038993906
1.0,1,0.9752146
0.0,1,0.502465
0.0,0,0.0067261127
0.0,0,0.016527524
0.0,0,0.06161995
1.0,1,0.8118551
1.0,1,0.9681925
0.0,1,0.5889251
1.0,1,0.8677601
1.0,1,0.9688451
0.0,0,0.004781551
1.0,0,0.36787355
0.0,0,0.004665098
1.0,0,0.3866425
1.0,1,0.9123194
1.0,1,0.5859369
0.0,0,0.06017615
0.0,0,0.105838716
0.0,0,0.42630678
1.0,1,0.92603
1.0,1,0.90872025
0.0,0,0.096642695
1.0,1,0.95581645
0.0,0,0.35391322
1.0,0,0.27443933
0.0,0,0.17220472
1.0,1,0.86727464
1.0,1,0.95287323
0.0,0,0.029243639
1.0,1,0.8363036
1.0,1,0.87694776
1.0,1,0.97187924
1.0,1,0.96328557
1.0,1,0.97773105
1.0,1,0.956649
1.0,1,0.9736612
1.0,1,0.97837013
1.0,1,0.86348015
0.0,0,0.03990621
0.0,0,0.003862024
1.0,1,0.7247361
0.0,0,0.0017903366
0.0,0,0.097291596
1.0,1,0.97130156
0.0,1,0.65905994
0.0,0,0.056063768
1.0,1,0.4699877
0.0,0,0.03656745
1.0,1,0.9758376
1.0,1,0.59368527
0.0,0,0.052414604
1.0,1,0.7110493
0.0,0,0.19989957
0.0,0,0.10189733
0.0,0,0.018537937
1.0,1,0.9763839
1.0,1,0.86136234
1.0,0,0.34127375
0.0,0,0.0027683193
0.0,0,0.046602014
0.0,0,0.16185172
0.0,0,0.059320994
1.0,1,0.9428744
1.0,1,0.92277265
1.0,1,0.98046374
1.0,1,0.9537684
0.0,0,0.38147724
1.0,1,0.59588546
1.0,1,0.9013172
0.0,0,0.0041606766
0.0,0,0.015220944
1.0,1,0.9712752
1.0,1,0.9690716
0.0,0,0.0018798969
0.0,0,0.014173751
1.0,1,0.96375185
0.0,0,0.1301739
0.0,0,0.26652575
0.0,0,0.0032336032
1.0,1,0.671617
1.0,1,0.93779933
0.0,0,0.06086274
1.0,1,0.71522367
0.0,0,0.00819073
1.0,1,0.95533496
0.0,0,0.39860007
0.0,0,0.036228146
0.0,0,0.4220955
1.0,1,0.5083122
1.0,1,0.86401975
0.0,0,0.07512028
0.0,0,0.0011538287
0.0,0,0.019755118
1.0,1,0.9816905
0.0,0,0.12011901
1.0,1,0.95341396
1.0,1,0.95021737
1.0,1,0.70681894
0.0,0,0.042016454
1.0,1,0.9072607
1.0,1,0.96310383
1.0,1,0.8202011
0.0,0,0.18362048
1.0,1,0.74812233
1.0,1,0.5345223
1.0,1,0.9682347
1.0,1,0.4892871
1.0,1,0.5769695
1.0,1,0.87498516
1.0,1,0.96267503
0.0,1,0.7876392
0.0,0,0.0035538513
0.0,1,0.729053
1.0,1,0.96273315
0.0,0,0.12323353
1.0,1,0.9671989
0.0,0,0.002461782
1.0,1,0.97620493
0.0,0,0.122024395
1.0,1,0.93538535
1.0,1,0.97814775
0.0,0,0.016425248
1.0,1,0.5968473
1.0,1,0.9777908
0.0,0,0.0954744
0.0,1,0.8950028
0.0,0,0.07306474
1.0,1,0.6597402
1.0,1,0.8845345
0.0,0,0.0006059285
1.0,1,0.90955603
1.0,1,0.97704214
1.0,1,0.9545196
0.0,0,0.008437444
0.0,0,0.0004674898
1.0,1,0.83288413
0.0,0,0.010294933
0.0,1,0.43266475
0.0,0,0.015523056
0.0,1,0.44992664
1.0,1,0.961786
1.0,1,0.8170098
0.0,0,0.032626588
0.0,0,0.0014002309
0.0,0,0.0008867945
0.0,0,0.022932919
1.0,0,0.32083526
1.0,1,0.73534954
0.0,0,0.0056821452
0.0,0,0.10426337
1.0,1,0.8823769
1.0,1,0.9484074
0.0,0,0.004378389
0.0,0,0.11049147
0.0,0,0.30607036
1.0,1,0.7537487
0.0,0,0.04376053
0.0,0,0.08315417
0.0,0,0.031363085
0.0,0,0.2969124
1.0,0,0.29223615
0.0,0,0.0058500054
0.0,0,0.01229518
1.0,1,0.9734484
0.0,0,0.0011813623
1.0,1,0.9218654
0.0,0,0.4115892
0.0,0,0.011128728
1.0,1,0.76839685
0.0,0,0.025003685
0.0,0,0.2572022
1.0,1,0.9768481
0.0,0,0.11190741
1.0,1,0.9750034
1.0,1,0.96977174
1.0,1,0.6733386
0.0,0,0.02192415
1.0,0,0.30842394
1.0,1,0.76868194
0.0,0,0.14703052
1.0,1,0.70846146
1.0,1,0.978192
1.0,1,0.9681073
1.0,1,0.9712312
1.0,1,0.6333548
0.0,0,0.16223583
0.0,0,0.04535468
1.0,1,0.51074433
1.0,0,0.23845865
0.0,1,0.63365424
1.0,1,0.77905196
0.0,0,0.028737871
0.0,0,0.009706286
1.0,1,0.9768774
1.0,1,0.89907247
1.0,1,0.68876386
0.0,0,0.010429588
1.0,1,0.94741696
1.0,1,0.8759604
1.0,1,0.9476409
1.0,0,0.30339688
0.0,0,0.026908142
0.0,0,0.015898788
1.0,1,0.4362032
0.0,0,0.003967245
1.0,1,0.7059405
0.0,0,0.3276619
1.0,1,0.8847777
1.0,0,0.24981087
1.0,1,0.8593755
1.0,1,0.9136692
1.0,1,0.93264747
0.0,1,0.5180594
0.0,0,0.0403643
1.0,1,0.94439507
0.0,0,0.1506958
1.0,0,0.066121966
0.0,0,0.038341135
1.0,1,0.7123363
0.0,0,0.009194988
1.0,0,0.025230998
1.0,1,0.83476347
1.0,1,0.973899
1.0,1,0.82219994
1.0,1,0.88321465
0.0,1,0.6615753
1.0,1,0.94641066
1.0,1,0.9518579
0.0,0,0.055403072
0.0,1,0.65739775
1.0,1,0.7925124
0.0,0,0.0019793974
1.0,1,0.9328285
0.0,0,0.024068221
1.0,1,0.94778085
1.0,1,0.6752629
1.0,1,0.8615203
0.0,1,0.5519004
1.0,1,0.9250308
0.0,0,0.034346703
0.0,0,0.020810416
1.0,1,0.8177063
1.0,1,0.8560704
0.0,0,0.004165971
1.0,1,0.9476577
0.0,0,0.00602734
0.0,0,0.11939675
0.0,0,0.0021522238
0.0,1,0.49987978
1.0,1,0.73012996
0.0,0,0.052658316
1.0,1,0.9475451
0.0,0,0.011106855
1.0,1,0.88297266
0.0,0,0.105715625
1.0,1,0.96367806
0.0,0,0.22895738
0.0,0,0.00640814
0.0,1,0.7250751
0.0,0,0.1661358
0.0,0,0.07329953
0.0,0,0.0011585181
1.0,1,0.5834166
1.0,1,0.964016
1.0,1,0.93981385
0.0,0,0.0016267357
0.0,0,0.013769348
0.0,0,0.025019463
1.0,1,0.78907645
0.0,0,0.018959861
0.0,0,0.012269814
0.0,0,0.0022108993
0.0,0,0.04702885
0.0,0,0.0380674
1.0,1,0.7128624
0.0,1,0.5378356
0.0,0,0.16504015
1.0,1,0.9753567
0.0,0,0.020839881
0.0,0,0.122940555
0.0,0,0.25950482
1.0,1,0.7276552
1.0,1,0.952518
0.0,0,0.2244796
1.0,1,0.94800025
1.0,1,0.86053324
1.0,1,0.909021
0.0,0,0.019403936
0.0,0,0.000612467
0.0,1,0.9422021
1.0,1,0.935064
0.0,1,0.64232063
1.0,1,0.5212475
0.0,0,0.07588401
1.0,1,0.9042042
1.0,1,0.91994923
1.0,0,0.32748437
1.0,1,0.6341381
0.0,0,0.00013905595
1.0,1,0.8880369
1.0,1,0.9710379
1.0,1,0.9175285
0.0,0,0.01157331
1.0,1,0.9680631
1.0,1,0.9717436
1.0,1,0.9153213
0.0,0,0.0022638135
1.0,1,0.969111
0.0,0,0.016867822
0.0,0,0.15870067
0.0,0,0.003169882
0.0,0,0.040743984
1.0,1,0.7843717
0.0,0,0.1523229
0.0,0,0.001739538
1.0,1,0.92373055
0.0,0,0.32447204
1.0,1,0.8657884
1.0,1,0.55727184
1.0,1,0.9279995
0.0,0,0.001844782
0.0,0,0.0035268671
0.0,0,0.1021701
0.0,0,0.07184812
0.0,0,0.09165206
1.0,1,0.9467399
1.0,1,0.52946365
0.0,0,0.09240401
1.0,1,0.93711555
0.0,0,0.0036736312
1.0,1,0.6752938
0.0,0,0.3780885
0.0,0,0.0016360536
0.0,0,0.0052213944
0.0,0,0.0025039837
0.0,0,0.028462308
1.0,1,0.6547215
0.0,0,0.07332455
0.0,1,0.6757901
0.0,0,0.12590228
0.0,0,0.033902112
1.0,1,0.9421265
0.0,0,0.016437743
0.0,0,0.008957447
0.0,0,0.35983524
0.0,0,0.03854683
0.0,0,0.02226807
1.0,0,0.21952778
0.0,0,0.05156931
1.0,1,0.44537187
0.0,0,0.10159797
0.0,0,0.10526119
0.0,0,0.030342529
1.0,0,0.22258586
1.0,1,0.97162914
0.0,1,0.46881947
0.0,0,0.027159356
0.0,0,0.025343956
1.0,1,0.838902
0.0,1,0.89274615
1.0,1,0.97580475
1.0,1,0.9574377
1.0,0,0.22223252
0.0,0,0.015938513
0.0,0,0.06522348
0.0,0,0.019443708
0.0,1,0.45620394
0.0,0,0.0032475544
0.0,0,0.0010276288
1.0,1,0.8859712
0.0,0,0.047257207
1.0,1,0.9551537
1.0,1,0.9499172
0.0,0,0.25115916
1.0,1,0.6950282
0.0,0,0.1433041
1.0,1,0.75552666
0.0,0,0.029706877
1.0,1,0.9725044
0.0,0,0.0002566937
0.0,1,0.5026226
1.0,1,0.9449903
0.0,1,0.4346277
0.0,0,0.04993949
1.0,1,0.6087488
0.0,1,0.5084784
0.0,0,0.020452661
1.0,1,0.7665564
0.0,0,0.022213282
1.0,1,0.97059083
1.0,1,0.96047443
1.0,1,0.80158526
0.0,0,4.6573157e-05
1.0,1,0.975619
0.0,0,0.08034757
0.0,0,0.0016774092
0.0,0,0.21135509
1.0,1,0.94494915
1.0,1,0.8147387
0.0,0,0.015472362
0.0,0,0.009899886
0.0,0,0.035108503
0.0,0,0.03395089
1.0,1,0.86897177
1.0,1,0.6378778
0.0,0,0.00017994718
1.0,1,0.848858
0.0,0,0.0060315067
1.0,1,0.9673801
1.0,1,0.9555893
0.0,1,0.5504108
0.0,0,0.019325096
1.0,1,0.9769703
1.0,1,0.9526685
1.0,1,0.82952297
0.0,0,0.0002897202
1.0,1,0.95128846
1.0,1,0.95274335
1.0,1,0.69223714
0.0,0,0.0035064947
1.0,1,0.48208588
1.0,1,0.9575802
1.0,1,0.6403934
0.0,0,0.011091407
1.0,1,0.6062229
1.0,1,0.9781522
1.0,0,0.12655589
0.0,0,0.024941111
1.0,1,0.744961
1.0,1,0.9507049
1.0,1,0.7334485
1.0,1,0.6881727
1.0,1,0.5123148
0.0,0,0.06750964
1.0,1,0.9499109
1.0,1,0.9115236
1.0,1,0.97635525
0.0,0,0.2222099
1.0,1,0.95652467
0.0,0,0.03968059
0.0,1,0.6938991
1.0,1,0.9593438
1.0,1,0.7134706
0.0,0,0.03294487
1.0,1,0.58668786
0.0,0,0.042117063
1.0,1,0.9646157
1.0,1,0.92067254
0.0,0,0.014318855
0.0,0,0.047337756
1.0,1,0.93201447
1.0,0,0.19092746
1.0,1,0.937819
1.0,1,0.6969868
1.0,0,0.052110083
0.0,0,0.3056168
1.0,1,0.96367
1.0,1,0.97753656
0.0,0,0.044187482
0.0,0,0.004363556
0.0,0,0.13083501
0.0,0,0.17089885
0.0,0,0.30367225
1.0,1,0.81382203
1.0,0,0.16030034
1.0,1,0.9784
0.0,0,0.025022237
1.0,1,0.8930474
1.0,1,0.93269664
1.0,1,0.49612966
0.0,0,0.012922503
1.0,1,0.9631087
0.0,0,0.03586045
1.0,1,0.8442116
1.0,1,0.61093533
0.0,0,0.008113625
0.0,0,0.1634256
0.0,0,0.030406391
1.0,1,0.449002
0.0,0,0.008611296
0.0,0,0.0017968982
1.0,1,0.9770304
1.0,0,0.42740634
0.0,0,0.00042569963
0.0,0,0.11176214
1.0,1,0.48900723
0.0,0,0.055402335
0.0,1,0.44243062
1.0,1,0.6029707
1.0,1,0.96430993
1.0,0,0.15448247
1.0,1,0.7510725
0.0,0,0.029684601
1.0,1,0.96610457
1.0,1,0.9638502
0.0,0,0.0023730234
1.0,1,0.97997755
0.0,0,0.29818553
1.0,1,0.74568087
1.0,1,0.9466214
1.0,1,0.694172
0.0,0,0.0071834084
1.0,1,0.9209511
0.0,0,0.1308634
0.0,0,0.031390406
0.0,0,0.39292717
1.0,1,0.95292515
1.0,1,0.8537682
0.0,1,0.4885054
1.0,1,0.966705
0.0,0,0.021351166
1.0,1,0.979818
0.0,0,0.24579208
0.0,1,0.45554042
0.0,0,0.24788377
1.0,1,0.9674699
1.0,1,0.93147284
1.0,1,0.86421156
0.0,0,0.058239333
0.0,0,0.3162766
1.0,1,0.83800244
0.0,0,0.033181343
1.0,1,0.97886
1.0,0,0.35748184
0.0,0,0.1054235
1.0,1,0.840213
0.0,0,0.059212558
0.0,0,0.00057131215
1.0,1,0.43032867
0.0,0,0.08519751
1.0,1,0.8839451
0.0,0,0.004754108
1.0,0,0.2506916
1.0,1,0.94240856
1.0,1,0.8088554
0.0,0,0.0020609205
1.0,1,0.9577827
0.0,0,0.03964868
0.0,0,0.025196519
0.0,0,0.10909072
1.0,1,0.96167964
0.0,0,0.24072276
0.0,0,0.0125383
1.0,1,0.96986693
1.0,1,0.88884836
0.0,0,0.017516505
0.0,0,0.011063559
0.0,0,0.41950366
1.0,1,0.7552239
0.0,0,0.09135614
0.0,0,0.40592912
1.0,1,0.8896026
1.0,1,0.97378534
1.0,1,0.89252794
0.0,0,0.0879829
0.0,0,0.14040835
1.0,1,0.96665895
0.0,1,0.5995835
1.0,1,0.805583
0.0,0,0.01162519
1.0,1,0.93616223
1.0,1,0.86405873
1.0,1,0.8048211
0.0,0,0.027070807
1.0,1,0.9776964
1.0,1,0.9412419
0.0,0,0.0041468497
1.0,1,0.83363473
1.0,1,0.9731804
0.0,0,0.17347044
1.0,0,0.13396354
0.0,0,0.3977304
1.0,1,0.78131896
1.0,1,0.9046565
1.0,1,0.7007793
1.0,1,0.82002664
1.0,1,0.97848237
1.0,1,0.9068302
0.0,0,0.020643214
0.0,0,0.09751449
0.0,0,0.004601951
1.0,1,0.73493934
1.0,1,0.972523
0.0,0,0.015780903
0.0,0,0.049274508
1.0,1,0.96404266
0.0,0,0.2022251
0.0,0,0.020581983
1.0,1,0.9014255
1.0,1,0.9506721
1.0,1,0.8518008
1.0,1,0.8622388
0.0,0,0.07241866
0.0,0,0.012387062
0.0,0,0.00044539754
0.0,0,0.24471207
0.0,0,0.41107932
0.0,0,0.07603417
1.0,0,0.07036165
0.0,0,0.00978993
0.0,0,0.03755441
1.0,1,0.88858896
0.0,0,0.021236973
1.0,1,0.8631948
0.0,0,0.057323974
1.0,1,0.852198
0.0,0,0.004468329
1.0,1,0.9460853
1.0,1,0.92918205
1.0,0,0.23937616
0.0,0,0.102745384
1.0,1,0.7425175
0.0,0,0.0023690083
1.0,1,0.9670378
0.0,0,0.19452246
1.0,1,0.6435127
1.0,0,0.36615875
1.0,1,0.6126937
1.0,1,0.96973187
1.0,1,0.7392149
0.0,1,0.46266094
1.0,1,0.9282541
1.0,1,0.7515481
1.0,1,0.95957994
1.0,1,0.95592344
0.0,0,0.07602463
0.0,0,0.26812145
0.0,0,0.025193648
0.0,0,0.07330591
1.0,1,0.96223223
0.0,0,0.09281766
0.0,0,0.009609407
0.0,0,0.0022539897
1.0,1,0.9598101
1.0,1,0.9619688
1.0,1,0.8735422
1.0,1,0.87085557
0.0,0,0.05861043
1.0,1,0.78050923
0.0,0,0.14125808
1.0,0,0.2838834
1.0,1,0.9775137
1.0,1,0.8528329
0.0,0,0.0027346143
0.0,0,0.09238904
0.0,0,0.0074480064
1.0,1,0.70929223
1.0,1,0.97749066
0.0,0,0.00385473
1.0,1,0.97569597
1.0,0,0.2707248
1.0,1,0.96415
1.0,1,0.9359658
0.0,0,0.032306954
0.0,1,0.8244499
1.0,1,0.508171
1.0,1,0.9314226
1.0,1,0.8931264
1.0,1,0.93295306
0.0,1,0.62223744
0.0,1,0.447111
0.0,0,0.021090845
1.0,1,0.97307616
1.0,1,0.6362456
1.0,1,0.9149484
1.0,1,0.6910689
0.0,0,0.0012150656
1.0,1,0.92258745
1.0,1,0.97035235
1.0,1,0.923075
1.0,1,0.9734719
0.0,0,0.0020118935
0.0,0,0.0027757804
1.0,1,0.97436
1.0,1,0.8713858
0.0,1,0.8728182
1.0,1,0.67335564
1.0,1,0.5617433
1.0,1,0.8653378
0.0,0,0.0008992964
1.0,1,0.67271924
1.0,1,0.97386974
0.0,0,0.10007839
1.0,1,0.9782805
0.0,0,0.24566464
0.0,0,0.0025894989
1.0,1,0.9310736
1.0,1,0.49789816
1.0,1,0.8420408
0.0,0,0.013758744
1.0,1,0.79045624
0.0,0,0.035269406
0.0,0,0.2007813
1.0,1,0.97562206
0.0,0,0.0014513922
1.0,0,0.11569847
0.0,0,0.009108914
1.0,1,0.9477736
0.0,0,0.057285964
0.0,0,0.00068585406
0.0,0,0.11596365
0.0,0,0.036867812
0.0,0,0.27566412
1.0,1,0.6193025
0.0,0,0.0018572411
0.0,0,0.2585227
1.0,0,0.18576984
0.0,0,0.22853024
1.0,1,0.97505015
1.0,1,0.96720785
1.0,1,0.8853231
1.0,1,0.93012077
1.0,1,0.6822295
1.0,1,0.9011718
1.0,1,0.69119596
1.0,1,0.7650019
1.0,1,0.816411
0.0,0,0.17000076
1.0,1,0.74807775
1.0,1,0.9363138
1.0,1,0.89246464
0.0,1,0.67595273
1.0,1,0.9762338
0.0,0,0.00091966847
1.0,1,0.96891004
1.0,1,0.71544355
1.0,1,0.9708587
1.0,1,0.7939385
1.0,1,0.94449717
1.0,1,0.8231258
0.0,0,0.07091934
0.0,0,0.002046584
1.0,1,0.5820714
1.0,1,0.8414813
0.0,0,0.00859517
0.0,0,0.3634994
1.0,1,0.8664831
0.0,0,0.09606794
0.0,0,0.11380747
1.0,1,0.9407359
1.0,1,0.9590562
1.0,1,0.69259465
0.0,0,0.023330862
1.0,1,0.95938087
0.0,0,0.048889503
1.0,1,0.81169516
1.0,1,0.8986394
1.0,1,0.7357874
1.0,1,0.95962226
1.0,1,0.6402057
0.0,0,0.10973258
0.0,0,0.009908874
0.0,0,0.26613924
0.0,0,0.0056748167
1.0,1,0.9776969
1.0,1,0.9743714
0.0,0,0.24229747
0.0,0,0.002726464
1.0,1,0.8688772
1.0,1,0.935078
1.0,1,0.9760582
0.0,0,0.010730167
0.0,0,0.1603409
0.0,0,0.06718891
0.0,0,0.017106848
0.0,0,0.027823953
0.0,0,0.014003533
0.0,0,0.010547802
1.0,1,0.8371932
1.0,1,0.87937593
0.0,0,0.06689216
1.0,1,0.88671887
0.0,0,0.12500297
1.0,1,0.84931
0.0,0,0.0074894405
0.0,0,0.007961057
0.0,0,0.048917748
1.0,1,0.9019276
0.0,0,0.0019658718
1.0,1,0.97351366
0.0,0,0.17098711
0.0,0,0.012254197
1.0,1,0.97461575
0.0,0,0.0013785134
0.0,0,0.003120867
1.0,1,0.75599694
0.0,0,0.3921948
1.0,1,0.9475707
0.0,0,0.40337345
1.0,1,0.81690997
0.0,0,0.019563172
0.0,0,0.11865345
1.0,1,0.70219016
0.0,0,0.00088873756
0.0,1,0.9602596
1.0,1,0.75585157
1.0,1,0.974406
0.0,0,0.012252078
1.0,0,0.18637116
1.0,1,0.91515136
0.0,0,0.3813316
1.0,1,0.76342344
1.0,1,0.7091134
1.0,1,0.94710964
0.0,0,0.00510025
1.0,1,0.55599886
0.0,0,0.0120319035
1.0,1,0.971959
1.0,1,0.8706665
1.0,1,0.95762885
0.0,0,0.028528824
0.0,0,0.01276273
0.0,0,0.15243149
1.0,1,0.96931565
0.0,0,0.004998169
1.0,1,0.9621783
0.0,1,0.8967433
1.0,0,0.15987808
1.0,1,0.82810307
1.0,1,0.78907824
1.0,1,0.9615369
1.0,1,0.8761096
0.0,0,0.0042160004
0.0,0,0.13915612
0.0,0,0.0037715505
1.0,0,0.2665513
0.0,1,0.592587
1.0,0,0.22379498
0.0,1,0.65744466
1.0,1,0.8975599
1.0,1,0.97504246
1.0,1,0.5410098
0.0,0,0.25185385
1.0,1,0.5806618
0.0,0,0.0029984103
1.0,1,0.82683104
0.0,0,0.19220236
0.0,0,0.16318613
1.0,1,0.80576336
1.0,1,0.9756013
1.0,1,0.96781343
1.0,1,0.96499467
1.0,1,0.95170563
0.0,0,0.0057242517
1.0,1,0.9703983
0.0,0,0.007432041
0.0,0,0.0014999835
0.0,0,0.07210525
0.0,0,0.0102791
1.0,1,0.88210434
0.0,0,0.14401685
0.0,0,0.061821397
0.0,0,0.0029073863
0.0,0,0.0014222453
0.0,0,0.35668358
0.0,0,0.19311179
0.0,0,0.07353677
1.0,1,0.9251249
1.0,1,0.87018216
0.0,1,0.46565726
0.0,0,0.07596148
1.0,1,0.7445961
0.0,0,0.0025267839
1.0,1,0.977057
1.0,1,0.9010281
1.0,1,0.92229253
1.0,1,0.6551813
1.0,1,0.97421473
1.0,1,0.95473087
0.0,0,0.20201974
0.0,0,0.0034359298
1.0,1,0.9713573
0.0,0,0.26788652
1.0,1,0.7117157
1.0,1,0.82336473
0.0,0,0.042856067
0.0,0,0.002649953
1.0,1,0.96631235
1.0,0,0.20797539
0.0,0,0.020613842
1.0,1,0.62782294
1.0,1,0.95333505
1.0,1,0.7202799
0.0,1,0.4901706
0.0,0,0.01031639
0.0,0,0.0020784934
1.0,1,0.96983886
1.0,1,0.9160956
0.0,0,0.22656499
0.0,0,0.00603203
0.0,0,0.42970142
1.0,1,0.97717506
1.0,1,0.9632658
1.0,1,0.9219635
1.0,1,0.95332724
0.0,0,0.000682648
1.0,1,0.7976311
0.0,0,0.05573662
0.0,0,0.2638949
0.0,0,0.0007314449
0.0,0,0.20519054
1.0,1,0.8271032
0.0,0,0.0074174395
1.0,1,0.80252695
1.0,1,0.97799003
0.0,0,0.22516796
1.0,1,0.9639175
0.0,0,0.013316574
1.0,1,0.9736923
1.0,1,0.8168237
1.0,1,0.81390995
1.0,1,0.97531193
1.0,1,0.8362783
1.0,1,0.8257967
0.0,0,0.07446463
1.0,1,0.9416855
1.0,1,0.7315252
1.0,1,0.9102859
1.0,1,0.9600906
0.0,0,0.00877675
1.0,0,0.27849588
0.0,0,0.04296061
1.0,1,0.87293744
1.0,1,0.57749593
0.0,0,0.0032532567
1.0,1,0.97477263
0.0,0,0.01227046
1.0,1,0.7445588
0.0,0,0.09001176
0.0,0,0.00089643686
0.0,0,0.0019067128
1.0,1,0.87265635
1.0,0,0.21016604
0.0,0,0.1275812
0.0,0,0.022380235
1.0,1,0.87417984
0.0,1,0.7388022
1.0,1,0.9757755
0.0,0,0.12557557
0.0,1,0.678712
0.0,0,0.09336467
0.0,0,0.0023422062
1.0,1,0.6646842
1.0,1,0.85764116
0.0,0,0.35118958
1.0,1,0.6158256
1.0,1,0.79416597
1.0,1,0.63673323
0.0,0,0.0004365663
1.0,1,0.9062615
0.0,0,0.037322983
1.0,1,0.9113353
0.0,0,0.016472662
0.0,0,0.049363963
0.0,0,0.079370126
1.0,1,0.71566474
1.0,1,0.6848557
0.0,0,0.0015643345
1.0,1,0.95839286
0.0,0,0.34941766
1.0,1,0.6096058
1.0,1,0.94564563
0.0,0,0.005747772
1.0,1,0.59416974
1.0,1,0.9682014
0.0,0,0.015192572
0.0,0,0.05247037
0.0,0,0.038786355
0.0,0,0.0009798579
0.0,0,0.37459284
1.0,1,0.90161556
1.0,1,0.50138116
1.0,1,0.9727752
1.0,1,0.93539375
0.0,0,0.0016763532
1.0,1,0.9405353
0.0,0,0.00034730294
1.0,1,0.44182718
0.0,0,0.009862378
0.0,0,0.00845999
0.0,0,0.105745636
0.0,0,0.108742565
1.0,1,0.96722794
1.0,1,0.9757231
0.0,0,0.055720575
0.0,0,0.0031739315
1.0,1,0.83031064
1.0,1,0.8878184
1.0,1,0.86578095
0.0,0,0.017625693
1.0,1,0.9291759
0.0,0,0.31212136
0.0,0,0.023133516
1.0,1,0.9651784
1.0,1,0.90435946
1.0,1,0.88069975
0.0,0,0.10656977
0.0,0,0.029264674
1.0,1,0.8302771
0.0,0,0.0032793167
0.0,0,0.08884704
1.0,1,0.91459054
0.0,0,0.013398534
0.0,0,2.4637397e-05
1.0,1,0.89319044
1.0,1,0.726315
0.0,0,0.16426575
1.0,1,0.8557105
1.0,1,0.9659826
0.0,0,0.05714802
0.0,0,0.11124399
0.0,0,0.0021434142
0.0,0,0.00869529
0.0,1,0.5931804
0.0,0,0.2665318
1.0,1,0.76697505
1.0,1,0.9447502
1.0,1,0.72032166
1.0,1,0.7338798
1.0,0,0.14007884
0.0,1,0.8059956
0.0,0,0.024159871
1.0,1,0.963996
1.0,1,0.95543164
1.0,1,0.65292865
1.0,1,0.8970927
0.0,0,0.001271039
0.0,0,0.012768548
1.0,1,0.92421716
0.0,0,0.06611975
0.0,0,0.072792195
0.0,0,0.048688803
0.0,0,0.35872358
1.0,1,0.96841145
1.0,0,0.41928908
0.0,0,0.1643597
0.0,1,0.5509803
0.0,1,0.70742476
0.0,0,0.036688637
1.0,1,0.61156154
0.0,0,0.39229965
1.0,1,0.8651167
0.0,0,0.14432263
1.0,1,0.8745638
1.0,1,0.96401983
1.0,1,0.9653263
1.0,1,0.78839815
1.0,1,0.9577198
0.0,0,0.13177933
0.0,0,0.14693908
0.0,0,8.236244e-05
0.0,0,0.0023854838
0.0,0,0.012128421
0.0,0,0.047291704
0.0,0,0.10624626
1.0,1,0.6952317
1.0,1,0.8886463
1.0,0,0.36161926
1.0,1,0.96693856
0.0,0,0.0040507945
1.0,0,0.26511946
0.0,0,0.013238309
1.0,1,0.80450314
0.0,1,0.49130177
0.0,0,0.0032155102
1.0,1,0.7589618
1.0,1,0.97596246
1.0,1,0.9312442
0.0,0,0.05278894
1.0,1,0.45267045
1.0,0,0.16802993
0.0,1,0.5951638
0.0,0,0.0012758141
1.0,1,0.95468676
1.0,1,0.80271304
0.0,0,0.20922208
0.0,0,0.0126748085
0.0,0,0.15116322
1.0,0,0.3972594
0.0,0,0.07740671
1.0,1,0.8172116
0.0,0,0.0016462775
0.0,0,0.00042964704
1.0,1,0.9664758
1.0,0,0.10139279
0.0,0,0.0025207843
1.0,1,0.88935405
1.0,1,0.55377245
1.0,1,0.88318986
1.0,1,0.5517061
0.0,1,0.46097898
0.0,0,0.1265612
0.0,0,0.32919818
0.0,1,0.7451666
1.0,1,0.8463857
0.0,0,0.08130935
1.0,1,0.90596396
1.0,1,0.8713062
0.0,0,0.038186498
0.0,0,0.4183813
0.0,0,0.022508867
0.0,0,0.3461948
1.0,1,0.971692
0.0,0,0.0015486438
0.0,0,0.0078044045
1.0,1,0.9698633
1.0,1,0.7517172
1.0,1,0.8326684
0.0,0,0.3626265
1.0,1,0.7757617
0.0,0,0.015460983
1.0,1,0.9799887
0.0,0,0.009623049
0.0,0,0.0014146409
1.0,1,0.97271943
1.0,1,0.6995542
0.0,0,0.120691024
0.0,0,0.013109853
1.0,1,0.96813214
0.0,0,0.0075617307
0.0,0,0.0035801325
0.0,0,0.010042339
1.0,1,0.8151958
0.0,1,0.7010869
1.0,0,0.24987452
0.0,0,0.122481845
1.0,1,0.4663208
0.0,0,0.4105989
0.0,0,0.02375812
1.0,1,0.9178117
0.0,1,0.45492455
1.0,1,0.76445585
0.0,0,0.0014613708
1.0,1,0.96674937
1.0,1,0.9293795
1.0,1,0.8906916
1.0,1,0.8919692
1.0,1,0.5761851
0.0,0,0.033434667
0.0,0,0.036343884
1.0,1,0.9493255
0.0,0,0.003147101
0.0,0,0.016047267
0.0,1,0.5937998
1.0,1,0.77534705
0.0,0,0.38658172
0.0,0,0.01176228
0.0,0,0.0006136193
0.0,0,0.22272335
1.0,1,0.8953609
0.0,0,0.093121566
1.0,1,0.96980417
0.0,0,0.03319898
1.0,1,0.6935736
1.0,1,0.97482735
0.0,0,0.007009621
0.0,0,0.14558156
0.0,0,0.3275201
0.0,0,0.012773105
1.0,1,0.95875144
0.0,0,0.039676923
0.0,0,0.027167087
0.0,0,0.31616998
0.0,0,0.17594124
0.0,0,0.108094834
0.0,0,0.33580032
0.0,0,0.0030231548
0.0,0,0.08448279
0.0,0,0.080356166
1.0,1,0.80102193
0.0,0,0.00021916142
0.0,0,0.42805693
0.0,0,0.088528
0.0,0,0.28721377
0.0,0,0.017055744
0.0,0,0.22222027
1.0,1,0.9598161
0.0,0,0.006195896
0.0,0,0.01847408
1.0,1,0.66658163
0.0,0,0.14064139
1.0,1,0.96859366
0.0,0,0.023869697
0.0,0,0.009479304
1.0,1,0.4524976
0.0,0,0.033665836
0.0,0,0.005116142
1.0,1,0.94141525
1.0,1,0.9774879
1.0,1,0.6746985
1.0,1,0.9458618
0.0,0,0.23592375
1.0,1,0.9641322
0.0,0,0.39043558
0.0,0,0.00074079115
0.0,0,0.088843435
1.0,1,0.72902244
1.0,1,0.8133045
1.0,1,0.7219553
1.0,1,0.74313754
1.0,0,0.035333477
1.0,1,0.7920318
0.0,0,0.00091817003
1.0,1,0.86545694
0.0,0,0.0027635794
1.0,1,0.97336775
0.0,0,0.03434828
1.0,1,0.9366396
1.0,1,0.4770273
1.0,1,0.9476206
0.0,0,0.32197767
0.0,0,0.014089753
1.0,1,0.6870301
0.0,0,8.419702e-05
1.0,1,0.8772597
1.0,1,0.84964216
0.0,0,0.040827155
0.0,0,0.27943712
0.0,0,0.019026985
0.0,0,0.0022905248
0.0,0,0.24224064
1.0,1,0.5560197
1.0,1,0.7322633
1.0,0,0.26129794
0.0,0,0.09121399
0.0,0,0.10616498
1.0,1,0.5203637
1.0,1,0.97304255
0.0,0,0.0051899743
1.0,1,0.89903545
1.0,1,0.57818633
0.0,0,0.0049211327
0.0,0,0.037860878
1.0,0,0.38370687
1.0,1,0.949209
1.0,1,0.92764604
0.0,0,0.0028578304
1.0,1,0.43628332
1.0,1,0.7691079
1.0,1,0.90062994
1.0,1,0.8892371
1.0,1,0.9593662
1.0,1,0.7512914
0.0,0,0.0026240507
1.0,1,0.7406453
1.0,1,0.8252382
0.0,0,0.03097961
1.0,1,0.7872792
0.0,0,0.30556172
1.0,1,0.973312
1.0,1,0.97523886
1.0,0,0.26436758
1.0,1,0.95380825
1.0,1,0.82647824
1.0,1,0.8537904
1.0,1,0.9031768
0.0,0,0.0015503383
0.0,0,0.08827365
0.0,0,0.055890407
0.0,0,0.03360505
0.0,0,0.10814248
0.0,0,0.2257869
1.0,1,0.9503259
0.0,0,0.0034841557
1.0,1,0.9724492
0.0,0,0.009103407
0.0,0,0.22635464
1.0,1,0.9531161
1.0,1,0.9668671
1.0,1,0.95647204
1.0,1,0.9247991
1.0,1,0.9781969
0.0,1,0.72371167
0.0,0,0.06060372
0.0,0,0.019717323
1.0,1,0.95195925
0.0,0,0.033533346
0.0,0,0.02234056
1.0,1,0.56704044
1.0,1,0.8765942
0.0,0,0.1548859
0.0,0,0.010943761
1.0,0,0.37076098
1.0,1,0.9402472
1.0,1,0.9587344
0.0,0,0.043798678
0.0,0,0.044958964
1.0,1,0.68505746
1.0,1,0.92748463
1.0,1,0.9643045
0.0,0,0.034931492
0.0,0,0.01358528
1.0,0,0.3964898
0.0,0,0.24417432
1.0,0,0.09415791
0.0,0,0.002032839
1.0,1,0.8790632
0.0,0,0.07206074
0.0,0,0.29471552
1.0,1,0.7378528
0.0,0,0.0014004963
1.0,1,0.5610859
0.0,0,0.26915526
0.0,0,0.05256767
1.0,1,0.69336545
1.0,1,0.96478647
1.0,1,0.83872414
0.0,1,0.48343092
0.0,1,0.83237803
0.0,0,0.16258
1.0,1,0.9432078
1.0,1,0.9735263
0.0,0,0.30201393
0.0,0,0.030950263
0.0,0,0.0077052517
1.0,1,0.84333014
1.0,0,0.22811371
0.0,1,0.51797926
1.0,1,0.91532993
1.0,1,0.64466524
0.0,0,0.00758095
0.0,0,0.029429585
1.0,1,0.9229889
0.0,0,0.008811778
1.0,1,0.6111759
0.0,0,0.024494085
1.0,1,0.8953928
1.0,1,0.96493906
0.0,0,0.31119147
0.0,0,0.016149819
1.0,1,0.94566685
1.0,1,0.95283586
1.0,1,0.9723007
0.0,0,0.0231505
1.0,1,0.9742599
0.0,0,0.007455039
1.0,1,0.94039327
1.0,1,0.8857547
0.0,0,0.009398572
0.0,0,0.00030514548
0.0,0,0.2416864
0.0,0,0.16892473
1.0,1,0.9432708
1.0,1,0.8317044
1.0,0,0.26645926
0.0,0,0.0033727344
0.0,0,0.04132073
0.0,0,0.0027594233
1.0,1,0.90138793
1.0,1,0.87224567
1.0,1,0.6618875
1.0,1,0.7673577
1.0,1,0.97406876
0.0,0,0.07830752
1.0,1,0.85643584
0.0,0,0.0019289899
0.0,0,0.009157551
0.0,0,0.06826027
1.0,1,0.9307184
0.0,0,0.0386516
0.0,0,0.12900345
1.0,1,0.8450319
1.0,1,0.95521784
1.0,1,0.9023249
1.0,1,0.9768543
0.0,1,0.5458369
0.0,1,0.6684613
1.0,1,0.93791443
1.0,1,0.9745498
0.0,0,0.00022109889
0.0,0,0.020632556
0.0,0,0.3515722
0.0,0,0.0029446573
1.0,1,0.92696154
0.0,0,0.029400017
0.0,0,0.008239802
1.0,1,0.62159824
0.0,0,0.31145972
0.0,0,0.0064131273
0.0,0,0.0046118787
0.0,0,0.0011827524
0.0,0,0.017265059
1.0,1,0.9701986
1.0,1,0.966596
1.0,1,0.9075092
0.0,1,0.5721922
1.0,1,0.875657
1.0,1,0.9674401
1.0,1,0.97617424
1.0,1,0.8935004
0.0,0,0.010035377
1.0,1,0.54762864
0.0,0,0.001495194
1.0,1,0.9661675
0.0,0,0.0023184535
0.0,0,0.0974795
0.0,0,0.1176965
0.0,0,0.12435904
0.0,0,0.13491729
0.0,0,0.0020728714
0.0,0,0.12959237
1.0,1,0.9545285
0.0,0,0.039372787
0.0,0,0.13455774
1.0,1,0.962959
0.0,0,0.13438839
0.0,0,0.09232107
1.0,1,0.6771265
1.0,1,0.860571
0.0,0,0.030327868
1.0,1,0.45618066
1.0,1,0.9565281
1.0,1,0.7775085
0.0,0,0.016089061
1.0,1,0.9003374
0.0,0,0.02143272
0.0,0,0.09247932
0.0,0,0.36860433
0.0,0,0.04073238
1.0,1,0.90222275
1.0,1,0.9569687
0.0,0,0.074274935
1.0,1,0.8086774
1.0,1,0.9667589
1.0,1,0.977991
0.0,0,0.09892294
1.0,1,0.95037603
1.0,1,0.57706064
1.0,1,0.6778936
1.0,1,0.6929078
0.0,0,0.23740084
0.0,0,0.011991928
0.0,0,0.00096360524
0.0,0,0.011119083
0.0,1,0.538442
1.0,1,0.83636737
1.0,1,0.943042
1.0,1,0.82407594
1.0,1,0.952354
1.0,1,0.8474734
0.0,0,0.04145172
1.0,1,0.9041743
1.0,1,0.6857394
0.0,0,0.009255063
1.0,1,0.9543405
0.0,0,0.0013819666
1.0,1,0.96201116
1.0,1,0.94191074
0.0,0,0.011432527
0.0,0,0.04701842
0.0,0,0.07555422
1.0,1,0.9662547
0.0,0,0.018466102
0.0,0,0.0034115121
1.0,1,0.7320607
0.0,1,0.46195123
1.0,1,0.8958749
1.0,1,0.6419817
0.0,0,0.022515224
0.0,0,0.41470593
0.0,0,0.01032431
1.0,0,0.109986916
1.0,1,0.9420683
1.0,1,0.55585396
1.0,1,0.8552139
0.0,0,0.019443192
0.0,0,0.10556052
1.0,1,0.97746503
0.0,0,0.13881946
1.0,1,0.9562776
1.0,1,0.9768497
1.0,1,0.9570858
0.0,1,0.8022268
1.0,1,0.9649585
0.0,1,0.5075699
0.0,0,0.032213777
1.0,1,0.96453995
1.0,1,0.87407523
0.0,0,0.06206616
1.0,1,0.52764785
0.0,0,0.027743667
1.0,1,0.8941736
0.0,1,0.96410275
0.0,0,0.01690204
1.0,1,0.76383054
1.0,1,0.91461456
1.0,1,0.92907375
1.0,1,0.9146797
1.0,1,0.97689515
1.0,1,0.8997771
0.0,1,0.50961864
1.0,1,0.8594131
0.0,0,0.010503474
0.0,0,0.11180618
1.0,1,0.76813173
0.0,0,0.09957584
1.0,0,0.26576263
0.0,0,0.056805212
1.0,1,0.97353613
1.0,0,0.30930677
1.0,1,0.9034646
1.0,1,0.8062261
0.0,0,0.056618482
0.0,0,0.0078556845
1.0,1,0.921368
1.0,1,0.9764869
0.0,0,0.30930895
1.0,1,0.669554
1.0,1,0.97974044
0.0,0,0.013675834
1.0,1,0.9665121
0.0,0,0.018356366
1.0,1,0.96286905
1.0,1,0.95430696
0.0,0,0.030391779
0.0,1,0.5142579
0.0,0,0.007134543
1.0,1,0.69692314
0.0,0,0.014133286
0.0,0,0.20754409
1.0,1,0.8215858
0.0,0,0.0030791028
1.0,1,0.96799916
1.0,1,0.7184967
1.0,1,0.9501031
1.0,1,0.9718437
1.0,1,0.9560039
0.0,0,0.004010827
0.0,1,0.63762605
1.0,1,0.954931
1.0,1,0.9740227
1.0,1,0.8727919
1.0,1,0.6129383
1.0,1,0.97524977
1.0,1,0.81746554
0.0,0,0.23478986
1.0,1,0.945501
1.0,1,0.76217794
0.0,0,0.23821987
0.0,1,0.58974457
1.0,1,0.5534191
1.0,1,0.9759304
1.0,1,0.9774014
1.0,1,0.68327296
1.0,1,0.9773235
1.0,1,0.976649
1.0,1,0.9049147
0.0,0,0.2162167
1.0,1,0.96200824
0.0,0,0.010076664
0.0,0,0.009822386
1.0,1,0.5708041
1.0,1,0.965938
0.0,0,0.057251003
0.0,0,0.00858639
1.0,1,0.9483316
0.0,0,0.0012162855
1.0,1,0.9674462
0.0,0,0.001492423
1.0,1,0.5552002
0.0,0,0.034499362
0.0,0,0.011972787
1.0,1,0.8513048
0.0,0,0.018359305
1.0,1,0.96884054
1.0,1,0.7189264
0.0,0,0.027574494
0.0,0,0.0029709253
0.0,0,0.012496105
1.0,1,0.65926343
1.0,1,0.6408596
0.0,0,0.0034943128
1.0,1,0.98018426
0.0,0,0.1396557
0.0,1,0.6884479
0.0,0,0.1390012
0.0,1,0.93244743
1.0,1,0.8896289
0.0,0,0.034489978
0.0,0,0.09127236
0.0,0,0.0059110136
0.0,0,0.101813704
1.0,1,0.9569365
0.0,0,0.0035211772
0.0,0,0.057904173
0.0,0,0.15718083
1.0,1,0.89505553
1.0,1,0.74340236
1.0,0,0.12036524
1.0,1,0.74419653
1.0,1,0.97063446
1.0,1,0.88466835
0.0,0,0.028583648
0.0,0,0.38665715
1.0,1,0.8117968
0.0,0,0.017648248
0.0,0,3.334231e-05
0.0,0,0.09237727
1.0,1,0.80640304
0.0,1,0.5123311
1.0,1,0.9768243
0.0,0,0.005877352
1.0,1,0.92122555
0.0,0,0.0118873445
1.0,1,0.9594629
0.0,0,0.015417985
1.0,1,0.46407408
1.0,1,0.6945218
1.0,1,0.8466681
1.0,1,0.7864213
1.0,1,0.95704114
0.0,0,0.105347596
0.0,0,0.22097223
1.0,1,0.963191
0.0,0,0.00038395575
0.0,0,0.0031878597
0.0,0,0.10249869
1.0,1,0.8820828
1.0,1,0.7565739
1.0,1,0.93058014
0.0,0,0.12056128
1.0,1,0.78875726
0.0,0,0.0004291246
1.0,1,0.9303894
1.0,1,0.95384324
1.0,1,0.72509253
1.0,0,0.34863457
0.0,0,0.0018425251
1.0,1,0.9440877
1.0,1,0.9738977
0.0,1,0.83723307
0.0,1,0.92149824
1.0,1,0.97455585
0.0,0,0.024744837
0.0,0,0.12392187
0.0,1,0.8634744
0.0,0,0.0026549404
0.0,0,0.055591006
0.0,0,0.005417778
1.0,1,0.94691014
0.0,0,0.0004231102
0.0,0,0.28182256
0.0,0,0.028475739
0.0,0,0.010139104
1.0,0,0.33638743
1.0,1,0.9569963
0.0,1,0.70615315
0.0,0,0.0009085581
0.0,0,0.013070932
0.0,0,0.20980796
0.0,0,0.008763943
1.0,1,0.754001
1.0,1,0.96484846
0.0,0,0.034949407
1.0,1,0.7985855
0.0,0,0.010809869
1.0,1,0.87178695
1.0,1,0.9611302
1.0,1,0.9327317
1.0,1,0.7928309
0.0,0,0.0045055985
0.0,0,0.058759093
1.0,1,0.9744127
0.0,0,0.0026911767
0.0,0,0.34794655
1.0,1,0.9763662
0.0,0,0.072555356
1.0,1,0.7329385
1.0,1,0.9753679
0.0,0,0.03704273
0.0,0,0.06519682
0.0,0,0.0007817888
0.0,0,0.0026718243
0.0,1,0.8656897
1.0,1,0.9765354
0.0,0,0.21163453
1.0,1,0.71871257
1.0,1,0.77793026
1.0,1,0.9340555
1.0,1,0.575707
1.0,1,0.93836206
1.0,1,0.6693727
0.0,1,0.8447074
0.0,0,0.20677282
0.0,0,0.027556656
1.0,0,0.36670274
1.0,1,0.7001516
1.0,1,0.97365236
1.0,1,0.6005193
0.0,0,0.007051194
1.0,1,0.9610557
1.0,0,0.4156907
1.0,1,0.8444031
0.0,0,0.40398997
1.0,1,0.9511057
0.0,0,0.031456318
0.0,0,0.0018410218
0.0,0,0.020250134
1.0,1,0.9476372
1.0,1,0.60224146
1.0,1,0.9743339
1.0,1,0.88843167
1.0,1,0.8191844
1.0,1,0.9225266
1.0,1,0.73616016
1.0,1,0.9740028
0.0,0,0.18821487
1.0,1,0.5013741
1.0,1,0.9428023
0.0,0,0.027731845
1.0,1,0.92234707
0.0,0,0.37599447
1.0,1,0.78303564
0.0,0,0.07675795
0.0,0,0.0357722
1.0,1,0.97738373
0.0,0,0.0015057077
1.0,1,0.72843254
0.0,0,0.046271484
1.0,1,0.9147211
1.0,1,0.47399
1.0,1,0.9672887
0.0,0,0.0007219879
1.0,1,0.91891176
1.0,1,0.9634016
0.0,1,0.55576503
0.0,0,0.00051798346
0.0,0,0.018024856
0.0,0,0.000874571
1.0,0,0.27633274
1.0,0,0.31788403
1.0,1,0.9339682
0.0,0,0.306352
0.0,0,0.03377243
1.0,0,0.3195458
1.0,1,0.8188536
0.0,0,0.037879504
0.0,0,0.35593098
0.0,1,0.89054567
1.0,1,0.9598054
1.0,1,0.9405143
0.0,0,0.09774806
1.0,1,0.9183082
0.0,0,0.0048785605
1.0,1,0.97657084
1.0,1,0.9211819
0.0,0,0.036910623
0.0,0,0.1320085
0.0,0,0.004972762
0.0,0,0.06357124
1.0,1,0.85770774
1.0,1,0.8892052
1.0,0,0.23903178
1.0,1,0.9021107
1.0,1,0.964705
1.0,1,0.9736568
1.0,1,0.7377187
1.0,1,0.63667166
1.0,1,0.963016
1.0,1,0.9520766
0.0,0,0.0016410039
1.0,1,0.95743406
1.0,1,0.97666705
0.0,0,0.061928928
0.0,0,0.0752357
1.0,1,0.9106249
1.0,1,0.6889492
1.0,1,0.9394316
0.0,0,0.020786664
1.0,1,0.950198
0.0,1,0.51005715
0.0,0,0.00015294019
1.0,1,0.9659317
0.0,1,0.580686
0.0,0,0.03469603
0.0,0,0.0313266
0.0,0,0.19305827
1.0,1,0.8939961
1.0,1,0.90967846
0.0,0,0.017640727
1.0,1,0.55463135
1.0,1,0.96926934
1.0,1,0.73240185
0.0,0,0.2701258
1.0,1,0.9292836
1.0,1,0.639498
0.0,0,0.27045694
1.0,1,0.85942507
0.0,0,0.009496346
1.0,1,0.9678625
1.0,1,0.61439455
1.0,0,0.42854485
0.0,0,0.011918402
0.0,0,0.03285142
1.0,1,0.6203437
0.0,0,0.12294484
0.0,0,0.014186364
1.0,1,0.9720113
1.0,1,0.9227582
1.0,1,0.6839717
0.0,1,0.75534326
0.0,0,0.0084261345
0.0,0,6.146568e-05
1.0,1,0.8782304
0.0,0,0.052252907
1.0,1,0.98074996
0.0,1,0.44372156
0.0,0,0.0847268
0.0,0,0.19486427
1.0,1,0.6504005
1.0,1,0.9672863
1.0,1,0.9705936
0.0,0,0.09224513
0.0,0,0.0029746904
1.0,1,0.9542202
1.0,1,0.63569105
1.0,1,0.75932693
1.0,1,0.95030606
1.0,1,0.79940736
0.0,0,0.13164026
1.0,1,0.95626134
0.0,1,0.4518534
1.0,1,0.48765585
0.0,0,0.3949194
1.0,1,0.9058929
1.0,1,0.8566937
1.0,1,0.7737431
1.0,1,0.85835093
1.0,1,0.8158001
0.0,0,0.28848135
1.0,1,0.9763049
0.0,0,0.0027943074
0.0,0,0.043642975
1.0,1,0.80407184
1.0,1,0.97666883
1.0,1,0.4558992
0.0,0,0.004095646
0.0,0,0.32592282
0.0,0,0.028544653
0.0,0,0.0012609072
0.0,0,0.40037045
1.0,1,0.7803502
0.0,0,0.00033734913
0.0,0,0.00032416813
1.0,1,0.96909904
1.0,1,0.9698366
0.0,0,0.044398062
1.0,1,0.8225274
1.0,0,0.2090374
1.0,1,0.77098125
0.0,0,0.04055365
0.0,0,0.21345788
0.0,0,0.01129612
1.0,1,0.91651183
0.0,0,0.13283391
0.0,0,0.005706646
1.0,1,0.9476556
1.0,1,0.8026004
1.0,0,0.3857796
0.0,0,0.0022396913
0.0,1,0.600019
1.0,1,0.93157583
0.0,0,0.086409494
1.0,1,0.97630703
0.0,0,0.012027637
0.0,0,0.003671288
1.0,0,0.17296563
1.0,1,0.9669232
0.0,0,0.41531825
1.0,1,0.88856936
1.0,1,0.9644381
1.0,1,0.893579
0.0,0,0.15311842
0.0,0,0.0024739832
0.0,0,0.39674628
0.0,0,0.0062096966
1.0,0,0.07841063
0.0,0,0.0032847836
1.0,1,0.941939
0.0,0,0.038210806
1.0,1,0.9450001
1.0,0,0.31917685
1.0,1,0.9606368
0.0,1,0.6575402
0.0,0,0.31814432
1.0,1,0.8072673
0.0,0,0.019903105
0.0,0,0.25200924
0.0,0,0.00415342
1.0,1,0.5021511
1.0,1,0.8175536
0.0,0,0.27197447
0.0,0,0.31265354
1.0,1,0.97058433
0.0,0,0.020153379
0.0,0,0.0011883192
1.0,1,0.798543
0.0,0,0.046037216
1.0,1,0.96853954
0.0,0,0.15670656
0.0,0,0.021965416
0.0,0,0.01863232
0.0,0,0.022950903
1.0,1,0.9740712
1.0,1,0.66772985
0.0,0,0.009025634
0.0,1,0.9463411
1.0,1,0.72827387
0.0,0,0.01771101
0.0,0,0.012499577
1.0,1,0.69529665
1.0,1,0.8498914
1.0,1,0.83361804
1.0,1,0.9665987
0.0,0,0.04027079
0.0,1,0.48294955
0.0,0,0.25789917
0.0,0,0.015558497
1.0,1,0.88896793
0.0,0,0.0007082925
1.0,1,0.88117987
1.0,1,0.93435043
0.0,0,0.017425485
0.0,0,0.018597322
0.0,0,0.0016511957
1.0,1,0.92688316
0.0,0,0.0021510543
0.0,0,0.42637697
0.0,0,0.013090617
0.0,0,0.018834116
1.0,1,0.5933095
1.0,1,0.78644705
1.0,1,0.542673
0.0,0,0.119813
0.0,0,0.004388795
1.0,1,0.9399537
0.0,0,0.0066926917
0.0,0,0.17808212
1.0,1,0.9450621
1.0,1,0.464874
0.0,0,0.11716756
0.0,0,0.36645398
1.0,1,0.8021489
0.0,0,0.013976381
0.0,0,0.0057694847
1.0,0,0.35154328
1.0,1,0.9333681
1.0,1,0.9701929
0.0,0,0.17756243
1.0,1,0.97239256
1.0,1,0.7675185
1.0,1,0.75859225
0.0,0,0.0014125644
0.0,0,0.07769048
1.0,0,0.3742704
0.0,1,0.9450748
0.0,0,0.00024579448
0.0,0,0.0275153
0.0,0,0.058318447
0.0,0,0.002105273
0.0,0,0.010408164
0.0,0,0.119807325
1.0,1,0.8562013
1.0,0,0.100610785
0.0,0,0.002568772
1.0,1,0.5014236
0.0,0,0.013755873
0.0,0,0.17267644
1.0,1,0.79771954
1.0,1,0.9723653
0.0,0,0.03501079
1.0,1,0.97269595
0.0,0,0.1388662
1.0,1,0.8616766
1.0,1,0.7609668
0.0,0,0.0029363227
1.0,1,0.7374221
1.0,0,0.3348234
0.0,0,0.01444663
0.0,1,0.46360967
0.0,0,0.0059530614
0.0,0,0.07484093
0.0,1,0.5223558
0.0,0,0.069728434
1.0,1,0.9568318
0.0,0,0.008268167
1.0,1,0.83329195
1.0,1,0.972765
0.0,0,0.13070063
1.0,1,0.9789901
0.0,0,0.000554672
0.0,1,0.51552296
1.0,1,0.7764343
0.0,0,0.00080945576
0.0,0,0.030417556
1.0,1,0.8660778
0.0,0,0.03864366
1.0,1,0.81859124
1.0,1,0.88841426
0.0,0,0.36545366
0.0,0,0.004089396
1.0,1,0.8707084
0.0,0,0.03565203
0.0,0,0.008625254
1.0,1,0.74919534
1.0,0,0.41328242
0.0,0,0.006371454
0.0,0,0.0073545515
1.0,1,0.9756669
0.0,1,0.92204547
1.0,1,0.97309846
0.0,0,0.09668229
0.0,1,0.6481211
1.0,1,0.82642657
0.0,0,0.031087678
1.0,1,0.69108576
1.0,1,0.6611685
0.0,0,0.01197818
1.0,1,0.7492077
0.0,0,0.36881223
0.0,0,0.15545844
1.0,1,0.71310496
1.0,0,0.29252157
0.0,0,0.00023180486
1.0,1,0.6123228
1.0,1,0.57622904
0.0,0,0.0014158068
1.0,1,0.782071
1.0,1,0.7490417
1.0,1,0.7451758
0.0,1,0.8038418
1.0,1,0.9123636
1.0,1,0.9041418
0.0,0,0.01181552
0.0,0,0.024657093
1.0,1,0.9768103
1.0,0,0.071248114
0.0,0,0.0007474042
0.0,0,0.0100494195
0.0,1,0.70387745
1.0,1,0.448705
1.0,1,0.9425937
1.0,1,0.964061
1.0,1,0.74257123
0.0,0,0.31100246
0.0,0,0.007409391
1.0,1,0.76673174
1.0,1,0.5989023
0.0,0,0.080440514
1.0,0,0.3809195
1.0,1,0.44863564
0.0,1,0.64144325
0.0,0,0.021277111
0.0,0,0.20494187
1.0,1,0.8513128
0.0,0,0.08915429
0.0,0,0.012338866
0.0,0,0.30070502
1.0,1,0.76115054
1.0,1,0.8047736
0.0,0,0.024799889
1.0,1,0.79251635
1.0,1,0.9738017
0.0,1,0.6742158
0.0,0,0.10761782
0.0,0,0.027476266
1.0,1,0.8764617
1.0,1,0.8180377
0.0,0,0.042230707
1.0,1,0.8054716
0.0,1,0.6374202
1.0,1,0.9572378
1.0,1,0.8013058
1.0,1,0.7107853
0.0,0,0.11200581
0.0,0,0.017495314
0.0,0,0.29928836
1.0,1,0.91832393
0.0,0,0.06483438
0.0,0,0.17150098
0.0,0,0.0063406876
0.0,0,0.0054961764
1.0,1,0.96957266
0.0,1,0.62691975
0.0,0,0.0046358877
0.0,0,0.07031503
0.0,0,0.1503699
0.0,0,0.21900576
1.0,1,0.94942254
1.0,1,0.8797247
1.0,1,0.9753662
1.0,1,0.7862048
0.0,0,0.060252775
0.0,0,0.17734021
0.0,0,0.0011114702
1.0,1,0.97315925
0.0,0,0.11188526
1.0,1,0.9718899
1.0,1,0.9763857
1.0,1,0.8405124
0.0,0,0.00017645335
0.0,0,0.34006837
0.0,1,0.7905252
0.0,0,0.058553334
0.0,0,0.010798128
1.0,1,0.9688508
0.0,0,0.2740771
0.0,0,0.0042565833
1.0,1,0.49839458
0.0,0,0.0037132706
0.0,1,0.47047424
0.0,0,0.0037324226
1.0,1,0.9511958
1.0,1,0.8843113
0.0,0,0.05727742
0.0,0,0.010086679
0.0,0,0.10957298
1.0,1,0.7669296
0.0,0,0.0027203695
1.0,1,0.9294221
0.0,0,0.28029197
1.0,1,0.6119895
1.0,1,0.9459616
1.0,1,0.94055915
1.0,1,0.9615398
0.0,0,0.004193045
0.0,1,0.58875084
0.0,0,0.0014484506
0.0,1,0.5189198
0.0,0,0.09821983
1.0,1,0.94980097
0.0,0,0.011651677
0.0,0,0.0014706036
1.0,1,0.8588027
1.0,1,0.86971295
1.0,1,0.84094304
0.0,0,0.05154849
0.0,0,0.004759964
1.0,1,0.96047944
1.0,1,0.8805975
0.0,0,0.018641584
0.0,0,0.0054334775
0.0,0,0.0004491949
1.0,1,0.71193576
0.0,0,0.066669375
0.0,0,0.03816357
0.0,0,0.016917672
1.0,0,0.051750645
0.0,0,0.035690196
1.0,1,0.8778851
0.0,0,0.015458952
1.0,1,0.8345978
0.0,0,0.0020622674
1.0,1,0.8892362
0.0,0,0.04231071
0.0,0,0.0045456067
0.0,0,0.30350816
1.0,1,0.61818856
1.0,1,0.97103155
1.0,0,0.22398499
1.0,1,0.81515527
1.0,1,0.57374203
0.0,0,0.0005290023
1.0,1,0.8833834
1.0,1,0.76187444
1.0,1,0.5588654
1.0,0,0.4111483
1.0,1,0.95541805
1.0,1,0.92106324
0.0,0,0.0029873631
1.0,1,0.91217136
0.0,1,0.72904325
1.0,1,0.9159149
0.0,0,0.011307154
1.0,1,0.9740371
0.0,0,0.31174034
1.0,1,0.8414036
1.0,1,0.90551686
1.0,1,0.95502234
0.0,0,0.25051427
0.0,0,0.0028832452
0.0,0,0.39582667
0.0,0,0.046336554
0.0,0,0.11978519
0.0,0,0.0071498863
1.0,1,0.9281963
0.0,0,0.0038573549
1.0,1,0.9509488
0.0,0,0.01478306
1.0,1,0.5417968
0.0,0,0.02062114
0.0,0,0.018164452
0.0,0,0.005907719
1.0,1,0.7753986
0.0,0,0.02958129
1.0,0,0.10900364
0.0,0,0.30858788
0.0,0,0.009785012
1.0,1,0.73365664
1.0,1,0.8151336
0.0,0,0.2091127
0.0,0,0.14367937
0.0,0,0.09481138
1.0,1,0.9704075
0.0,0,0.35250625
1.0,1,0.9159418
1.0,1,0.674099
0.0,0,0.2304063
1.0,1,0.8178098
1.0,1,0.9277137
1.0,1,0.91485137
0.0,0,0.0057741744
0.0,0,0.004653802
0.0,0,0.010281409
1.0,1,0.9740096
0.0,0,0.027702162
1.0,1,0.94780403
0.0,0,0.0052696536
1.0,1,0.7232468
1.0,0,0.4286988
0.0,0,0.00780952
0.0,0,0.0045330273
1.0,1,0.79965365
1.0,1,0.9693732
0.0,0,0.03594006
0.0,0,0.040500924
0.0,0,0.008888443
1.0,0,0.18439525
1.0,1,0.9538447
1.0,1,0.9452127
1.0,0,0.3237192
1.0,1,0.94416064
0.0,0,0.0018744175
0.0,0,0.009865293
0.0,0,0.01690472
1.0,1,0.648803
0.0,0,0.049775362
0.0,0,0.044459604
0.0,0,0.012126371
1.0,1,0.7788317
0.0,0,0.07202017
1.0,1,0.8853608
0.0,0,0.07254267
1.0,1,0.5165725
1.0,1,0.6882833
1.0,1,0.8312732
0.0,0,0.24759372
1.0,1,0.9734227
0.0,0,0.040553864
1.0,1,0.7429864
0.0,0,0.12759441
1.0,1,0.8170111
0.0,1,0.72594965
1.0,1,0.54300725
1.0,1,0.96836245
0.0,0,0.3192577
0.0,0,0.24253964
0.0,0,0.13619177
0.0,0,0.15838073
1.0,1,0.9666388
0.0,0,0.32706702
1.0,1,0.854179
1.0,1,0.9586584
1.0,1,0.8845329
0.0,0,0.20695557
1.0,1,0.7696833
0.0,0,0.0071666143
1.0,1,0.9637756
1.0,1,0.85849327
1.0,1,0.8468988
1.0,1,0.8028356
0.0,0,0.25887248
0.0,0,0.043567885
0.0,0,0.09550029
0.0,0,0.037377685
1.0,1,0.91159576
0.0,1,0.64453614
1.0,1,0.9142472
0.0,0,0.024928909
0.0,0,0.0032281836
1.0,1,0.7712636
1.0,1,0.9655708
0.0,0,0.42590225
0.0,0,0.16010164
1.0,1,0.895842
1.0,0,0.4034871
1.0,1,0.80957544
1.0,0,0.1850225
0.0,0,0.040604558
1.0,1,0.9381283
0.0,0,0.018405648
0.0,0,0.096738905
0.0,0,0.009101192
1.0,1,0.6790304
0.0,0,0.27971804
0.0,0,0.26428837
0.0,0,0.07087679
1.0,0,0.3718766
1.0,1,0.88137674
0.0,0,0.015536936
1.0,1,0.5684547
0.0,1,0.5424242
1.0,1,0.96088684
1.0,1,0.8981559
1.0,1,0.92996
1.0,1,0.7188473
1.0,1,0.9460976
0.0,0,0.15921523
0.0,0,0.0097531015
0.0,0,0.116570294
1.0,0,0.21753183
0.0,0,0.038671833
0.0,0,0.009482075
1.0,1,0.89553404
0.0,0,0.010038533
1.0,1,0.8377327
0.0,0,0.0065300674
1.0,1,0.653228
0.0,0,0.011052275
0.0,0,0.014310277
0.0,0,0.085565425
1.0,1,0.5882052
1.0,1,0.9491713
0.0,0,0.008890981
1.0,1,0.75411534
0.0,0,0.0030589597
0.0,0,0.0025680428
1.0,1,0.9720074
0.0,0,0.095935926
1.0,1,0.97885025
1.0,1,0.7656849
0.0,0,0.044189822
1.0,1,0.70761895
1.0,1,0.8529625
1.0,1,0.8772189
1.0,1,0.9773868
1.0,1,0.86192095
0.0,0,0.05791171
0.0,1,0.56244624
0.0,0,0.035057157
0.0,0,0.21977189
0.0,0,0.06486943
1.0,1,0.48094553
0.0,0,0.0046823644
1.0,1,0.97629344
1.0,1,0.9251427
0.0,1,0.6785218
0.0,0,0.0013575597
0.0,0,0.3958016
0.0,0,0.012273767
1.0,1,0.9440191
0.0,0,0.021586025
0.0,1,0.5393431
0.0,0,0.23952276
1.0,1,0.950734
1.0,1,0.94558066
1.0,1,0.9357097
0.0,0,0.1286914
1.0,1,0.7589276
1.0,1,0.95963323
0.0,0,0.03274795
1.0,1,0.8379128
1.0,1,0.54451585
0.0,0,0.018488292
1.0,1,0.94393957
1.0,1,0.9770669
1.0,1,0.9384558
1.0,1,0.5063631
1.0,1,0.84700084
0.0,1,0.4785941
1.0,1,0.7440771
0.0,0,0.37779945
0.0,0,0.0017342807
0.0,0,0.0026475468
0.0,0,0.02310098
1.0,1,0.97633266
1.0,1,0.85221213
0.0,0,0.022347113
0.0,0,0.088571236
0.0,0,0.0009008071
1.0,1,0.66182935
0.0,0,0.03404758
1.0,1,0.9775005
1.0,1,0.8607528
1.0,1,0.8986347
0.0,0,0.12936848
1.0,0,0.34151772
0.0,0,0.057050783
0.0,0,0.07486837
0.0,1,0.814989
1.0,1,0.959342
1.0,1,0.97580254
1.0,1,0.9307174
0.0,0,0.019996384
1.0,1,0.9705682
0.0,0,0.022100952
0.0,0,0.0036614742
1.0,1,0.97556007
1.0,1,0.60567653
1.0,1,0.961087
0.0,0,0.006513094
0.0,0,0.31911403
0.0,0,0.03215092
0.0,0,0.022586081
0.0,0,0.19491109
1.0,1,0.91615105
0.0,1,0.4716262
0.0,1,0.63782567
0.0,0,0.2525376
1.0,1,0.977047
0.0,0,0.06808907
0.0,0,0.022166898
1.0,1,0.9517367
0.0,0,0.007615115
0.0,0,0.20243064
0.0,0,0.07951462
0.0,0,0.0067960247
0.0,0,0.059478234
1.0,1,0.7254026
0.0,1,0.59913814
1.0,1,0.92065793
1.0,1,0.7259982
0.0,0,0.123391524
1.0,1,0.9748664
1.0,1,0.9697004
1.0,1,0.8458519
1.0,1,0.4743308
0.0,0,0.018601066
0.0,0,0.0045803837
1.0,1,0.7686844
1.0,1,0.77200544
1.0,1,0.91808873
1.0,1,0.62821627
1.0,1,0.7912617
0.0,0,0.0560081
0.0,0,0.0010414618
0.0,0,0.0058383085
1.0,1,0.9776239
1.0,1,0.8369561
0.0,0,0.27199027
0.0,0,0.013224507
0.0,0,0.035549644
0.0,0,0.0022373002
0.0,0,0.31242
0.0,0,0.018743228
0.0,0,0.020716801
0.0,1,0.6884254
0.0,0,0.008980266
0.0,0,0.2780347
0.0,0,0.00919719
1.0,1,0.88133293
1.0,1,0.9694069
0.0,0,0.05184081
1.0,1,0.955944
1.0,1,0.9648844
1.0,1,0.7782076
1.0,0,0.41103128
1.0,1,0.72242504
0.0,0,0.0076970784
0.0,0,0.076175526
0.0,0,0.00960476
0.0,0,0.07009101
0.0,0,0.0059118764
0.0,0,0.18994975
1.0,1,0.97681236
0.0,0,0.103767954
0.0,0,0.2167982
0.0,0,0.18551937
1.0,1,0.48714224
0.0,0,0.025079839
1.0,1,0.8425065
1.0,1,0.9531833
1.0,1,0.91629386
1.0,1,0.91192746
0.0,0,0.0018065829
1.0,1,0.9269451
0.0,0,0.13060865
1.0,1,0.9572754
0.0,0,0.3729275
0.0,0,0.0042076665
0.0,0,0.033796478
1.0,1,0.5415431
0.0,0,0.0018235433
0.0,0,0.00838881
0.0,0,0.049807973
1.0,1,0.89151704
1.0,1,0.76605046
1.0,1,0.5887713
0.0,0,0.006605382
0.0,0,0.22494577
0.0,0,0.010892731
1.0,1,0.9469594
0.0,0,0.087486245
0.0,0,0.00020971583
1.0,1,0.48222098
0.0,1,0.68017507
1.0,1,0.95742875
1.0,1,0.9763128
1.0,1,0.9156998
0.0,0,0.025364289
0.0,1,0.59154284
1.0,1,0.78938365
0.0,0,0.10596588
0.0,0,0.04855183
1.0,0,0.04821984
0.0,0,0.11142503
0.0,0,0.052068833
0.0,0,0.0705483
0.0,0,0.019235957
0.0,0,0.011590434
1.0,1,0.9686106
0.0,1,0.9641184
1.0,1,0.5121253
0.0,0,0.01134068
0.0,0,0.03342644
0.0,0,0.07370395
1.0,1,0.9558037
1.0,1,0.44498774
0.0,0,0.020845711
1.0,1,0.96211374
0.0,0,0.0036005669
1.0,1,0.74237263
1.0,0,0.23461406
1.0,1,0.74279076
1.0,1,0.9607666
0.0,0,0.09237049
1.0,1,0.97581327
1.0,1,0.8062289
1.0,1,0.97602624
1.0,1,0.71191347
0.0,0,0.036764637
1.0,1,0.7782426
0.0,0,0.07624567
0.0,0,0.011810878
0.0,0,0.13700686
0.0,1,0.67436075
1.0,1,0.96632224
0.0,0,0.015945684
1.0,1,0.9778425
1.0,1,0.70676684
1.0,1,0.92421883
1.0,1,0.7747369
1.0,0,0.37671238
1.0,1,0.9606844
1.0,1,0.9631049
1.0,1,0.9730415
0.0,0,0.32626712
1.0,1,0.8787099
1.0,1,0.8478998
0.0,0,0.03747845
1.0,1,0.95860714
0.0,0,0.010234841
0.0,0,0.0029824774
1.0,0,0.16403887
0.0,0,0.015421635
1.0,0,0.3496963
0.0,0,0.11967644
0.0,0,0.31215358
0.0,0,0.036713522
1.0,1,0.96994305
0.0,0,0.00030881763
1.0,1,0.97874415
0.0,1,0.70442796
0.0,0,0.0042732954
1.0,1,0.6452446
0.0,0,0.00022953712
0.0,0,0.0013280687
1.0,0,0.064964816
0.0,0,0.11504423
0.0,0,0.015590211
0.0,0,0.34266028
0.0,0,0.34049407
0.0,0,0.0133664105
1.0,1,0.7283239
1.0,1,0.94264936
1.0,1,0.97533995
0.0,0,0.14535919
0.0,1,0.5792115
0.0,0,0.007299864
0.0,0,0.018232686
0.0,0,0.006042416
1.0,1,0.94069725
1.0,1,0.9519767
0.0,0,0.011764698
1.0,1,0.94592845
1.0,1,0.9343342
0.0,0,0.0014719563
0.0,0,0.013253685
0.0,0,0.0066827713
1.0,1,0.71969247
1.0,1,0.8311728
0.0,0,0.035779335
1.0,1,0.9200977
1.0,1,0.53318596
0.0,1,0.9467133
0.0,0,0.014113421
0.0,0,0.027927525
1.0,1,0.7162689
1.0,1,0.924726
0.0,0,0.0037021947
1.0,1,0.7202577
1.0,1,0.7691152
0.0,0,0.11330446
1.0,1,0.9269812
1.0,0,0.16125737
1.0,1,0.8065938
0.0,0,0.026142452
0.0,0,0.050133985
1.0,1,0.7694798
0.0,0,0.033658076
1.0,1,0.61124504
0.0,1,0.52227247
0.0,0,0.04971619
0.0,0,0.16711603
0.0,0,0.02798485
1.0,1,0.8516664
0.0,0,0.025546748
0.0,0,0.09977191
0.0,0,0.0033162578
0.0,0,0.005103442
1.0,1,0.728187
0.0,0,0.007883853
1.0,0,0.17449588
0.0,0,0.006814195
1.0,1,0.9493979
0.0,0,0.18948387
1.0,1,0.8562521
0.0,0,0.053451158
0.0,0,0.13213684
1.0,1,0.9263179
1.0,1,0.8280404
1.0,1,0.82345927
0.0,0,0.14090054
0.0,1,0.7068779
0.0,0,0.0022806753
0.0,0,0.08584055
1.0,1,0.9329936
1.0,0,0.2478662
0.0,0,0.0032228243
1.0,1,0.96425647
1.0,1,0.9352941
0.0,0,0.05642424
0.0,0,0.0024175018
1.0,1,0.96312916
0.0,0,0.18327518
1.0,0,0.26721108
1.0,1,0.97583234
0.0,0,0.010876339
1.0,1,0.96840334
1.0,1,0.5986775
0.0,0,0.006259943
0.0,0,0.0028500238
0.0,0,0.043731377
0.0,0,0.07130438
0.0,0,0.02224535
0.0,0,0.035382986
1.0,1,0.97066146
0.0,0,0.011309367
0.0,0,0.004063901
0.0,0,0.0039140573
1.0,1,0.94932246
1.0,1,0.9804023
0.0,1,0.55865407
1.0,1,0.97616756
0.0,1,0.48297322
1.0,1,0.96161896
1.0,1,0.86755586
1.0,1,0.7996094
0.0,0,0.017589327
1.0,1,0.8134533
0.0,0,0.008790261
1.0,1,0.9654951
0.0,0,0.040579587
1.0,1,0.93637055
1.0,1,0.5195062
1.0,1,0.9354039
0.0,1,0.7486469
0.0,0,0.25580347
1.0,1,0.97204727
0.0,0,0.03285433
1.0,1,0.9779878
1.0,1,0.9200045
1.0,1,0.7825955
1.0,1,0.9675187
1.0,1,0.7381239
1.0,0,0.34966606
1.0,1,0.9584306
0.0,0,0.16437602
1.0,1,0.93793935
0.0,0,0.0045503797
1.0,1,0.9615801
0.0,0,0.05442287
1.0,1,0.57628983
1.0,1,0.7232172
1.0,1,0.966403
1.0,1,0.8142638
0.0,0,0.009549986
0.0,1,0.54433036
0.0,0,0.022243338
1.0,1,0.7548455
1.0,1,0.9773885
0.0,0,0.41687086
1.0,0,0.37247697
1.0,1,0.8976486
0.0,0,0.18094519
0.0,0,0.05714233
1.0,1,0.97595096
1.0,1,0.9701664
0.0,0,0.29516602
0.0,0,0.005478147
0.0,0,0.010201426
1.0,1,0.88679653
1.0,1,0.81717795
1.0,1,0.9553128
1.0,1,0.92361414
1.0,1,0.9773924
1.0,1,0.6990255
1.0,1,0.68219984
0.0,0,0.0037690038
0.0,1,0.7066351
1.0,1,0.94341683
0.0,0,0.2053042
1.0,1,0.8538847
1.0,1,0.94537026
0.0,0,0.0074338145
1.0,1,0.6063454
0.0,0,0.0015698762
0.0,0,0.21378163
1.0,1,0.48322675
1.0,1,0.92594004
1.0,1,0.9309878
0.0,0,0.0005364126
1.0,1,0.8597107
1.0,1,0.6761897
1.0,1,0.52312285
1.0,1,0.9569369
0.0,0,0.0016523949
0.0,0,0.01026232
1.0,1,0.866143
1.0,1,0.974971
0.0,1,0.46052355
1.0,1,0.7553177
1.0,1,0.95578635
1.0,1,0.97238845
1.0,0,0.30596054
0.0,0,0.004707704
1.0,1,0.8330961
0.0,0,0.01610116
0.0,0,0.009119715
0.0,0,0.02940946
1.0,1,0.86482924
0.0,0,0.030453796
0.0,0,0.02652271
1.0,1,0.95521694
1.0,1,0.9754056
0.0,0,0.09274863
0.0,0,0.0015171756
0.0,0,0.00047301943
0.0,0,0.092445515
1.0,1,0.6916028
1.0,1,0.91589725
0.0,0,0.03302078
0.0,0,0.19791369
1.0,1,0.7177944
1.0,1,0.9761824
1.0,1,0.94688374
0.0,0,0.0304289
0.0,0,0.015219764
0.0,0,0.23763566
0.0,1,0.8641945
0.0,0,0.047403656
1.0,1,0.9680951
1.0,1,0.9403037
0.0,0,0.006978336
0.0,0,0.025492508
0.0,0,0.0039773877
0.0,0,0.032644343
1.0,1,0.9759172
0.0,0,0.06488786
0.0,0,0.022472417
0.0,0,0.07117492
0.0,0,0.00082401355
1.0,1,0.94856083
0.0,0,0.011728939
0.0,1,0.61899257
1.0,1,0.97822136
1.0,1,0.9435989
0.0,0,0.031531595
0.0,0,0.039865702
1.0,1,0.9732487
1.0,1,0.7203542
0.0,0,0.043278962
0.0,0,0.0043661506
1.0,1,0.56631696
1.0,1,0.45776725
1.0,1,0.5755014
0.0,0,0.02888474
0.0,0,0.14280294
0.0,0,0.0027940022
0.0,0,0.039685283
1.0,1,0.5600721
1.0,1,0.9190311
0.0,0,0.18330452
1.0,1,0.9455323
1.0,0,0.29207435
1.0,1,0.66246486
0.0,0,0.00055975356
0.0,0,0.41655648
0.0,0,0.024460834
1.0,1,0.71252835
0.0,0,0.19798438
0.0,1,0.55412996
1.0,1,0.97595185
1.0,1,0.53236836
0.0,0,0.023219198
1.0,0,0.2816639
1.0,1,0.731092
1.0,1,0.9167241
0.0,0,0.08573636
1.0,1,0.9090603
0.0,0,0.15900129
1.0,1,0.66558385
1.0,0,0.030660886
1.0,1,0.7741355
1.0,1,0.943852
0.0,0,0.040315416
1.0,0,0.0017704994
1.0,1,0.9370636
0.0,0,0.071233444
1.0,1,0.81532854
0.0,0,0.00024026094
0.0,0,0.048289895
1.0,1,0.5206578
1.0,1,0.87338096
1.0,1,0.79530233
1.0,1,0.971889
0.0,0,0.039216526
0.0,1,0.44138512
0.0,1,0.7428543
0.0,1,0.84172916
0.0,0,0.045680705
0.0,0,0.0042909244
1.0,1,0.920558
1.0,1,0.7065488
0.0,0,0.0006215629
0.0,0,0.26166326
1.0,1,0.9564943
0.0,0,0.014507009
0.0,1,0.7613594
0.0,0,0.026634552
0.0,0,0.0018991793
0.0,0,0.003271063
1.0,0,0.38427812
1.0,1,0.9786103
0.0,0,0.0018659347
0.0,0,0.014759216
1.0,0,0.36385304
1.0,1,0.90926087
0.0,0,0.013460408
1.0,1,0.8220348
0.0,0,0.048598696
0.0,0,0.035019472
0.0,0,0.0013258898
1.0,1,0.891723
1.0,1,0.6019889
1.0,1,0.93922806
1.0,1,0.97087467
0.0,1,0.47150275
1.0,1,0.8631361
0.0,0,0.41149676
0.0,0,0.24139994
0.0,0,0.4183433
1.0,1,0.9741827
0.0,0,0.0024578646
0.0,1,0.4350754
0.0,1,0.70806193
0.0,0,0.0058411965
0.0,0,0.01759324
1.0,1,0.9733303
1.0,1,0.9518045
0.0,0,0.11858524
0.0,0,0.1525184
0.0,1,0.8884989
1.0,1,0.8912659
1.0,1,0.94276214
1.0,1,0.85754144
0.0,0,0.040654637
1.0,1,0.8832822
1.0,1,0.88229704
0.0,1,0.91710705
1.0,1,0.81218
0.0,0,0.0095077995
0.0,0,0.0066584423
0.0,1,0.9199521
0.0,1,0.59091973
1.0,1,0.93941945
0.0,0,0.02397356
1.0,1,0.74003255
0.0,0,0.017942019
1.0,1,0.87756884
0.0,0,0.0011569286
1.0,1,0.93105793
1.0,1,0.9725369
1.0,1,0.721498
0.0,0,0.22463104
1.0,1,0.9288041
1.0,1,0.9724077
1.0,0,0.0924741
0.0,0,0.20748694
1.0,1,0.69955313
1.0,1,0.9432246
0.0,0,0.0083177565
0.0,0,0.020850372
1.0,1,0.7763109
1.0,1,0.975396
0.0,0,0.036422614
1.0,1,0.9790806
0.0,0,0.00998945
1.0,1,0.9667061
0.0,0,0.2497379
0.0,0,0.023379399
1.0,1,0.79183763
1.0,1,0.9786164
1.0,1,0.78129625
1.0,1,0.53141564
1.0,1,0.9734606
0.0,0,0.008939753
1.0,1,0.9633109
1.0,1,0.9472684
0.0,1,0.5842286
0.0,0,0.0019136256
0.0,0,0.04044953
0.0,0,0.0008852682
1.0,1,0.9770958
0.0,0,0.004492138
0.0,0,0.017947104
0.0,0,0.019217525
0.0,0,0.0056065926
0.0,0,0.120559886
0.0,0,0.0046048528
1.0,1,0.945535
0.0,0,0.11276184
1.0,1,0.7090807
1.0,1,0.93815243
1.0,1,0.97234386
0.0,0,0.015653515
0.0,0,0.019540045
0.0,0,0.019603986
1.0,1,0.9807639
0.0,0,0.15050144
0.0,0,0.088868886
1.0,1,0.96303654
0.0,0,0.012397298
1.0,1,0.7830757
0.0,0,0.007252869
0.0,0,0.09780093
0.0,0,0.008662119
1.0,1,0.95267594
0.0,0,0.0042592194
0.0,0,0.003072202
1.0,1,0.7996496
0.0,1,0.64792854
1.0,1,0.91605115
1.0,1,0.9003437
1.0,1,0.9673866
1.0,1,0.90214455
1.0,1,0.92859256
1.0,1,0.6585797
0.0,0,0.13376847
1.0,1,0.90298826
0.0,1,0.9663738
0.0,0,0.032663967
1.0,1,0.78026235
0.0,0,0.0051519927
1.0,1,0.80519193
1.0,1,0.8439963
0.0,0,0.05557129
0.0,0,0.21509707
0.0,0,0.0031171432
0.0,0,0.08828617
1.0,1,0.69973004
1.0,0,0.4206004
1.0,1,0.528783
1.0,1,0.67845976
0.0,1,0.76035994
1.0,1,0.6540592
1.0,1,0.95845586
0.0,1,0.58622324
0.0,0,0.023944331
0.0,0,0.11807138
1.0,0,0.27292693
1.0,1,0.6573006
1.0,1,0.60246986
0.0,0,0.006199514
0.0,1,0.69396895
1.0,1,0.9781238
1.0,1,0.50622916
1.0,1,0.886978
1.0,1,0.8107151
1.0,0,0.29435018
1.0,1,0.9769027
0.0,0,0.0681756
1.0,1,0.9200277
0.0,0,0.03146157
1.0,1,0.8837177
1.0,1,0.9669103
1.0,1,0.5537983
0.0,0,0.04886481
1.0,1,0.5906252
0.0,0,0.015245628
0.0,0,0.064174496
0.0,0,0.016623504
0.0,0,0.010005577
0.0,0,0.029625174
0.0,1,0.8722633
1.0,1,0.63756573
0.0,0,0.2796553
1.0,1,0.8630285
0.0,0,0.016050316
1.0,1,0.952646
0.0,0,0.0059422585
1.0,0,0.18744047
0.0,0,0.004084175
0.0,0,0.0028711425
1.0,1,0.96193534
0.0,0,0.013420656
1.0,1,0.7666663
1.0,1,0.5205039
1.0,1,0.9648627
1.0,1,0.975094
0.0,0,0.0025530949
0.0,0,0.011612951
0.0,0,0.10439678
1.0,1,0.95582104
1.0,1,0.81245667
1.0,0,0.2707227
1.0,1,0.97282827
1.0,1,0.7918041
0.0,0,0.00022478084
1.0,1,0.9256476
1.0,1,0.9598908
1.0,1,0.92864716
0.0,0,0.07134644
0.0,0,0.26852748
1.0,1,0.97098804
0.0,0,0.120354146
0.0,0,0.42068335
1.0,1,0.97383195
0.0,0,0.0036679024
1.0,1,0.7918158
0.0,0,0.0023572978
0.0,0,0.028790774
0.0,0,0.040563848
0.0,0,0.0014309128
0.0,1,0.5675513
0.0,0,0.04230996
0.0,0,0.19013064
1.0,1,0.4374009
0.0,0,0.3557536
0.0,0,0.16053775
0.0,0,0.0029400971
0.0,0,0.20261517
0.0,0,0.0023045922
1.0,1,0.9606911
1.0,1,0.97410685
1.0,1,0.8372333
1.0,1,0.96773565
1.0,0,0.28025076
0.0,0,0.029443987
0.0,0,0.06982396
1.0,1,0.72990686
1.0,1,0.95682526
0.0,1,0.5837468
0.0,0,0.018016385
1.0,1,0.79286295
1.0,1,0.9088099
0.0,0,0.038417846
0.0,1,0.6480112
0.0,1,0.6105372
0.0,0,0.0024132575
0.0,0,0.13692428
1.0,1,0.9385752
1.0,1,0.95274097
0.0,1,0.50695825
1.0,1,0.85004765
1.0,1,0.705416
1.0,1,0.79287344
1.0,1,0.96381867
0.0,0,0.1413227
0.0,0,0.003094931
1.0,1,0.9717812
1.0,1,0.97347623
1.0,1,0.96885127
0.0,0,0.04738722
0.0,0,0.03152377
1.0,1,0.90572435
0.0,0,0.0025587564
1.0,1,0.77811563
0.0,0,0.21566333
1.0,1,0.97517204
0.0,0,0.006916679
1.0,1,0.7420901
0.0,0,0.14414978
0.0,0,0.23512128
0.0,0,0.010954337
0.0,0,0.0002966837
0.0,0,0.0010675269
0.0,0,0.075947106
1.0,1,0.96904504
0.0,0,0.008874767
1.0,1,0.9621999
1.0,1,0.89302886
0.0,0,0.0045233374
0.0,0,0.11948693
1.0,0,0.3713191
1.0,1,0.5434456
0.0,0,0.3394558
0.0,0,0.0026753996
0.0,0,0.057664543
0.0,0,0.052938186
1.0,1,0.97236776
0.0,0,0.00083155587
0.0,0,0.00021525253
0.0,0,0.10058436
0.0,0,0.039446227
1.0,1,0.8444325
0.0,0,0.22029428
0.0,0,0.00042215013
1.0,1,0.8768651
0.0,1,0.82305074
0.0,0,0.028522858
0.0,0,0.06947213
1.0,0,0.11811135
0.0,0,0.035694644
0.0,0,0.010188328
1.0,1,0.944314
0.0,0,0.0049048914
0.0,0,0.26263684
0.0,0,0.0009804151
1.0,1,0.6838995
1.0,1,0.9012851
1.0,0,0.37348214
1.0,1,0.9495461
0.0,0,0.10299497
0.0,0,0.05040674
1.0,1,0.97864836
1.0,0,0.42953348
1.0,1,0.88480574
0.0,0,0.41260228
0.0,0,0.0029067092
1.0,1,0.82968
0.0,0,0.017759714
1.0,1,0.88376737
1.0,1,0.7209864
1.0,1,0.79636514
0.0,0,0.021392515
0.0,0,0.14148597
1.0,0,0.38329712
1.0,1,0.97455055
1.0,1,0.6983627
1.0,1,0.9725603
1.0,0,0.3721784
0.0,0,0.000530072
1.0,1,0.9776766
0.0,0,0.009606884
1.0,0,0.24952242
0.0,0,0.05359466
0.0,0,0.004692652
0.0,0,0.082368374
0.0,1,0.486552
1.0,1,0.8730193
1.0,1,0.85698825
1.0,1,0.93154585
1.0,1,0.71697617
0.0,0,0.1345937
0.0,0,0.09222985
0.0,0,0.04828755
1.0,1,0.96679235
1.0,1,0.9522734
0.0,1,0.47934678
0.0,0,0.036913007
1.0,1,0.970429
0.0,0,0.019046534
0.0,0,0.1622913
1.0,1,0.6175194
0.0,0,0.05530691
0.0,0,0.0018985387
0.0,0,0.1394935
0.0,0,0.13701811
1.0,1,0.95450485
1.0,1,0.84269935
0.0,0,0.08933117
1.0,0,0.260722
0.0,0,0.010032179
1.0,1,0.97861236
0.0,1,0.8264085
1.0,1,0.7824869
1.0,1,0.6304544
1.0,1,0.92254555
0.0,0,0.00027626375
1.0,1,0.97704685
0.0,1,0.49341145
0.0,0,0.0033092988
1.0,1,0.96132845
1.0,1,0.94202495
1.0,1,0.4776498
0.0,0,0.0037910005
1.0,1,0.97094256
0.0,1,0.5236194
0.0,0,0.009608999
0.0,0,0.04705683
1.0,1,0.9639591
0.0,0,0.2026305
1.0,0,0.24937783
1.0,1,0.8322511
0.0,0,0.0006152901
1.0,1,0.9445461
1.0,1,0.94689524
0.0,0,0.0020884988
1.0,1,0.93718195
1.0,1,0.95932454
1.0,1,0.9115074
0.0,0,0.075064875
0.0,0,0.04023162
0.0,0,0.003974804
0.0,0,0.17808975
1.0,0,0.013225521
0.0,0,0.02381826
0.0,0,0.08963412
1.0,1,0.959808
0.0,0,0.010292974
0.0,0,0.044156328
1.0,1,0.97636926
0.0,0,0.06025392
1.0,1,0.90136945
0.0,0,0.06335513
0.0,0,0.0019755615
1.0,1,0.9747234
0.0,1,0.62966645
1.0,1,0.9615081
1.0,1,0.91826135
1.0,1,0.9672251
1.0,1,0.89590645
0.0,0,0.0035571947
0.0,0,0.046821978
1.0,1,0.93773216
1.0,1,0.89265573
0.0,1,0.74664664
1.0,1,0.6357412
0.0,0,0.035879888
1.0,1,0.59252524
0.0,0,0.27973446
0.0,0,0.036109895
0.0,0,0.26345465
0.0,0,0.011928632
0.0,0,0.0021561964
1.0,1,0.97851634
0.0,0,0.41479185
0.0,0,0.00048995006
1.0,1,0.9672565
1.0,1,0.8705368
0.0,0,0.04282323
0.0,0,0.0053118453
1.0,0,0.09253384
1.0,1,0.56298935
0.0,0,0.08945153
0.0,0,0.008698282
1.0,1,0.92448175
1.0,1,0.9684569
1.0,1,0.7112644
1.0,0,0.05356426
0.0,0,0.0023266487
0.0,0,0.0026549504
1.0,1,0.8597693
1.0,1,0.82938087
1.0,1,0.82047033
1.0,1,0.9754592
1.0,1,0.8029987
1.0,1,0.66075647
0.0,0,0.31192246
1.0,1,0.9723629
1.0,1,0.97288364
1.0,0,0.15015124
0.0,0,0.00967823
0.0,0,0.40634394
0.0,0,0.10182364
0.0,0,0.18364921
0.0,1,0.61635387
0.0,0,0.09855449
1.0,1,0.9631185
1.0,1,0.97204024
1.0,1,0.5112661
1.0,0,0.3222604
1.0,1,0.46250594
0.0,0,0.00044598425
0.0,0,0.016101861
1.0,1,0.59212315
1.0,1,0.8926804
0.0,0,0.006817204
1.0,1,0.87847
0.0,0,0.056171037
0.0,0,0.033153087
1.0,0,0.32812375
1.0,1,0.61847633
1.0,1,0.9753382
0.0,0,0.21287833
0.0,1,0.9319631
1.0,1,0.9743047
1.0,1,0.94577205
0.0,0,0.007576391
0.0,0,0.04337116
0.0,0,0.007948925
0.0,0,0.090080336
0.0,0,0.06844378
0.0,0,0.012940506
0.0,0,0.10642269
1.0,1,0.9733444
0.0,1,0.5663592
1.0,1,0.96912706
1.0,1,0.7349899
0.0,0,0.084665954
0.0,0,0.07992678
0.0,0,0.0037182746
0.0,0,0.02643458
1.0,1,0.8829047
0.0,0,0.008472159
0.0,0,0.0020174005
0.0,0,0.105871454
1.0,1,0.7164693
0.0,0,0.006538775
0.0,1,0.6747681
0.0,0,0.16685136
1.0,1,0.78670675
1.0,1,0.46614197
1.0,1,0.7840879
1.0,1,0.8805517
0.0,0,0.02396971
0.0,0,0.010429062
1.0,1,0.9779115
1.0,1,0.9768086
1.0,1,0.9650217
1.0,1,0.9607558
0.0,0,0.21829769
0.0,0,0.017583469
0.0,0,0.006247236
0.0,0,0.007160056
1.0,0,0.41484597
1.0,1,0.81974137
1.0,1,0.6476239
0.0,0,0.14676677
1.0,1,0.6004032
1.0,1,0.59600663
0.0,0,0.20621017
0.0,0,0.19698417
0.0,0,0.22998929
0.0,0,0.003881791
0.0,0,0.0313806
0.0,0,0.21137753
1.0,1,0.8828547
0.0,0,0.037518527
1.0,1,0.9338311
0.0,0,0.0018676121
1.0,1,0.70281917
0.0,0,0.014553759
1.0,1,0.81641704
0.0,0,0.127955
1.0,1,0.74104655
1.0,1,0.44531327
0.0,0,0.0038087438
1.0,1,0.49920407
1.0,1,0.9096947
0.0,0,0.008844595
1.0,1,0.8138178
1.0,1,0.75943696
1.0,1,0.9777873
0.0,0,0.08551129
1.0,1,0.7016933
0.0,0,0.06088272
1.0,1,0.9770668
0.0,0,0.0028972442
1.0,1,0.8941145
0.0,0,0.16741258
0.0,0,0.13555521
1.0,1,0.57254136
1.0,1,0.8526
0.0,0,0.06487482
1.0,1,0.75617325
0.0,0,0.023592863
0.0,0,0.08066401
0.0,0,0.13435043
1.0,1,0.9769497
1.0,1,0.9511629
0.0,0,0.013229274
0.0,0,0.0014406261
0.0,0,0.023309471
1.0,1,0.5744033
1.0,1,0.62033457
1.0,1,0.5057254
1.0,1,0.96077585
0.0,0,0.035353407
1.0,1,0.7946465
0.0,0,0.07086007
0.0,0,0.20631684
0.0,0,0.2524422
1.0,1,0.97481793
1.0,1,0.9559394
1.0,0,0.34175408
0.0,0,0.0014853094
1.0,1,0.82922375
1.0,0,0.1272425
0.0,0,0.00011207935
0.0,0,0.025682306
0.0,0,0.098671414
0.0,1,0.5675843
0.0,0,0.090994366
0.0,0,0.01126216
0.0,0,0.28199327
0.0,0,0.07561842
0.0,0,0.021447597
1.0,1,0.94546306
0.0,1,0.6428635
0.0,0,0.008732765
0.0,0,0.00767106
1.0,1,0.9329729
0.0,0,0.0031009864
0.0,0,0.13912117
1.0,0,0.14313795
1.0,1,0.8378298
0.0,0,0.112319
1.0,0,0.32782555
0.0,0,0.0011124784
1.0,1,0.92216426
1.0,1,0.9628626
1.0,1,0.97314095
1.0,1,0.7799017
0.0,1,0.95558244
1.0,1,0.59802544
1.0,1,0.9513865
0.0,0,0.1652768
0.0,0,0.0586998
1.0,1,0.93500656
1.0,1,0.90518135
0.0,0,0.0425617
1.0,1,0.6473074
1.0,1,0.9363922
1.0,1,0.9469591
0.0,0,0.04443674
1.0,0,0.25853267
1.0,1,0.784315
0.0,0,0.1266027
0.0,0,0.06185766
1.0,1,0.9138915
0.0,0,0.029554082
1.0,1,0.8874657
0.0,0,0.004803897
1.0,1,0.60086286
1.0,1,0.61157846
1.0,1,0.9141091
1.0,1,0.97029316
0.0,0,0.0054645194
0.0,0,0.001128052
0.0,0,0.05505223
1.0,1,0.6597205
1.0,1,0.9280505
0.0,0,0.045115963
0.0,1,0.7349658
1.0,1,0.78015983
0.0,0,0.12774098
0.0,0,0.04701492
0.0,0,0.0097136265
1.0,1,0.9704748
1.0,1,0.97582555
1.0,1,0.6350063
0.0,0,0.05871581
1.0,0,0.3983405
1.0,1,0.5667841
1.0,1,0.7896868
1.0,1,0.9742584
1.0,1,0.9696397
1.0,1,0.9638111
0.0,0,0.014672566
0.0,0,0.26487795
0.0,0,0.07305668
0.0,0,0.13496837
0.0,0,0.00038289977
1.0,1,0.68368053
0.0,0,0.055821583
0.0,0,0.008802342
1.0,1,0.9094317
0.0,0,0.06453436
0.0,0,0.0100893695
1.0,1,0.8905925
1.0,1,0.97928345
1.0,1,0.735472
0.0,0,0.18307543
0.0,0,0.039554812
0.0,0,0.42817524
0.0,0,0.0015290414
0.0,0,0.036427353
1.0,1,0.88206017
1.0,1,0.9767585
1.0,1,0.86447996
0.0,0,0.21026017
1.0,1,0.89315194
0.0,0,0.0009333881
0.0,0,0.005191452
0.0,0,0.022568088
0.0,0,0.0012639987
1.0,1,0.9713489
0.0,0,0.005891508
1.0,1,0.97105914
1.0,1,0.5501659
0.0,0,0.002715773
1.0,1,0.95694226
1.0,1,0.9807185
0.0,1,0.43406203
1.0,1,0.9740933
0.0,0,0.104269676
0.0,0,0.044701114
0.0,0,0.07342016
0.0,0,0.015730353
0.0,0,0.025444651
0.0,0,0.020178886
0.0,0,0.026005046
0.0,0,0.006121653
1.0,1,0.8452728
1.0,1,0.7752468
0.0,0,0.08428238
0.0,0,0.014374253
1.0,1,0.9629945
0.0,0,0.007356119
0.0,0,0.00398095
0.0,0,0.39316308
0.0,1,0.8097287
0.0,0,0.0103896335
0.0,0,0.009561855
1.0,1,0.9605716
1.0,1,0.9629769
0.0,0,0.01688756
1.0,1,0.66592646
0.0,1,0.7034215
0.0,1,0.5611427
0.0,1,0.55719167
0.0,0,0.009694472
0.0,0,0.16654083
0.0,0,0.018004047
1.0,1,0.78503454
0.0,0,0.1934001
1.0,1,0.84436154
1.0,1,0.6294791
0.0,0,0.046851262
1.0,1,0.83435446
0.0,0,0.03576533
0.0,0,0.16051675
0.0,0,0.0019364726
1.0,1,0.8259361
1.0,1,0.9576493
0.0,0,0.0035716472
1.0,1,0.9619097
1.0,1,0.97331977
0.0,0,0.3766771
1.0,1,0.6057066
0.0,0,0.2718864
1.0,1,0.80605495
1.0,0,0.19433661
1.0,1,0.830143
0.0,0,0.07420899
1.0,1,0.9802439
1.0,1,0.9798495
0.0,0,0.0024532427
0.0,0,0.0043132417
1.0,1,0.59128404
0.0,0,0.22493672
1.0,1,0.84396386
0.0,1,0.640983
1.0,1,0.9566974
1.0,1,0.90837353
1.0,1,0.9779587
1.0,1,0.8692172
0.0,0,0.19146681
0.0,0,0.031142574
1.0,1,0.939594
1.0,1,0.87030804
0.0,0,0.15046999
0.0,0,0.06650169
1.0,1,0.8816331
1.0,1,0.94256425
0.0,0,0.025235385
0.0,0,0.0010673942
0.0,0,0.0057571623
1.0,1,0.98108286
0.0,0,0.017630946
0.0,0,0.08182331
1.0,1,0.97427744
0.0,0,0.102810375
0.0,0,0.005590628
0.0,0,0.12819286
1.0,1,0.97226375
1.0,1,0.9489311
1.0,1,0.96416193
0.0,0,0.093614936
0.0,0,0.08379467
1.0,1,0.50393814
1.0,1,0.84949845
0.0,0,0.018071994
0.0,0,0.021094874
1.0,1,0.9561448
1.0,1,0.96516246
0.0,0,0.18830192
0.0,0,0.40037003
1.0,1,0.68997264
0.0,0,0.0017037261
0.0,0,0.04251924
1.0,1,0.9712162
0.0,0,0.015133386
1.0,1,0.43142313
1.0,1,0.9325873
0.0,0,0.0882607
1.0,1,0.55581695
0.0,0,0.0019185462
0.0,0,0.013436171
0.0,0,0.004186462
0.0,1,0.65540934
1.0,1,0.9622404
0.0,0,0.0222358
1.0,1,0.92103934
0.0,0,0.0057607605
1.0,1,0.8794747
0.0,0,0.0010640773
1.0,1,0.9656821
0.0,0,0.017851774
1.0,1,0.704645
1.0,1,0.8433816
0.0,0,0.0078770835
1.0,1,0.8977074
0.0,0,0.019642714
0.0,0,0.0026522574
1.0,1,0.49324292
1.0,1,0.9705599
0.0,0,0.25649515
1.0,1,0.5902125
1.0,1,0.7867378
0.0,0,0.07337604
0.0,0,0.1937476
1.0,1,0.97782105
1.0,1,0.9369774
0.0,0,0.0022638738
1.0,1,0.7683636
1.0,1,0.95641625
1.0,1,0.6020705
1.0,1,0.9708401
1.0,1,0.95311826
0.0,0,0.03585868
1.0,1,0.9501504
0.0,0,0.002887406
1.0,1,0.9701114
1.0,1,0.93400586
0.0,0,0.055102978
0.0,0,0.008403372
0.0,0,0.0008089145
1.0,1,0.92811704
0.0,0,0.18402338
0.0,0,0.005476126
0.0,0,0.24083474
1.0,0,0.1255386
1.0,1,0.47308326
1.0,1,0.55226344
0.0,0,0.097785264
0.0,1,0.5923028
0.0,0,0.014895626
1.0,1,0.9354998
0.0,0,0.00011372078
0.0,0,0.30577025
1.0,1,0.63902855
0.0,0,0.05331209
0.0,0,0.40365738
1.0,0,0.24580024
1.0,1,0.85824025
1.0,1,0.9256237
1.0,1,0.7731872
1.0,1,0.7579387
0.0,0,0.0033578277
1.0,1,0.9711588
0.0,0,0.07829813
0.0,0,0.021440761
1.0,1,0.9704466
0.0,0,0.0048662326
1.0,1,0.8653756
0.0,1,0.44906813
0.0,0,0.002569398
1.0,1,0.5023825
0.0,0,0.016939176
0.0,0,0.022449415
1.0,1,0.8861241
0.0,0,0.033585433
1.0,1,0.8965689
1.0,1,0.6973077
0.0,0,0.037276406
0.0,0,0.028010193
0.0,0,0.1377219
0.0,0,0.00032130667
0.0,1,0.4430425
0.0,0,0.0010204824
1.0,1,0.7267406
1.0,1,0.9203178
1.0,1,0.87019527
0.0,0,0.29976532
0.0,1,0.5764687
1.0,1,0.88841355
0.0,0,0.058605403
0.0,0,0.046388835
1.0,1,0.88298804
1.0,0,0.10241862
0.0,0,0.028907456
1.0,1,0.69990754
1.0,1,0.9768694
0.0,0,0.13209133
1.0,1,0.9607369
1.0,1,0.75321996
0.0,0,0.17146653
1.0,1,0.88590914
0.0,0,0.006315316
0.0,0,0.040905222
0.0,0,0.094908625
0.0,0,0.008246426
1.0,0,0.14518699
0.0,0,0.0022206486
0.0,0,0.04353126
0.0,0,0.002683985
1.0,1,0.9341678
0.0,0,0.008991663
1.0,1,0.736779
0.0,0,0.16725641
1.0,1,0.968825
1.0,1,0.81188047
0.0,0,0.020428995
1.0,1,0.4416426
0.0,0,0.12715468
1.0,1,0.4739297
1.0,1,0.9319001
0.0,0,0.10407636
1.0,1,0.9121493
1.0,1,0.44035414
0.0,0,0.086954325
0.0,0,0.004835749
0.0,1,0.44001794
0.0,0,0.04246042
1.0,0,0.080493696
1.0,1,0.96999216
0.0,0,0.00094456424
0.0,0,0.12701042
0.0,0,0.0045091137
1.0,1,0.6759168
0.0,0,0.0009635694
0.0,0,0.0003709697
1.0,1,0.6068584
0.0,0,0.23638897
1.0,1,0.95010865
0.0,0,0.022386536
1.0,1,0.9567048
0.0,0,0.003575668
1.0,1,0.8888688
1.0,1,0.9562451
0.0,0,0.11755556
1.0,0,0.29281235
0.0,0,0.15259084
1.0,1,0.6757841
1.0,1,0.96033
1.0,1,0.8639978
0.0,0,0.07218091
1.0,1,0.9547672
0.0,0,0.0031406959
1.0,1,0.84644175
1.0,1,0.7101302
1.0,1,0.83390427
0.0,0,0.029732613
1.0,1,0.9368244
1.0,1,0.925676
0.0,0,0.353569
0.0,1,0.5740112
0.0,0,0.0074769217
1.0,1,0.71380895
1.0,1,0.9562819
0.0,0,0.0064136246
1.0,0,0.3776648
1.0,1,0.879388
1.0,1,0.78425115
0.0,0,0.4196029
1.0,1,0.6192654
0.0,0,0.21863782
0.0,1,0.6388301
1.0,1,0.94569576
0.0,1,0.6092961
1.0,1,0.8794473
0.0,0,0.008672976
1.0,1,0.9487051
0.0,0,0.12323973
1.0,1,0.94652706
1.0,1,0.6388985
1.0,0,0.36917633
1.0,1,0.8654706
0.0,0,0.19087963
1.0,1,0.87449473
1.0,1,0.9747359
1.0,1,0.823469
0.0,0,0.0012142169
0.0,0,0.15211241
0.0,0,0.0041589895
1.0,1,0.5698482
1.0,1,0.89781326
1.0,1,0.97174203
1.0,1,0.977312
0.0,0,0.0026388732
0.0,0,0.012657826
0.0,0,0.003742744
0.0,0,0.2209649
0.0,0,0.09046622
1.0,1,0.84659165
1.0,1,0.8683665
1.0,1,0.94238925
1.0,1,0.9644198
1.0,1,0.5677571
1.0,1,0.9713306
1.0,1,0.9794522
1.0,1,0.8726468
0.0,0,0.00010701718
1.0,1,0.6531031
0.0,0,0.0040499177
0.0,0,0.07983125
1.0,0,0.21704136
1.0,1,0.8997765
1.0,0,0.2844666
0.0,0,0.03872138
0.0,0,0.015179544
1.0,1,0.82143414
1.0,1,0.7807362
0.0,0,0.035062604
0.0,0,0.08405444
0.0,0,0.0035340018
1.0,0,0.41577378
1.0,0,0.38814643
1.0,1,0.86018765
1.0,0,0.4073574
0.0,0,0.032702908
0.0,1,0.539479
0.0,0,0.109565206
1.0,1,0.9780986
0.0,1,0.9718398
0.0,0,0.01808189
1.0,1,0.9676748
0.0,0,0.028023373
1.0,1,0.9515438
1.0,1,0.95732087
0.0,0,0.0014752855
1.0,1,0.9296732
1.0,1,0.5878445
1.0,1,0.92877406
0.0,0,0.06539305
1.0,1,0.85241985
1.0,1,0.9728742
1.0,1,0.93290615
0.0,0,0.003831972
1.0,0,0.4037635
1.0,1,0.8901419
0.0,0,0.36639997
1.0,1,0.9661669
1.0,1,0.9016835
0.0,0,0.058021702
0.0,0,0.014793883
1.0,1,0.8238754
1.0,1,0.95704114
0.0,0,0.09295091
0.0,1,0.44687882
0.0,0,0.025232943
1.0,1,0.8484275
0.0,0,0.045375515
0.0,0,0.00075073104
0.0,0,0.0015599887
1.0,1,0.97338796
0.0,0,0.35319996
1.0,1,0.7742474
1.0,1,0.73995006
1.0,1,0.9506963
0.0,0,0.040378984
1.0,1,0.9627534
0.0,0,0.008916287
1.0,1,0.60177076
1.0,1,0.9552818
0.0,0,0.09408842
0.0,0,0.0014023321
1.0,0,0.16165014
0.0,0,0.0951951
0.0,0,0.011450044
0.0,0,0.05526999
0.0,0,0.029790027
1.0,1,0.45534042
1.0,1,0.81224734
1.0,1,0.97050977
0.0,0,0.009319962
0.0,0,0.12261598
0.0,0,0.02629668
1.0,1,0.5260375
1.0,1,0.84185535
0.0,0,0.042851124
0.0,0,0.034163233
0.0,0,0.18922554
0.0,0,0.13939135
0.0,0,0.015894834
0.0,0,0.13055366
1.0,1,0.77074134
1.0,1,0.8387444
1.0,1,0.89415175
1.0,1,0.7255726
0.0,0,0.0025728084
0.0,0,0.0044138036
1.0,1,0.60371935
1.0,1,0.91733193
0.0,0,0.009092686
1.0,1,0.6257806
1.0,1,0.96529734
0.0,0,0.012031137
0.0,0,0.08610485
1.0,1,0.9553268
0.0,0,0.17181456
0.0,0,0.022898424
1.0,1,0.650972
0.0,1,0.6373954
0.0,0,0.14656548
1.0,1,0.7931341
1.0,1,0.9638338
1.0,1,0.9362233
1.0,1,0.97425586
1.0,1,0.8216593
1.0,1,0.97514063
1.0,1,0.7137134
0.0,1,0.4369505
0.0,1,0.47450116
1.0,0,0.42572355
1.0,1,0.55160606
0.0,0,0.020012742
1.0,1,0.51544476
1.0,1,0.8593513
0.0,0,0.0011112738
1.0,1,0.7892754
1.0,1,0.92075914
1.0,1,0.7991925
0.0,0,0.27666375
0.0,0,0.0022962429
1.0,1,0.9655364
0.0,1,0.79489595
0.0,0,0.036095385
0.0,0,0.028884133
1.0,1,0.9651785
0.0,0,0.08575034
1.0,1,0.777757
1.0,1,0.95725405
1.0,1,0.84177685
0.0,0,0.09701121
1.0,1,0.9638017
1.0,0,0.09813682
0.0,0,0.091109104
0.0,0,0.03281388
1.0,1,0.90894496
0.0,0,0.019110758
0.0,0,0.01284268
1.0,1,0.8787799
1.0,1,0.90094006
1.0,1,0.53831756
1.0,1,0.5591749
1.0,1,0.7324345
0.0,0,0.004729083
1.0,1,0.9006586
1.0,1,0.6346415
1.0,1,0.8630484
1.0,1,0.5388102
1.0,1,0.9484697
0.0,0,0.0088750785
1.0,1,0.47093686
0.0,0,0.057632267
0.0,0,0.016645804
1.0,1,0.971311
0.0,0,0.05003079
0.0,0,0.003579391
1.0,1,0.8118886
0.0,0,0.0030732432
1.0,1,0.9396756
1.0,1,0.97189325
0.0,1,0.6013311
0.0,0,0.124055214
1.0,1,0.9325756
0.0,0,0.0015131128
0.0,0,0.0045244545
0.0,0,0.009609879
0.0,0,0.17500404
1.0,1,0.9228426
1.0,1,0.96704537
0.0,0,0.011941256
1.0,1,0.78354156
1.0,1,0.92684305
1.0,0,0.3002958
0.0,0,0.0059967507
1.0,1,0.5303532
1.0,0,0.35879308
0.0,0,0.004232747
0.0,0,0.023348987
1.0,1,0.93929434
0.0,0,0.0047320845
1.0,1,0.85462976
1.0,1,0.9677068
1.0,1,0.9783158
1.0,1,0.9701731
1.0,0,0.3814397
1.0,1,0.9440759
1.0,1,0.71016145
0.0,0,0.040291402
0.0,0,0.13706562
1.0,1,0.97878456
1.0,1,0.9744662
0.0,0,0.081319794
1.0,1,0.96512014
0.0,0,0.0053676507
1.0,1,0.9783751
1.0,1,0.9594728
1.0,1,0.9682341
1.0,1,0.73733604
0.0,0,0.0030825564
1.0,1,0.53131115
0.0,0,0.0009740736
1.0,1,0.5330657
0.0,0,0.008783392
1.0,1,0.9799821
1.0,1,0.49410674
1.0,1,0.9205852
1.0,1,0.7182545
0.0,0,0.22944196
1.0,1,0.96810806
0.0,1,0.9208269
0.0,0,0.06895336
1.0,1,0.842415
1.0,1,0.9320817
0.0,0,0.008744822
0.0,0,0.13355663
1.0,1,0.9770554
0.0,0,0.096264996
0.0,0,0.00044728385
0.0,0,0.074478604
0.0,0,0.33321375
0.0,0,0.34169587
1.0,1,0.9751835
0.0,0,0.044132184
0.0,0,0.15646522
1.0,1,0.4897627
1.0,1,0.9602535
0.0,0,0.19039269
0.0,0,0.07179516
1.0,1,0.43918842
1.0,1,0.7297769
1.0,1,0.965927
0.0,0,0.1123748
1.0,1,0.9606965
1.0,1,0.79285216
0.0,0,0.028612835
1.0,1,0.9708848
0.0,0,0.24266161
0.0,0,0.33075503
0.0,0,0.0048142215
0.0,0,0.42210662
0.0,0,0.04043675
0.0,0,0.001148809
0.0,0,0.12963785
1.0,1,0.68114984
0.0,1,0.9132378
0.0,0,0.36940026
1.0,1,0.9765898
0.0,0,0.08058268
0.0,0,0.20495279
0.0,0,0.0069268853
0.0,0,0.002426666
1.0,1,0.8720741
1.0,1,0.9526326
1.0,1,0.7183492
1.0,1,0.9741928
1.0,1,0.9663587
0.0,0,0.1587136
0.0,0,0.039865382
0.0,0,0.10996574
1.0,1,0.7853968
1.0,1,0.97705686
0.0,0,0.0060469
1.0,1,0.97600836
1.0,1,0.9770626
1.0,1,0.8748962
0.0,0,0.0035288483
1.0,1,0.82788414
0.0,0,0.2513584
0.0,0,0.000904215
0.0,0,0.06400734
0.0,0,0.07105765
0.0,0,0.14995074
1.0,1,0.9773178
1.0,1,0.9556562
0.0,0,0.013311017
0.0,1,0.72647214
1.0,1,0.9536364
1.0,1,0.9629794
1.0,1,0.5639451
1.0,1,0.70988166
0.0,0,0.059190456
1.0,1,0.9726877
0.0,0,0.02106915
1.0,1,0.888242
1.0,1,0.844744
1.0,1,0.976453
1.0,1,0.7678411
1.0,1,0.8221185
0.0,0,0.118483566
1.0,1,0.95422196
1.0,1,0.87222326
0.0,0,0.0039623454
0.0,0,0.3981745
0.0,0,0.0015782703
1.0,1,0.96804625
1.0,1,0.50325036
0.0,0,0.027601512
0.0,0,0.056885168
1.0,1,0.81702906
0.0,0,0.14412782
1.0,0,0.37801993
1.0,1,0.9697539
1.0,1,0.94772136
0.0,0,0.21286578
0.0,0,0.018619971
0.0,0,0.23464257
0.0,0,0.06486634
1.0,1,0.9273431
1.0,1,0.94449586
0.0,0,0.2290801
0.0,0,0.008175167
1.0,1,0.96734166
0.0,0,0.3017882
1.0,1,0.9745284
1.0,1,0.8954286
1.0,1,0.96051276
1.0,1,0.9177835
0.0,0,0.08129889
1.0,1,0.84301066
1.0,1,0.945245
0.0,1,0.6258064
1.0,1,0.97377783
1.0,1,0.96786785
1.0,1,0.861688
0.0,0,0.0013078222
1.0,1,0.88690376
1.0,1,0.7079437
1.0,1,0.9761004
1.0,1,0.92347795
1.0,1,0.80950737
0.0,0,0.026523516
1.0,0,0.34716633
0.0,0,0.030279553
0.0,0,0.029538088
0.0,0,0.0025329082
0.0,0,0.0052524647
1.0,1,0.88273656
0.0,0,0.003993186
1.0,1,0.49938625
1.0,1,0.92832685
1.0,1,0.95564395
0.0,0,0.0073382435
0.0,0,0.068365596
1.0,1,0.96957904
1.0,0,0.03530234
1.0,1,0.81211567
1.0,1,0.9561243
0.0,0,0.023630796
0.0,0,0.12577474
0.0,0,0.008601947
0.0,0,0.07885275
0.0,0,0.046466842
0.0,0,0.0044926177
0.0,0,0.0051428652
1.0,1,0.7356803
1.0,0,0.35959652
1.0,0,0.1546845
1.0,1,0.8254017
0.0,1,0.6446518
1.0,1,0.97581553
1.0,1,0.9742794
0.0,0,0.043452863
0.0,0,0.0161166
0.0,0,0.00035439432
0.0,0,0.018957896
1.0,1,0.9789163
1.0,1,0.98182935
1.0,1,0.8773281
0.0,0,0.031567924
1.0,1,0.95200205
1.0,1,0.7048565
1.0,1,0.8976906
0.0,0,0.008502708
0.0,0,0.061875056
1.0,1,0.8244967
0.0,0,0.05749771
0.0,0,0.016980309
0.0,0,0.11896196
1.0,1,0.9746188
1.0,1,0.9569756
0.0,0,0.05750475
1.0,1,0.895226
0.0,0,0.053091522
0.0,0,0.004050872
0.0,0,0.058633372
0.0,0,0.0105899125
0.0,1,0.6197462
0.0,0,0.03359896
0.0,0,0.0014701296
1.0,1,0.9310505
0.0,0,0.0028792338
1.0,1,0.73309755
0.0,0,0.040267736
1.0,1,0.9763732
1.0,1,0.90643615
1.0,1,0.91421574
1.0,1,0.90713567
0.0,0,0.07587724
1.0,1,0.8973766
0.0,0,0.012708496
0.0,0,0.038779065
1.0,1,0.8134308
0.0,0,0.14500837
1.0,1,0.8796178
1.0,1,0.7220207
1.0,1,0.94292533
0.0,0,0.17447962
0.0,0,0.037225444
1.0,1,0.6689395
1.0,1,0.5417155
0.0,0,0.0011400176
0.0,0,0.121082954
1.0,1,0.96125567
1.0,0,0.30420375
1.0,1,0.96200985
0.0,0,0.020448795
0.0,1,0.67736435
0.0,0,0.05040914
1.0,1,0.8676701
0.0,0,0.034211528
0.0,0,0.00598997
0.0,0,0.021368828
0.0,0,0.006121809
0.0,0,0.091004156
0.0,0,0.018017363
1.0,1,0.89916724
1.0,1,0.6044098
1.0,1,0.85391665
1.0,1,0.97037816
0.0,0,0.031656653
1.0,1,0.8076645
1.0,1,0.9624424
0.0,0,0.023259573
1.0,1,0.9619924
1.0,0,0.10337275
0.0,0,0.032492235
0.0,0,0.0067713056
0.0,0,0.0016832461
0.0,0,0.00095592724
1.0,1,0.97336584
0.0,0,0.09113747
0.0,0,0.010709417
1.0,1,0.9740396
1.0,1,0.93645024
1.0,1,0.55938804
1.0,1,0.763041
1.0,1,0.8435519
0.0,0,0.039071597
1.0,0,0.36948425
1.0,1,0.8701092
1.0,1,0.72217333
0.0,0,0.0026593555
1.0,1,0.8528714
0.0,0,0.009602939
1.0,1,0.69170916
0.0,0,0.052315272
0.0,0,0.040545233
0.0,0,0.024656834
0.0,0,0.0036341473
1.0,1,0.71574545
0.0,0,0.07838688
0.0,0,0.0020119136
1.0,1,0.9743055
1.0,1,0.79696906
1.0,1,0.73167765
1.0,1,0.96404344
0.0,0,0.0059229084
1.0,1,0.9737762
1.0,1,0.9755957
0.0,0,0.017936291
1.0,1,0.9769285
1.0,1,0.95977086
0.0,0,0.17508124
1.0,1,0.6568613
1.0,0,0.35333475
1.0,1,0.9761609
1.0,1,0.79356766
1.0,1,0.9722619
1.0,0,0.083422184
1.0,1,0.6372023
1.0,1,0.892034
0.0,0,0.15851244
0.0,1,0.9121597
0.0,1,0.4554797
0.0,1,0.6031711
1.0,1,0.820912
0.0,0,0.22552125
1.0,1,0.934448
1.0,1,0.9733924
0.0,0,0.059281543
0.0,0,0.08824745
1.0,1,0.56397796
1.0,1,0.91248083
0.0,0,0.008403058
0.0,0,0.13375181
1.0,1,0.8976012
0.0,0,0.0075000464
1.0,1,0.93428755
1.0,1,0.97321206
0.0,0,0.007638735
0.0,0,0.010888448
0.0,0,0.19035731
1.0,1,0.9778546
1.0,1,0.96813524
0.0,0,0.024212409
1.0,0,0.09504114
1.0,1,0.87322116
1.0,1,0.97571087
0.0,0,0.0699972
1.0,1,0.95545244
1.0,1,0.94790816
0.0,1,0.5169779
0.0,0,0.14300865
1.0,0,0.41237396
1.0,1,0.79654753
0.0,0,0.0030295919
1.0,1,0.9655154
1.0,1,0.9371245
0.0,0,0.19519603
1.0,1,0.8297072
0.0,0,0.0007431517
1.0,1,0.9328963
0.0,0,0.012828518
0.0,1,0.5074754
1.0,0,0.3814401
0.0,0,0.11011703
1.0,1,0.7393156
0.0,0,0.3481069
1.0,1,0.9038355
0.0,0,0.005931908
1.0,1,0.964457
1.0,0,0.042301834
1.0,1,0.89962286
1.0,1,0.8749677
0.0,0,0.05327307
1.0,1,0.96956515
0.0,1,0.43580422
0.0,0,0.36367628
0.0,0,0.111038305
0.0,0,0.14193627
0.0,0,0.23031296
1.0,1,0.9614978
1.0,1,0.6322353
1.0,0,0.327472
0.0,0,0.001416309
1.0,1,0.95478505
0.0,0,0.0040221075
0.0,0,0.20108883
0.0,0,0.37134466
1.0,1,0.95214784
1.0,0,0.25451633
0.0,0,0.0026189815
0.0,0,0.027224641
0.0,0,0.030868456
0.0,0,0.121928595
0.0,1,0.53340197
1.0,1,0.7424468
1.0,1,0.97098756
1.0,0,0.2816332
1.0,0,0.23536278
1.0,1,0.58106685
1.0,1,0.9197269
1.0,1,0.59573346
1.0,0,0.38981172
1.0,1,0.7884004
1.0,1,0.9755179
0.0,1,0.5185003
1.0,1,0.9745431
0.0,0,0.019965848
1.0,1,0.9768213
1.0,1,0.84237677
1.0,0,0.14449865
0.0,0,0.0006646085
1.0,1,0.86929536
0.0,0,0.0054912088
1.0,1,0.7325389
0.0,1,0.75068825
1.0,1,0.9496654
0.0,0,0.17048322
1.0,1,0.72043526
1.0,1,0.93658906
1.0,1,0.9588366
0.0,0,0.004133992
0.0,0,0.3392075
0.0,0,0.043630697
1.0,1,0.5942725
1.0,1,0.93609273
1.0,1,0.7886958
1.0,1,0.9546782
1.0,1,0.61101484
1.0,1,0.9625367
1.0,1,0.7112638
1.0,1,0.85294783
0.0,0,0.031210788
1.0,1,0.96772283
0.0,0,0.07683689
1.0,1,0.5235014
1.0,1,0.62435585
1.0,1,0.8192438
0.0,0,0.26365003
0.0,0,0.300763
1.0,1,0.62813866
1.0,1,0.97694457
1.0,1,0.709184
0.0,0,0.043709457
0.0,0,0.08265396
0.0,0,0.30378988
1.0,1,0.9640285
0.0,1,0.915778
1.0,1,0.95841175
0.0,0,0.17536382
1.0,1,0.80818415
0.0,0,0.0047783735
0.0,0,0.053824745
1.0,1,0.9693321
0.0,0,0.10188131
0.0,0,0.016648263
1.0,1,0.46342385
0.0,0,0.012187506
0.0,0,0.023926485
0.0,0,0.3177224
1.0,1,0.70083535
1.0,1,0.818764
1.0,1,0.9086514
1.0,1,0.9780373
0.0,1,0.7946943
0.0,0,0.047520153
1.0,1,0.8824338
1.0,0,0.36948135
1.0,1,0.6214607
0.0,0,0.0050004623
0.0,0,0.060856044
0.0,0,0.35453174
0.0,0,0.14159691
0.0,0,0.0042588296
0.0,0,0.010467965
0.0,0,0.0038175974
0.0,0,0.016089689
0.0,0,0.08038556
0.0,0,0.09884829
1.0,1,0.72473127
1.0,1,0.97313845
0.0,0,0.0031431932
1.0,1,0.87489104
1.0,1,0.592916
0.0,0,0.035978615
0.0,0,0.25148714
0.0,0,0.014742203
1.0,1,0.563331
0.0,0,0.06945161
1.0,1,0.8422918
1.0,1,0.9371873
1.0,1,0.97653645
1.0,0,0.3486038
0.0,0,0.025659114
1.0,1,0.8739834
0.0,0,0.0011196886
0.0,0,0.0013694232
0.0,0,0.023926832
0.0,0,0.1676418
0.0,1,0.56359756
1.0,1,0.8986467
1.0,1,0.765659
0.0,0,0.0031730386
0.0,1,0.49017164
1.0,1,0.9093759
1.0,1,0.7957667
0.0,0,0.026594833
0.0,0,0.009212746
1.0,1,0.9683864
0.0,0,0.27729076
0.0,0,0.00029078618
0.0,0,0.06578255
1.0,1,0.94386524
1.0,1,0.6449717
0.0,0,0.006572248
0.0,0,0.043075673
1.0,1,0.94079983
0.0,0,0.030742973
1.0,1,0.4786338
1.0,1,0.9343468
0.0,0,0.0075351684
0.0,0,0.019286448
0.0,0,0.02184354
0.0,0,0.05534749
1.0,1,0.7252737
1.0,1,0.92318845
0.0,0,0.19177645
0.0,0,0.0008576269
1.0,1,0.9324083
1.0,1,0.95753145
1.0,1,0.9261627
0.0,0,0.083832376
0.0,0,0.0006551133
1.0,1,0.9755717
0.0,0,0.03724585
1.0,1,0.9735328
1.0,1,0.9560593
1.0,1,0.95510256
1.0,1,0.96472853
0.0,0,0.105728656
0.0,0,0.017557213
0.0,0,0.08979429
0.0,0,0.20884605
1.0,1,0.7730254
1.0,1,0.94411004
0.0,0,0.03877439
1.0,1,0.9715973
1.0,1,0.7293298
1.0,1,0.9313374
1.0,1,0.65771985
0.0,0,0.012798191
1.0,1,0.9499936
0.0,0,0.0020642271
1.0,1,0.654065
0.0,0,0.026302189
0.0,0,0.015286803
1.0,1,0.9648484
0.0,0,0.0026853317
0.0,0,0.10537027
1.0,1,0.8626158
1.0,1,0.84891856
0.0,0,0.0317654
0.0,0,0.0077952864
1.0,1,0.462636
0.0,0,0.12048284
1.0,1,0.97444147
0.0,0,0.0031734516
1.0,1,0.9755226
0.0,0,0.06649203
1.0,0,0.38342312
0.0,0,0.003979744
0.0,0,0.00048260612
0.0,1,0.6964475
1.0,1,0.9419402
1.0,1,0.6911237
0.0,0,0.004346354
0.0,0,0.11958439
0.0,0,0.0024049892
0.0,0,0.024000088
1.0,1,0.8150942
1.0,1,0.97213244
1.0,1,0.8370768
1.0,1,0.5639837
1.0,1,0.96332073
1.0,1,0.90341014
1.0,1,0.9576794
1.0,1,0.64502263
1.0,1,0.6518724
0.0,0,0.013153232
1.0,1,0.9373025
0.0,0,0.005608954
0.0,0,0.0102349715
0.0,0,0.14674908
0.0,0,0.0068428726
1.0,1,0.8463589
0.0,0,0.16297421
1.0,1,0.94299126
0.0,0,0.004648665
1.0,1,0.9641455
1.0,1,0.49723592
0.0,0,0.12459751
0.0,0,0.2638274
1.0,1,0.97561795
0.0,0,0.0016776288
1.0,1,0.96573716
0.0,0,0.28164515
1.0,1,0.96300477
0.0,0,0.19120379
1.0,1,0.9674189
1.0,1,0.91793495
0.0,0,0.005762102
1.0,1,0.7454642
0.0,0,0.0005081473
0.0,0,0.040883824
1.0,1,0.97221255
0.0,0,0.14444396
1.0,1,0.9173662
0.0,0,0.15425266
0.0,0,0.017312633
0.0,0,0.0029474758
1.0,1,0.6089683
1.0,1,0.974874
0.0,0,0.28427976
1.0,1,0.9234604
0.0,0,0.36647087
0.0,0,0.01216758
1.0,1,0.8898767
0.0,0,0.005667619
1.0,1,0.6615498
0.0,0,0.016919797
1.0,1,0.9222011
0.0,0,0.33869934
1.0,1,0.9503549
1.0,1,0.9128151
0.0,0,0.14866802
1.0,1,0.9569549
1.0,1,0.7554234
1.0,1,0.9386106
0.0,0,0.20977162
0.0,0,0.32358944
0.0,0,0.08452943
1.0,1,0.6619126
0.0,0,0.0023987337
1.0,1,0.63253784
1.0,1,0.9740999
1.0,1,0.80078053
0.0,0,0.0015307168
1.0,1,0.89105165
0.0,0,0.00733399
0.0,0,0.04193646
0.0,0,0.022758368
0.0,0,0.1210124
0.0,0,0.1144277
0.0,1,0.6186351
0.0,1,0.54453814
0.0,0,0.0025496718
1.0,1,0.5463555
0.0,0,0.0036112198
1.0,0,0.28622672
0.0,0,0.029773122
1.0,1,0.94291514
1.0,1,0.79227674
1.0,1,0.92506546
1.0,1,0.97198987
1.0,1,0.6334047
0.0,0,0.0772099
1.0,1,0.6504879
0.0,0,0.002238165
1.0,1,0.5137279
1.0,1,0.9734894
0.0,0,0.0022321565
0.0,0,0.013364103
0.0,0,0.0033694804
1.0,1,0.9735656
0.0,0,0.0033353702
0.0,0,0.011669593
1.0,1,0.9664189
0.0,1,0.56770885
0.0,0,0.0043673017
0.0,1,0.73644155
1.0,1,0.9769743
0.0,0,0.22789037
1.0,1,0.7650109
0.0,0,0.10087109
1.0,1,0.5577835
1.0,1,0.9756455
1.0,0,0.36653697
1.0,1,0.53155243
0.0,1,0.7216713
1.0,1,0.9155917
0.0,0,0.00015846915
1.0,1,0.93464357
1.0,1,0.97620857
1.0,0,0.35089183
0.0,0,0.106262505
1.0,1,0.5061116
1.0,1,0.46664715
0.0,0,0.20647565
0.0,0,0.012278392
1.0,1,0.7396945
1.0,1,0.96772003
1.0,1,0.9757005
1.0,1,0.74436617
1.0,1,0.92039883
0.0,0,0.0015579856
0.0,0,0.066769004
1.0,0,0.21387307
0.0,0,0.10555521
0.0,0,0.028633645
1.0,1,0.7878999
1.0,1,0.97316843
0.0,0,0.025765233
0.0,0,0.0017953576
1.0,1,0.4859009
0.0,0,0.0034899085
0.0,0,0.029388808
0.0,0,0.07635545
0.0,0,0.004282348
1.0,1,0.6075697
0.0,0,0.004643263
0.0,0,0.015762582
0.0,0,0.04455484
0.0,0,0.10760114
1.0,1,0.96209186
1.0,1,0.7860573
1.0,1,0.79976845
1.0,1,0.91053873
0.0,0,0.22539897
1.0,1,0.9524107
1.0,1,0.77772045
1.0,1,0.8319193
1.0,1,0.87438697
1.0,1,0.94312173
1.0,1,0.8998385
0.0,0,0.14681676
1.0,0,0.015336202
0.0,0,0.014444254
1.0,1,0.78786004
1.0,1,0.8961487
1.0,1,0.9429711
1.0,1,0.9725824
1.0,1,0.9327197
1.0,1,0.5635504
0.0,0,0.0015145873
0.0,0,0.0021247247
0.0,0,0.00025048797
0.0,1,0.73518336
0.0,1,0.6835732
1.0,1,0.85715866
1.0,1,0.5872352
1.0,1,0.46172154
1.0,1,0.67354256
0.0,0,0.12689543
0.0,0,0.07385437
0.0,0,0.06436251
0.0,0,0.27240336
0.0,0,0.0052243797
0.0,0,0.0039053631
0.0,0,0.0010941541
0.0,0,0.020126814
1.0,1,0.96677864
1.0,1,0.8846692
0.0,0,0.33973396
1.0,1,0.9153876
1.0,1,0.44975057
0.0,0,0.23925903
0.0,0,0.22120132
1.0,0,0.106303215
1.0,1,0.9619602
0.0,0,0.009043085
0.0,0,0.14610788
1.0,1,0.96758205
0.0,0,0.009304626
1.0,1,0.73688376
0.0,1,0.8243716
0.0,0,0.0026242044
1.0,0,0.08524555
1.0,1,0.97479665
0.0,0,0.0041630385
0.0,0,0.00219476
1.0,1,0.8877893
1.0,1,0.9719819
0.0,0,0.042202532
0.0,0,0.08186459
0.0,0,0.0043627606
0.0,0,0.001652169
0.0,0,0.0007861849
1.0,1,0.8420096
1.0,1,0.92663467
0.0,0,0.0040433276
0.0,0,0.042083245
0.0,0,0.052090075
1.0,1,0.48482546
1.0,1,0.95258164
1.0,1,0.7576584
0.0,0,0.02173084
1.0,1,0.66203785
0.0,0,0.02217395
0.0,0,0.03532733
0.0,0,0.021849958
1.0,1,0.7246003
1.0,1,0.9737213
1.0,1,0.8548703
0.0,0,0.0014615477
1.0,1,0.9090253
0.0,0,0.014965597
1.0,1,0.9770324
1.0,1,0.9706923
0.0,0,0.0451448
0.0,1,0.71617925
1.0,1,0.97719
0.0,0,0.09376447
0.0,1,0.62918484
1.0,0,0.15303235
1.0,1,0.54302824
1.0,1,0.95413554
0.0,0,0.14355403
0.0,1,0.4494562
1.0,1,0.9372398
1.0,1,0.9624803
1.0,1,0.8307745
0.0,0,0.14795911
1.0,1,0.97676307
0.0,0,0.36600822
0.0,0,0.04064053
0.0,0,0.0040983697
0.0,0,0.013933018
0.0,1,0.50160956
1.0,0,0.29997006
0.0,0,0.0072376956
0.0,0,0.024389528
1.0,0,0.24810484
1.0,1,0.8884717
1.0,1,0.97374594
0.0,0,0.105143875
1.0,0,0.20052718
0.0,0,0.0037603248
0.0,0,0.018901547
0.0,0,0.25100622
1.0,0,0.36008045
0.0,1,0.6765557
0.0,0,0.012044572
0.0,0,0.38133428
1.0,1,0.9789654
0.0,0,0.0015537818
1.0,1,0.9573884
0.0,1,0.78437084
1.0,0,0.39483857
0.0,0,0.0029840246
1.0,0,0.42383933
0.0,0,0.0016888604
0.0,0,0.0008590504
0.0,0,0.25719252
1.0,0,0.38702014
0.0,1,0.53801167
1.0,1,0.6264554
1.0,1,0.90904534
0.0,0,0.14770055
0.0,0,0.00023282485
1.0,1,0.96660703
1.0,1,0.79780424
1.0,1,0.9152022
0.0,0,0.010303704
1.0,1,0.9708581
0.0,1,0.7253729
1.0,1,0.6222005
0.0,0,0.033147376
0.0,0,0.0018490419
1.0,1,0.97601706
1.0,1,0.540012
0.0,0,0.0030998723
1.0,1,0.57127
0.0,1,0.8818433
1.0,1,0.95136404
1.0,1,0.9368415
1.0,1,0.92748106
0.0,1,0.5694734
1.0,1,0.9727915
0.0,0,0.19327745
1.0,1,0.6119907
1.0,1,0.67031723
0.0,0,0.0130842365
0.0,0,0.21101315
1.0,1,0.66727734
0.0,0,0.027233051
1.0,1,0.9793302
1.0,1,0.69699705
1.0,1,0.8701161
1.0,1,0.9654996
1.0,1,0.7111628
1.0,1,0.89244443
1.0,0,0.40620616
0.0,0,0.0016767539
0.0,0,0.22614986
1.0,1,0.95723563
0.0,1,0.49630117
0.0,1,0.62305754
1.0,1,0.97685766
1.0,1,0.7238837
1.0,1,0.71810424
1.0,1,0.561435
0.0,0,0.012783757
1.0,1,0.8089241
1.0,1,0.92935425
1.0,1,0.83128816
1.0,1,0.47803223
1.0,1,0.97223175
0.0,0,0.026252637
0.0,0,0.040491555
1.0,1,0.6344378
0.0,0,0.0028974768
1.0,1,0.92677575
0.0,0,0.012729165
1.0,1,0.9214384
0.0,0,0.011510396
1.0,1,0.7974736
1.0,0,0.17497833
1.0,1,0.66798234
1.0,1,0.9588859
1.0,1,0.96914697
0.0,0,0.0397241
1.0,1,0.85559416
0.0,0,0.007444007
1.0,1,0.96613085
1.0,0,0.14298116
0.0,0,0.009936049
1.0,1,0.8465521
1.0,1,0.88885725
1.0,1,0.68058777
0.0,0,0.2557017
1.0,0,0.21779068
1.0,1,0.97760826
1.0,1,0.72807664
0.0,0,0.0039498354
1.0,1,0.78177667
0.0,0,0.0032771463
1.0,0,0.36957198
0.0,0,0.02200207
0.0,0,0.37646082
1.0,0,0.06843631
1.0,1,0.9722952
0.0,0,0.0023492668
1.0,1,0.90577066
0.0,0,0.09994109
0.0,0,0.014374564
1.0,1,0.6729359
0.0,0,0.17512167
1.0,1,0.8778095
0.0,0,0.17623901
0.0,0,0.10933866
0.0,0,0.010215099
0.0,0,0.0022075693
1.0,1,0.88536304
0.0,0,0.1810523
1.0,1,0.6660762
1.0,1,0.7617519
1.0,0,0.348629
1.0,1,0.7720714
0.0,0,0.01421891
0.0,0,0.05240228
0.0,0,0.010783386
1.0,1,0.9778767
1.0,0,0.3272756
1.0,1,0.6529777
1.0,1,0.7227934
0.0,0,0.078158714
0.0,0,0.1066778
1.0,1,0.77392745
0.0,0,0.032174684
1.0,1,0.9554374
0.0,0,0.0070055197
0.0,0,0.010674655
0.0,0,0.33300254
0.0,0,0.027364077
0.0,0,0.0021981292
1.0,1,0.97212
0.0,0,0.008503475
1.0,1,0.74631166
1.0,1,0.93982214
1.0,0,0.08185424
1.0,1,0.73476243
0.0,0,0.09320512
0.0,0,0.09545213
0.0,0,0.033999585
1.0,0,0.33706823
1.0,1,0.8639943
1.0,0,0.14297636
0.0,0,0.002429446
1.0,1,0.90752596
0.0,0,0.34125078
1.0,1,0.95311856
0.0,0,0.26808468
0.0,1,0.9492477
0.0,0,5.4339656e-05
0.0,0,0.08489009
1.0,1,0.975791
1.0,1,0.7509078
1.0,1,0.96991086
1.0,1,0.62631124
1.0,1,0.6351156
1.0,1,0.8402381
0.0,0,0.071653
0.0,0,0.028799133
1.0,1,0.9137095
1.0,1,0.855537
1.0,1,0.9451611
1.0,1,0.9454555
0.0,0,0.0038358911
0.0,0,0.32488286
1.0,1,0.97501296
0.0,0,0.012257961
0.0,0,0.007703466
1.0,1,0.90888554
1.0,1,0.7135134
1.0,1,0.7764304
1.0,1,0.9758368
1.0,1,0.9760287
1.0,1,0.95150125
0.0,0,0.03716577
1.0,1,0.8599814
0.0,0,0.009018029
1.0,1,0.8517609
0.0,0,0.011685034
1.0,1,0.75657994
0.0,0,0.015456753
0.0,0,0.00041612715
0.0,0,0.006637178
0.0,0,0.022608288
1.0,1,0.9667918
1.0,1,0.8538185
1.0,0,0.40823805
1.0,1,0.97763824
0.0,0,0.00029556037
0.0,0,0.17701018
1.0,1,0.9293373
1.0,0,0.24348396
1.0,1,0.92522144
1.0,1,0.7262348
0.0,0,0.0048928414
1.0,0,0.1202106
0.0,0,0.0018418457
0.0,1,0.74659455
1.0,1,0.6971411
1.0,1,0.81642663
0.0,0,0.41948757
1.0,1,0.98180115
0.0,0,0.22622493
0.0,0,0.26178497
0.0,0,0.1314203
1.0,1,0.9760703
0.0,0,0.08595947
0.0,0,0.0071297344
0.0,0,0.09025307
1.0,1,0.92081285
1.0,1,0.93234164
0.0,0,0.035867177
1.0,1,0.9773906
1.0,1,0.9352511
1.0,1,0.8275203
0.0,0,0.00021266012
0.0,0,0.018799977
1.0,1,0.9603138
0.0,0,0.001593702
1.0,1,0.95248884
1.0,1,0.938175
1.0,1,0.733641
0.0,0,0.11442427
1.0,0,0.2925197
1.0,1,0.97676504
0.0,0,0.0015534284
0.0,1,0.4960407
0.0,0,0.048179884
1.0,1,0.7556874
1.0,0,0.15429486
0.0,0,0.040038858
1.0,1,0.9691204
1.0,1,0.96437323
0.0,0,0.0018565331
1.0,1,0.5518402
0.0,0,0.0026387854
0.0,0,0.045772653
0.0,0,0.38285956
0.0,0,0.024976864
1.0,1,0.873312
1.0,1,0.59206426
0.0,0,0.09083046
0.0,0,0.041827265
1.0,1,0.8951134
1.0,1,0.8431536
0.0,0,0.34348214
1.0,1,0.86144423
0.0,0,0.07907844
1.0,1,0.43272522
1.0,1,0.9536346
0.0,1,0.6303518
1.0,1,0.9783612
0.0,0,0.080940954
1.0,1,0.87209916
1.0,1,0.7243668
1.0,1,0.94575906
1.0,1,0.95947707
1.0,1,0.9770875
0.0,0,0.020764593
1.0,1,0.97203743
1.0,1,0.46969286
1.0,1,0.9803876
0.0,0,0.065177366
1.0,1,0.8695496
1.0,1,0.97866625
0.0,1,0.4515621
1.0,1,0.8303623
0.0,0,0.06312968
0.0,0,0.0044455607
1.0,1,0.67899585
1.0,0,0.29774737
1.0,1,0.6905926
1.0,1,0.80826366
1.0,0,0.42849922
1.0,1,0.9800454
1.0,1,0.6741354
0.0,0,0.029788883
1.0,1,0.9584828
1.0,1,0.92115295
1.0,1,0.6605787
0.0,0,0.071416944
0.0,0,0.0096563725
1.0,1,0.9787702
1.0,1,0.9477847
0.0,1,0.48931116
0.0,0,0.00081851165
1.0,1,0.7179341
1.0,1,0.9575212
1.0,1,0.77944064
1.0,1,0.91984236
0.0,0,0.0024574029
1.0,1,0.9441802
1.0,1,0.8609918
0.0,0,0.09244685
0.0,0,0.019225825
1.0,1,0.97839355
0.0,0,0.0046526464
0.0,0,0.22573054
1.0,1,0.7390203
1.0,1,0.9737943
1.0,1,0.9778829
0.0,0,0.11544396
0.0,0,0.0023510186
0.0,1,0.48645878
1.0,1,0.7152964
1.0,1,0.96789104
1.0,1,0.74865764
1.0,0,0.13764969
1.0,1,0.8792177
1.0,1,0.90641356
1.0,1,0.6197672
0.0,0,0.039618988
0.0,0,0.0003141575
0.0,0,0.15584865
1.0,1,0.97251886
0.0,0,0.01588856
0.0,1,0.57413435
1.0,0,0.41596696
1.0,1,0.8762967
1.0,1,0.84184945
0.0,0,0.051956695
0.0,0,0.26829195
1.0,1,0.71731365
0.0,1,0.88390166
1.0,1,0.9379795
0.0,0,0.0019753464
1.0,1,0.92926407
0.0,0,0.05344104
1.0,1,0.8459772
0.0,0,0.0015433788
1.0,0,0.3304375
0.0,0,0.16524258
1.0,1,0.82437843
0.0,0,0.0031326178
0.0,0,0.009780893
1.0,1,0.9692019
1.0,1,0.469925
0.0,0,0.029534508
0.0,0,0.0017116804
1.0,1,0.67314225
1.0,0,0.41285092
0.0,0,0.21130234
1.0,1,0.7195232
0.0,0,0.011564194
0.0,1,0.6734553
0.0,0,0.0060886685
0.0,0,0.012449115
1.0,1,0.9464577
1.0,1,0.96323574
0.0,0,0.05371516
1.0,1,0.8008295
1.0,1,0.9617389
1.0,1,0.53862274
0.0,0,0.014261635
0.0,0,0.00570528
1.0,1,0.89608043
0.0,0,0.059291
0.0,0,0.0017968083
0.0,1,0.5326647
0.0,0,0.014216571
1.0,1,0.8920776
0.0,0,0.0036463628
0.0,0,0.013484834
0.0,0,0.09786527
0.0,0,0.09824961
1.0,0,0.121392936
1.0,1,0.76076436
1.0,1,0.96453184
1.0,1,0.97163826
1.0,1,0.96921825
0.0,1,0.82870305
0.0,0,0.13171972
0.0,0,0.010395407
1.0,1,0.93000185
0.0,0,0.05035942
0.0,0,0.047135025
0.0,0,0.0032398722
0.0,0,0.014056112
0.0,0,0.06969184
0.0,0,0.0042260815
1.0,1,0.8943765
1.0,1,0.71668375
0.0,0,0.021411069
0.0,0,0.00065817195
1.0,1,0.81083167
0.0,0,0.0011487559
1.0,1,0.7721703
0.0,0,0.0046903808
0.0,0,0.11358192
0.0,0,0.0062893145
0.0,0,0.22124037
1.0,0,0.41109577
1.0,1,0.97341955
1.0,1,0.9678225
0.0,0,0.0019954229
0.0,0,0.0008361743
0.0,0,0.026603568
1.0,1,0.6176974
1.0,1,0.9607615
1.0,1,0.9300652
0.0,0,0.005892063
1.0,1,0.9738096
1.0,1,0.8252896
1.0,1,0.92690146
0.0,0,0.028193945
0.0,1,0.53745186
1.0,1,0.7087204
1.0,1,0.92662114
1.0,1,0.74354935
0.0,0,0.25909895
1.0,1,0.9284317
0.0,0,0.073306575
0.0,0,0.0005503288
1.0,1,0.8381356
1.0,1,0.9687404
1.0,1,0.48879954
0.0,0,0.016094437
1.0,1,0.8415748
1.0,1,0.5191361
0.0,0,0.021886019
1.0,0,0.033227235
0.0,0,0.05502616
0.0,0,0.0610418
0.0,0,0.16169475
0.0,0,0.11426931
0.0,0,0.050169587
0.0,0,0.14817175
0.0,0,0.014589365
1.0,1,0.5299225
1.0,1,0.8498899
1.0,1,0.9737352
1.0,1,0.6768148
1.0,1,0.9528928
0.0,0,0.0012751053
1.0,1,0.8022703
0.0,1,0.70069706
0.0,0,0.093913935
1.0,1,0.9749284
0.0,0,0.0025578716
1.0,0,0.054483067
0.0,0,0.0058101015
1.0,1,0.83252555
1.0,1,0.9606018
0.0,0,0.0005188424
1.0,1,0.5884218
0.0,0,0.25844926
1.0,1,0.89823574
1.0,1,0.9050031
0.0,0,0.0713428
1.0,1,0.9085321
1.0,1,0.9549005
1.0,1,0.9757471
1.0,0,0.34841427
1.0,1,0.9564203
0.0,0,0.0027440116
0.0,0,0.04766084
0.0,0,0.08249594
1.0,1,0.89547074
1.0,1,0.9629664
0.0,0,0.36624843
0.0,0,0.2864684
0.0,0,0.0023605016
1.0,1,0.9733046
0.0,0,0.02100208
1.0,1,0.6975595
1.0,1,0.92861503
1.0,1,0.5795494
1.0,1,0.6407967
1.0,1,0.90323955
1.0,1,0.82032025
0.0,1,0.4738823
1.0,1,0.93863046
1.0,1,0.85528
1.0,0,0.38996452
0.0,1,0.45782927
1.0,0,0.18279454
0.0,0,0.123989314
1.0,1,0.5368718
0.0,0,0.0017124026
1.0,1,0.97749424
1.0,1,0.95839256
1.0,1,0.8528087
0.0,0,0.34841466
0.0,1,0.70794797
1.0,1,0.6626904
1.0,1,0.9759664
0.0,0,0.00845002
1.0,1,0.93493456
1.0,1,0.96894395
0.0,0,0.007918079
1.0,1,0.59347725
1.0,1,0.74887955
0.0,0,0.07429994
0.0,0,0.10281671
1.0,1,0.958343
1.0,1,0.9683397
0.0,0,0.0040127435
0.0,0,0.066906154
1.0,1,0.5469699
1.0,1,0.7028684
1.0,1,0.89475644
0.0,0,0.067232996
0.0,0,0.00026708833
0.0,0,0.023595896
0.0,1,0.46960682
1.0,1,0.86805445
0.0,0,0.12629874
1.0,1,0.8564913
0.0,0,0.0039010916
1.0,1,0.92105085
1.0,1,0.6778228
0.0,0,0.021464914
1.0,1,0.971594
0.0,0,0.0046649342
1.0,1,0.96631175
0.0,0,0.01064607
1.0,1,0.9487386
1.0,1,0.63945377
0.0,0,0.36038077
0.0,0,0.22423106
0.0,0,0.109822705
1.0,1,0.9216208
1.0,1,0.9607548
0.0,0,0.025488215
1.0,1,0.96325296
0.0,0,0.25912556
1.0,1,0.7320859
1.0,1,0.97433555
1.0,1,0.9429302
1.0,1,0.95028293
0.0,0,0.0017647662
0.0,0,0.028759902
0.0,0,0.08462797
0.0,0,0.007824842
0.0,0,0.0033972801
1.0,1,0.92327905
0.0,0,0.03899281
0.0,0,0.031918943
1.0,1,0.9562552
0.0,0,0.0026747633
1.0,0,0.07667585
0.0,0,0.4255897
1.0,0,0.38505897
1.0,1,0.6019299
1.0,1,0.9230336
1.0,1,0.90785146
0.0,0,0.0013025106
1.0,1,0.76739126
0.0,0,0.28507686
0.0,0,0.24715076
1.0,1,0.916049
0.0,0,0.07291468
0.0,0,0.19981356
1.0,1,0.8086026
0.0,0,0.05913047
1.0,1,0.977382
1.0,1,0.7779362
1.0,0,0.3536789
0.0,0,0.3786289
0.0,0,0.14997113
1.0,1,0.7088751
0.0,1,0.53719246
0.0,0,0.0005125888
1.0,1,0.8273796
1.0,1,0.9517325
1.0,1,0.9764504
1.0,1,0.4960184
0.0,0,0.15564859
1.0,1,0.9101475
1.0,1,0.55476296
1.0,1,0.5186803
0.0,0,0.117558
0.0,0,0.0024693185
1.0,1,0.9784141
1.0,0,0.043750115
0.0,0,0.09585515
0.0,0,0.032373894
1.0,1,0.97451895
1.0,1,0.8642254
0.0,1,0.47611123
1.0,1,0.6038048
1.0,1,0.9387911
0.0,0,0.21489556
0.0,0,0.03746404
1.0,1,0.8198135
1.0,1,0.9711851
0.0,0,0.0075697224
1.0,1,0.97192013
0.0,0,0.062380355
1.0,1,0.7968995
1.0,1,0.971446
1.0,1,0.972789
1.0,1,0.95516586
1.0,1,0.97228473
1.0,1,0.47900757
1.0,1,0.9776907
0.0,0,0.16685411
1.0,1,0.7233604
1.0,1,0.7221457
1.0,1,0.570645
0.0,0,0.24288984
1.0,1,0.9390976
1.0,1,0.9427687
0.0,0,0.0019912168
0.0,0,0.34005177
1.0,1,0.8099273
1.0,1,0.91241956
0.0,0,0.1281895
0.0,0,0.0096856095
1.0,1,0.94687456
0.0,0,0.020394221
1.0,1,0.6816783
1.0,1,0.9724927
1.0,1,0.94198465
0.0,0,0.22532378
1.0,1,0.79082084
0.0,0,0.034420025
1.0,0,0.12437942
0.0,0,0.1029284
0.0,0,0.070073314
0.0,0,0.0018605979
1.0,1,0.97537994
1.0,0,0.05972739
1.0,1,0.81866825
1.0,1,0.9155349
0.0,1,0.8277851
1.0,0,0.359606
1.0,1,0.66184163
1.0,1,0.55411524
0.0,0,0.044173326
1.0,1,0.86024976
1.0,1,0.96815985
1.0,1,0.9698332
1.0,1,0.8846588
1.0,1,0.9667653
1.0,1,0.95677525
0.0,0,0.052299503
0.0,0,0.19716723
1.0,1,0.9630877
1.0,1,0.88661814
0.0,0,0.0064815935
1.0,1,0.9061804
1.0,0,0.20760208
1.0,1,0.97909635
0.0,0,0.27708313
0.0,0,0.015912259
0.0,0,0.0018870555
0.0,0,0.052383848
0.0,0,0.20309414
1.0,1,0.834784
0.0,1,0.4392703
0.0,0,0.1616161
1.0,1,0.97235054
0.0,0,0.05056952
1.0,1,0.5250798
1.0,1,0.73431486
0.0,0,0.11068579
1.0,1,0.96549183
1.0,1,0.5592501
0.0,0,0.045031942
1.0,1,0.6719411
1.0,1,0.6755923
1.0,1,0.9537003
1.0,1,0.55194044
0.0,0,0.07205249
0.0,0,0.22589035
1.0,1,0.95687634
1.0,1,0.94374794
0.0,0,0.006155958
1.0,1,0.9672111
0.0,0,0.0007456339
0.0,0,0.16743378
1.0,1,0.8792986
0.0,0,0.004488764
1.0,1,0.52220285
0.0,0,0.0076455516
0.0,0,0.002424356
0.0,1,0.4642643
1.0,1,0.96014315
0.0,0,0.034236193
0.0,0,0.037892133
0.0,0,0.021749947
1.0,1,0.9304297
1.0,1,0.93369925
0.0,0,0.14646396
1.0,1,0.9618908
1.0,1,0.6775532
0.0,0,0.010608984
1.0,1,0.95358074
1.0,1,0.93714297
0.0,0,0.027113192
0.0,0,0.21079256
1.0,0,0.17970948
0.0,0,0.00486854
0.0,0,0.0053120567
0.0,0,0.00044706283
0.0,1,0.4386598
1.0,1,0.9759603
1.0,1,0.8746192
1.0,1,0.9729912
0.0,0,0.006209956
1.0,1,0.7578294
1.0,1,0.9481995
0.0,0,0.0049522887
1.0,1,0.731614
1.0,1,0.9641393
1.0,1,0.9768505
0.0,0,0.10608547
1.0,0,0.26373366
0.0,0,0.03102612
1.0,1,0.9730411
1.0,1,0.54018694
1.0,1,0.93277574
0.0,0,0.090304926
1.0,1,0.51964176
1.0,1,0.95824146
1.0,1,0.9256218
1.0,1,0.9025009
0.0,0,0.0016765344
1.0,1,0.7820397
0.0,0,0.01471062
0.0,0,0.011015591
1.0,1,0.94627905
0.0,1,0.53627324
0.0,1,0.4310849
1.0,1,0.74266005
0.0,0,0.0029450692
1.0,1,0.5928407
0.0,0,0.026958808
0.0,0,0.11661943
1.0,1,0.8308986
0.0,0,0.1082665
0.0,0,0.0032005585
0.0,0,0.012224313
1.0,1,0.78866845
1.0,1,0.95388824
1.0,1,0.9719558
0.0,0,0.0071454267
1.0,1,0.55905056
0.0,0,0.00360707
0.0,0,0.027158653
0.0,0,0.006491196
1.0,1,0.8424146
0.0,0,0.015911013
0.0,0,0.033357292
1.0,1,0.72029173
1.0,1,0.5196787
0.0,0,0.006970776
0.0,0,0.19141753
1.0,0,0.0011229016
1.0,1,0.73619723
1.0,1,0.77808857
1.0,1,0.69249135
1.0,1,0.980665
0.0,0,0.051929194
0.0,0,0.120390326
1.0,1,0.87319386
1.0,1,0.9776384
1.0,1,0.53323364
0.0,0,0.050649796
1.0,1,0.94318867
1.0,1,0.66797006
1.0,1,0.56481594
0.0,0,0.16012694
1.0,1,0.9428608
0.0,1,0.97331053
0.0,0,0.0010240352
1.0,1,0.6286223
0.0,0,0.015343324
1.0,1,0.6609231
0.0,0,0.021605855
0.0,0,0.06414832
1.0,1,0.9635259
1.0,1,0.8874781
1.0,1,0.8240886
1.0,0,0.053113885
1.0,1,0.9123873
0.0,1,0.69268143
1.0,1,0.51675266
0.0,0,0.20016995
1.0,1,0.9609841
0.0,0,0.0043936996
0.0,0,0.1446358
0.0,0,0.0064080306
1.0,1,0.97485393
0.0,0,0.07774801
0.0,0,0.025456358
1.0,1,0.5912875
1.0,1,0.82774734
0.0,0,0.017798135
0.0,0,0.0005436419
1.0,1,0.9352335
1.0,1,0.93878376
1.0,1,0.6666523
1.0,1,0.90565693
0.0,0,0.00017245789
0.0,0,0.29970324
0.0,0,0.0036434485
0.0,0,0.0010263689
0.0,0,0.0003991313
1.0,1,0.92990327
1.0,1,0.8342478
0.0,0,0.019554848
0.0,0,0.04015177
0.0,0,0.30562806
0.0,0,0.05111756
0.0,0,0.022581998
0.0,0,0.09113561
1.0,0,0.32050836
0.0,0,0.27407616
1.0,1,0.97092235
0.0,0,0.15375
1.0,1,0.76829576
1.0,1,0.6520157
0.0,0,0.06357682
0.0,0,0.021116046
0.0,0,0.40104914
0.0,0,0.04530833
0.0,1,0.64051175
1.0,1,0.5901558
1.0,1,0.57560897
1.0,0,0.33106184
0.0,1,0.6613581
1.0,1,0.9733514
0.0,0,0.0029069302
0.0,0,6.1846215e-05
0.0,0,0.0068024034
0.0,0,0.0024742656
1.0,1,0.8872409
1.0,1,0.82405174
0.0,0,0.0017399779
0.0,0,0.05176922
0.0,0,0.0010362985
1.0,1,0.9782833
1.0,1,0.8301035
1.0,1,0.91781867
1.0,1,0.79179996
1.0,0,0.4227739
1.0,1,0.9625532
1.0,1,0.9213677
0.0,0,0.07567951
1.0,1,0.7480923
1.0,1,0.9661593
1.0,1,0.78103065
1.0,1,0.9244179
1.0,1,0.94922
0.0,1,0.9329975
1.0,1,0.65047956
0.0,0,0.17480338
0.0,0,0.005472863
0.0,0,0.027674355
1.0,1,0.9765426
0.0,0,0.0025296358
1.0,1,0.80228513
0.0,0,0.02888991
0.0,0,0.0073985658
0.0,0,0.09967633
0.0,0,0.007704913
0.0,0,0.011462259
1.0,1,0.82957816
0.0,0,0.004365523
1.0,0,0.123152986
0.0,0,0.01862127
1.0,1,0.50298226
0.0,0,0.0022261515
1.0,0,0.26523212
1.0,1,0.9751031
1.0,1,0.8410577
0.0,0,0.24468498
1.0,1,0.89646834
1.0,1,0.96772563
1.0,1,0.9092736
1.0,1,0.7992718
1.0,1,0.797346
0.0,1,0.779746
0.0,0,0.018417109
1.0,1,0.87370336
0.0,0,0.00988146
0.0,0,0.00052743667
1.0,1,0.9615374
0.0,0,0.40057972
0.0,0,0.027112007
1.0,1,0.9377878
1.0,1,0.5847374
0.0,0,0.023433954
1.0,1,0.96719044
0.0,0,0.005102776
1.0,1,0.62617207
1.0,1,0.65424013
0.0,0,0.121105246
1.0,1,0.8714237
0.0,0,0.0060065393
0.0,0,0.04081056
0.0,0,0.041510586
0.0,0,0.23846471
0.0,0,0.0011230176
1.0,0,0.01572625
1.0,1,0.9224889
0.0,0,0.10767935
0.0,0,0.046216216
0.0,0,0.10221451
1.0,0,0.36780614
0.0,0,0.0060062883
0.0,0,0.0017924433
0.0,0,0.00033109967
1.0,0,0.3145518
0.0,0,0.010336403
1.0,1,0.66840124
1.0,1,0.9580276
0.0,0,0.21829386
0.0,0,0.025596328
0.0,0,0.0098502515
1.0,0,0.16866119
1.0,1,0.97455645
1.0,1,0.70854664
0.0,0,0.059666574
0.0,0,0.0073798476
0.0,0,0.18420862
1.0,1,0.9776834
1.0,1,0.8670027
1.0,1,0.95144445
0.0,0,0.033960156
0.0,0,0.0066593126
1.0,1,0.8922185
0.0,0,0.08010516
1.0,1,0.6615222
0.0,0,0.031550948
0.0,0,0.00027481205
1.0,1,0.95041895
0.0,0,0.017007856
0.0,0,0.019429466
0.0,0,0.014910566
1.0,1,0.6691483
0.0,0,0.2925229
1.0,1,0.9126843
0.0,0,0.32263225
0.0,0,0.006490526
1.0,1,0.9773527
1.0,1,0.6445228
1.0,1,0.9023963
1.0,1,0.5887928
0.0,0,0.025501814
0.0,0,0.3251115
0.0,0,0.024024483
1.0,1,0.971996
0.0,0,0.05967755
0.0,0,0.05329947
1.0,1,0.83685887
0.0,0,0.11448677
0.0,0,0.003421575
0.0,0,0.043518096
1.0,1,0.5684059
1.0,1,0.95719284
0.0,0,0.0023386867
0.0,0,0.022690339
0.0,0,0.027017472
0.0,0,0.2036172
0.0,0,0.013619681
1.0,1,0.9786174
1.0,1,0.9371062
0.0,0,0.36051252
0.0,0,0.00407912
0.0,0,0.0016956214
0.0,0,0.023722926
0.0,0,0.009949069
1.0,1,0.60423815
0.0,0,0.21842049
0.0,0,0.24921642
1.0,1,0.9580714
1.0,0,0.13045274
0.0,0,0.18065558
0.0,0,0.00031395393
0.0,0,0.25623807
0.0,1,0.5929074
1.0,1,0.95726883
1.0,1,0.93798137
1.0,1,0.95238835
1.0,1,0.9539611
1.0,1,0.9574774
1.0,0,0.34566566
1.0,0,0.22470239
0.0,0,0.2018614
1.0,1,0.68834186
1.0,1,0.6936945
1.0,1,0.85516113
1.0,1,0.6103525
1.0,1,0.9193526
1.0,1,0.868213
0.0,0,0.02274333
1.0,1,0.70571494
0.0,0,0.17665279
1.0,1,0.8568797
1.0,1,0.9279594
1.0,1,0.76269394
0.0,0,0.0018996721
1.0,1,0.8627645
1.0,0,0.17296559
0.0,0,0.006360571
1.0,1,0.97633725
1.0,1,0.6992314
1.0,1,0.9458587
0.0,0,0.34359062
0.0,0,0.098387115
0.0,0,0.035717122
0.0,0,0.26766905
0.0,0,0.041301828
0.0,0,0.0005638558
0.0,0,0.018184522
1.0,1,0.9386986
0.0,0,0.044850755
0.0,1,0.9294409
1.0,1,0.9143721
0.0,0,0.093654074
0.0,0,0.40672043
1.0,1,0.85815763
1.0,1,0.98190457
0.0,1,0.75497234
0.0,0,0.13117993
1.0,1,0.9097628
1.0,1,0.5211637
0.0,0,0.0050030537
1.0,1,0.9509704
1.0,1,0.95665497
0.0,0,0.032890618
0.0,0,0.023527635
0.0,0,0.11135024
1.0,1,0.92732763
1.0,1,0.62165046
1.0,1,0.9615988
0.0,0,0.058239277
0.0,0,0.008725923
0.0,0,0.018346753
0.0,0,0.009608698
0.0,0,0.0107821105
0.0,0,0.03719525
1.0,1,0.7997905
1.0,1,0.9761681
0.0,0,0.31862083
0.0,0,0.0017932532
0.0,1,0.48488432
1.0,1,0.92934364
0.0,0,0.1975691
1.0,1,0.86683893
1.0,0,0.41703433
1.0,1,0.9733526
1.0,1,0.695109
1.0,1,0.96879894
1.0,1,0.90274996
1.0,1,0.92895037
0.0,0,0.22513664
0.0,1,0.8231568
1.0,1,0.9388737
1.0,1,0.47280222
0.0,0,0.074272305
1.0,1,0.64455247
1.0,1,0.5845206
1.0,1,0.91962975
0.0,0,0.0077177817
0.0,0,0.0108478395
0.0,1,0.45969692
1.0,1,0.90854526
0.0,0,0.031330593
1.0,1,0.9136851
1.0,1,0.9095208
1.0,1,0.43971768
1.0,1,0.7904379
1.0,1,0.95153165
0.0,0,0.19206743
1.0,1,0.93528163
0.0,0,0.13145125
1.0,1,0.9699385
1.0,1,0.9421321
1.0,1,0.617654
1.0,1,0.9397687
1.0,1,0.51744366
1.0,1,0.8368513
1.0,1,0.6407335
1.0,1,0.8012769
1.0,1,0.7502318
1.0,1,0.97020125
1.0,1,0.9639036
0.0,0,0.08405582
0.0,0,0.034968127
1.0,1,0.9575781
0.0,0,0.056676053
0.0,0,0.07425993
1.0,1,0.9695857
0.0,0,0.012671331
1.0,1,0.97754484
0.0,0,0.0155645665
0.0,0,0.055443797
1.0,1,0.6975234
0.0,0,0.008925055
0.0,0,0.0002129858
0.0,1,0.7427281
0.0,0,0.018123938
1.0,1,0.972173
0.0,0,0.00958912
1.0,1,0.9742781
1.0,1,0.85142195
1.0,1,0.82605684
1.0,1,0.946576
1.0,1,0.7942113
0.0,0,0.06974302
1.0,1,0.926029
0.0,0,0.02981108
1.0,1,0.97689176
1.0,1,0.84625053
1.0,1,0.981004
1.0,1,0.9696184
1.0,1,0.6279756
0.0,0,0.040356394
0.0,0,0.009653722
1.0,1,0.95692074
0.0,1,0.96003914
1.0,1,0.72919226
1.0,1,0.93791217
0.0,0,0.09074627
0.0,0,0.1662665
1.0,1,0.8818083
0.0,0,0.08472424
1.0,1,0.8926134
0.0,0,0.10237112
1.0,1,0.95288754
0.0,0,0.0018535394
1.0,1,0.9724724
0.0,0,0.07526789
1.0,1,0.9055938
0.0,1,0.69739383
1.0,0,0.33924514
1.0,0,0.2568691
1.0,0,0.033845924
0.0,0,0.015450948
0.0,0,0.4021021
1.0,1,0.9736426
1.0,1,0.6163315
0.0,1,0.62507343
0.0,0,0.0888509
1.0,1,0.8166301
1.0,1,0.87176484
0.0,0,0.08964047
1.0,1,0.9581624
0.0,0,0.004491377
1.0,0,0.3263554
0.0,0,0.011827692
1.0,1,0.48279694
0.0,1,0.6116041
0.0,0,0.03881111
1.0,1,0.91262794
1.0,1,0.5008215
0.0,0,0.13241479
0.0,0,0.110661544
1.0,1,0.79212576
0.0,0,0.0017050663
0.0,0,0.013229156
1.0,1,0.9301846
1.0,1,0.51900613
1.0,0,0.13896877
0.0,0,0.012393042
0.0,0,0.1408953
1.0,1,0.978112
0.0,1,0.52545434
1.0,0,0.18364708
1.0,1,0.9761812
0.0,0,0.010678745
1.0,1,0.94992036
1.0,1,0.92321384
0.0,0,0.0141660245
1.0,1,0.6739168
0.0,0,0.07248643
0.0,0,0.124455184
1.0,1,0.51933
1.0,1,0.9505337
0.0,0,0.12181607
0.0,0,0.040972
1.0,1,0.80513704
0.0,0,0.3178401
1.0,1,0.81879807
0.0,0,0.21475573
0.0,0,0.0019355873
0.0,0,0.00069658644
0.0,0,0.027783973
1.0,1,0.97353077
0.0,0,0.0020037168
1.0,1,0.97328603
1.0,1,0.8893196
1.0,1,0.66447514
1.0,0,0.33130565
1.0,1,0.943434
0.0,0,0.034031305
0.0,0,0.09117686
0.0,0,0.11454128
1.0,1,0.59472644
1.0,1,0.97416866
0.0,0,0.0051770704
0.0,0,0.08529695
1.0,1,0.7514759
1.0,1,0.9021925
1.0,1,0.72738564
0.0,0,0.06759632
0.0,1,0.44872868
1.0,0,0.11025884
0.0,0,0.002613345
1.0,1,0.6794089
1.0,1,0.5500781
1.0,0,0.33954766
1.0,0,0.30924886
0.0,1,0.45228916
0.0,0,0.025430635
0.0,0,0.30229115
1.0,0,0.02993703
1.0,0,0.1992462
0.0,1,0.94339395
1.0,1,0.97131634
1.0,1,0.7470912
0.0,0,0.056990955
0.0,0,0.035377827
1.0,1,0.96636814
0.0,0,0.0010094004
1.0,1,0.95890564
1.0,1,0.9756503
0.0,0,0.0007549598
0.0,0,0.027293984
1.0,1,0.97785574
0.0,0,0.22474138
1.0,1,0.8082295
1.0,1,0.92704785
1.0,1,0.9818342
0.0,0,0.12728012
1.0,1,0.59779817
1.0,1,0.9446804
0.0,0,0.08723588
1.0,1,0.9715348
0.0,0,0.29460377
0.0,0,0.011522762
1.0,1,0.9764217
1.0,1,0.9481891
1.0,1,0.90777475
1.0,0,0.2961991
1.0,1,0.96916217
0.0,0,0.29357558
1.0,0,0.42436177
1.0,1,0.95279
0.0,0,0.19112535
1.0,1,0.69552207
0.0,1,0.9384943
0.0,0,0.2259137
1.0,1,0.9046866
1.0,1,0.671767
1.0,1,0.920504
0.0,0,0.028525237
0.0,0,0.00125614
0.0,0,0.009501684
0.0,0,0.02508136
0.0,0,0.00032425253
0.0,0,0.002544304
0.0,0,0.034486048
1.0,1,0.85655844
1.0,0,0.321697
0.0,0,0.12106589
1.0,1,0.9801849
0.0,0,0.0027386865
1.0,1,0.879391
0.0,0,0.11838053
1.0,0,0.1960249
1.0,1,0.8838305
1.0,1,0.96187824
0.0,0,0.25728774
1.0,0,0.31054536
0.0,0,0.16483521
0.0,0,0.055016614
1.0,1,0.9755911
0.0,0,0.0018948908
0.0,0,0.09141832
1.0,1,0.90890926
1.0,1,0.9705581
0.0,0,0.0027765066
1.0,1,0.96811926
0.0,1,0.6032536
1.0,1,0.9522467
0.0,0,0.01551409
1.0,1,0.89787674
0.0,0,0.0034470602
0.0,0,0.0013770818
1.0,1,0.89864177
0.0,0,0.02877539
0.0,0,0.051801745
0.0,1,0.5067897
0.0,0,0.0736801
1.0,1,0.95036733
1.0,0,0.29971832
1.0,1,0.8683369
0.0,0,0.005978828
0.0,0,0.38109225
0.0,0,0.14472756
0.0,0,0.32153296
0.0,0,0.39170578
0.0,0,0.38441736
0.0,0,0.0009320497
0.0,0,0.009255359
0.0,0,0.0029011588
1.0,1,0.5393771
1.0,1,0.9478276
1.0,1,0.7732879
0.0,0,0.110405244
0.0,0,0.0028571647
0.0,0,0.05207465
1.0,1,0.7990596
0.0,0,0.021732368
1.0,1,0.9521712
1.0,1,0.9813298
1.0,1,0.97033954
0.0,0,0.10334997
1.0,0,0.40105268
0.0,0,0.40564215
1.0,1,0.9320092
0.0,1,0.4520813
1.0,0,0.007631495
1.0,1,0.517612
1.0,1,0.8040588
0.0,0,0.07303184
0.0,0,0.0015092994
1.0,1,0.952659
0.0,0,0.0121030705
1.0,1,0.87915665
0.0,0,0.02580944
1.0,1,0.97181594
0.0,0,0.103684574
1.0,1,0.96948296
0.0,1,0.6373108
0.0,0,0.3118049
0.0,0,0.0017263094
0.0,0,0.31108597
1.0,1,0.52995247
0.0,0,0.168107
1.0,1,0.95931756
0.0,0,0.21244618
1.0,1,0.78851324
0.0,0,0.0011268401
0.0,0,0.2832693
0.0,0,0.08531038
0.0,1,0.52887636
1.0,0,0.34888005
1.0,1,0.7659234
1.0,1,0.9729646
0.0,0,0.16692083
1.0,1,0.6302583
0.0,0,0.080409355
1.0,0,0.23897849
0.0,0,0.010761517
1.0,1,0.699895
0.0,0,0.0011285115
0.0,0,0.0036547517
0.0,0,0.0031528503
1.0,1,0.8587522
1.0,1,0.9777888
0.0,0,0.098535836
1.0,1,0.8609864
0.0,0,0.079275735
1.0,1,0.7488849
1.0,0,0.19230196
0.0,0,0.2501902
1.0,1,0.9629237
0.0,0,0.0046154233
0.0,0,0.015459328
1.0,1,0.92901456
0.0,0,0.0035452195
0.0,0,0.052131355
1.0,1,0.85569036
1.0,1,0.9263793
1.0,1,0.95202696
0.0,0,0.07488718
1.0,1,0.9744976
1.0,1,0.77331275
1.0,1,0.6303313
0.0,0,0.21562085
1.0,1,0.9661014
1.0,1,0.5730654
1.0,1,0.8541215
0.0,0,0.002709951
0.0,0,0.0017175463
1.0,1,0.5669241
0.0,0,0.00018221592
1.0,1,0.7644088
0.0,0,0.027136242
1.0,1,0.81058985
1.0,1,0.7042395
0.0,0,0.20282891
0.0,0,0.12617414
1.0,1,0.9310905
1.0,1,0.55128187
0.0,0,0.014867356
0.0,0,0.10983786
0.0,0,0.07289535
1.0,1,0.9336718
1.0,1,0.60041654
0.0,0,0.10738517
0.0,1,0.59681547
1.0,1,0.91590124
1.0,1,0.7776553
1.0,1,0.96890914
0.0,0,0.005988973
1.0,1,0.7620462
0.0,0,0.00076926954
0.0,0,0.29805315
0.0,0,0.026075864
0.0,0,0.044529803
1.0,1,0.92601955
1.0,1,0.7048693
0.0,0,0.075722195
1.0,1,0.7547564
0.0,0,0.1969999
1.0,1,0.7524298
1.0,1,0.85862064
0.0,0,0.07167977
0.0,0,0.19103473
0.0,0,0.008466272
0.0,0,0.0065416936
0.0,0,0.0044016233
0.0,1,0.5518031
0.0,0,0.21763381
1.0,1,0.69138384
0.0,0,0.04177167
0.0,0,0.0055012745
1.0,1,0.9390901
1.0,0,0.18017684
1.0,1,0.55467343
0.0,1,0.47288743
0.0,0,0.08540629
0.0,0,0.40306526
1.0,1,0.77698475
0.0,0,0.23181185
0.0,0,0.15024474
1.0,1,0.9714767
1.0,1,0.9636719
1.0,1,0.90885496
0.0,0,0.028264664
1.0,1,0.97139275
1.0,0,0.26023817
0.0,0,0.0014420851
0.0,0,0.09218652
0.0,0,0.23822021
1.0,1,0.97086024
1.0,1,0.69682604
1.0,1,0.9129102
0.0,0,0.06519856
0.0,0,0.0018575125
1.0,1,0.89650905
1.0,1,0.6486194
1.0,1,0.55275387
0.0,0,0.0014263985
0.0,1,0.82274175
0.0,0,0.08614101
0.0,1,0.47234353
0.0,0,0.0006713626
1.0,1,0.73339283
0.0,0,0.01441748
0.0,0,0.17346095
0.0,1,0.5852225
0.0,0,0.011968619
1.0,1,0.9749362
1.0,1,0.9043398
1.0,1,0.9018568
1.0,1,0.96774375
1.0,0,0.35649338
0.0,1,0.47928166
0.0,0,0.0027909346
1.0,1,0.90190154
0.0,0,0.0047448934
1.0,1,0.9629624
0.0,0,0.009670053
0.0,0,0.14605403
1.0,1,0.70048994
1.0,1,0.71488446
1.0,1,0.880736
1.0,1,0.716099
0.0,0,0.01467171
0.0,0,0.012024384
1.0,1,0.8573512
1.0,1,0.56783915
0.0,0,0.17849328
1.0,1,0.9714389
0.0,0,0.0014128657
0.0,0,0.0034396902
0.0,0,0.030174563
0.0,0,0.0006179164
1.0,0,0.23248352
0.0,0,0.00037287152
1.0,1,0.972766
1.0,1,0.91323626
1.0,1,0.967347
0.0,0,0.12699929
0.0,0,0.000519313
1.0,1,0.9729951
1.0,0,0.12597966
0.0,1,0.56101155
1.0,1,0.9272166
0.0,0,0.00033867292
0.0,0,0.00021823664
1.0,1,0.9663838
1.0,1,0.9105607
0.0,0,0.003756616
1.0,1,0.9730326
1.0,1,0.9079089
0.0,0,0.23095745
0.0,0,0.3156269
0.0,0,0.3114258
0.0,0,0.039621606
1.0,1,0.92320716
1.0,1,0.9798097
0.0,0,0.021621343
1.0,1,0.8132147
0.0,0,0.043349862
0.0,0,0.20241512
0.0,0,0.11640668
1.0,1,0.757279
1.0,1,0.8844148
1.0,0,0.41098273
0.0,0,0.00043565358
0.0,0,0.0036595056
0.0,0,0.01829903
1.0,1,0.86482525
1.0,1,0.85966384
0.0,0,0.00871664
1.0,1,0.9258267
1.0,1,0.81885356
0.0,0,0.0046442566
0.0,0,0.017944442
1.0,1,0.88064075
0.0,0,0.30734727
0.0,0,0.051373523
1.0,1,0.9397166
0.0,0,0.10398547
0.0,0,0.032440916
0.0,0,0.055708017
1.0,1,0.95568776
1.0,1,0.93572646
0.0,0,0.040504396
0.0,0,0.018283421
0.0,1,0.844753
0.0,0,0.10005725
1.0,1,0.8967998
1.0,1,0.8752363
1.0,1,0.6856508
0.0,1,0.5691096
1.0,1,0.8484589
0.0,0,0.10913036
0.0,0,0.35073093
1.0,1,0.9389334
1.0,1,0.9532409
1.0,1,0.83898115
1.0,1,0.93947357
1.0,1,0.92789555
1.0,1,0.972669
1.0,1,0.93682134
0.0,0,0.017268265
1.0,1,0.88854754
1.0,1,0.8628602
1.0,0,0.41930693
0.0,0,0.016521916
1.0,1,0.7383163
0.0,0,0.09517299
1.0,1,0.7736864
0.0,0,0.014257331
0.0,0,0.20002492
1.0,1,0.7957302
1.0,1,0.97761744
1.0,1,0.63398683
0.0,0,0.008938313
1.0,1,0.9748398
0.0,0,0.014591344
0.0,0,0.0056534368
1.0,1,0.9705634
1.0,1,0.9583849
0.0,0,0.018301027
0.0,0,0.016573425
0.0,0,0.0028329487
0.0,0,0.0212988
1.0,1,0.96193427
0.0,0,0.0012326075
0.0,0,0.014275445
1.0,1,0.5237869
0.0,1,0.7447063
1.0,1,0.9668962
1.0,1,0.68485093
1.0,1,0.9765025
1.0,1,0.9268702
0.0,0,0.0047055553
1.0,1,0.56107366
0.0,0,0.0048647295
1.0,0,0.2697948
0.0,1,0.7632301
1.0,1,0.91392654
1.0,1,0.8351822
1.0,0,0.296098
1.0,1,0.9598161
0.0,0,0.044849724
1.0,1,0.74376893
0.0,0,0.00011695804
0.0,0,0.11370183
0.0,0,0.014352631
1.0,0,0.2675738
0.0,1,0.48479155
1.0,1,0.7595001
1.0,1,0.9572928
1.0,1,0.43123543
1.0,1,0.947076
0.0,0,0.3071689
0.0,0,0.022189014
0.0,0,0.015797248
1.0,1,0.97614485
1.0,1,0.95204616
0.0,0,0.028058685
0.0,0,0.0010490367
0.0,0,0.006401873
0.0,0,0.28791893
0.0,0,0.004145054
0.0,1,0.5972924
1.0,1,0.7856811
0.0,0,0.052027404
0.0,0,0.0751458
0.0,1,0.65893745
1.0,1,0.67622125
1.0,1,0.8924276
0.0,0,0.019576142
0.0,0,0.08284978
1.0,1,0.7699497
0.0,0,0.0013345248
0.0,0,0.012058766
0.0,0,0.0037951337
0.0,0,0.023368262
0.0,1,0.4711753
0.0,0,0.0583102
0.0,1,0.4425746
0.0,0,0.030532556
1.0,1,0.91254264
0.0,0,0.010626197
1.0,1,0.8496164
0.0,0,0.034955755
0.0,0,0.0020023428
0.0,0,0.27608082
1.0,1,0.942952
1.0,1,0.9763923
0.0,0,0.176878
1.0,1,0.96878856
0.0,0,0.04527802
0.0,0,0.0058164075
0.0,0,0.3255778
1.0,1,0.86329377
0.0,0,0.0017330493
0.0,0,0.045164354
1.0,1,0.94896317
1.0,1,0.8649077
0.0,0,0.00866231
1.0,1,0.97910154
0.0,0,0.0067758444
1.0,1,0.92275214
1.0,1,0.94339335
1.0,1,0.9246501
1.0,1,0.9729008
0.0,1,0.6188173
0.0,0,0.0891697
0.0,0,0.005533247
0.0,0,0.01743397
0.0,0,0.002050556
0.0,0,0.11345757
0.0,0,0.0010054916
1.0,0,0.33628333
0.0,1,0.8728549
0.0,0,0.38989866
0.0,0,0.0143959485
0.0,0,0.010168522
0.0,0,0.33725923
1.0,1,0.8103205
1.0,1,0.5092466
1.0,1,0.9580479
1.0,1,0.43851694
0.0,0,0.09074532
0.0,0,0.014078267
1.0,1,0.6768688
0.0,0,0.0040398673
1.0,1,0.97574216
1.0,1,0.6469161
0.0,0,0.009350358
0.0,0,0.005010546
0.0,0,0.07790646
1.0,1,0.9755746
0.0,0,0.026178977
0.0,0,0.16491948
1.0,1,0.8690121
1.0,1,0.6825049
1.0,1,0.71705973
0.0,1,0.84972787
1.0,1,0.6643932
1.0,1,0.8277173
1.0,1,0.94107556
1.0,1,0.95351255
0.0,0,0.010136305
0.0,0,0.0015959509
0.0,0,0.0034045465
0.0,0,0.037795704
0.0,0,0.001157376
0.0,1,0.8651246
1.0,1,0.9737371
0.0,0,0.013112122
0.0,0,0.028268036
0.0,0,0.019430866
1.0,1,0.7334625
1.0,1,0.8841757
1.0,1,0.9723255
1.0,0,0.3763562
0.0,0,0.060115255
0.0,0,0.2878078
1.0,1,0.96110255
1.0,1,0.5974225
0.0,0,0.0033989712
0.0,0,0.0016011312
1.0,1,0.84412813
1.0,1,0.8107213
1.0,1,0.94843376
1.0,1,0.9685046
1.0,1,0.96377355
0.0,0,0.009867568
0.0,0,0.01893743
1.0,1,0.9231277
1.0,1,0.7712947
0.0,0,0.057649
1.0,1,0.8755282
1.0,1,0.6271975
1.0,1,0.95288634
1.0,1,0.633883
1.0,1,0.76567346
0.0,0,0.13875212
0.0,0,0.0015549258
0.0,0,0.021603083
0.0,0,0.0013341588
0.0,0,0.1266415
0.0,0,0.0039798273
1.0,1,0.7657428
1.0,0,0.36801252
0.0,0,0.1665453
1.0,1,0.91277814
1.0,1,0.8995676
0.0,0,0.015141618
0.0,0,0.002598484
0.0,1,0.74481547
1.0,1,0.90660113
0.0,0,0.002931067
0.0,0,0.0041026846
1.0,1,0.89404875
0.0,1,0.766757
0.0,0,0.038506232
0.0,0,0.2648576
0.0,0,0.06726695
1.0,1,0.9417675
0.0,0,0.10313769
0.0,0,0.00074900413
1.0,1,0.6926358
1.0,1,0.91500044
0.0,0,0.024438124
0.0,0,0.032166034
0.0,0,0.20270632
0.0,0,0.3456701
1.0,1,0.53793746
0.0,0,0.09379538
0.0,0,0.2408431
1.0,1,0.61186725
1.0,1,0.8295224
0.0,0,0.10953771
1.0,1,0.93218327
1.0,1,0.90261936
0.0,1,0.4443668
0.0,0,0.00046327722
0.0,0,0.07458256
0.0,0,0.020950584
1.0,1,0.96330774
1.0,1,0.7831144
0.0,0,0.05424844
0.0,0,0.009563318
0.0,0,0.019404028
1.0,1,0.94181347
0.0,0,0.1665795
0.0,0,0.08342244
1.0,1,0.97647274
1.0,1,0.7039379
0.0,0,0.10052866
1.0,1,0.9730241
1.0,1,0.97412694
1.0,1,0.96495163
1.0,1,0.8044162
1.0,1,0.48014754
0.0,0,7.835582e-05
1.0,1,0.82243663
0.0,0,0.029669741
1.0,1,0.82723004
1.0,1,0.95548075
0.0,0,0.003375465
0.0,0,0.005438958
1.0,1,0.8039306
0.0,0,0.340003
1.0,1,0.95696574
0.0,0,0.15047719
1.0,1,0.9777279
1.0,1,0.965375
1.0,1,0.8338858
1.0,1,0.7812172
0.0,0,0.08292507
0.0,0,0.03970881
0.0,0,0.018967068
1.0,1,0.9680891
1.0,1,0.92487353
0.0,0,0.12538238
1.0,1,0.6416511
0.0,0,0.004494685
0.0,0,0.00094809
0.0,0,0.14892253
0.0,0,0.06852058
0.0,0,0.1305077
0.0,0,0.12985197
0.0,1,0.8007129
1.0,1,0.9319038
0.0,0,0.0036772648
0.0,0,0.10666933
0.0,0,0.043610077
0.0,1,0.9540498
0.0,1,0.7699238
1.0,1,0.7986438
1.0,1,0.6417617
1.0,1,0.9201705
1.0,1,0.5819771
1.0,1,0.7102082
1.0,1,0.59534585
0.0,0,0.01662932
1.0,1,0.82715714
0.0,0,0.0057936623
0.0,1,0.5726453
1.0,1,0.7490814
1.0,1,0.8309383
1.0,1,0.929893
0.0,0,0.073703416
0.0,0,0.010811409
0.0,0,0.029852992
0.0,0,0.036376547
1.0,1,0.8638294
0.0,0,0.0005651418
1.0,1,0.9529258
1.0,1,0.9471748
1.0,1,0.7551861
0.0,0,0.010845292
0.0,0,0.021495655
1.0,1,0.49681595
0.0,0,0.105639264
1.0,1,0.9207094
1.0,1,0.9747816
0.0,0,0.08555616
1.0,1,0.7174193
1.0,1,0.499413
0.0,0,0.0013600566
0.0,0,0.1798378
0.0,0,0.3198765
1.0,1,0.92623234
0.0,0,0.039269313
0.0,0,0.1726071
1.0,1,0.93782246
1.0,1,0.9297899
0.0,0,0.0010504724
0.0,0,0.002785703
1.0,1,0.9000989
1.0,0,0.42797434
0.0,0,0.09490535
1.0,1,0.88610345
0.0,0,0.13933347
1.0,1,0.70886135
0.0,0,0.011532248
0.0,0,0.0005179437
0.0,0,0.013406338
1.0,1,0.7868053
0.0,0,0.025631228
1.0,1,0.7589628
1.0,1,0.9675361
0.0,0,0.007373133
1.0,1,0.73605734
0.0,0,0.012575163
0.0,0,0.015070292
0.0,0,0.022536298
0.0,0,0.00050702126
1.0,1,0.5709972
0.0,0,0.030376395
1.0,1,0.9743561
1.0,1,0.54819226
1.0,0,0.15006755
1.0,1,0.8138163
1.0,1,0.78391856
1.0,0,0.3950553
0.0,0,0.006406901
1.0,1,0.964095
1.0,1,0.8722553
1.0,1,0.9380838
1.0,1,0.96450496
0.0,0,0.0012364162
0.0,0,0.017636487
0.0,0,0.06742105
1.0,1,0.92430156
1.0,1,0.91509104
0.0,0,0.018661676
1.0,1,0.7745234
1.0,0,0.35722724
0.0,0,0.14396776
0.0,0,0.06373295
0.0,0,0.012464177
0.0,0,0.02911472
0.0,0,0.01261407
0.0,0,0.046418365
1.0,1,0.88769424
0.0,0,0.17565387
1.0,1,0.81050956
1.0,1,0.7963514
1.0,1,0.91464067
0.0,1,0.7912129
1.0,1,0.97387254
1.0,1,0.8056803
1.0,1,0.8746331
1.0,1,0.90152085
0.0,0,0.2771902
0.0,0,0.22232491
0.0,0,0.12777185
1.0,1,0.68169844
0.0,0,0.0061464673
0.0,0,0.009967395
0.0,0,0.0007794062
0.0,0,0.3465342
0.0,1,0.56147814
0.0,0,0.00806927
0.0,0,0.0026097458
1.0,1,0.9460956
0.0,0,0.38368985
1.0,0,0.24240813
0.0,0,0.0012204894
0.0,0,0.0079324385
0.0,0,0.0006665924
0.0,0,0.03885302
0.0,0,0.18769214
0.0,0,0.020002382
1.0,1,0.45313156
0.0,0,0.06651738
0.0,0,0.0068543446
0.0,0,0.32219693
0.0,0,0.07412178
1.0,1,0.9762084
0.0,0,0.005198174
0.0,0,0.013412913
0.0,0,0.058144823
0.0,0,0.0014485244
0.0,0,0.010013354
0.0,0,0.008907258
1.0,1,0.97835433
0.0,0,0.011864961
0.0,0,0.3545511
1.0,1,0.67788035
1.0,1,0.9632181
1.0,1,0.9645021
1.0,1,0.793518
1.0,1,0.630358
1.0,1,0.8914789
1.0,1,0.7551913
0.0,0,0.025976922
1.0,0,0.38313532
0.0,0,0.010973676
1.0,1,0.9751345
1.0,1,0.7457255
0.0,0,0.14775153
0.0,0,0.060764737
0.0,0,0.375563
1.0,1,0.95286304
1.0,1,0.86795354
1.0,1,0.97009367
1.0,1,0.9711515
0.0,0,0.012371241
1.0,1,0.96582055
1.0,1,0.9024243
0.0,0,0.12218771
1.0,1,0.7624271
0.0,0,0.006679859
0.0,0,0.09077584
1.0,1,0.9713139
0.0,0,0.0036978
1.0,1,0.9601701
1.0,1,0.96662503
0.0,0,0.002283846
1.0,1,0.87645924
1.0,1,0.97684205
0.0,0,0.1203256
0.0,0,0.068949774
0.0,0,0.07111605
0.0,0,0.001911966
0.0,0,0.058709048
1.0,1,0.9229591
1.0,1,0.9586098
1.0,1,0.93860894
1.0,1,0.9477333
1.0,1,0.637159
0.0,0,0.24971844
0.0,0,0.017272554
1.0,1,0.59255195
0.0,1,0.96048486
0.0,0,0.0090250885
0.0,0,0.0023007756
0.0,0,0.01647883
0.0,0,0.10593334
0.0,0,0.0014712225
0.0,0,0.0071296534
0.0,0,0.029656196
1.0,1,0.6850234
1.0,1,0.91903436
0.0,0,0.028518513
0.0,0,0.0019010847
0.0,1,0.6756575
0.0,0,0.14401294
0.0,0,0.06449947
0.0,0,0.15049787
0.0,0,0.029146338
0.0,0,0.008675285
1.0,1,0.58027697
1.0,1,0.92520666
0.0,0,0.018370911
1.0,1,0.8337232
1.0,1,0.93515587
0.0,0,0.007434957
1.0,1,0.675414
0.0,0,0.002105163
0.0,0,0.034704372
1.0,1,0.9038184
1.0,1,0.7375722
1.0,1,0.8869453
1.0,1,0.9705539
0.0,1,0.6210416
0.0,0,0.34403452
1.0,1,0.7077464
1.0,1,0.9771454
1.0,1,0.68637097
0.0,0,0.275
0.0,0,0.013488881
1.0,1,0.9592424
1.0,1,0.92077196
1.0,1,0.46264496
1.0,1,0.94064
0.0,0,0.0059704683
1.0,1,0.9488161
1.0,1,0.9155191
1.0,1,0.8623191
0.0,0,0.023576925
0.0,0,0.1171821
0.0,0,0.13392414
1.0,1,0.8339555
1.0,1,0.89403623
0.0,0,0.004218287
1.0,1,0.5917315
1.0,1,0.8048856
0.0,1,0.8481685
1.0,1,0.83153427
0.0,0,0.15059395
1.0,1,0.84855807
1.0,1,0.71571004
0.0,0,0.0015519031
0.0,0,0.039168354
1.0,1,0.9613379
1.0,1,0.87225246
0.0,0,0.11535641
0.0,0,0.0027971098
0.0,0,0.197318
0.0,0,0.00076600217
0.0,0,0.028075516
1.0,0,0.17212753
0.0,0,0.0007105664
1.0,1,0.8777734
1.0,1,0.9665168
1.0,1,0.63950074
1.0,1,0.76865524
0.0,1,0.447429
0.0,1,0.95454687
0.0,0,0.32957375
0.0,0,0.02543344
1.0,1,0.64535517
1.0,1,0.8832443
1.0,1,0.7780885
0.0,0,0.16918433
0.0,0,0.07778273
0.0,0,0.023853363
0.0,0,0.00400696
0.0,0,0.018029466
1.0,0,0.32681486
0.0,0,0.0040788194
1.0,1,0.8829497
1.0,1,0.9177395
0.0,0,0.017573573
1.0,1,0.95288694
0.0,0,0.076932326
0.0,1,0.6297461
0.0,0,0.0039180717
1.0,1,0.90122855
0.0,0,0.086273424
1.0,1,0.8975405
1.0,1,0.96502674
0.0,0,0.117860414
1.0,1,0.7892438
0.0,0,0.021192595
0.0,0,0.029491935
1.0,0,0.09591405
0.0,0,0.003584796
0.0,1,0.6387991
1.0,1,0.7305658
1.0,1,0.81416756
0.0,0,0.02111558
0.0,0,0.008078252
1.0,1,0.9679135
0.0,0,0.065983064
0.0,0,0.18501443
1.0,1,0.9756307
0.0,0,0.10773224
1.0,1,0.9467436
1.0,1,0.9607978
1.0,1,0.7621739
1.0,1,0.97346324
1.0,1,0.94533503
1.0,0,0.35492453
0.0,0,0.0042233113
1.0,1,0.9780175
1.0,1,0.7011448
0.0,0,0.0050531765
0.0,0,0.20023805
0.0,0,0.049365286
1.0,1,0.7824104
0.0,0,0.009871625
0.0,0,0.00039583092
0.0,0,0.08393202
1.0,1,0.92954135
0.0,0,0.014724878
1.0,1,0.63512576
0.0,0,0.008995284
1.0,1,0.8195209
1.0,1,0.6985618
1.0,1,0.8174458
0.0,0,0.07649651
0.0,0,0.042787537
1.0,1,0.9729697
0.0,0,0.027683947
1.0,1,0.9350814
1.0,1,0.8962157
1.0,0,0.019679662
1.0,0,0.20858625
0.0,0,0.00126459
1.0,1,0.8258691
0.0,0,0.13687788
0.0,1,0.4363314
0.0,0,0.0074426355
1.0,1,0.8969745
1.0,1,0.7819561
0.0,0,0.004996649
1.0,1,0.7773908
1.0,1,0.769731
1.0,1,0.55855954
1.0,1,0.9806171
1.0,1,0.85503393
0.0,0,0.027812352
1.0,0,0.27469108
0.0,0,0.00016553073
0.0,0,0.048509423
0.0,1,0.471791
1.0,1,0.6689544
1.0,0,0.0078679845
1.0,1,0.95292705
1.0,1,0.5769136
1.0,1,0.63572955
0.0,0,0.33466712
1.0,1,0.97401774
1.0,1,0.91839933
1.0,1,0.9455245
1.0,1,0.84914386
0.0,0,0.024405308
1.0,1,0.9698965
0.0,0,0.12555908
0.0,0,0.007900015
1.0,1,0.577886
0.0,0,0.008604976
0.0,0,0.022832472
0.0,0,0.29296374
1.0,1,0.5416585
0.0,0,0.1781377
1.0,1,0.9433601
1.0,1,0.71888316
1.0,1,0.97936857
1.0,1,0.7518667
1.0,1,0.83702594
1.0,1,0.97529763
1.0,1,0.77138954
1.0,1,0.9714629
1.0,1,0.6926607
1.0,1,0.7999419
0.0,0,0.011869189
1.0,1,0.8765254
0.0,0,0.02165607
0.0,0,0.0082320785
1.0,1,0.8400751
1.0,1,0.5570014
0.0,0,0.0015323026
1.0,1,0.931367
1.0,1,0.96147746
0.0,0,0.039041713
1.0,0,0.37729
1.0,1,0.97631323
0.0,0,0.0051231417
1.0,1,0.8576333
0.0,0,0.045718364
1.0,1,0.95118123
1.0,1,0.5657917
0.0,0,0.25201634
1.0,1,0.92459166
1.0,1,0.60935044
0.0,0,0.23637761
0.0,0,0.22669871
1.0,1,0.9677078
0.0,0,0.02255406
1.0,1,0.968122
1.0,0,0.015921192
0.0,0,0.00019037104
0.0,0,0.2055607
0.0,0,0.20020756
1.0,1,0.96830773
1.0,1,0.92265695
0.0,0,0.0012863606
0.0,0,0.017941255
0.0,0,0.0066653304
0.0,0,0.021533879
0.0,0,0.006087693
0.0,0,0.045829233
0.0,0,0.14765355
1.0,1,0.97381103
1.0,1,0.86298627
1.0,1,0.8105704
1.0,1,0.8170674
0.0,0,0.058857754
1.0,1,0.93676907
0.0,0,0.30312875
0.0,0,0.04029874
1.0,1,0.7310342
0.0,0,0.049967553
0.0,0,0.12073657
0.0,0,0.014140005
1.0,1,0.7184399
0.0,0,0.07505738
0.0,1,0.69335055
0.0,0,0.23490651
1.0,1,0.9495776
0.0,0,0.41972396
1.0,1,0.9460536
0.0,0,0.013161924
1.0,1,0.6980095
1.0,1,0.7211572
0.0,0,0.02641045
0.0,0,0.04665935
1.0,1,0.94659734
0.0,0,0.0009148751
0.0,1,0.48877105
0.0,0,0.006485141
1.0,1,0.8490337
0.0,0,0.012291683
0.0,1,0.8970297
0.0,0,0.0010686559
0.0,0,0.035064586
0.0,0,0.17416924
1.0,1,0.77076995
1.0,1,0.61729634
1.0,1,0.97633356
1.0,1,0.93197656
1.0,1,0.95987266
0.0,0,0.00894524
0.0,0,0.10276029
0.0,0,0.03562892
0.0,0,0.009160325
1.0,1,0.61573875
1.0,1,0.9751923
1.0,1,0.84807396
1.0,1,0.5839039
1.0,1,0.9103893
1.0,0,0.3855861
0.0,0,0.11055719
0.0,0,0.006843982
0.0,1,0.5322834
1.0,0,0.39553174
0.0,0,0.009012427
1.0,1,0.97621655
1.0,1,0.90523255
1.0,1,0.84365374
1.0,1,0.90506
0.0,0,0.22702914
0.0,1,0.7331485
0.0,0,0.019088147
0.0,0,0.04627637
1.0,1,0.9498623
1.0,1,0.8437829
1.0,1,0.92614377
1.0,1,0.71418357
0.0,0,0.0027567123
0.0,0,0.042115398
0.0,0,0.031596538
0.0,1,0.5826919
0.0,0,0.055538557
1.0,0,0.33786467
1.0,1,0.6423276
0.0,0,0.0014170146
0.0,0,0.0034229136
1.0,1,0.9668193
0.0,0,0.16820692
0.0,0,0.18901724
0.0,0,0.24358737
1.0,1,0.8533919
0.0,0,0.102267906
1.0,0,0.2935622
0.0,1,0.6603577
1.0,1,0.9757124
0.0,0,0.0041821487
1.0,1,0.86656874
0.0,0,0.42355335
1.0,0,0.2842922
0.0,0,0.02627076
0.0,0,0.01501125
1.0,0,0.22254185
1.0,1,0.77045774
1.0,1,0.95579207
1.0,0,0.089551315
1.0,1,0.4506931
0.0,1,0.48662943
1.0,1,0.88328904
1.0,1,0.900427
0.0,0,0.02991634
1.0,0,0.42790037
1.0,1,0.98023915
0.0,0,0.00843995
1.0,1,0.959078
1.0,1,0.8035551
0.0,0,0.0031950786
1.0,1,0.9778082
1.0,1,0.7130914
0.0,0,0.008263821
0.0,1,0.744825
1.0,1,0.9301418
0.0,0,0.00037408673
0.0,0,0.10274005
0.0,0,0.0059262556
0.0,0,0.0039523197
0.0,0,0.0075648087
1.0,1,0.92643183
1.0,1,0.77856004
1.0,0,0.1223918
0.0,0,0.34883314
1.0,1,0.97345215
1.0,1,0.9393768
0.0,0,0.0079406975
1.0,1,0.70825183
0.0,0,0.040776934
0.0,0,0.032693468
0.0,0,0.0053182207
1.0,1,0.5943577
0.0,0,0.09628858
0.0,0,0.003317568
0.0,0,0.00077412
0.0,0,0.13298663
0.0,0,0.039985944
1.0,0,0.17992738
1.0,1,0.9036745
0.0,0,0.12884367
0.0,1,0.6690612
0.0,0,0.08773824
0.0,1,0.881761
0.0,0,0.017685527
1.0,1,0.9470874
1.0,1,0.97108555
1.0,1,0.7516608
1.0,1,0.72259325
1.0,1,0.8770168
0.0,0,0.20786615
0.0,1,0.50723255
0.0,1,0.6276872
1.0,1,0.91944367
0.0,0,0.34227717
1.0,1,0.97815955
0.0,0,0.00044819215
0.0,0,0.412134
1.0,1,0.7261753
0.0,0,0.002765091
1.0,1,0.5646028
0.0,0,0.058552466
0.0,0,0.016399376
1.0,1,0.9763229
0.0,0,0.039718855
0.0,0,0.0060673114
0.0,0,0.005042868
0.0,0,0.00039547187
0.0,0,0.005806314
0.0,0,0.011940356
0.0,0,0.0934792
1.0,1,0.80834115
1.0,1,0.9705782
1.0,0,0.37346038
1.0,0,0.054125104
1.0,1,0.83973753
1.0,1,0.80186504
0.0,0,0.40900588
0.0,0,0.009226869
0.0,0,0.009913782
0.0,0,0.0011384771
1.0,1,0.8412062
1.0,1,0.9759202
0.0,0,0.122934125
0.0,0,0.09903529
0.0,0,0.11572699
1.0,1,0.7366103
1.0,1,0.94246095
1.0,1,0.91715354
0.0,0,0.006987726
1.0,1,0.7743952
1.0,1,0.9773047
0.0,0,0.052125767
1.0,0,0.3122884
0.0,0,0.009829263
1.0,1,0.9776884
1.0,1,0.97397435
0.0,0,0.066289715
1.0,1,0.70795685
1.0,1,0.9367393
1.0,1,0.4452383
1.0,1,0.6059003
0.0,0,0.061967112
0.0,0,0.017686615
1.0,1,0.7097106
0.0,0,0.0010270493
0.0,0,0.11517739
1.0,1,0.9199229
0.0,0,0.0007488646
0.0,0,0.022343364
1.0,1,0.7747097
1.0,1,0.65261704
1.0,1,0.9756477
0.0,0,0.04108996
1.0,1,0.7909005
0.0,0,0.11128478
1.0,1,0.9411085
1.0,1,0.884114
1.0,1,0.9715602
1.0,1,0.7333884
0.0,0,0.07588125
1.0,0,0.09761924
1.0,1,0.8750473
0.0,0,0.007120761
0.0,0,0.023256825
0.0,0,0.0032405313
1.0,1,0.96274215
0.0,0,0.05182339
0.0,0,0.011663934
1.0,1,0.9370614
1.0,1,0.91376495
1.0,1,0.9448395
0.0,0,0.009820179
1.0,1,0.9700446
1.0,1,0.9447965
0.0,0,0.14550103
1.0,1,0.9685896
1.0,0,0.23446256
0.0,0,0.25814807
1.0,1,0.81420773
1.0,0,0.40379986
1.0,1,0.91785103
0.0,0,0.015884798
0.0,0,0.0016785404
0.0,0,0.043696783
1.0,1,0.7373222
1.0,1,0.5025955
0.0,0,0.0318413
0.0,0,0.00054204365
0.0,0,0.30912593
1.0,1,0.90129054
0.0,0,0.03981507
0.0,0,0.022384278
1.0,1,0.7962847
1.0,1,0.82285684
0.0,1,0.4656435
0.0,0,0.026768014
0.0,0,0.08375146
1.0,1,0.9500924
0.0,0,0.001878378
1.0,1,0.6510258
1.0,1,0.8196697
1.0,1,0.91221255
1.0,1,0.465313
1.0,1,0.9749891
1.0,1,0.80613464
1.0,1,0.7052567
1.0,1,0.92738366
0.0,0,0.019469516
0.0,0,0.0023163136
0.0,0,0.021091586
1.0,1,0.97911173
1.0,1,0.6983051
0.0,0,0.00079907855
1.0,0,0.2195925
0.0,0,0.07114964
1.0,1,0.51780856
1.0,1,0.8521297
1.0,1,0.4996925
0.0,0,0.29422915
0.0,0,0.16732426
0.0,0,0.08771773
0.0,0,0.0039631305
0.0,0,0.0072588422
0.0,0,0.2556003
0.0,0,0.0064411587
1.0,1,0.84951216
0.0,1,0.44758624
0.0,0,0.007079716
0.0,1,0.74893844
0.0,0,0.026336452
1.0,1,0.9278876
1.0,1,0.88448644
1.0,1,0.97577536
1.0,1,0.9433728
0.0,0,0.070544966
0.0,0,0.10635048
0.0,0,0.0026955213
0.0,1,0.4721854
0.0,0,0.036831062
0.0,0,0.0068985503
1.0,1,0.6783323
0.0,0,0.3801009
0.0,0,0.039879803
0.0,0,0.00011105526
0.0,0,0.15625404
1.0,1,0.8315068
0.0,0,0.0019349055
0.0,0,0.35944867
0.0,0,0.012305532
0.0,0,0.014004679
0.0,0,0.043039076
0.0,0,0.2693253
0.0,0,0.0005292032
0.0,0,0.05023028
1.0,1,0.93001753
0.0,0,0.06225864
0.0,0,0.00016399834
1.0,1,0.9265171
0.0,1,0.7463397
0.0,0,0.0072533707
0.0,0,0.013012494
0.0,0,0.37869054
0.0,0,0.09207453
0.0,0,0.028768953
1.0,1,0.8012678
1.0,1,0.76153934
1.0,1,0.9749832
0.0,0,0.048638593
0.0,0,0.039208516
1.0,1,0.7583603
1.0,1,0.8904139
0.0,0,0.0031287563
1.0,1,0.92789584
0.0,0,0.38143277
1.0,1,0.8078054
0.0,0,0.343858
1.0,0,0.25650865
1.0,1,0.7289043
1.0,1,0.9401273
0.0,0,0.118782856
1.0,1,0.8346211
1.0,1,0.75145054
1.0,1,0.9786425
0.0,0,0.29772714
1.0,1,0.97130406
1.0,1,0.63241386
0.0,0,0.3428937
0.0,0,0.13611384
1.0,1,0.66014254
0.0,0,0.22884162
0.0,0,0.25826097
0.0,0,0.002042131
0.0,1,0.49407783
1.0,0,0.3860842
1.0,1,0.7526579
0.0,0,0.16572644
0.0,0,0.19941144
1.0,1,0.9262148
1.0,1,0.91200614
0.0,0,0.22451308
0.0,0,0.20370248
1.0,1,0.96929526
1.0,1,0.75467277
0.0,0,0.015784562
0.0,0,0.061954252
1.0,1,0.9015202
1.0,1,0.8130223
0.0,0,0.019370656
0.0,0,0.26214176
1.0,1,0.8366546
0.0,0,0.00073662406
0.0,0,0.030796267
0.0,0,0.019522766
0.0,0,0.0005696051
1.0,1,0.9761209
1.0,1,0.9737274
0.0,1,0.55896664
1.0,1,0.70131934
0.0,0,0.28705385
1.0,1,0.9729324
0.0,0,0.011990399
1.0,1,0.7944517
0.0,0,0.13657106
0.0,0,0.22637887
0.0,0,0.0022916333
0.0,0,0.025022587
1.0,1,0.9081204
0.0,0,0.17355055
1.0,1,0.96408254
0.0,0,0.004206286
0.0,0,0.056342226
0.0,0,0.009306842
1.0,1,0.97365123
1.0,1,0.89256847
0.0,0,0.38902873
1.0,1,0.9772661
0.0,0,0.045521904
0.0,0,0.07908305
0.0,0,0.21110873
0.0,0,0.14015388
0.0,0,0.070039846
1.0,0,0.22632201
0.0,0,0.054476082
1.0,0,0.2545388
1.0,1,0.91055465
1.0,1,0.7743478
1.0,1,0.9537037
0.0,0,0.12280493
1.0,1,0.8767715
1.0,0,0.36520556
1.0,1,0.8557002
1.0,0,0.42177945
0.0,0,0.0033986708
1.0,1,0.8198397
0.0,0,0.013724933
1.0,1,0.43926552
1.0,1,0.8141963
1.0,1,0.96330553
1.0,1,0.58107376
1.0,1,0.8963298
0.0,0,0.019537933
0.0,0,0.15577053
0.0,0,0.054899823
0.0,0,0.00024833827
1.0,1,0.84802455
1.0,1,0.9703938
0.0,0,0.00096075056
0.0,0,0.0012626396
1.0,1,0.88602656
0.0,0,0.11647996
1.0,1,0.95933187
0.0,0,0.31482658
1.0,1,0.96939695
1.0,1,0.6940434
1.0,1,0.6719023
0.0,0,0.023375154
1.0,0,0.40323356
0.0,0,0.023579868
0.0,0,0.06663808
1.0,1,0.95881546
1.0,1,0.45523673
0.0,0,0.004371867
1.0,1,0.9733988
1.0,0,0.24316081
0.0,0,0.039576635
0.0,0,0.110740356
0.0,0,0.2888707
0.0,1,0.5560379
1.0,1,0.97368044
0.0,0,0.048602622
0.0,0,0.018135158
1.0,1,0.8705988
1.0,1,0.94150686
0.0,0,0.0643426
0.0,0,0.061733715
0.0,0,0.0030770956
0.0,0,0.09331947
0.0,0,0.0050255833
0.0,0,0.011814051
1.0,1,0.8186845
1.0,1,0.9262698
0.0,0,0.0031607402
0.0,0,0.008729855
1.0,1,0.802528
1.0,1,0.8208549
0.0,0,0.0136298835
1.0,1,0.9688918
0.0,0,0.059801076
1.0,1,0.95790756
1.0,1,0.9510728
1.0,1,0.97670454
1.0,1,0.9274545
0.0,0,0.0061515667
1.0,1,0.94480515
0.0,0,0.021465987
0.0,0,0.09014628
1.0,0,0.24754679
1.0,1,0.97504044
0.0,1,0.81409705
1.0,1,0.6255661
1.0,1,0.79314446
1.0,1,0.9737338
0.0,0,0.11401139
1.0,1,0.9509603
1.0,1,0.9780237
1.0,1,0.9785645
1.0,1,0.9628695
0.0,0,0.006645694
0.0,0,0.0579393
0.0,0,0.007129029
1.0,1,0.9440148
1.0,1,0.9451683
0.0,0,0.08026972
1.0,1,0.7494293
1.0,0,0.36475292
1.0,1,0.9170182
0.0,1,0.6367641
1.0,1,0.9590072
0.0,0,0.021048527
0.0,0,0.106989406
1.0,1,0.6525507
1.0,1,0.6489048
1.0,1,0.9785584
0.0,0,0.055158965
0.0,0,0.025924196
1.0,1,0.9721682
0.0,0,0.0032142054
1.0,1,0.96991104
1.0,0,0.41413838
1.0,1,0.9298792
1.0,0,0.3491688
1.0,1,0.88058305
1.0,0,0.09764358
1.0,1,0.73401594
1.0,1,0.8637448
0.0,0,0.008909513
1.0,1,0.9663579
1.0,1,0.8935834
0.0,0,0.34858507
1.0,1,0.97285837
1.0,1,0.9344824
1.0,1,0.9768107
0.0,0,0.3519792
1.0,1,0.5563306
1.0,1,0.97544926
0.0,0,0.00074900844
1.0,1,0.868664
0.0,0,0.2636087
1.0,1,0.97489583
0.0,0,0.0053079114
0.0,0,0.022693751
1.0,1,0.9788312
0.0,0,0.007041699
0.0,0,0.22700027
0.0,0,0.009020023
1.0,1,0.96261716
0.0,0,0.2365807
1.0,1,0.9397867
1.0,1,0.96749914
0.0,0,0.040145244
1.0,1,0.89095676
0.0,0,0.031293076
0.0,0,0.0020301687
1.0,1,0.581872
0.0,0,0.1495762
0.0,0,0.12266105
0.0,0,0.015891844
0.0,0,0.019394718
1.0,1,0.97570133
1.0,1,0.9580596
0.0,0,0.16949731
1.0,1,0.9611314
1.0,1,0.43014756
1.0,1,0.9568513
0.0,0,0.07958509
0.0,1,0.51234496
1.0,1,0.835242
0.0,0,0.3065239
1.0,1,0.5035649
0.0,0,0.058636963
1.0,1,0.9722587
1.0,1,0.7780972
0.0,0,0.088792466
1.0,1,0.95008963
0.0,0,0.03964773
0.0,0,0.011273598
0.0,0,0.0011939728
0.0,0,0.0083260005
0.0,0,0.043456066
1.0,1,0.58592665
1.0,1,0.9565401
0.0,0,0.0035144158
0.0,0,0.4021314
0.0,0,0.042249642
0.0,0,0.09981556
0.0,0,0.24630886
0.0,0,0.010069239
1.0,1,0.75913227
0.0,0,0.006676563
1.0,1,0.9610175
0.0,0,0.06933296
0.0,0,0.3645163
1.0,1,0.756455
0.0,0,0.27487674
1.0,1,0.8408275
0.0,0,0.10001851
0.0,1,0.64097214
0.0,0,0.023307173
1.0,1,0.9527955
1.0,1,0.87398803
1.0,1,0.71619403
0.0,0,0.01707607
1.0,1,0.75523055
1.0,1,0.9501996
0.0,1,0.43663046
1.0,1,0.8534813
1.0,1,0.96876436
1.0,1,0.7175345
1.0,0,0.3717759
0.0,0,0.0633298
1.0,1,0.65217763
1.0,1,0.82932836
0.0,1,0.5787022
0.0,0,0.0022056836
0.0,0,0.004303015
1.0,1,0.91213274
1.0,1,0.7703316
0.0,0,0.20498323
1.0,1,0.77168113
0.0,1,0.43999973
1.0,1,0.9577666
1.0,1,0.70453006
1.0,1,0.45797977
0.0,0,0.041017868
0.0,0,0.016365852
0.0,0,0.36963254
1.0,1,0.6244384
0.0,0,0.008400392
1.0,1,0.9743149
0.0,0,0.038913354
1.0,1,0.89138174
1.0,1,0.6669485
1.0,1,0.95206004
0.0,0,0.14562681
1.0,1,0.96220917
1.0,1,0.8862529
1.0,1,0.9636667
1.0,1,0.47606283
0.0,0,0.0052227466
0.0,1,0.6396117
1.0,1,0.47583115
0.0,0,0.06899199
1.0,1,0.6926513
0.0,0,0.003933432
1.0,1,0.6790963
0.0,0,0.02558338
0.0,0,0.12982666
0.0,0,0.007114275
1.0,1,0.75704974
1.0,1,0.77787817
0.0,0,0.0055781216
0.0,0,0.16005358
0.0,0,0.01694778
1.0,1,0.7114197
0.0,0,0.035364136
1.0,1,0.9284872
1.0,1,0.97651005
1.0,1,0.9088071
1.0,1,0.9556389
1.0,1,0.9508838
0.0,0,0.0008255575
0.0,0,0.042864755
0.0,1,0.4759404
0.0,0,0.08464408
0.0,0,0.14938457
1.0,1,0.9272902
0.0,0,0.37218598
0.0,0,3.2214262e-05
0.0,0,0.05154255
1.0,1,0.9094936
1.0,1,0.840591
1.0,1,0.7077981
0.0,0,0.0021242574
1.0,1,0.91960895
1.0,1,0.8465213
0.0,0,0.00096622534
1.0,1,0.9679569
0.0,1,0.8791789
0.0,1,0.7905869
1.0,1,0.9442614
0.0,0,0.032244463
1.0,1,0.768447
0.0,1,0.64476293
0.0,0,0.013476128
0.0,0,0.035514608
0.0,0,0.17393598
0.0,0,0.019178802
0.0,0,0.047174368
0.0,0,0.33288485
0.0,0,0.38221163
0.0,1,0.7111354
1.0,1,0.43882337
1.0,1,0.9447344
1.0,1,0.84914976
1.0,1,0.54664147
1.0,1,0.9555003
1.0,0,0.16541241
0.0,0,0.031742748
1.0,1,0.8793667
1.0,1,0.7930622
0.0,0,0.083629034
0.0,0,0.15594856
1.0,1,0.8626799
0.0,1,0.53233576
1.0,1,0.9585956
1.0,1,0.9607142
1.0,1,0.97210157
1.0,1,0.8910756
0.0,0,0.29501674
1.0,1,0.6518592
1.0,1,0.940308
1.0,1,0.783306
1.0,1,0.80002284
1.0,1,0.47201005
1.0,1,0.7791928
0.0,0,0.08875883
0.0,0,0.08128591
1.0,1,0.90853524
1.0,1,0.44242263
1.0,1,0.9320423
0.0,0,0.035793252
1.0,1,0.8717858
0.0,0,0.0023312664
0.0,0,0.0316982
0.0,0,0.017958136
0.0,0,0.02082811
0.0,0,0.0034517974
1.0,1,0.88131243
1.0,1,0.7026768
0.0,0,0.004262786
0.0,1,0.9359865
1.0,1,0.92843795
0.0,0,0.0072045918
0.0,0,0.24514037
1.0,1,0.9668353
0.0,0,0.2124585
0.0,0,0.02845919
1.0,1,0.8544735
1.0,1,0.84040666
0.0,0,4.4128177e-05
0.0,0,0.3611276
0.0,0,0.06757048
1.0,1,0.9497676
0.0,1,0.9690588
0.0,0,0.001811665
1.0,1,0.6455611
1.0,1,0.86402035
1.0,1,0.9664123
1.0,1,0.71298736
0.0,0,0.0059663546
0.0,0,0.0062607257
1.0,1,0.9171271
0.0,0,0.0007075382
0.0,0,0.36850217
0.0,0,0.0011358421
0.0,0,0.067554444
1.0,1,0.71623623
1.0,1,0.8573165
0.0,0,0.04036895
1.0,1,0.9001231
0.0,0,0.22668
1.0,1,0.96419543
0.0,0,0.00013313076
0.0,0,0.030368261
1.0,1,0.8503977
0.0,0,0.034996342
1.0,1,0.9785105
1.0,0,0.2525225
1.0,1,0.9107213
1.0,1,0.9746964
0.0,0,0.054747667
1.0,1,0.9644383
0.0,0,0.0064469627
0.0,0,0.0022123018
1.0,1,0.6566722
0.0,0,0.21161453
0.0,0,0.015511322
1.0,1,0.9769711
1.0,1,0.94827586
1.0,1,0.95167655
1.0,1,0.97178215
0.0,0,0.0008243575
0.0,0,0.0074908407
1.0,1,0.7346791
1.0,0,0.22907883
0.0,0,0.034330934
0.0,0,0.0015096386
0.0,0,0.007934555
1.0,1,0.9593892
0.0,0,0.120089926
1.0,1,0.71105295
1.0,1,0.7394376
1.0,1,0.979821
1.0,1,0.92624825
1.0,1,0.7462344
0.0,0,0.019978711
1.0,0,0.38260475
0.0,0,0.068870336
1.0,1,0.8832407
1.0,1,0.58066684
0.0,0,0.008513145
1.0,0,0.16399364
0.0,0,0.0040150043
0.0,0,0.029252283
0.0,1,0.5730525
0.0,0,0.19415204
1.0,1,0.9631353
1.0,1,0.9693546
0.0,0,0.0073280595
1.0,1,0.8044841
0.0,0,0.09208014
0.0,0,0.01776747
0.0,0,0.16892126
0.0,0,0.0035784182
0.0,1,0.65931094
1.0,1,0.7301754
1.0,1,0.9671646
1.0,1,0.8181571
0.0,0,0.010564203
0.0,0,0.2141165
1.0,1,0.8241757
0.0,0,0.0018042078
0.0,0,0.005331429
1.0,1,0.89692354
0.0,0,0.35051414
1.0,1,0.6173272
0.0,0,0.004300519
0.0,0,0.05125096
1.0,1,0.9683241
1.0,1,0.79537493
1.0,1,0.95065856
1.0,1,0.71595657
1.0,1,0.7427393
0.0,0,0.13158782
1.0,1,0.8354076
0.0,0,0.06527635
1.0,1,0.9767235
0.0,1,0.7648536
0.0,0,0.04345695
1.0,1,0.8490249
0.0,0,0.003920212
0.0,0,0.030925732
1.0,1,0.8995021
1.0,1,0.73524153
1.0,1,0.795732
1.0,0,0.233365
0.0,0,0.002304797
1.0,1,0.8414521
0.0,0,0.13454716
1.0,1,0.47209468
1.0,1,0.8800711
1.0,1,0.924904
0.0,0,0.021584434
1.0,1,0.94164723
0.0,0,0.011814163
1.0,1,0.9517983
0.0,0,0.06864685
0.0,0,0.04854796
1.0,1,0.94014895
0.0,0,0.11912028
0.0,0,0.0025364936
1.0,1,0.8539387
0.0,0,0.004028558
0.0,0,0.028742079
1.0,1,0.97621983
0.0,0,0.2697074
0.0,0,0.0011467
0.0,0,0.006757287
1.0,1,0.96957296
1.0,1,0.87500525
0.0,1,0.5729199
0.0,0,0.112268835
0.0,0,0.012950305
0.0,1,0.7881745
0.0,0,0.06920434
1.0,1,0.97954273
0.0,0,0.00994021
0.0,0,0.030827433
1.0,1,0.8191072
0.0,0,0.0058410773
0.0,0,0.018085513
0.0,0,0.0032668123
1.0,1,0.8962676
0.0,0,0.03525867
1.0,0,0.21533024
1.0,1,0.97621495
1.0,1,0.62159157
0.0,0,0.0076903035
1.0,1,0.79798585
0.0,0,0.0020347338
1.0,1,0.9435633
0.0,1,0.46082413
0.0,0,0.40047246
1.0,1,0.9655139
1.0,1,0.9101143
1.0,1,0.76472294
1.0,1,0.96022123
1.0,1,0.96795106
0.0,0,0.00300475
1.0,1,0.88457704
0.0,0,0.08585374
1.0,0,0.21277182
1.0,0,0.2651555
1.0,1,0.5182674
0.0,0,0.1281987
1.0,1,0.6542095
1.0,1,0.9349463
1.0,1,0.927913
1.0,0,0.41913104
1.0,1,0.9731021
1.0,1,0.9520428
1.0,0,0.34774947
0.0,1,0.9708748
0.0,0,0.012790903
1.0,1,0.7723844
1.0,1,0.8185637
1.0,1,0.9378502
1.0,1,0.9531369
1.0,1,0.8274702
0.0,0,0.2162304
1.0,1,0.94234824
1.0,1,0.97525644
1.0,1,0.68544734
1.0,1,0.9547235
0.0,0,0.01849119
0.0,0,0.013281245
1.0,1,0.67170167
1.0,1,0.9497153
0.0,0,0.030324448
1.0,1,0.9774043
0.0,0,0.00522213
0.0,0,0.0032263477
0.0,0,0.29377344
0.0,0,0.12828942
1.0,1,0.48959634
1.0,1,0.97524506
0.0,0,0.016961114
1.0,1,0.70402503
1.0,1,0.97674423
1.0,1,0.9652072
1.0,1,0.9706112
1.0,1,0.9759198
0.0,0,0.0011089218
1.0,1,0.59624624
1.0,1,0.92676187
1.0,1,0.7120873
0.0,0,0.06300694
0.0,0,0.0017365408
1.0,1,0.9733254
0.0,0,0.0015444726
0.0,0,0.29170495
0.0,0,0.057995617
1.0,1,0.97313005
0.0,0,0.010838332
0.0,0,0.033296216
0.0,0,0.16580814
0.0,0,0.018130627
1.0,1,0.87853205
1.0,1,0.47342122
0.0,0,0.013645054
1.0,1,0.96447504
1.0,1,0.69927025
1.0,1,0.9778759
0.0,1,0.8273635
0.0,0,0.12699632
0.0,0,0.0014435829
1.0,1,0.561393
0.0,0,0.10573144
0.0,0,0.019343803
1.0,1,0.43187124
0.0,0,0.025265018
0.0,0,0.005305434
0.0,0,0.098486245
0.0,0,0.017334986
1.0,1,0.72170573
1.0,0,0.15243419
0.0,0,0.03942919
1.0,1,0.9196239
1.0,1,0.930808
0.0,0,0.12612507
1.0,1,0.81145453
0.0,0,0.05758329
1.0,1,0.96750045
0.0,0,0.17962773
0.0,0,0.015733913
0.0,0,0.19377746
1.0,1,0.6542778
1.0,1,0.94638246
1.0,1,0.65473783
0.0,0,0.22489204
0.0,1,0.6564144
0.0,0,0.024917083
1.0,1,0.8435496
1.0,1,0.77225506
0.0,1,0.44840828
0.0,0,0.03711651
0.0,0,0.08864486
0.0,0,0.07270033
1.0,1,0.8705
0.0,0,0.2718203
0.0,1,0.59391785
1.0,1,0.66248393
1.0,1,0.4986931
1.0,1,0.69736654
0.0,0,0.08587863
1.0,1,0.95920485
1.0,0,0.40963498
1.0,1,0.9546951
0.0,0,0.00043218813
0.0,0,0.002171535
1.0,1,0.93705827
0.0,1,0.48520297
1.0,1,0.96410537
1.0,1,0.56416565
0.0,0,0.3313408
0.0,0,0.033198662
0.0,0,0.03935744
1.0,1,0.5760453
1.0,1,0.9532978
0.0,0,0.00030059545
1.0,1,0.7894354
1.0,1,0.63865095
1.0,0,0.33746055
0.0,0,0.09410566
0.0,0,0.0018962089
1.0,1,0.85355216
0.0,0,0.08245036
0.0,0,0.027301678
0.0,0,0.06725257
1.0,1,0.9299674
0.0,0,0.13580315
1.0,1,0.8547119
0.0,1,0.51422405
0.0,0,0.0062837233
1.0,1,0.9761555
1.0,1,0.9789787
1.0,1,0.96205306
1.0,1,0.856105
1.0,1,0.9122707
1.0,1,0.8822629
0.0,0,0.0030636236
0.0,0,0.20468296
0.0,0,0.031329565
1.0,1,0.8042438
0.0,0,0.036761705
1.0,1,0.8972272
0.0,0,0.13629767
0.0,0,0.0016570543
1.0,1,0.8857563
1.0,1,0.856899
1.0,1,0.8665737
0.0,0,0.102293335
1.0,1,0.8349455
1.0,1,0.60071254
0.0,0,0.006471894
0.0,0,0.06431999
0.0,0,0.0012683253
1.0,1,0.95216894
0.0,1,0.542606
0.0,0,0.07300281
0.0,0,0.0017732371
0.0,0,0.0011780631
0.0,0,0.03150376
1.0,1,0.94820255
0.0,1,0.4420412
1.0,1,0.90788037
0.0,0,0.003645043
1.0,1,0.8130797
1.0,0,0.37090978
0.0,0,0.00024891904
1.0,1,0.9437844
1.0,0,0.11473615
1.0,1,0.97462016
1.0,1,0.88404036
0.0,0,0.022240663
1.0,1,0.60408694
0.0,0,0.003398758
1.0,1,0.74085736
1.0,1,0.5648273
1.0,1,0.43113098
1.0,1,0.84513104
1.0,0,0.16526115
1.0,1,0.928628
0.0,1,0.9637161
1.0,1,0.9397064
1.0,0,0.22614269
1.0,1,0.9050302
0.0,0,0.007012615
0.0,0,0.2645487
1.0,1,0.9727863
0.0,0,0.068059795
0.0,0,0.10484779
1.0,1,0.9675226
1.0,1,0.895601
0.0,1,0.7851674
0.0,0,0.052635074
0.0,1,0.8463708
0.0,0,0.07263186
0.0,0,0.020835873
0.0,0,0.004993931
1.0,0,0.37767217
0.0,0,0.000110156245
0.0,0,0.0006404003
0.0,1,0.664364
1.0,1,0.7300826
1.0,1,0.9614624
1.0,1,0.8114032
0.0,0,0.0100196
1.0,1,0.8826045
0.0,0,0.088353984
1.0,1,0.9416451
1.0,1,0.95955217
1.0,1,0.9710399
0.0,0,0.019896094
0.0,0,0.009016052
1.0,1,0.97249556
0.0,0,0.102528766
0.0,0,0.070471644
0.0,0,0.08497584
0.0,0,0.30643398
0.0,0,0.051844757
0.0,0,0.023764126
1.0,1,0.8170918
1.0,1,0.79026866
0.0,0,0.0028197183
1.0,1,0.9616614
1.0,1,0.79869837
1.0,1,0.96353817
0.0,0,0.08547587
0.0,0,0.19582224
1.0,1,0.72880685
1.0,1,0.72788405
1.0,1,0.9553191
0.0,0,0.0010411275
1.0,1,0.7087865
0.0,0,0.00180349
0.0,0,0.006468479
1.0,1,0.6049247
0.0,0,0.0003323412
0.0,0,0.09245999
1.0,1,0.71394855
0.0,0,0.047666516
0.0,0,0.071683615
0.0,0,0.031086624
1.0,1,0.9618752
0.0,0,0.26259705
1.0,1,0.94405776
1.0,1,0.8424427
0.0,0,0.005642623
1.0,1,0.4314729
0.0,0,0.0009588631
1.0,1,0.9738821
0.0,1,0.5842896
0.0,0,0.41081208
1.0,1,0.59831923
0.0,0,0.34833738
0.0,0,0.0013895689
1.0,1,0.9666715
1.0,1,0.50158155
0.0,0,0.016896248
1.0,1,0.9307551
1.0,1,0.9619566
0.0,0,0.22591314
0.0,0,0.05535009
1.0,1,0.81437916
0.0,0,0.016760899
1.0,1,0.49782276
1.0,0,0.03379167
1.0,1,0.83369994
0.0,1,0.85347235
1.0,1,0.7680427
0.0,1,0.50452757
0.0,0,0.0016482671
0.0,0,0.004428012
0.0,0,0.006669894
1.0,1,0.56374997
1.0,1,0.8183212
0.0,0,0.0035343827
1.0,1,0.7963241
0.0,0,0.008498685
1.0,1,0.5013015
0.0,0,0.036622245
0.0,0,0.0005263035
1.0,1,0.7683714
1.0,1,0.8080017
1.0,0,0.42679867
1.0,1,0.9640819
1.0,1,0.95003206
0.0,0,0.085754156
1.0,0,0.067332886
0.0,0,0.017401326
1.0,1,0.7865944
1.0,1,0.92257744
1.0,1,0.50404966
0.0,0,0.0024429732
1.0,1,0.8894834
0.0,0,0.04659266
1.0,0,0.2732757
1.0,1,0.9308391
1.0,0,0.37971002
1.0,1,0.948414
1.0,1,0.9185629
1.0,1,0.8172377
1.0,1,0.6309349
0.0,0,0.13001136
1.0,1,0.83492476
0.0,0,0.16521865
1.0,1,0.974371
1.0,1,0.8280984
0.0,0,0.030471286
1.0,1,0.78103155
0.0,0,0.0020339533
1.0,1,0.9521728
0.0,0,0.037619475
0.0,0,0.006661786
1.0,1,0.6554711
0.0,0,0.009020781
1.0,1,0.9111527
1.0,1,0.8411477
0.0,1,0.45071626
0.0,0,0.0054159802
1.0,1,0.9721809
0.0,0,0.37880066
1.0,1,0.9792204
1.0,1,0.9774911
1.0,1,0.97383434
1.0,1,0.9470185
0.0,0,0.24965881
1.0,1,0.9623363
1.0,1,0.92317665
0.0,0,0.0103176115
0.0,1,0.56668764
0.0,0,0.2411035
1.0,1,0.9564657
0.0,0,0.0791981
0.0,0,0.0010304354
1.0,1,0.9620366
1.0,1,0.60770166
0.0,0,0.062909506
1.0,1,0.93402594
1.0,1,0.96079576
0.0,1,0.8174647
0.0,0,0.07381905
0.0,0,0.24400261
0.0,0,0.03876713
0.0,0,0.0055357083
1.0,1,0.9105669
0.0,0,0.04715925
1.0,1,0.8480949
1.0,1,0.4665235
0.0,0,0.025955457
0.0,0,0.058499373
1.0,1,0.96499866
0.0,1,0.43759686
0.0,0,0.19487727
0.0,0,0.020694427
0.0,0,0.041564006
1.0,1,0.97199285
0.0,0,0.010963061
1.0,1,0.7349355
0.0,0,0.01830425
1.0,0,0.24938539
1.0,1,0.76640767
1.0,1,0.91419274
1.0,1,0.49667206
1.0,1,0.86877596
1.0,1,0.85497195
1.0,1,0.8701725
0.0,0,0.0032772599
0.0,0,0.062929936
1.0,1,0.93173355
0.0,0,0.04712016
0.0,0,0.0043460033
0.0,1,0.81383675
1.0,0,0.26020947
0.0,0,0.004240361
0.0,0,0.023321003
1.0,1,0.8765297
0.0,0,0.04683331
1.0,1,0.9570865
0.0,0,0.010423262
0.0,0,0.045630414
1.0,1,0.8884233
1.0,1,0.6421152
1.0,1,0.83045757
0.0,0,0.019347265
0.0,0,0.031732142
0.0,0,0.0046427427
0.0,0,0.046592683
1.0,1,0.67178744
0.0,0,0.00030177648
1.0,1,0.6595603
1.0,0,0.28614816
1.0,1,0.833951
1.0,1,0.92834044
1.0,1,0.8402032
1.0,1,0.9426708
1.0,0,0.15389325
0.0,0,0.004901771
1.0,1,0.79333115
1.0,1,0.49342138
0.0,0,0.06261137
1.0,1,0.97672373
1.0,1,0.6599955
1.0,0,0.21822041
0.0,1,0.63441205
1.0,1,0.7328568
1.0,1,0.9810307
0.0,0,0.12965062
0.0,0,0.052979536
0.0,0,0.017426359
0.0,0,0.004819527
0.0,0,0.15450813
1.0,1,0.8692744
0.0,0,0.044677425
0.0,0,0.103242375
0.0,1,0.5236337
0.0,1,0.59433997
0.0,0,0.09014945
0.0,0,0.13710168
0.0,1,0.6594508
1.0,1,0.63833636
0.0,1,0.7469255
0.0,0,0.01670891
0.0,0,0.33887723
0.0,0,0.04763985
0.0,0,0.049909636
1.0,1,0.9715157
1.0,1,0.9396966
0.0,0,0.23189674
0.0,0,0.042612456
1.0,1,0.70713264
0.0,0,0.04022476
0.0,0,0.009443959
1.0,1,0.8252568
0.0,0,0.27547622
0.0,0,0.12337329
1.0,1,0.9434546
1.0,1,0.9671616
0.0,0,0.0048770816
1.0,1,0.9794882
1.0,1,0.9461519
1.0,1,0.667226
0.0,0,0.26228335
0.0,0,0.1214989
0.0,0,0.0035713166
1.0,1,0.944386
0.0,0,0.042250838
0.0,0,0.005160331
1.0,1,0.9743387
0.0,0,0.14653784
0.0,0,0.25354004
0.0,0,0.087448806
0.0,0,0.18783496
1.0,1,0.95652235
0.0,0,0.05154026
0.0,0,0.11131127
1.0,1,0.8241442
0.0,1,0.64776456
0.0,0,0.024115913
1.0,1,0.96769196
1.0,1,0.750031
0.0,1,0.58812404
0.0,0,0.046326205
0.0,1,0.63038594
0.0,0,0.011771202
1.0,1,0.9218585
0.0,0,0.12043473
1.0,1,0.6398207
0.0,0,0.0022173577
1.0,1,0.7301402
1.0,1,0.90969884
0.0,0,0.0042942916
0.0,0,0.07120555
0.0,0,0.0033891806
0.0,0,0.18685973
0.0,0,0.08419057
0.0,1,0.6426885
1.0,0,0.1509354
1.0,1,0.9612381
0.0,0,0.24298777
1.0,1,0.6060892
1.0,1,0.800061
0.0,0,0.0026576426
1.0,1,0.9634371
0.0,0,0.031251725
1.0,1,0.6517015
1.0,1,0.90662783
1.0,0,0.19535078
1.0,1,0.6076058
1.0,1,0.7034608
1.0,1,0.8636875
1.0,0,0.29320163
1.0,1,0.9433847
0.0,0,0.19796127
1.0,1,0.87969065
0.0,1,0.5181539
1.0,1,0.8558996
1.0,1,0.96587324
1.0,1,0.90582585
0.0,0,0.038388595
0.0,0,0.18865676
1.0,1,0.9307231
1.0,0,0.3707439
1.0,0,0.18985277
0.0,0,0.008064883
0.0,0,0.09054119
1.0,1,0.90559965
0.0,1,0.8386434
0.0,0,0.0016382133
0.0,0,0.22428606
0.0,0,0.006729941
0.0,0,0.17920473
0.0,0,0.013158383
0.0,0,0.007133198
1.0,1,0.976005
1.0,1,0.6429386
0.0,0,0.012741894
1.0,1,0.9456711
0.0,0,0.006665217
0.0,0,0.019036042
0.0,0,0.010537435
0.0,0,0.0209562
0.0,0,0.1313683
1.0,1,0.96493644
0.0,0,0.00325939
1.0,1,0.8228055
0.0,0,0.2666104
0.0,0,0.19961381
0.0,1,0.465296
1.0,1,0.7882281
1.0,1,0.9761013
1.0,1,0.94065803
0.0,0,0.023970224
1.0,1,0.9786935
1.0,1,0.5763247
1.0,0,0.36623582
0.0,0,0.03746247
1.0,1,0.91919625
0.0,0,0.25563133
1.0,1,0.8989212
1.0,1,0.96965975
1.0,1,0.9006105
0.0,0,0.0054513346
1.0,1,0.706223
1.0,1,0.96961504
0.0,0,0.014877067
0.0,0,0.2527229
0.0,0,0.12031134
1.0,1,0.9158606
1.0,1,0.8108198
1.0,0,0.36551374
1.0,1,0.78461325
0.0,1,0.4501895
0.0,0,0.059972916
1.0,1,0.76677376
1.0,0,0.21264847
1.0,1,0.97272164
0.0,0,0.044830136
0.0,0,0.19326796
1.0,1,0.96393025
0.0,0,0.039937645
1.0,1,0.83241576
1.0,1,0.79379094
1.0,1,0.9364141
1.0,1,0.978237
1.0,1,0.97633404
0.0,0,0.09543714
1.0,1,0.77641004
0.0,0,0.065555245
1.0,1,0.93972653
0.0,0,0.01314353
1.0,1,0.97958636
0.0,0,0.19235517
1.0,1,0.9152466
0.0,0,0.1579425
0.0,0,0.012606281
0.0,0,0.00704809
1.0,1,0.9726004
0.0,0,0.001463618
1.0,1,0.97255355
1.0,1,0.9448824
1.0,0,0.40083763
0.0,0,0.058163956
0.0,0,0.035295725
0.0,0,0.039970696
0.0,0,0.1303599
0.0,0,0.047486432
0.0,0,0.0019970872
1.0,1,0.8595846
0.0,0,0.14278708
0.0,0,0.0044352743
1.0,1,0.71716666
1.0,1,0.9281176
0.0,0,0.015308382
1.0,1,0.9125742
0.0,0,0.12630561
1.0,0,0.13511859
0.0,1,0.49378827
0.0,0,0.23030299
0.0,0,0.17372419
1.0,1,0.84811616
0.0,0,0.0047368766
0.0,0,0.030290045
1.0,1,0.94540244
0.0,1,0.43549076
0.0,0,0.006635534
0.0,0,0.1166901
0.0,0,0.034570474
1.0,1,0.9819008
1.0,1,0.7680888
0.0,0,0.415844
0.0,0,0.012788068
0.0,0,0.1127293
0.0,0,0.017156417
1.0,1,0.5327744
0.0,0,0.014682448
1.0,1,0.90603834
0.0,1,0.6129999
0.0,0,0.15567859
0.0,0,0.09834912
0.0,0,0.004497109
1.0,0,0.11985304
0.0,0,0.0040646945
0.0,0,0.22114126
1.0,1,0.8896937
0.0,0,0.09009797
1.0,1,0.46811202
1.0,1,0.96597576
1.0,1,0.95958745
0.0,0,0.00081248657
0.0,0,0.16554025
0.0,0,0.3165101
1.0,1,0.9736172
1.0,1,0.97745657
0.0,0,0.00182708
1.0,1,0.97118366
1.0,1,0.6600027
1.0,1,0.9636325
0.0,0,0.16863163
0.0,0,0.0009220801
0.0,0,0.0057908758
0.0,0,0.26188356
1.0,1,0.58867884
1.0,1,0.89087296
1.0,1,0.8824323
1.0,1,0.6966369
1.0,1,0.9646182
1.0,1,0.733855
0.0,1,0.70164365
1.0,1,0.75652516
0.0,1,0.51344526
0.0,0,0.007708103
1.0,1,0.64964944
1.0,1,0.8070689
1.0,1,0.6438213
1.0,1,0.67183685
0.0,0,0.06655573
1.0,1,0.823977
1.0,1,0.9663935
1.0,1,0.9775847
0.0,0,0.056222104
0.0,0,0.0055341013
1.0,1,0.81253254
1.0,1,0.46135846
1.0,1,0.59473014
1.0,1,0.6126417
0.0,0,0.02508719
1.0,1,0.9355537
0.0,0,0.0057192873
1.0,0,0.14128785
0.0,0,0.044411134
1.0,1,0.97631025
0.0,0,0.14833182
0.0,0,0.21725783
1.0,1,0.9431543
0.0,0,0.103496514
0.0,0,0.16672157
0.0,1,0.74386954
1.0,1,0.9439379
1.0,1,0.97205865
1.0,1,0.88764364
1.0,1,0.80377895
1.0,0,0.38237256
0.0,0,0.053577777
1.0,1,0.6862259
1.0,1,0.93919367
1.0,1,0.74037397
1.0,1,0.89755327
1.0,1,0.958319
0.0,0,0.04806915
1.0,1,0.76864064
1.0,1,0.8334082
0.0,1,0.46023023
1.0,1,0.92813224
1.0,1,0.67627996
1.0,1,0.75645
0.0,0,0.012341958
1.0,1,0.93197393
0.0,0,0.011419422
1.0,1,0.9752551
0.0,0,0.019604426
1.0,1,0.7318908
0.0,0,0.10655711
1.0,0,0.40640104
1.0,1,0.6613523
1.0,1,0.88685185
0.0,0,0.349674
0.0,0,0.044770516
1.0,1,0.89523435
0.0,0,0.0009804523
1.0,1,0.74337536
0.0,0,0.0023877819
0.0,0,0.18480659
0.0,0,0.013885934
1.0,1,0.88934773
1.0,1,0.95634836
0.0,0,0.004553601
1.0,1,0.9025547
1.0,1,0.9486636
0.0,0,0.035984196
0.0,0,0.17260315
0.0,0,0.074127406
0.0,0,0.021659696
0.0,0,0.017904451
0.0,0,0.03650782
1.0,1,0.9733845
1.0,0,0.10862382
0.0,0,0.2585704
1.0,1,0.96768314
1.0,1,0.97406346
1.0,1,0.95412433
1.0,1,0.95573825
1.0,1,0.90285754
1.0,1,0.881534
0.0,0,0.13065252
0.0,0,4.2525673e-05
0.0,0,0.007941563
1.0,1,0.6324879
0.0,0,0.024613453
1.0,1,0.9727512
1.0,1,0.9652316
0.0,0,0.068637066
1.0,1,0.91696155
0.0,0,0.0148977265
0.0,0,0.42250115
0.0,0,0.03628127
1.0,1,0.90472025
0.0,0,0.002509725
0.0,0,0.10722891
1.0,1,0.9704355
1.0,1,0.9695845
0.0,1,0.48330832
0.0,0,0.0053376993
0.0,0,0.0011344147
0.0,0,0.0068606185
0.0,0,0.022252891
1.0,1,0.96436113
1.0,1,0.9659365
1.0,1,0.6551882
1.0,1,0.9712294
0.0,0,0.011513136
1.0,1,0.6432469
0.0,1,0.46139136
0.0,0,0.09253281
1.0,1,0.9774475
0.0,0,0.030256547
0.0,0,0.2797207
0.0,0,0.041942354
0.0,0,0.034806125
0.0,0,0.061596133
1.0,1,0.8865213
1.0,1,0.8114681
0.0,0,0.0016464922
0.0,0,0.2272477
0.0,0,0.0017177344
1.0,0,0.33130535
0.0,1,0.6573836
0.0,0,0.15355007
0.0,0,0.0010480888
0.0,0,0.0011624541
0.0,0,0.3354855
1.0,1,0.7634939
1.0,1,0.97756106
0.0,0,0.004246655
1.0,1,0.7528236
1.0,1,0.8649058
1.0,1,0.9524703
1.0,1,0.86826676
0.0,0,0.14284706
0.0,0,0.233452
0.0,1,0.7965557
1.0,1,0.9498617
1.0,1,0.62475467
0.0,0,0.0017554631
1.0,1,0.46177953
0.0,0,0.0010973053
0.0,1,0.5084263
0.0,0,0.039041802
1.0,1,0.8816461
0.0,0,0.019888164
0.0,0,0.31994197
1.0,1,0.7547109
1.0,1,0.95945334
1.0,1,0.853764
1.0,1,0.91625
0.0,0,0.044649865
0.0,0,0.0043825693
1.0,1,0.7675917
1.0,1,0.9150935
0.0,1,0.65037495
1.0,1,0.9534191
1.0,1,0.7049757
0.0,0,0.0034377882
1.0,1,0.9789078
0.0,0,0.005622409
1.0,1,0.8899696
0.0,0,0.12941723
0.0,0,0.0057692574
0.0,0,0.0053375573
0.0,0,0.016188474
0.0,0,0.09515178
0.0,0,0.009366161
1.0,1,0.73422694
0.0,0,0.028632894
0.0,0,0.007386158
1.0,0,0.102190025
0.0,1,0.9016812
0.0,0,0.008167585
1.0,1,0.9722445
0.0,0,0.028551504
1.0,1,0.9014067
0.0,1,0.6451436
0.0,0,0.014418637
0.0,0,0.0601711
0.0,0,0.0022008256
1.0,0,0.14896767
1.0,1,0.8438933
0.0,1,0.6948427
1.0,1,0.76056623
0.0,0,0.012566066
1.0,1,0.8934291
1.0,1,0.889058
1.0,1,0.71605515
1.0,1,0.8722871
1.0,1,0.5338187
0.0,0,0.04731881
0.0,0,0.13276325
1.0,1,0.8735731
1.0,1,0.6382793
0.0,0,0.053072043
1.0,1,0.88940483
0.0,0,0.00043539598
1.0,0,0.2596069
1.0,0,0.07831753
0.0,0,0.035930227
1.0,0,0.19291982
0.0,0,0.0001288226
1.0,1,0.95013785
1.0,1,0.97337145
1.0,1,0.63898444
1.0,1,0.8713001
0.0,0,0.24419051
1.0,1,0.6984674
1.0,0,0.4138979
0.0,1,0.49971244
1.0,1,0.9736535
0.0,0,0.053987585
0.0,0,0.0015758488
1.0,1,0.47564235
0.0,0,0.0062598805
0.0,0,0.004884481
0.0,1,0.8245957
0.0,0,0.05302794
0.0,0,0.4204612
0.0,0,0.009543408
1.0,1,0.937389
1.0,1,0.7881583
1.0,1,0.6673244
0.0,0,0.02487013
0.0,0,0.00081313483
0.0,0,0.21320221
0.0,0,0.021977969
0.0,1,0.5710499
1.0,0,0.264962
1.0,1,0.83888304
0.0,0,0.000319619
0.0,0,0.0201458
0.0,0,0.026039546
1.0,1,0.64431417
0.0,0,0.08227493
0.0,0,0.0031236203
0.0,1,0.57610565
1.0,1,0.92758054
1.0,1,0.9153575
0.0,0,0.13909814
0.0,0,0.0062888884
0.0,0,0.06866357
1.0,0,0.268897
1.0,1,0.9704563
0.0,0,0.01728316
0.0,0,0.060102765
1.0,1,0.88656014
0.0,1,0.8162654
1.0,1,0.9703519
1.0,1,0.9753695
0.0,0,0.19066508
0.0,0,0.11350412
1.0,1,0.7835444
0.0,1,0.8668263
1.0,1,0.9390645
0.0,0,0.037105527
1.0,1,0.9490745
0.0,1,0.44973728
1.0,1,0.88325924
0.0,0,0.0033082436
1.0,1,0.96639544
0.0,0,0.25125086
0.0,0,0.015279141
1.0,1,0.46035162
0.0,0,0.01799228
1.0,0,0.30340648
1.0,1,0.77969116
1.0,1,0.8362211
0.0,0,0.0019441472
0.0,0,0.0068624285
0.0,0,0.0018894136
1.0,1,0.9725225
1.0,1,0.97125673
1.0,1,0.8065478
0.0,0,0.096248195
0.0,0,0.0015441065
1.0,1,0.79988986
0.0,0,0.06774523
1.0,1,0.9747547
1.0,1,0.9750912
1.0,1,0.96667427
1.0,1,0.6520315
0.0,0,0.002173313
0.0,0,0.006467416
1.0,1,0.9538909
1.0,1,0.71070766
1.0,1,0.74515545
1.0,1,0.84008324
1.0,1,0.94752747
1.0,1,0.89409405
1.0,1,0.97785604
0.0,1,0.56373936
0.0,1,0.5210011
0.0,0,0.050262187
0.0,0,0.0031829963
1.0,1,0.7735146
0.0,1,0.8864901
1.0,1,0.43675333
1.0,1,0.8998164
1.0,1,0.86922663
0.0,0,0.054031204
1.0,0,0.13577636
0.0,0,0.00047311053
0.0,0,0.103384644
0.0,0,0.24033292
0.0,1,0.4706663
1.0,1,0.97630054
0.0,0,0.15227799
1.0,1,0.57889307
0.0,0,0.055194125
1.0,1,0.9043515
1.0,1,0.9759319
1.0,1,0.8582912
1.0,1,0.9162271
0.0,0,0.0014121549
1.0,1,0.7737881
1.0,1,0.8067583
1.0,1,0.976104
0.0,0,0.019004459
1.0,1,0.9691841
1.0,1,0.9553622
1.0,1,0.94462615
0.0,0,0.010212414
1.0,1,0.96889377
1.0,1,0.90250003
0.0,0,0.023428611
1.0,1,0.9772103
0.0,0,0.015644973
1.0,1,0.96840763
0.0,0,0.0037696573
0.0,0,0.26189956
0.0,0,0.014693539
0.0,1,0.47242144
0.0,0,0.0025510716
1.0,1,0.9509569
0.0,0,0.020540776
0.0,0,0.016880771
1.0,1,0.7980412
1.0,1,0.7057615
0.0,0,0.14142817
0.0,0,0.028995669
1.0,1,0.6001822
0.0,0,0.029501965
1.0,1,0.8612611
1.0,1,0.8203739
0.0,0,0.2593068
1.0,1,0.9293157
1.0,1,0.9773522
1.0,1,0.7771659
1.0,0,0.13513112
1.0,1,0.47300825
1.0,0,0.4172263
0.0,1,0.54895985
1.0,0,0.18282852
1.0,1,0.90560853
1.0,1,0.9425736
1.0,1,0.7759731
1.0,1,0.85875255
1.0,1,0.9475993
1.0,1,0.9299003
1.0,1,0.62430954
0.0,0,0.10620077
0.0,0,0.006372199
0.0,0,0.011237238
1.0,1,0.9711689
1.0,1,0.8224351
0.0,0,0.15231052
1.0,0,0.3192857
1.0,1,0.80859864
0.0,1,0.4499944
1.0,1,0.97299427
1.0,0,0.31787705
0.0,0,0.0042567165
0.0,0,0.0022890454
1.0,1,0.9781422
1.0,1,0.972861
0.0,0,0.001221837
0.0,1,0.5292541
0.0,0,0.022707926
0.0,0,0.00023596882
1.0,0,0.40860227
1.0,1,0.5050774
1.0,1,0.7158526
0.0,0,0.008151532
0.0,0,0.04775483
0.0,0,0.39228275
0.0,0,0.04304409
1.0,1,0.9702143
1.0,1,0.97039485
0.0,0,0.031234255
0.0,0,0.0029491128
0.0,0,0.02115604
1.0,1,0.9778797
1.0,1,0.6530992
0.0,0,0.0005031042
0.0,0,0.0036360885
1.0,1,0.6279433
0.0,0,0.07381896
0.0,0,0.015422728
0.0,0,0.08478632
1.0,1,0.9752857
0.0,0,0.10015485
1.0,1,0.8058749
1.0,1,0.8246114
0.0,0,0.044752084
0.0,0,0.021847125
1.0,1,0.8484833
1.0,1,0.74153304
1.0,1,0.89990854
0.0,0,0.32118925
1.0,1,0.8839202
1.0,1,0.75516707
0.0,0,0.05289756
1.0,1,0.86042625
1.0,1,0.9125703
0.0,0,0.2402322
0.0,1,0.5517213
1.0,1,0.5077976
1.0,1,0.94726235
0.0,0,0.2300758
1.0,1,0.91799986
1.0,1,0.74127644
0.0,0,0.0018730869
1.0,1,0.97162825
1.0,1,0.9684429
1.0,1,0.7773808
0.0,0,0.0101025915
1.0,1,0.7865051
0.0,0,0.0078845965
1.0,1,0.8771819
1.0,1,0.93031156
1.0,1,0.96861506
0.0,0,0.25880325
1.0,1,0.8319773
0.0,0,0.14193414
0.0,1,0.8815283
0.0,0,0.087307066
0.0,0,0.24481119
0.0,0,0.044905648
0.0,0,0.003540992
1.0,0,0.266742
1.0,1,0.45672047
1.0,1,0.4740929
0.0,1,0.838087
0.0,1,0.5394969
0.0,0,0.0057485653
0.0,0,0.36114427
1.0,1,0.55767506
0.0,0,0.14572752
0.0,0,0.03874039
0.0,0,0.0040737283
1.0,1,0.8415885
0.0,0,0.0016264498
0.0,0,0.009845304
1.0,1,0.9719888
0.0,0,0.058295324
1.0,1,0.78637296
1.0,1,0.9762803
1.0,1,0.8566288
0.0,0,0.030618072
0.0,1,0.49771008
1.0,1,0.93953973
1.0,1,0.76132846
0.0,0,0.064090185
1.0,1,0.9524055
1.0,1,0.95133257
1.0,1,0.81994283
0.0,0,0.004499349
1.0,0,0.31734753
1.0,1,0.9730118
0.0,0,0.013435267
1.0,1,0.82500273
1.0,1,0.88339794
1.0,1,0.9772305
0.0,0,0.33139008
1.0,1,0.87771916
1.0,1,0.6642361
1.0,1,0.97546226
1.0,1,0.96820223
1.0,1,0.9717573
1.0,1,0.9745214
1.0,1,0.963659
1.0,1,0.9794321
0.0,1,0.539083
0.0,0,0.007642572
0.0,1,0.58978516
0.0,1,0.7198688
0.0,0,0.00252224
0.0,0,0.030907076
0.0,0,0.118541904
0.0,0,0.001439727
1.0,1,0.80719554
0.0,0,0.24000365
0.0,0,0.0019118459
0.0,1,0.934548
1.0,1,0.9756197
0.0,0,0.008604038
1.0,1,0.90114737
0.0,0,0.04260178
0.0,0,0.054406922
1.0,1,0.6982189
1.0,1,0.93461484
1.0,1,0.8643101
1.0,1,0.5164496
0.0,1,0.46965703
1.0,1,0.53882265
0.0,0,0.05721196
0.0,0,0.0272786
1.0,1,0.7308084
0.0,0,0.0015317564
1.0,1,0.7464858
1.0,1,0.83088076
1.0,1,0.9548661
1.0,0,0.2221823
0.0,0,0.29470342
0.0,0,0.0047648884
1.0,1,0.9776611
0.0,0,0.122711994
1.0,1,0.97800654
1.0,1,0.97095215
0.0,0,0.16257156
0.0,0,0.009014288
1.0,1,0.925414
0.0,0,0.06349968
1.0,1,0.9573743
0.0,0,0.15599816
1.0,1,0.9460356
0.0,0,0.01359806
1.0,1,0.8313989
0.0,0,0.0024824906
1.0,1,0.52332115
1.0,1,0.9675483
1.0,1,0.97758687
0.0,0,0.034683738
0.0,0,0.18398587
0.0,0,0.14578892
0.0,1,0.591359
1.0,1,0.6354464
1.0,1,0.83006686
1.0,1,0.73279023
1.0,0,0.39690527
1.0,1,0.8132137
1.0,1,0.9754578
0.0,0,0.009784011
1.0,1,0.83888423
0.0,0,0.0018251159
1.0,1,0.7431737
0.0,1,0.83169234
1.0,1,0.8846207
0.0,0,0.000511603
1.0,1,0.7405632
1.0,1,0.8970312
0.0,0,0.01837042
0.0,0,0.014997621
1.0,1,0.7656129
0.0,0,0.037451945
0.0,0,0.0237017
1.0,1,0.8396205
0.0,1,0.4908469
0.0,0,0.283805
1.0,1,0.93308353
0.0,0,0.0024291673
1.0,1,0.7671719
0.0,0,0.019351946
1.0,0,0.0029773985
1.0,1,0.93059176
1.0,1,0.7900268
1.0,1,0.9681221
0.0,0,0.09112911
0.0,1,0.6522017
0.0,0,0.26918066
1.0,0,0.08448789
1.0,1,0.956471
0.0,0,0.101515785
0.0,0,0.0032052135
1.0,1,0.892577
0.0,0,0.010485994
1.0,1,0.9744984
0.0,0,0.0024973184
1.0,1,0.9717627
1.0,1,0.941977
0.0,0,0.11190485
1.0,1,0.94679517
1.0,1,0.9332485
1.0,1,0.6249883
1.0,1,0.75907755
1.0,1,0.6297107
0.0,0,0.011435992
1.0,1,0.9595313
1.0,1,0.88626677
1.0,1,0.9295116
0.0,0,0.07163603
0.0,0,0.000985256
1.0,1,0.9756587
1.0,1,0.803375
1.0,1,0.908246
0.0,0,0.10340044
0.0,0,0.03237311
1.0,0,0.08235126
0.0,0,0.0001511131
1.0,1,0.8833402
1.0,1,0.89930874
0.0,0,0.14350107
1.0,1,0.97304666
1.0,1,0.7860009
1.0,1,0.835202
1.0,1,0.9736814
1.0,1,0.83432007
0.0,0,0.007598801
0.0,0,0.0012859473
0.0,0,0.18742608
0.0,0,0.027387364
0.0,0,0.108362064
0.0,0,0.21364193
0.0,0,0.038274344
0.0,1,0.7409424
1.0,1,0.81360024
0.0,0,0.017837256
1.0,0,0.39901337
0.0,0,0.13498735
1.0,1,0.9668847
0.0,1,0.7689236
1.0,1,0.93808156
1.0,1,0.5834049
0.0,0,0.23094828
1.0,1,0.73987734
1.0,1,0.91883516
1.0,1,0.95950645
1.0,1,0.96381855
0.0,0,0.035798185
0.0,0,0.055545926
0.0,0,0.09868679
0.0,1,0.96880615
1.0,1,0.82495904
0.0,0,0.0009500849
0.0,0,0.21308805
0.0,0,0.087101266
0.0,0,0.13543454
0.0,0,0.0018016632
1.0,1,0.9727651
1.0,1,0.9789219
1.0,1,0.88840884
1.0,1,0.9357319
1.0,1,0.96487194
1.0,1,0.7157618
0.0,0,0.016845623
1.0,1,0.8461039
0.0,0,0.28937232
1.0,1,0.95587194
0.0,0,0.10672637
0.0,0,0.0005994976
0.0,0,0.00093514164
1.0,0,0.16358076
1.0,0,0.33051103
1.0,1,0.78918236
0.0,0,0.014952479
0.0,0,0.029127913
1.0,0,0.123152696
0.0,0,0.004374776
0.0,0,0.14099136
0.0,0,0.24594213
0.0,0,0.01273649
1.0,1,0.7870314
1.0,1,0.9140551
0.0,0,0.34749278
1.0,1,0.5094366
1.0,1,0.95689106
1.0,0,0.39433244
1.0,1,0.96399003
0.0,0,0.28049374
1.0,1,0.9616419
0.0,0,0.09079308
1.0,1,0.7579052
1.0,1,0.89134896
0.0,0,0.34438595
0.0,0,0.0061269696
1.0,1,0.7908585
0.0,1,0.50914806
0.0,0,0.01335913
1.0,1,0.80099803
0.0,0,0.030401168
1.0,1,0.9739088
0.0,0,0.34446234
0.0,0,0.013693959
1.0,0,0.26850456
0.0,1,0.65051687
0.0,0,0.00021637151
0.0,0,0.0032989208
0.0,0,0.0010961137
1.0,1,0.6646277
1.0,1,0.91639817
0.0,0,0.040534362
0.0,0,0.026886577
1.0,1,0.96200615
1.0,1,0.96719563
0.0,0,0.077988066
0.0,0,0.015301166
1.0,1,0.97151625
1.0,1,0.8332001
1.0,1,0.7602315
1.0,1,0.9739607
1.0,1,0.9692645
1.0,1,0.977785
1.0,1,0.95373833
0.0,0,0.013801828
0.0,0,0.0386469
1.0,1,0.9670927
1.0,1,0.9763862
1.0,1,0.95752186
0.0,0,0.028656647
0.0,0,0.009216438
1.0,1,0.9046053
1.0,1,0.93259764
1.0,1,0.65346795
1.0,0,0.38773605
0.0,0,0.24349174
1.0,1,0.6670985
1.0,0,0.20582119
1.0,1,0.9287266
0.0,0,0.017584063
0.0,0,0.014594403
1.0,1,0.7894205
0.0,0,0.05091696
0.0,0,0.017840888
0.0,0,0.05605035
0.0,0,0.0084981015
0.0,1,0.488998
1.0,1,0.97760856
0.0,0,0.049967032
1.0,1,0.7152957
1.0,1,0.9406056
1.0,1,0.7550085
1.0,1,0.90133977
1.0,1,0.84654564
0.0,0,0.111543424
0.0,0,0.045090724
1.0,1,0.95384806
1.0,1,0.91750187
0.0,0,0.0013419107
1.0,1,0.6615503
1.0,1,0.541353
0.0,0,0.070718504
0.0,0,0.073655754
1.0,1,0.96548927
0.0,0,0.08309474
1.0,1,0.9731526
0.0,0,0.19045345
1.0,1,0.9725803
0.0,0,0.20549569
1.0,1,0.97666603
0.0,0,0.20241421
1.0,1,0.9757913
0.0,0,0.008470938
1.0,1,0.96776575
0.0,0,0.0034376383
0.0,0,0.042406794
1.0,1,0.61347437
1.0,1,0.94170964
0.0,0,0.005825657
0.0,1,0.65349597
0.0,0,0.020208377
1.0,1,0.92129976
1.0,1,0.84829575
0.0,1,0.4417672
0.0,0,0.19453569
0.0,0,0.13816307
1.0,1,0.970572
1.0,1,0.94411016
0.0,0,0.31053203
0.0,0,0.079514556
1.0,1,0.7392594
1.0,1,0.55126166
1.0,0,0.38887888
1.0,1,0.6977217
0.0,0,0.009499473
1.0,0,0.3423188
1.0,1,0.9792363
1.0,1,0.77976024
0.0,0,0.08626739
1.0,1,0.7755482
1.0,1,0.9404312
0.0,0,0.010602424
1.0,1,0.83176583
1.0,0,0.40006435
1.0,1,0.9178729
0.0,1,0.6469152
1.0,1,0.96457034
1.0,1,0.80548406
0.0,0,0.17811951
1.0,1,0.45924172
1.0,1,0.74272865
1.0,1,0.95295066
0.0,0,0.010287942
1.0,1,0.94284457
0.0,0,0.17591597
1.0,1,0.85265356
0.0,0,0.026101682
0.0,0,0.087298155
1.0,1,0.87963504
0.0,0,0.0015700408
1.0,1,0.9580943
1.0,1,0.7998846
1.0,1,0.960134
1.0,0,0.37373206
1.0,1,0.9643772
0.0,1,0.7557509
0.0,0,0.0525899
0.0,0,0.18203393
0.0,0,0.17329074
1.0,0,0.23395318
1.0,0,0.3265458
0.0,0,0.139961
1.0,1,0.8889417
0.0,0,0.061945133
1.0,1,0.9474993
1.0,1,0.7620069
0.0,0,0.1776311
0.0,0,0.0074504954
1.0,1,0.9677494
1.0,1,0.9456442
1.0,1,0.9736678
1.0,1,0.9802084
1.0,1,0.975406
1.0,1,0.9619007
0.0,0,0.08490065
0.0,0,0.4098492
0.0,0,0.035487693
0.0,1,0.5078666
0.0,0,0.07422131
0.0,0,0.071941376
1.0,1,0.91038835
1.0,1,0.89697146
1.0,1,0.89120066
0.0,0,0.005787167
0.0,0,0.012067774
1.0,0,0.12909499
1.0,1,0.96665615
1.0,1,0.96016043
1.0,1,0.85356414
1.0,1,0.9054698
0.0,0,0.0056776693
0.0,1,0.5487796
0.0,0,0.0008972128
1.0,0,0.3867327
1.0,1,0.8291707
1.0,1,0.7538031
0.0,1,0.4310364
0.0,0,0.012857724
0.0,0,0.023609
0.0,1,0.73434836
0.0,0,0.0069239987
1.0,1,0.9402673
0.0,1,0.6389644
1.0,1,0.963804
0.0,0,0.06476144
0.0,0,0.15886821
1.0,1,0.8948427
1.0,1,0.57411575
0.0,0,0.004048314
1.0,1,0.9786663
0.0,0,0.22265512
1.0,1,0.54151285
0.0,0,0.009123101
1.0,1,0.637678
0.0,0,0.21795903
1.0,0,0.06648022
1.0,1,0.9622747
1.0,1,0.96581775
0.0,0,0.038573354
0.0,0,0.0020173562
1.0,1,0.9760902
0.0,0,0.011602884
1.0,1,0.9765241
1.0,1,0.85657454
0.0,1,0.4577339
1.0,1,0.7559317
1.0,1,0.5169846
0.0,0,0.00395398
1.0,1,0.9434616
1.0,1,0.6429895
1.0,1,0.6083113
1.0,1,0.97657657
1.0,1,0.7815041
1.0,1,0.90222776
0.0,0,0.0018025691
1.0,1,0.9465324
1.0,1,0.59769416
1.0,1,0.91725594
0.0,0,0.07460564
0.0,0,0.0048694545
1.0,1,0.8527026
1.0,1,0.97955173
0.0,0,0.0018484568
1.0,1,0.7416427
1.0,1,0.89022404
1.0,1,0.97356623
0.0,0,0.021710126
0.0,0,0.34042537
1.0,1,0.9706207
0.0,0,0.066451415
1.0,0,0.20804237
1.0,1,0.7530353
1.0,1,0.85924494
0.0,0,0.08275971
0.0,0,0.0015059329
0.0,0,0.1779912
0.0,1,0.5586751
1.0,1,0.8954146
0.0,0,0.001873529
1.0,1,0.9496677
1.0,1,0.7147261
0.0,0,0.019547097
1.0,0,0.11984742
0.0,0,0.048616476
0.0,0,0.02541117
0.0,0,0.014444715
0.0,0,0.01423848
0.0,0,0.0019408026
1.0,1,0.78679544
0.0,0,0.042369474
0.0,0,0.19735014
0.0,0,0.043823406
0.0,0,0.058116704
0.0,0,0.009457725
1.0,0,0.17062579
0.0,1,0.8775525
1.0,1,0.8603308
0.0,1,0.6375514
1.0,1,0.7714288
0.0,0,0.008787665
1.0,1,0.9083211
0.0,0,0.03257768
0.0,0,0.0750631
0.0,0,0.028596941
0.0,0,0.36289185
1.0,1,0.5976765
1.0,0,0.169799
1.0,1,0.60127187
0.0,0,0.1425735
1.0,1,0.47340062
0.0,0,0.006774366
1.0,1,0.8958724
1.0,1,0.82252806
1.0,1,0.6797755
0.0,0,0.18940932
1.0,1,0.56097424
1.0,1,0.9100862
1.0,1,0.57054514
0.0,1,0.97051096
1.0,1,0.82114875
0.0,0,0.06297825
0.0,0,0.30112183
0.0,0,0.005280195
1.0,1,0.9335914
1.0,1,0.88499373
1.0,1,0.96567345
1.0,1,0.9735292
0.0,1,0.79910445
1.0,1,0.7836071
0.0,0,0.05541679
0.0,0,0.07553144
1.0,1,0.8680723
1.0,1,0.6161789
0.0,0,0.021902932
0.0,0,0.37696654
1.0,1,0.97900057
1.0,1,0.97600335
0.0,0,0.011741896
1.0,1,0.43016383
1.0,1,0.8209286
1.0,1,0.97304934
0.0,0,0.0016039136
0.0,0,0.00071121415
1.0,1,0.5528275
1.0,1,0.589677
0.0,0,0.04443676
1.0,1,0.80570936
1.0,1,0.7121339
1.0,1,0.9530252
1.0,1,0.47929463
1.0,1,0.4930548
0.0,0,0.0098415455
1.0,1,0.973229
1.0,1,0.97507644
1.0,1,0.92648226
0.0,0,0.026091345
0.0,0,0.03580394
0.0,0,0.407839
0.0,0,0.1430835
0.0,0,0.007790464
0.0,0,0.024558803
0.0,0,0.0131616015
1.0,1,0.9084057
0.0,1,0.5243597
1.0,1,0.956568
0.0,0,0.009936236
0.0,0,0.03245371
0.0,0,0.063648574
1.0,1,0.969752
0.0,0,0.0092073465
0.0,0,0.06510026
1.0,1,0.93563193
0.0,1,0.44260266
0.0,0,0.0063481783
1.0,1,0.8358406
1.0,1,0.8740878
1.0,1,0.9749163
1.0,0,0.15187778
0.0,0,0.005275238
1.0,0,0.29240665
0.0,0,0.16416767
1.0,1,0.48783273
1.0,1,0.9084656
1.0,1,0.7258433
0.0,0,0.011875521
1.0,1,0.95865625
1.0,1,0.9060199
0.0,1,0.74132186
0.0,0,0.29474524
0.0,0,0.051724575
