True Label,Predicted Label,Confidence
1.0,1,0.77160126
1.0,1,0.8701358
1.0,1,0.9863589
0.0,0,0.011790459
1.0,1,0.3136187
0.0,0,0.010821976
0.0,0,0.075688414
0.0,1,0.3245498
0.0,0,0.04973861
1.0,1,0.79538804
0.0,1,0.36239913
1.0,1,0.5005364
1.0,1,0.30752918
1.0,1,0.70617664
0.0,1,0.33960158
0.0,0,0.017210098
0.0,0,0.020861274
0.0,0,0.1650477
1.0,1,0.8928942
1.0,1,0.95030636
1.0,1,0.36346084
0.0,0,0.0065620914
1.0,1,0.9772248
0.0,0,0.06726029
1.0,1,0.9268618
0.0,0,0.26024726
1.0,0,0.16332169
0.0,0,0.18114291
1.0,1,0.8078303
0.0,0,0.16310565
0.0,0,0.1900085
1.0,1,0.52108645
0.0,0,0.009609067
1.0,1,0.6930065
0.0,1,0.59586054
0.0,0,0.05630488
1.0,1,0.9797174
0.0,0,0.003157015
0.0,0,0.066996574
1.0,1,0.84453994
1.0,1,0.83360803
0.0,0,0.0554956
0.0,0,0.097954534
1.0,1,0.46574974
1.0,1,0.98125637
1.0,1,0.74627733
1.0,0,0.16146553
0.0,0,0.05221804
0.0,0,0.027357899
0.0,0,0.0169578
0.0,0,0.14242351
1.0,1,0.82622945
1.0,1,0.5741055
1.0,1,0.7778193
0.0,0,0.14486988
0.0,0,0.20154157
0.0,0,0.0019803396
0.0,0,0.14489217
1.0,1,0.97197324
0.0,0,0.022262452
1.0,0,0.17326774
1.0,1,0.7325415
0.0,0,0.022199264
0.0,0,0.038896862
1.0,1,0.9837737
1.0,1,0.75049627
1.0,1,0.41484416
0.0,0,0.020937094
0.0,0,0.027263986
0.0,0,0.013408893
1.0,1,0.95952463
0.0,0,0.026703041
0.0,0,0.020167608
1.0,1,0.9790118
0.0,0,0.017451245
1.0,1,0.4724322
1.0,1,0.5137316
1.0,1,0.86002296
1.0,1,0.8655659
1.0,1,0.61152434
0.0,1,0.49999973
1.0,1,0.9691236
0.0,0,0.022674115
0.0,0,0.046113763
0.0,0,0.0011576869
1.0,1,0.79961616
0.0,0,0.031049088
1.0,1,0.984667
0.0,0,0.02798526
1.0,1,0.315606
0.0,0,0.085245885
1.0,1,0.94222534
1.0,1,0.9570772
1.0,1,0.75068337
1.0,1,0.7614146
0.0,0,0.12430849
1.0,1,0.7293032
0.0,0,0.016265523
0.0,0,0.0023923183
0.0,0,0.0021727246
0.0,0,0.023015352
0.0,0,0.03428779
1.0,1,0.2833831
1.0,1,0.8719585
1.0,1,0.8204804
1.0,1,0.9153752
0.0,0,0.013560291
0.0,0,0.027536074
1.0,0,0.13793026
0.0,0,0.026225429
1.0,1,0.9493769
0.0,0,0.024839642
1.0,1,0.80054116
0.0,0,0.0076869708
1.0,1,0.9808909
0.0,0,0.016191617
1.0,1,0.90040565
1.0,1,0.9750756
1.0,1,0.9764395
0.0,0,0.00885629
0.0,0,0.0025830192
0.0,0,0.051393002
1.0,1,0.9496387
1.0,1,0.9760126
0.0,0,0.0010726225
1.0,1,0.81729
1.0,1,0.72885275
0.0,0,0.16008858
1.0,1,0.6415164
1.0,1,0.8798463
1.0,0,0.24890581
0.0,0,0.036225405
1.0,1,0.9428214
1.0,0,0.1470139
0.0,0,0.017574921
0.0,0,0.019526806
0.0,0,0.014237588
0.0,0,0.016148085
0.0,1,0.66009784
1.0,1,0.6652677
1.0,1,0.7362058
1.0,1,0.96233594
0.0,0,0.012737444
1.0,1,0.63165736
0.0,0,0.04576012
0.0,0,0.10271018
1.0,1,0.93043077
1.0,1,0.95729786
1.0,1,0.97401714
0.0,0,0.106908
0.0,0,0.024110667
1.0,1,0.8291697
1.0,1,0.6275348
1.0,1,0.6826274
1.0,1,0.948234
1.0,1,0.972407
0.0,0,0.0586381
0.0,0,0.0033740008
1.0,1,0.985522
0.0,0,0.0057472712
0.0,0,0.01596253
0.0,0,0.010119115
0.0,0,0.031593926
0.0,0,0.011013332
0.0,0,0.020560877
0.0,0,0.021697301
0.0,0,0.0471381
1.0,1,0.9664751
1.0,1,0.83563375
0.0,0,0.012411576
0.0,0,0.06111572
0.0,0,0.0069887424
0.0,1,0.34266144
0.0,0,0.013085235
0.0,0,0.017780548
0.0,0,0.007210781
0.0,0,0.009377007
0.0,0,0.04883695
1.0,1,0.9852419
1.0,1,0.9834657
1.0,1,0.96373606
1.0,1,0.97628856
0.0,0,0.0068994258
1.0,1,0.5853822
0.0,0,0.010530981
1.0,1,0.52621984
1.0,1,0.86969143
0.0,0,0.18052159
1.0,1,0.9759056
0.0,0,0.03141826
0.0,0,0.14453726
0.0,0,0.041111894
0.0,0,0.027295366
0.0,0,0.041546185
1.0,1,0.72945917
1.0,1,0.96930313
1.0,1,0.96195734
0.0,1,0.70999396
1.0,1,0.9753731
1.0,1,0.92276627
0.0,0,0.006214003
1.0,1,0.59361607
1.0,1,0.66629565
0.0,0,0.069405735
1.0,1,0.9378027
1.0,1,0.7348033
0.0,0,0.01383291
1.0,1,0.93012327
0.0,0,0.08342619
1.0,1,0.9806602
0.0,1,0.8490651
0.0,0,0.008356829
1.0,1,0.9848921
0.0,0,0.15987377
1.0,1,0.75034666
1.0,1,0.8582027
1.0,1,0.8878877
1.0,1,0.97800833
0.0,0,0.04035186
1.0,1,0.96062875
1.0,1,0.9868895
0.0,0,0.0054617375
1.0,1,0.3372159
0.0,0,0.011404564
0.0,0,0.16869809
0.0,0,0.017376347
1.0,1,0.75631636
0.0,0,0.107629515
0.0,0,0.04113998
1.0,1,0.9737704
0.0,1,0.772147
1.0,1,0.8795479
1.0,1,0.7647567
0.0,0,0.040544372
0.0,0,0.018070266
0.0,0,0.14845912
0.0,0,0.024699876
1.0,1,0.7906977
0.0,0,0.19410518
0.0,0,0.05062276
1.0,1,0.7881821
1.0,1,0.9749718
0.0,1,0.5939916
0.0,0,0.041443273
1.0,1,0.5584532
0.0,0,0.006870467
0.0,0,0.008128844
1.0,1,0.5349096
0.0,1,0.27917933
1.0,1,0.8017758
1.0,1,0.8976115
0.0,0,0.11185913
0.0,0,0.006164097
0.0,0,0.04246642
1.0,1,0.9639835
0.0,0,0.07128428
1.0,1,0.9747821
1.0,1,0.9624871
1.0,1,0.97729784
1.0,1,0.9747636
0.0,0,0.016943114
1.0,1,0.9615902
0.0,0,0.019426174
1.0,1,0.9026691
0.0,1,0.5036211
1.0,1,0.40515047
0.0,0,0.17472407
0.0,1,0.35506415
1.0,1,0.77320004
1.0,0,0.12567952
1.0,1,0.9516984
0.0,0,0.18139586
0.0,0,0.0085403845
1.0,1,0.6200576
0.0,0,0.14256276
1.0,1,0.9882527
1.0,1,0.8396743
0.0,0,0.0105865905
1.0,1,0.98912543
1.0,1,0.8090995
0.0,0,0.06631168
0.0,0,0.016503746
1.0,1,0.6222665
0.0,0,0.031279597
0.0,0,0.020266527
1.0,1,0.98697925
0.0,0,0.0074555255
0.0,1,0.42756534
1.0,1,0.8795201
0.0,0,0.0033511636
0.0,0,0.080415756
1.0,1,0.9719945
1.0,0,0.1428364
0.0,0,0.009661661
1.0,1,0.67152333
0.0,0,0.015769562
0.0,1,0.29492342
0.0,1,0.6640309
0.0,0,0.009283271
0.0,0,0.026080225
1.0,1,0.8251222
1.0,1,0.75834346
1.0,1,0.82109904
1.0,1,0.6834259
0.0,0,0.06306563
0.0,0,0.0065380475
1.0,1,0.88819534
1.0,1,0.42914513
1.0,1,0.43564153
0.0,0,0.003862415
1.0,0,0.23270121
0.0,0,0.015835103
1.0,1,0.9706601
1.0,1,0.97805554
0.0,0,0.21753678
0.0,0,0.0045041316
1.0,1,0.9241806
1.0,1,0.6276028
0.0,1,0.30992794
1.0,1,0.9870817
0.0,0,0.092022836
1.0,1,0.939646
0.0,0,0.008123566
1.0,1,0.98082435
0.0,0,0.024672039
1.0,1,0.97526455
0.0,0,0.13377118
0.0,0,0.0048804707
0.0,0,0.023799868
0.0,0,0.010595675
0.0,0,0.041876584
0.0,0,0.2521138
0.0,0,0.009549333
0.0,0,0.002637326
0.0,0,0.19602665
0.0,0,0.05322929
1.0,0,0.1968774
0.0,1,0.98369074
0.0,0,0.022968097
0.0,0,0.15398476
0.0,1,0.38540322
1.0,1,0.9624682
0.0,0,0.023094127
0.0,0,0.01734685
0.0,0,0.073078595
0.0,0,0.010370003
0.0,0,0.068057485
0.0,0,0.0044058543
1.0,1,0.7060512
1.0,1,0.62830293
1.0,1,0.97114563
1.0,1,0.2904632
0.0,0,0.0479311
1.0,1,0.86530066
0.0,0,0.013497195
0.0,0,0.016659053
1.0,1,0.78602743
1.0,1,0.8227942
0.0,0,0.02224188
1.0,1,0.9176357
0.0,0,0.0025269915
1.0,1,0.31765437
1.0,1,0.7579637
0.0,0,0.14125921
1.0,1,0.90356725
1.0,1,0.5718417
0.0,0,0.0061495556
1.0,1,0.9833094
0.0,1,0.37259135
0.0,0,0.08391257
1.0,1,0.9829964
1.0,1,0.38623765
0.0,0,0.051732156
1.0,1,0.8619627
1.0,1,0.86140704
1.0,1,0.95183164
1.0,0,0.11409373
0.0,1,0.3589178
0.0,0,0.099853255
1.0,1,0.9582496
1.0,1,0.9781808
1.0,1,0.80807394
0.0,0,0.03299194
1.0,1,0.90918225
0.0,1,0.5155635
1.0,1,0.32960862
0.0,0,0.12771714
0.0,0,0.079471156
0.0,0,0.011560701
1.0,1,0.9400059
0.0,0,0.02525292
0.0,1,0.67443043
0.0,0,0.027537752
0.0,0,0.039793886
1.0,1,0.959302
1.0,1,0.93669176
1.0,1,0.7806002
0.0,0,0.008237777
0.0,1,0.27733895
0.0,0,0.18278773
1.0,1,0.91177255
1.0,1,0.7034843
0.0,0,0.062063616
0.0,1,0.8192043
0.0,0,0.15972807
0.0,0,0.07500066
0.0,0,0.041716505
0.0,0,0.010823267
1.0,1,0.9859854
1.0,1,0.98208386
1.0,1,0.9697903
1.0,1,0.40769327
1.0,1,0.9822011
1.0,1,0.9660773
0.0,0,0.066585906
0.0,0,0.07013867
0.0,0,0.028127149
1.0,1,0.4152402
1.0,1,0.9197252
1.0,1,0.9102508
1.0,1,0.4185582
0.0,0,0.0056804377
0.0,0,0.17022969
0.0,0,0.031278748
1.0,1,0.3002421
1.0,1,0.93331593
1.0,1,0.8434694
0.0,0,0.040146496
0.0,0,0.024573527
1.0,1,0.8009379
1.0,1,0.7681745
0.0,0,0.023411654
1.0,1,0.91112787
1.0,1,0.7949359
0.0,0,0.010895125
0.0,0,0.2529876
1.0,1,0.63353014
1.0,0,0.12974198
0.0,0,0.22659048
0.0,1,0.9674393
1.0,1,0.97749466
1.0,1,0.68301976
0.0,0,0.0024792915
1.0,1,0.8555711
1.0,1,0.9777895
0.0,0,0.022868102
0.0,0,0.12735273
0.0,0,0.032361805
0.0,0,0.011147063
1.0,1,0.980706
1.0,1,0.7441028
1.0,1,0.8466688
0.0,0,0.022600634
0.0,0,0.027797123
0.0,1,0.35236683
0.0,0,0.09296701
0.0,0,0.007341801
0.0,0,0.0022628813
1.0,1,0.9398655
0.0,0,0.2233953
0.0,0,0.0381899
1.0,1,0.8420417
1.0,1,0.9451148
1.0,1,0.88125837
1.0,1,0.9114278
0.0,1,0.6978297
1.0,1,0.94198865
0.0,0,0.011375504
1.0,1,0.85584354
1.0,1,0.62016875
1.0,1,0.9383549
0.0,0,0.03414115
0.0,0,0.0051528853
1.0,1,0.7627239
1.0,1,0.80556333
0.0,0,0.007080822
0.0,0,0.036410753
1.0,1,0.9689247
0.0,1,0.42343813
0.0,1,0.653614
0.0,0,0.034937825
0.0,0,0.10302123
1.0,1,0.9152626
1.0,1,0.6829623
0.0,0,0.0029459347
1.0,1,0.7189835
1.0,1,0.5688801
1.0,0,0.20560877
1.0,1,0.9770256
1.0,1,0.9398472
1.0,1,0.9261404
0.0,0,0.016899506
1.0,1,0.4761416
0.0,0,0.057440426
0.0,0,0.0058705625
0.0,0,0.0053507425
1.0,1,0.92726624
1.0,1,0.9294568
0.0,0,0.14082952
1.0,1,0.7918539
0.0,0,0.03835784
0.0,0,0.010527954
0.0,0,0.008069698
1.0,1,0.94515026
1.0,1,0.72786605
1.0,1,0.789001
1.0,1,0.4083052
1.0,1,0.967148
0.0,0,0.013728128
0.0,0,0.00065361935
1.0,1,0.88192
0.0,0,0.02428744
1.0,1,0.97325397
0.0,0,0.004279474
1.0,1,0.8040334
1.0,1,0.76475334
0.0,0,0.014419011
1.0,1,0.936195
1.0,1,0.7948041
0.0,0,0.08092354
1.0,1,0.97764736
1.0,1,0.9174461
0.0,0,0.035699815
1.0,1,0.9590168
0.0,0,0.08650505
1.0,1,0.8824118
1.0,1,0.71451795
0.0,0,0.21058579
0.0,0,0.014597929
1.0,1,0.74578655
0.0,0,0.006286952
1.0,1,0.70467305
1.0,1,0.74088037
0.0,1,0.5443032
0.0,0,0.011111184
1.0,1,0.9875991
0.0,0,0.022369625
1.0,1,0.70850444
1.0,1,0.9316376
0.0,0,0.007463069
0.0,0,0.020409506
1.0,1,0.97203106
0.0,1,0.31092408
0.0,0,0.028039958
0.0,1,0.35050803
1.0,1,0.776661
0.0,0,0.013200913
0.0,0,0.033647466
0.0,0,0.015079524
0.0,0,0.05103103
0.0,0,0.085751615
0.0,0,0.030877348
1.0,1,0.971158
0.0,1,0.6625538
0.0,0,0.010678186
0.0,0,0.04343748
0.0,0,0.0019464598
1.0,1,0.97638506
1.0,1,0.8176344
0.0,0,0.022347294
1.0,1,0.6781698
1.0,1,0.6858853
1.0,1,0.7451045
1.0,1,0.9800696
0.0,0,0.021870008
1.0,1,0.86548114
0.0,0,0.0074818623
0.0,0,0.014978579
0.0,0,0.07067154
1.0,1,0.9149722
0.0,0,0.008349912
0.0,0,0.0026416054
0.0,0,0.13669086
0.0,0,0.21141031
1.0,1,0.97814155
0.0,0,0.031790923
1.0,1,0.9827489
0.0,0,0.0033488695
1.0,1,0.38503936
0.0,0,0.00085000094
1.0,1,0.8370192
0.0,0,0.034753628
0.0,1,0.723922
0.0,0,0.017446773
1.0,1,0.9459194
0.0,0,0.030478759
1.0,0,0.19279045
0.0,0,0.035816804
1.0,1,0.9436245
0.0,0,0.016424555
0.0,0,0.26601878
1.0,1,0.6349874
0.0,0,0.023118114
0.0,0,0.15518193
1.0,1,0.87329215
1.0,1,0.94792193
0.0,0,0.13368271
1.0,1,0.95899403
0.0,0,0.174622
1.0,1,0.82605433
1.0,1,0.96199054
0.0,0,0.0015369933
1.0,1,0.96256125
0.0,0,0.1651448
1.0,1,0.44812864
0.0,0,0.11666771
0.0,0,0.025287522
0.0,0,0.03486008
0.0,0,0.0016410607
0.0,0,0.027161676
1.0,1,0.98767835
1.0,1,0.8796182
0.0,1,0.9514667
1.0,0,0.18694544
0.0,0,0.004699831
1.0,1,0.64842117
0.0,0,0.0053150738
0.0,1,0.66112125
0.0,0,0.03070743
0.0,0,0.056124955
0.0,0,0.02060875
1.0,1,0.6286335
1.0,0,0.12570654
1.0,1,0.80993456
1.0,1,0.96530545
1.0,1,0.9217508
0.0,0,0.007589536
0.0,0,0.024739837
1.0,0,0.18359253
1.0,1,0.9694873
0.0,0,0.039758954
1.0,1,0.9713678
1.0,1,0.96888113
0.0,0,0.0072862143
1.0,1,0.32997453
0.0,0,0.094653785
0.0,0,0.006908534
1.0,1,0.5284162
1.0,1,0.62520504
1.0,1,0.94617033
0.0,1,0.29200545
0.0,0,0.01854852
0.0,0,0.022392636
0.0,0,0.034898087
0.0,0,0.117180035
1.0,0,0.109910026
0.0,1,0.30907238
1.0,1,0.98014534
0.0,0,0.0036554516
1.0,1,0.6890434
0.0,0,0.017201165
1.0,1,0.9839337
1.0,1,0.89237714
1.0,1,0.9172001
0.0,0,0.052692957
1.0,1,0.94972664
1.0,1,0.6528388
0.0,0,0.036742073
1.0,1,0.43146232
1.0,1,0.98905593
1.0,1,0.7089088
0.0,0,0.032167938
1.0,1,0.9751615
1.0,1,0.8451053
1.0,1,0.7095715
1.0,1,0.6197566
1.0,1,0.6501628
0.0,0,0.07234671
1.0,1,0.3883895
0.0,0,0.008789567
1.0,1,0.9515486
1.0,1,0.96427053
0.0,0,0.09567742
1.0,1,0.981471
1.0,1,0.74533975
1.0,1,0.9857624
1.0,1,0.75319767
0.0,0,0.029838841
1.0,1,0.3399177
0.0,0,0.029565122
1.0,1,0.9575729
0.0,0,0.003507374
1.0,1,0.9865293
1.0,1,0.8611716
0.0,0,0.15847658
1.0,1,0.7704822
1.0,0,0.20959353
0.0,0,0.1498732
0.0,0,0.023507135
0.0,0,0.017658565
0.0,0,0.007862496
1.0,1,0.9694436
0.0,0,0.04423201
0.0,0,0.0042533446
0.0,0,0.036937624
0.0,1,0.32500172
0.0,0,0.012507314
1.0,1,0.9381224
0.0,0,0.023417484
1.0,1,0.7538627
1.0,0,0.23984478
0.0,0,0.008234112
1.0,1,0.8005971
0.0,0,0.2468437
0.0,0,0.011951083
0.0,0,0.0053217458
1.0,1,0.9216058
1.0,1,0.8121997
0.0,0,0.05731819
0.0,0,0.008007887
1.0,1,0.89002705
1.0,1,0.954458
1.0,1,0.74932384
1.0,1,0.8264453
0.0,0,0.059912812
1.0,1,0.77110636
1.0,1,0.9268815
0.0,0,0.12706873
0.0,0,0.044842307
1.0,1,0.98314136
0.0,0,0.0032704724
0.0,0,0.008407999
1.0,1,0.9389886
0.0,0,0.023314841
0.0,1,0.544298
0.0,0,0.04241112
0.0,0,0.20952584
0.0,0,0.035637107
1.0,1,0.6309458
1.0,1,0.86012816
1.0,1,0.9045003
1.0,1,0.8051524
0.0,1,0.3764681
1.0,1,0.9902583
1.0,1,0.9300787
1.0,1,0.9295554
0.0,1,0.9574538
1.0,1,0.9790278
1.0,1,0.82291985
1.0,1,0.7623009
1.0,1,0.39971402
0.0,0,0.19776668
0.0,1,0.30664593
0.0,0,0.0017825917
1.0,1,0.9725186
0.0,1,0.49195573
1.0,1,0.97987735
0.0,0,0.011898148
1.0,1,0.9437401
0.0,0,0.008156349
0.0,0,0.033208836
0.0,0,0.011121033
0.0,0,0.007629693
1.0,1,0.46366224
1.0,1,0.98260844
1.0,1,0.8559814
0.0,0,0.009582904
1.0,1,0.7728363
0.0,0,0.006476682
0.0,0,0.0054968987
0.0,0,0.08932657
1.0,1,0.91848356
1.0,1,0.72656655
0.0,1,0.8949546
1.0,1,0.97268087
0.0,0,0.017633474
0.0,0,0.100229524
0.0,0,0.029447114
1.0,1,0.92818785
1.0,1,0.9342083
1.0,1,0.9187129
1.0,1,0.98350966
0.0,0,0.0062406734
0.0,0,0.10613792
0.0,0,0.013202361
1.0,1,0.60080343
1.0,0,0.26764348
0.0,0,0.002110294
0.0,0,0.016570449
1.0,1,0.97421545
0.0,0,0.033227917
1.0,1,0.9361663
0.0,0,0.02482847
1.0,1,0.96482456
0.0,0,0.006004569
1.0,1,0.98028624
1.0,0,0.058457747
1.0,1,0.80845094
0.0,1,0.33144677
0.0,0,0.014003416
1.0,1,0.8734261
1.0,1,0.8398166
0.0,0,0.0019955654
1.0,0,0.01859889
0.0,0,0.08444164
1.0,1,0.8735647
0.0,0,0.08341755
1.0,1,0.95144904
0.0,0,0.023050625
1.0,1,0.81773996
0.0,0,0.0067864205
1.0,1,0.9835046
1.0,1,0.94658774
1.0,1,0.45485783
0.0,0,0.012241828
0.0,0,0.019110486
0.0,0,0.12708564
0.0,0,0.06051474
1.0,1,0.7423906
0.0,1,0.49600372
0.0,0,0.007248809
0.0,0,0.016800188
1.0,1,0.69549274
1.0,1,0.97464645
0.0,0,0.016557205
0.0,0,0.013512874
1.0,1,0.57221127
0.0,0,0.011602446
1.0,1,0.9719687
1.0,1,0.66163385
0.0,0,0.015551442
1.0,1,0.9602328
1.0,1,0.9838347
1.0,1,0.6744455
1.0,1,0.9898949
1.0,1,0.8849427
0.0,1,0.661911
1.0,1,0.7912525
0.0,0,0.037971653
1.0,1,0.66194934
0.0,0,0.24114455
0.0,0,0.0423472
1.0,1,0.98029983
1.0,1,0.76927376
1.0,1,0.9786668
1.0,1,0.5162412
1.0,1,0.83842134
0.0,0,0.07812984
0.0,0,0.16928153
0.0,0,0.1414191
0.0,0,0.011019405
1.0,0,0.20524167
0.0,0,0.030331606
0.0,0,0.00075624185
1.0,1,0.8668542
0.0,0,0.044083443
1.0,1,0.8022113
0.0,0,0.03777588
1.0,1,0.91726255
1.0,1,0.9826905
1.0,1,0.8886404
1.0,1,0.5649122
0.0,0,0.06258858
0.0,1,0.8701514
0.0,0,0.028371086
1.0,1,0.97600627
0.0,0,0.0029793906
1.0,1,0.511076
1.0,1,0.9578707
1.0,0,0.023304703
0.0,0,0.004821185
1.0,1,0.87474453
0.0,0,0.043688815
0.0,0,0.015398091
0.0,0,0.0040859072
0.0,0,0.055790413
0.0,0,0.041365873
0.0,0,0.02632935
0.0,0,0.009510921
0.0,0,0.019591762
1.0,1,0.9609341
0.0,0,0.047327418
1.0,1,0.9693155
0.0,0,0.08058792
1.0,1,0.666476
1.0,1,0.6620939
1.0,1,0.58152676
0.0,0,0.021870537
1.0,1,0.8840102
1.0,1,0.32275218
0.0,0,0.042378463
0.0,1,0.31734946
1.0,1,0.94758916
0.0,0,0.041006107
0.0,0,0.0054634
1.0,0,0.23347954
1.0,1,0.9478343
0.0,0,0.048309043
1.0,1,0.7221559
1.0,1,0.98145306
1.0,1,0.96556276
1.0,1,0.95906126
0.0,0,0.008233924
0.0,0,0.01668939
1.0,1,0.9834086
1.0,1,0.63914394
1.0,1,0.936664
1.0,1,0.82711315
1.0,1,0.95791036
0.0,0,0.005944287
0.0,0,0.055136975
0.0,0,0.105738506
0.0,1,0.74840117
0.0,0,0.17974102
0.0,0,0.12640929
1.0,1,0.8220815
0.0,0,0.0030466544
0.0,0,0.037648983
1.0,1,0.8077221
1.0,1,0.9756153
1.0,1,0.98554826
0.0,0,0.080167316
1.0,1,0.93427974
0.0,0,0.010398311
1.0,1,0.86075246
1.0,0,0.20053107
0.0,0,0.013727625
0.0,0,0.05437324
1.0,1,0.7185009
1.0,1,0.6352297
1.0,1,0.9205165
0.0,0,0.034160476
1.0,1,0.95120424
1.0,1,0.97263134
0.0,0,0.0058181477
0.0,0,0.041258313
1.0,1,0.957622
1.0,1,0.65424514
1.0,1,0.49353364
1.0,1,0.7548524
0.0,0,0.0282872
0.0,0,0.03331248
1.0,1,0.94035935
0.0,0,0.01250534
0.0,0,0.03901055
0.0,0,0.006436089
1.0,1,0.8998545
0.0,0,0.013201882
1.0,1,0.9814104
0.0,0,0.005590641
1.0,1,0.96252066
1.0,1,0.6713233
1.0,1,0.9761413
0.0,0,0.036360655
0.0,0,0.05889568
0.0,0,0.03546823
0.0,0,0.00277088
0.0,0,0.02073172
0.0,0,0.014213209
0.0,0,0.079599135
1.0,1,0.96380097
1.0,1,0.9375939
1.0,1,0.5776298
1.0,1,0.5008526
1.0,1,0.7566486
1.0,1,0.5896735
1.0,1,0.9784478
1.0,0,0.21075077
0.0,0,0.26661617
0.0,0,0.101712346
1.0,1,0.7735983
1.0,1,0.98098123
1.0,1,0.86343586
1.0,1,0.6101182
0.0,0,0.16992703
1.0,1,0.85206485
0.0,0,0.012585766
0.0,0,0.005686848
0.0,0,0.0061582197
1.0,0,0.117551014
0.0,0,0.01730123
1.0,1,0.81342983
0.0,0,0.00517806
1.0,1,0.96722746
0.0,0,0.049266994
0.0,0,0.01783367
1.0,1,0.989718
0.0,0,0.0016384138
1.0,1,0.71308804
0.0,0,0.024889842
0.0,0,0.03039426
0.0,0,0.11928659
0.0,0,0.16345382
1.0,1,0.66426444
0.0,0,0.03630036
1.0,1,0.9197061
1.0,0,0.24387278
0.0,0,0.11263231
1.0,1,0.49404645
1.0,1,0.6498497
1.0,1,0.9732778
0.0,0,0.08407386
1.0,1,0.97792506
1.0,1,0.7685161
0.0,0,0.024744166
1.0,1,0.9792631
0.0,0,0.0032313168
0.0,0,0.015466493
1.0,0,0.1538508
1.0,1,0.38495478
1.0,1,0.9847179
0.0,0,0.02338412
1.0,1,0.93393254
0.0,1,0.38360462
1.0,1,0.5479063
0.0,1,0.41586262
1.0,1,0.9853137
0.0,0,0.032142665
0.0,0,0.105190955
0.0,0,0.031373303
1.0,1,0.90445447
1.0,0,0.068195865
0.0,0,0.00920722
0.0,0,0.0015531917
1.0,1,0.94743305
1.0,1,0.98379934
1.0,1,0.8469915
0.0,0,0.021583142
1.0,1,0.93872607
1.0,1,0.88978994
0.0,0,0.0070628417
1.0,0,0.12428412
0.0,0,0.022695616
1.0,1,0.9774686
0.0,0,0.0011558979
1.0,0,0.025482459
0.0,0,0.031479992
1.0,1,0.965115
0.0,0,0.02000695
0.0,0,0.0026437093
0.0,0,0.0033651744
1.0,1,0.9740409
0.0,0,0.059618987
1.0,1,0.82185733
1.0,1,0.78688645
1.0,1,0.97387516
1.0,1,0.9712211
1.0,1,0.6001227
0.0,0,0.016400255
0.0,1,0.5231025
1.0,1,0.49949282
1.0,1,0.9073653
1.0,1,0.978023
1.0,1,0.9848509
0.0,0,0.0098656025
1.0,1,0.73765165
1.0,1,0.9704179
1.0,1,0.5419183
1.0,1,0.96482563
1.0,1,0.9697818
1.0,1,0.9815861
1.0,0,0.01519111
1.0,1,0.82387793
0.0,0,0.004262628
0.0,1,0.3116383
0.0,1,0.38345346
0.0,0,0.002129893
0.0,0,0.015616019
0.0,0,0.018261442
1.0,1,0.9844247
1.0,1,0.9187015
0.0,0,0.10405879
0.0,0,0.116096556
0.0,0,0.010813796
1.0,1,0.7460362
1.0,1,0.917753
1.0,1,0.66323555
1.0,0,0.25031415
1.0,1,0.9307729
0.0,0,0.0054822057
0.0,0,0.036749244
0.0,0,0.0039014567
0.0,0,0.0021635105
1.0,1,0.7851368
1.0,1,0.9333064
1.0,1,0.9816824
1.0,1,0.9721385
0.0,0,0.006329042
1.0,1,0.96348494
1.0,1,0.541988
0.0,0,0.006012261
0.0,1,0.41141337
0.0,0,0.024564309
0.0,0,0.010956316
0.0,0,0.0017958465
1.0,1,0.7929326
1.0,1,0.81035143
1.0,0,0.11512859
1.0,1,0.7781676
0.0,0,0.069873065
0.0,0,0.018475944
1.0,1,0.9182294
0.0,0,0.017447714
0.0,0,0.025322035
0.0,0,0.0022493652
1.0,1,0.97271127
1.0,1,0.98132384
1.0,1,0.93839824
0.0,0,0.011342156
0.0,1,0.57768434
0.0,0,0.038769893
1.0,1,0.8464352
0.0,1,0.2941877
1.0,1,0.5413556
1.0,1,0.9071207
1.0,1,0.83360565
0.0,0,0.007958787
0.0,0,0.015838157
0.0,0,0.0070565445
1.0,1,0.9775583
0.0,0,0.055445466
0.0,0,0.019105516
0.0,0,0.2262897
0.0,0,0.01392518
1.0,1,0.8684352
0.0,0,0.016963363
0.0,0,0.015065821
0.0,0,0.031120637
0.0,0,0.004582739
1.0,1,0.91089
0.0,0,0.0052949437
0.0,0,0.009029772
0.0,0,0.0017666488
0.0,0,0.015008664
0.0,0,0.0020163753
0.0,0,0.07164508
0.0,0,0.04710212
0.0,0,0.007771354
1.0,1,0.9827824
1.0,1,0.60174304
0.0,0,0.14341363
0.0,0,0.030493032
0.0,0,0.044436783
0.0,0,0.0067431554
1.0,1,0.5352589
0.0,0,0.08815155
0.0,1,0.38549328
0.0,0,0.008691177
0.0,0,0.07223728
0.0,0,0.21715583
0.0,0,0.0070861583
0.0,0,0.02199278
0.0,0,0.0057942583
1.0,1,0.9852849
1.0,1,0.9044354
1.0,1,0.699438
0.0,0,0.038687535
0.0,0,0.07114167
0.0,0,0.001963291
1.0,1,0.91919166
1.0,1,0.97849846
1.0,0,0.19101934
1.0,1,0.35097167
1.0,1,0.9356933
1.0,1,0.97550476
1.0,1,0.90622574
0.0,1,0.4094025
0.0,0,0.008556466
0.0,0,0.0025362452
1.0,1,0.9711014
0.0,0,0.16966312
0.0,0,0.23509867
0.0,0,0.005269054
1.0,1,0.93144214
0.0,0,0.0077143717
1.0,1,0.97728944
1.0,1,0.75869554
0.0,0,0.0019767361
0.0,0,0.0051336703
0.0,0,0.008960665
1.0,1,0.58092475
0.0,0,0.029365536
1.0,1,0.5273787
1.0,1,0.78991556
0.0,0,0.10695568
0.0,0,0.0083527565
1.0,1,0.9214883
0.0,0,0.0013093307
1.0,1,0.8870259
1.0,1,0.9772647
0.0,0,0.009156959
1.0,0,0.06961689
0.0,0,0.025225375
0.0,1,0.3234327
0.0,0,0.031592473
0.0,0,0.04718776
1.0,1,0.72078085
1.0,0,0.2024576
1.0,1,0.96398425
1.0,1,0.3008231
0.0,0,0.0036621944
1.0,1,0.90402764
0.0,1,0.27418852
1.0,1,0.6444566
0.0,0,0.036565028
0.0,0,0.036520347
0.0,0,0.011710745
0.0,0,0.03383827
0.0,0,0.09588523
0.0,0,0.0051046065
0.0,0,0.0345071
1.0,0,0.25448164
1.0,1,0.97874266
1.0,1,0.9449872
1.0,1,0.96462405
0.0,0,0.09515703
1.0,1,0.630581
0.0,0,0.214711
1.0,1,0.9532139
1.0,1,0.9506697
1.0,1,0.28093627
0.0,0,0.1226048
1.0,1,0.9533074
1.0,1,0.8300785
0.0,0,0.17376234
0.0,0,0.01605723
0.0,0,0.07743028
0.0,0,0.08410985
0.0,0,0.0060893144
0.0,0,0.037733346
0.0,0,0.00039698993
1.0,1,0.9691358
0.0,0,0.00088008156
1.0,0,0.25823167
1.0,0,0.23291063
0.0,0,0.03484054
0.0,0,0.14521514
0.0,0,0.036026258
1.0,1,0.91346365
0.0,0,0.03660996
0.0,0,0.017758192
0.0,0,0.010062291
0.0,0,0.0023755173
0.0,0,0.016340924
1.0,1,0.982973
1.0,1,0.701082
0.0,0,0.047363568
1.0,1,0.62050146
0.0,0,0.026913844
1.0,1,0.9636172
0.0,0,0.013266612
1.0,1,0.8450439
1.0,1,0.9695289
0.0,0,0.0049157515
0.0,0,0.035899095
0.0,0,0.00873603
0.0,1,0.30572355
1.0,1,0.68293536
1.0,1,0.94098574
1.0,1,0.38987812
1.0,1,0.7081709
0.0,0,0.06612519
0.0,0,0.0044475854
1.0,1,0.7365155
1.0,1,0.8141928
0.0,0,0.04426553
1.0,1,0.59454733
1.0,1,0.5590663
1.0,1,0.40546355
1.0,1,0.97419745
0.0,0,0.05716725
0.0,0,0.00202476
1.0,1,0.7909447
1.0,1,0.9158858
1.0,1,0.42737755
0.0,1,0.32093763
0.0,0,0.013426472
0.0,0,0.029525574
1.0,1,0.2902999
0.0,0,0.02778782
1.0,1,0.853914
1.0,1,0.9774925
0.0,0,0.03046315
1.0,1,0.9771159
1.0,1,0.9777839
1.0,1,0.44966322
1.0,1,0.9455055
1.0,1,0.5918015
1.0,1,0.8780945
1.0,1,0.44252402
0.0,0,0.15867595
1.0,1,0.6801851
1.0,1,0.9626039
0.0,0,0.089705124
0.0,1,0.85896343
1.0,1,0.6577981
1.0,0,0.15759075
0.0,0,0.019078597
0.0,0,0.09885751
0.0,0,0.070631616
0.0,0,0.029083991
1.0,1,0.9766569
1.0,1,0.86433095
0.0,1,0.33563775
1.0,1,0.85995674
0.0,0,0.03403941
1.0,1,0.36858243
0.0,0,0.010230775
0.0,1,0.28048304
1.0,1,0.9565843
1.0,1,0.97200346
0.0,0,0.21904054
0.0,0,0.081677094
0.0,0,0.009398874
1.0,1,0.98734736
1.0,1,0.87394834
0.0,1,0.4399875
0.0,0,0.018095665
0.0,0,0.15481658
1.0,1,0.287549
0.0,0,0.2299883
1.0,1,0.5147673
1.0,1,0.8917347
0.0,0,0.24095267
0.0,0,0.041865233
0.0,0,0.022863854
0.0,0,0.0009265883
1.0,1,0.9759386
0.0,1,0.7291614
1.0,1,0.8310305
1.0,1,0.8712294
1.0,1,0.95859706
1.0,1,0.9731685
0.0,0,0.08383212
0.0,0,0.053401545
1.0,1,0.7232747
0.0,0,0.04609708
1.0,1,0.98473364
1.0,1,0.3781583
0.0,0,0.012823936
1.0,1,0.9190646
1.0,1,0.9843777
0.0,0,0.006783221
1.0,1,0.912528
1.0,1,0.97688806
1.0,0,0.07389278
0.0,0,0.017657757
0.0,0,0.018581528
0.0,0,0.0058903038
1.0,1,0.9405371
0.0,0,0.01629261
1.0,1,0.84824204
1.0,1,0.98879117
1.0,1,0.9824862
1.0,1,0.8151294
1.0,1,0.8498345
1.0,1,0.94849724
1.0,1,0.80764073
1.0,1,0.97605366
1.0,1,0.76531434
0.0,0,0.03367696
1.0,1,0.9240829
1.0,1,0.9801272
1.0,0,0.25771412
1.0,1,0.97878855
1.0,1,0.9544075
0.0,0,0.0041678054
0.0,0,0.0049960325
1.0,1,0.8985864
1.0,1,0.8191802
1.0,1,0.87987334
1.0,1,0.86958677
0.0,0,0.016735323
0.0,0,0.0025882565
0.0,0,0.018452663
1.0,1,0.69773245
0.0,0,0.06848611
1.0,1,0.73476076
0.0,0,0.033696808
1.0,1,0.53821445
1.0,1,0.9094755
0.0,0,0.017567119
0.0,0,0.2562416
0.0,0,0.048532538
1.0,1,0.9305071
1.0,1,0.94660753
1.0,1,0.9217998
0.0,0,0.01195951
0.0,0,0.008014139
1.0,1,0.97291374
0.0,0,0.12244552
0.0,0,0.039424125
0.0,0,0.01966487
0.0,0,0.16684486
1.0,1,0.47117525
1.0,1,0.79917866
1.0,1,0.81404376
0.0,0,0.0649122
0.0,0,0.07409605
1.0,0,0.15824176
1.0,0,0.17908895
1.0,1,0.9719274
1.0,1,0.9688365
0.0,0,0.18965672
0.0,0,0.021755293
1.0,1,0.53102255
0.0,1,0.4894289
1.0,1,0.8684496
0.0,0,0.24054453
1.0,1,0.58993787
0.0,0,0.041165587
1.0,1,0.31259146
0.0,0,0.0080048945
1.0,1,0.7156558
0.0,1,0.4685239
0.0,0,0.017098302
0.0,0,0.16726246
0.0,1,0.7095802
0.0,0,0.06088971
1.0,1,0.7371196
1.0,1,0.48590398
1.0,1,0.5566145
0.0,0,0.026330443
1.0,1,0.9645045
0.0,0,0.018005291
1.0,1,0.85255516
0.0,0,0.031860705
0.0,0,0.011431875
1.0,1,0.82514143
0.0,0,0.0050823465
1.0,1,0.92951566
1.0,1,0.7422612
0.0,0,0.05433865
0.0,0,0.19902404
1.0,1,0.6886206
1.0,1,0.6821469
0.0,0,0.055876963
0.0,0,0.0034074616
1.0,1,0.8597461
1.0,1,0.8762978
1.0,1,0.97105193
0.0,0,0.029142154
0.0,0,0.007756017
0.0,0,0.0035284092
0.0,1,0.6485336
1.0,1,0.96784973
0.0,1,0.29402333
1.0,1,0.7227244
0.0,0,0.01283701
0.0,0,0.014617614
0.0,0,0.017466117
0.0,0,0.0019273114
1.0,1,0.8897057
0.0,0,0.019708155
0.0,0,0.20484108
1.0,1,0.8132427
1.0,1,0.9704928
0.0,0,0.057855614
1.0,1,0.9150665
1.0,1,0.9842246
0.0,0,0.0053392486
0.0,0,0.12705112
1.0,1,0.9664797
0.0,0,0.039555818
1.0,1,0.78203917
0.0,0,0.018432653
0.0,1,0.40512437
0.0,0,0.010018011
0.0,0,0.007934255
0.0,0,0.017850159
1.0,1,0.9531642
1.0,1,0.98037285
1.0,1,0.9723845
1.0,1,0.9778287
0.0,1,0.61673254
0.0,0,0.04120155
1.0,1,0.9246327
1.0,1,0.9550922
0.0,0,0.007472323
1.0,1,0.9725988
0.0,0,0.056546394
0.0,1,0.7326212
1.0,1,0.93715036
1.0,1,0.7749446
0.0,0,0.0087715015
0.0,0,0.010793932
0.0,0,0.17026594
0.0,0,0.016678318
1.0,1,0.95065683
1.0,1,0.9741732
0.0,0,0.11522607
1.0,1,0.6754539
0.0,0,0.058534995
1.0,0,0.016308602
0.0,0,0.034542814
0.0,0,0.052028447
1.0,1,0.9426619
0.0,1,0.27414516
0.0,0,0.00865741
0.0,0,0.010565525
0.0,1,0.51534283
0.0,0,0.041968677
0.0,0,0.03445541
1.0,1,0.64694244
1.0,1,0.436191
1.0,1,0.9813792
0.0,0,0.0034310396
1.0,1,0.9136868
1.0,1,0.9578411
0.0,0,0.027752643
0.0,0,0.04382477
0.0,0,0.026636593
0.0,0,0.010257336
0.0,0,0.0018377956
0.0,1,0.73830724
1.0,1,0.6156084
0.0,0,0.010706751
1.0,1,0.78783673
0.0,0,0.008388369
1.0,1,0.7819644
0.0,0,0.013366015
0.0,0,0.025331516
0.0,0,0.06505409
0.0,0,0.034711048
0.0,0,0.030144894
0.0,0,0.025129924
0.0,0,0.03537886
0.0,1,0.3732576
1.0,1,0.8917921
1.0,1,0.4862587
1.0,1,0.3240061
1.0,1,0.5341127
1.0,1,0.9482705
0.0,0,0.122088954
0.0,0,0.0059660943
1.0,1,0.9750047
0.0,0,0.0061676768
0.0,0,0.15201056
1.0,1,0.8034818
1.0,1,0.9725328
1.0,1,0.97075045
0.0,0,0.012816482
0.0,1,0.57044286
0.0,0,0.12992765
1.0,1,0.40666825
0.0,0,0.0036186755
1.0,1,0.7077396
1.0,1,0.83380103
0.0,0,0.06684295
1.0,1,0.4291142
1.0,1,0.9673757
1.0,1,0.44197974
1.0,1,0.41650686
0.0,0,0.01129939
1.0,1,0.7020016
1.0,1,0.86419344
1.0,1,0.80239606
1.0,1,0.6326072
1.0,1,0.94628376
0.0,0,0.08864671
0.0,0,0.021685755
1.0,1,0.36431405
0.0,0,0.04177915
0.0,1,0.53521705
1.0,1,0.8688585
1.0,1,0.95963967
0.0,0,0.0184447
1.0,1,0.98126686
1.0,1,0.97000647
0.0,0,0.029572627
1.0,1,0.59911287
1.0,1,0.7936922
1.0,1,0.9465129
1.0,1,0.6195552
1.0,1,0.9384761
0.0,0,0.09445326
0.0,0,0.00741685
0.0,1,0.37530643
1.0,1,0.95147437
1.0,1,0.8922351
1.0,1,0.96940565
1.0,1,0.42192218
1.0,1,0.94267374
0.0,1,0.32029453
1.0,1,0.9573863
1.0,1,0.9648136
1.0,1,0.5355327
1.0,1,0.49062034
0.0,0,0.014312361
1.0,0,0.03537108
0.0,0,0.015975041
1.0,1,0.48441207
0.0,0,0.001591147
0.0,0,0.04228709
0.0,0,0.060497064
1.0,1,0.7455194
1.0,1,0.7005779
0.0,0,0.011333411
0.0,0,0.009801299
1.0,1,0.9755192
1.0,1,0.76633364
0.0,0,0.030861525
0.0,0,0.006181731
0.0,0,0.03826142
0.0,0,0.061572596
0.0,0,0.042277597
1.0,1,0.81311053
1.0,1,0.89618134
0.0,1,0.47433627
1.0,1,0.98409015
0.0,0,0.025804734
1.0,1,0.78737557
1.0,1,0.34810993
0.0,0,0.25715205
0.0,0,0.135461
1.0,1,0.9603656
1.0,0,0.20387276
1.0,1,0.9543944
0.0,0,0.11842053
1.0,1,0.30017522
1.0,1,0.8374301
0.0,0,0.07024183
0.0,0,0.0032950144
0.0,0,0.028017603
0.0,0,0.00706893
1.0,1,0.6552602
0.0,0,0.006479472
0.0,0,0.009358604
1.0,1,0.61610955
1.0,1,0.96518046
0.0,0,0.054622922
1.0,1,0.87404686
0.0,0,0.06273096
0.0,0,0.012390657
0.0,1,0.3290796
1.0,0,0.22785862
1.0,1,0.9607294
0.0,0,0.003914244
0.0,0,0.038987845
0.0,0,0.01066712
0.0,0,0.012622679
0.0,0,0.002978033
0.0,0,0.0025960517
0.0,0,0.07182508
0.0,0,0.0094552245
0.0,1,0.7140488
1.0,1,0.43712643
0.0,1,0.3623903
1.0,1,0.32440233
0.0,0,0.22371039
0.0,0,0.03928582
1.0,1,0.35370493
0.0,0,0.009060323
0.0,0,0.038048416
1.0,1,0.7246443
0.0,0,0.017000243
0.0,0,0.075277016
1.0,1,0.67518467
1.0,1,0.6564133
0.0,0,0.048208192
0.0,0,0.01028029
1.0,1,0.75461435
0.0,0,0.023944726
0.0,0,0.0023805266
1.0,1,0.7786618
1.0,1,0.47473794
0.0,1,0.874375
0.0,0,0.04997304
1.0,1,0.71418196
0.0,0,0.08424694
0.0,0,0.10597101
0.0,0,0.03502162
0.0,0,0.03256836
1.0,1,0.56029767
0.0,1,0.5732691
0.0,0,0.0072098183
0.0,0,0.07367571
0.0,0,0.09212837
0.0,1,0.6371347
0.0,0,0.009439094
1.0,1,0.910865
0.0,0,0.012536103
0.0,0,0.021953097
1.0,1,0.9524916
1.0,0,0.23316032
0.0,0,0.00040278462
0.0,0,0.02624787
1.0,1,0.6157137
0.0,0,0.03300896
1.0,1,0.92840564
1.0,1,0.8168392
0.0,0,0.047567084
0.0,0,0.0043942775
1.0,1,0.6526519
0.0,0,0.023908073
0.0,1,0.8768314
0.0,0,0.017798185
0.0,0,0.013509843
0.0,1,0.79812735
0.0,0,0.00645977
0.0,0,0.0056238757
0.0,0,0.03429346
0.0,0,0.01872264
0.0,0,0.019342748
0.0,0,0.2017667
0.0,0,0.017822886
0.0,0,0.014565521
0.0,0,0.06437269
0.0,0,0.107134715
0.0,0,0.0015011438
0.0,0,0.23547757
1.0,1,0.97971284
0.0,0,0.019249115
1.0,1,0.97382027
0.0,0,0.012990326
0.0,0,0.006960136
1.0,1,0.9789347
0.0,0,0.08956915
1.0,1,0.98484254
0.0,1,0.36663884
1.0,1,0.9364875
1.0,1,0.8217831
0.0,0,0.010332259
0.0,1,0.364587
0.0,0,0.018016988
1.0,1,0.9475572
0.0,0,0.002683394
0.0,0,0.25292957
0.0,0,0.00636557
1.0,1,0.782384
1.0,1,0.39975742
0.0,0,0.046557393
0.0,0,0.10312809
0.0,0,0.018904515
1.0,1,0.97137284
0.0,0,0.2070195
0.0,0,0.031943407
1.0,0,0.11830248
1.0,1,0.39361948
1.0,1,0.7754598
1.0,1,0.8644437
0.0,0,0.025104603
1.0,1,0.94903153
1.0,1,0.79855174
0.0,0,0.039038397
0.0,0,0.020519719
0.0,0,0.004557368
1.0,1,0.39135516
1.0,1,0.9656291
0.0,0,0.028123353
1.0,1,0.9506987
1.0,0,0.033168767
0.0,0,0.004607157
1.0,1,0.5205299
0.0,0,0.060361408
0.0,0,0.027075356
0.0,0,0.26553172
1.0,1,0.98130596
0.0,0,0.026759064
0.0,0,0.056567825
0.0,0,0.008262391
1.0,1,0.5363816
1.0,1,0.71121156
0.0,0,0.01358374
1.0,1,0.6582824
1.0,1,0.53518397
0.0,1,0.61189675
0.0,0,0.061148744
1.0,1,0.6422482
0.0,0,0.0016668113
0.0,0,0.010473307
0.0,1,0.84438753
1.0,1,0.8374729
0.0,0,0.20441358
0.0,0,0.030118098
1.0,1,0.9259462
1.0,1,0.80561876
0.0,0,0.011595456
0.0,0,0.044172
1.0,1,0.69953674
0.0,0,0.052033737
0.0,0,0.25058067
1.0,1,0.44538862
0.0,0,0.011217858
0.0,0,0.021736518
0.0,0,0.017294127
0.0,1,0.29544207
0.0,0,0.008518459
0.0,0,0.0025552795
1.0,1,0.70654416
1.0,1,0.7277527
1.0,1,0.8955212
0.0,0,0.05190514
0.0,1,0.2903922
1.0,1,0.43325046
1.0,1,0.58994806
1.0,1,0.34360397
0.0,0,0.037511475
1.0,1,0.7836365
0.0,1,0.5403967
0.0,0,0.046973713
0.0,0,0.07285061
0.0,0,0.022940004
0.0,0,0.10798593
1.0,1,0.6218372
0.0,0,0.021140402
1.0,0,0.1737222
0.0,0,0.026621616
1.0,1,0.932968
1.0,1,0.8986107
1.0,1,0.5700525
1.0,1,0.9526648
0.0,0,0.02214803
1.0,1,0.68355286
0.0,0,0.0062951013
0.0,0,0.016898649
0.0,0,0.020306455
1.0,1,0.95683366
1.0,1,0.9292246
1.0,0,0.028519204
1.0,1,0.67672664
1.0,1,0.84714323
1.0,1,0.515399
0.0,0,0.01670356
1.0,1,0.75456357
0.0,1,0.27558494
1.0,1,0.9811182
0.0,1,0.45415333
1.0,1,0.7740423
1.0,0,0.02872647
1.0,1,0.5256643
1.0,1,0.9810532
0.0,0,0.083486035
0.0,0,0.028518578
0.0,0,0.0050891936
0.0,0,0.056611184
0.0,0,0.06264809
1.0,1,0.6635363
0.0,0,0.25596714
1.0,1,0.38785142
1.0,1,0.91623163
1.0,1,0.98005164
0.0,0,0.054916605
0.0,1,0.61207294
0.0,0,0.14238678
0.0,1,0.74779975
1.0,1,0.9841554
0.0,0,0.007274814
1.0,1,0.93994224
0.0,1,0.37754723
1.0,1,0.968053
0.0,0,0.007898827
1.0,1,0.6389406
0.0,0,0.0063406695
1.0,1,0.7513131
1.0,1,0.89875156
1.0,1,0.97491634
1.0,1,0.8409511
1.0,1,0.9828732
0.0,0,0.23180671
0.0,0,0.025282715
1.0,1,0.39138845
1.0,1,0.909711
0.0,0,0.0025214232
0.0,0,0.13275942
1.0,1,0.9853942
1.0,1,0.9116195
0.0,0,0.100516915
0.0,0,0.012782562
1.0,1,0.6349023
0.0,0,0.0048325486
1.0,1,0.96867657
0.0,0,0.05451532
0.0,0,0.03403429
1.0,1,0.5744655
1.0,1,0.62887096
0.0,0,0.030157128
0.0,0,0.0225346
0.0,0,0.06766378
0.0,0,0.010464592
0.0,0,0.004438063
0.0,0,0.053920083
1.0,1,0.63530016
1.0,1,0.512616
1.0,1,0.94469124
0.0,0,0.0044369274
0.0,0,0.0047737635
0.0,0,0.004216799
0.0,0,0.030267091
1.0,1,0.7527683
0.0,0,0.113103904
0.0,0,0.030877959
1.0,1,0.9810603
0.0,0,0.014504943
1.0,1,0.96495205
0.0,1,0.30441958
1.0,1,0.85109067
0.0,1,0.9463529
0.0,0,0.021756982
0.0,0,0.005156032
0.0,0,0.015764572
1.0,1,0.64648116
1.0,1,0.7156079
1.0,1,0.8025496
0.0,1,0.30022386
1.0,1,0.79615504
0.0,0,0.01125362
0.0,0,0.02782648
0.0,0,0.12346457
0.0,0,0.08629724
1.0,1,0.9314999
0.0,0,0.058204323
0.0,1,0.42232078
0.0,0,0.022510964
1.0,1,0.8665847
1.0,1,0.8907332
1.0,1,0.9612073
1.0,0,0.10236372
0.0,0,0.0129245045
0.0,0,0.028850453
0.0,0,0.010005841
1.0,1,0.98754156
0.0,0,0.0019108079
0.0,1,0.2840605
0.0,0,0.04077026
1.0,1,0.9443832
0.0,0,0.030610045
1.0,1,0.9784127
0.0,0,0.05748204
1.0,1,0.86231154
0.0,0,0.020171305
0.0,0,0.024033641
0.0,0,0.0022323765
1.0,1,0.536906
1.0,1,0.8530054
0.0,0,0.13582987
0.0,0,0.060052242
0.0,1,0.49196106
0.0,0,0.009746211
0.0,0,0.00724102
1.0,0,0.24421598
1.0,1,0.9831701
1.0,1,0.9838928
0.0,1,0.4816713
1.0,1,0.32771719
1.0,1,0.9798285
1.0,1,0.9830281
1.0,1,0.5863664
0.0,0,0.023183012
1.0,1,0.98224026
0.0,0,0.15884013
1.0,1,0.90155464
1.0,1,0.7061472
1.0,1,0.8848117
1.0,0,0.12383735
0.0,0,0.026123147
0.0,1,0.53480285
0.0,0,0.00461568
1.0,1,0.9838086
0.0,0,0.00866584
0.0,0,0.011080428
1.0,1,0.9031452
1.0,0,0.15448678
0.0,0,0.11927209
0.0,0,0.1625531
1.0,1,0.9776497
0.0,1,0.35736376
1.0,1,0.9812154
0.0,0,0.010320548
0.0,0,0.018298307
0.0,1,0.49074942
0.0,0,0.0007634801
1.0,1,0.48676637
1.0,1,0.553043
0.0,0,0.023644645
0.0,0,0.23382208
1.0,1,0.9650818
0.0,0,0.26465374
1.0,1,0.9257703
1.0,1,0.97343767
1.0,1,0.88826454
0.0,0,0.13806823
0.0,0,0.021592896
0.0,0,0.07971158
0.0,0,0.018508045
1.0,1,0.5535387
1.0,0,0.25965732
1.0,1,0.5204921
0.0,0,0.02496656
1.0,1,0.5859872
1.0,1,0.98282075
0.0,0,0.0008798191
1.0,1,0.7830522
0.0,0,0.046093527
1.0,1,0.953296
1.0,1,0.9772562
1.0,1,0.8661496
1.0,1,0.884971
0.0,0,0.027052918
0.0,0,0.026116662
1.0,1,0.6429496
0.0,0,0.03402
0.0,0,0.008343019
1.0,1,0.7526107
1.0,1,0.9716434
0.0,0,0.12310844
0.0,0,0.040124048
0.0,0,0.21969609
1.0,1,0.96017855
0.0,1,0.62061894
0.0,0,0.007500777
0.0,0,0.11744908
0.0,0,0.005363663
1.0,1,0.6677238
1.0,1,0.65117764
1.0,1,0.8723961
1.0,1,0.38876444
1.0,1,0.31583565
1.0,1,0.9339036
1.0,0,0.030309629
0.0,0,0.0030420306
1.0,1,0.7952981
1.0,1,0.9546451
1.0,1,0.9287013
1.0,1,0.5708231
0.0,1,0.318276
1.0,1,0.98323745
0.0,0,0.020681964
1.0,1,0.5229573
0.0,0,0.10953911
0.0,0,0.05150816
0.0,0,0.010482819
0.0,0,0.023774285
1.0,1,0.41615528
0.0,0,0.05599575
0.0,0,0.0221014
1.0,1,0.5138656
0.0,0,0.002355157
1.0,1,0.9603518
1.0,1,0.6077418
1.0,1,0.9740555
0.0,0,0.033663794
0.0,0,0.07801805
1.0,1,0.91707814
1.0,1,0.9718475
0.0,0,0.019120669
0.0,0,0.009270527
1.0,1,0.4952801
1.0,1,0.8147972
1.0,0,0.20699012
0.0,1,0.3788338
0.0,0,0.022280276
0.0,0,0.14975153
1.0,1,0.9224853
0.0,0,0.029712403
1.0,1,0.92488015
0.0,0,0.016615568
1.0,1,0.69323575
0.0,0,0.013799906
0.0,1,0.37727427
1.0,1,0.97019506
1.0,1,0.92624515
1.0,1,0.49970517
1.0,1,0.73164743
1.0,1,0.4716946
0.0,0,0.048594493
0.0,0,0.002885921
1.0,1,0.8231231
0.0,0,0.007233661
1.0,1,0.98758376
1.0,1,0.9833627
1.0,1,0.97116387
1.0,1,0.80550647
1.0,1,0.89029306
0.0,0,0.12657401
0.0,0,0.07022238
1.0,1,0.95116496
1.0,1,0.9658571
1.0,1,0.9564163
0.0,0,0.0018112832
1.0,1,0.9841173
1.0,1,0.9816099
1.0,1,0.98415124
0.0,0,0.021202195
1.0,1,0.79944336
0.0,1,0.3183328
0.0,0,0.046567883
0.0,0,0.09205336
1.0,1,0.8022062
1.0,1,0.52482706
1.0,1,0.97815925
0.0,0,0.15113802
1.0,1,0.6402856
1.0,1,0.7969528
0.0,0,0.04748127
1.0,1,0.49061504
1.0,1,0.71606773
1.0,1,0.9635464
0.0,0,0.2573064
1.0,0,0.24509612
1.0,1,0.7075893
0.0,0,0.021075401
1.0,1,0.4170458
0.0,0,0.102709614
1.0,1,0.9778605
1.0,1,0.8952838
1.0,1,0.98701376
0.0,0,0.018866364
1.0,1,0.9818473
1.0,1,0.804951
0.0,0,0.011881107
0.0,0,0.037055984
0.0,0,0.027966483
0.0,1,0.33849338
1.0,1,0.9032763
0.0,0,0.025211345
0.0,0,0.013328569
0.0,0,0.029256025
0.0,0,0.18147834
0.0,0,0.017552443
1.0,0,0.11627277
0.0,0,0.015945803
1.0,1,0.35238308
0.0,0,0.0008921636
0.0,0,0.0012303349
0.0,0,0.16339757
1.0,1,0.5116251
0.0,0,0.005355531
1.0,1,0.9772039
1.0,1,0.98448926
1.0,1,0.91544974
1.0,1,0.96829206
0.0,1,0.9662127
1.0,1,0.80886537
0.0,0,0.0010603099
0.0,0,0.016421491
1.0,0,0.25455835
0.0,0,0.05352968
0.0,1,0.6313735
1.0,1,0.5272403
1.0,1,0.65599096
1.0,1,0.29699662
0.0,0,0.009819141
1.0,1,0.8835012
0.0,0,0.030060448
0.0,0,0.012410686
0.0,0,0.01377933
1.0,1,0.98539174
0.0,0,0.13430882
0.0,0,0.058899406
0.0,0,0.029706044
0.0,0,0.21144056
1.0,1,0.7768621
0.0,1,0.47700483
0.0,1,0.4304171
1.0,1,0.7134404
1.0,1,0.98409414
0.0,0,0.01892715
0.0,0,0.013053019
1.0,1,0.65122944
0.0,0,0.10468616
1.0,1,0.9860455
0.0,0,0.029272877
1.0,1,0.8703219
0.0,0,0.011425227
0.0,0,0.023312014
1.0,1,0.9424942
0.0,0,0.0078971535
1.0,1,0.79121816
0.0,0,0.009073184
0.0,0,0.16575667
1.0,1,0.2982685
0.0,0,0.0047171777
1.0,1,0.9787014
1.0,1,0.5389987
1.0,1,0.5846114
1.0,1,0.97366565
1.0,1,0.9720725
1.0,1,0.9722718
1.0,1,0.8678202
0.0,0,0.2034803
1.0,1,0.87978023
0.0,1,0.4108703
0.0,0,0.005281625
0.0,1,0.6369999
0.0,1,0.29455855
0.0,0,0.021684062
0.0,0,0.02078793
0.0,0,0.008766917
1.0,1,0.8252636
0.0,0,0.004673832
0.0,0,0.024214638
0.0,0,0.26407573
1.0,1,0.97811997
1.0,1,0.9340878
1.0,0,0.19150774
1.0,1,0.813355
1.0,1,0.8049749
0.0,0,0.044788886
1.0,1,0.58961904
0.0,0,0.007015608
0.0,0,0.012197383
1.0,1,0.947239
0.0,0,0.0061503686
0.0,0,0.018616594
1.0,1,0.9857009
0.0,0,0.06618471
1.0,1,0.91333497
0.0,0,0.05532939
1.0,1,0.9151619
1.0,1,0.8339606
0.0,1,0.9639264
1.0,1,0.70625067
1.0,1,0.6718279
1.0,1,0.56904006
1.0,1,0.9786294
1.0,1,0.9371489
1.0,1,0.9337246
0.0,0,0.023212222
1.0,0,0.13474815
0.0,0,0.043898333
1.0,1,0.9710894
1.0,1,0.6813245
0.0,0,0.02339905
0.0,0,0.050236776
1.0,1,0.49150977
1.0,1,0.8282854
1.0,1,0.7055077
0.0,0,0.011031743
0.0,0,0.004669023
1.0,1,0.8937018
0.0,0,0.18973449
1.0,1,0.7284814
1.0,1,0.4421826
1.0,1,0.30412957
1.0,1,0.97027904
0.0,0,0.09858037
1.0,1,0.9217552
0.0,0,0.033277538
0.0,0,0.025897939
1.0,1,0.9450118
0.0,0,0.026752284
0.0,0,0.124145105
0.0,1,0.7132677
0.0,0,0.005294864
1.0,1,0.97876495
0.0,0,0.13131626
0.0,0,0.0022715912
1.0,1,0.5576368
1.0,1,0.3875444
0.0,0,0.026275713
0.0,0,0.06877626
0.0,0,0.10543933
1.0,1,0.51770735
1.0,1,0.9442547
0.0,0,0.023729732
0.0,0,0.16845076
0.0,0,0.029483631
0.0,0,0.03285164
1.0,1,0.9824087
0.0,0,0.027365334
1.0,1,0.97689295
1.0,1,0.87583995
1.0,0,0.26542822
0.0,0,0.024085129
0.0,0,0.011884801
0.0,0,0.028925572
1.0,1,0.8202084
0.0,0,0.05827252
0.0,0,0.26445076
0.0,0,0.03896369
1.0,1,0.8896042
0.0,0,0.008198139
0.0,0,0.031615168
0.0,0,0.013599505
0.0,1,0.4049248
1.0,1,0.616953
0.0,0,0.15980822
0.0,0,0.020412775
1.0,1,0.65473425
0.0,1,0.59194094
1.0,1,0.6996186
0.0,0,0.03550395
1.0,1,0.8280162
0.0,1,0.34673804
1.0,1,0.95503366
1.0,1,0.96716493
1.0,1,0.8289149
1.0,1,0.9258595
1.0,1,0.98233694
1.0,1,0.7235368
0.0,0,0.017159393
0.0,0,0.017896907
0.0,0,0.0685095
1.0,1,0.72510844
1.0,1,0.9074711
1.0,1,0.9532721
0.0,0,0.0031237034
1.0,1,0.9757336
0.0,0,0.2247791
1.0,1,0.9078126
0.0,0,0.057265174
1.0,1,0.79204977
1.0,1,0.9391086
0.0,0,0.17163542
0.0,0,0.003128466
1.0,1,0.96028966
1.0,1,0.81004614
0.0,0,0.22250107
1.0,1,0.9704876
0.0,0,0.021095322
0.0,1,0.7878471
0.0,0,0.10858366
0.0,0,0.008619323
0.0,0,0.019863904
1.0,1,0.8208103
0.0,0,0.049964607
1.0,1,0.76805854
0.0,0,0.044494066
0.0,0,0.03124148
1.0,1,0.53111374
1.0,1,0.88280326
1.0,1,0.60706735
0.0,0,0.010008462
1.0,1,0.9500404
0.0,0,0.04002842
1.0,1,0.30830443
1.0,1,0.8045951
1.0,1,0.3556968
1.0,1,0.9189744
0.0,0,0.056897454
1.0,1,0.91800046
0.0,0,0.058021087
1.0,1,0.9580104
0.0,0,0.030699503
1.0,1,0.9262156
0.0,0,0.00895132
0.0,0,0.03242777
0.0,0,0.0035448775
0.0,0,0.06219763
1.0,1,0.94921535
1.0,1,0.9599064
1.0,1,0.7119272
1.0,1,0.7264745
1.0,1,0.91840094
0.0,0,0.043892752
0.0,0,0.09695467
0.0,0,0.028867623
1.0,1,0.9861879
1.0,1,0.96774733
1.0,1,0.850644
1.0,1,0.4524847
0.0,0,0.15502232
0.0,0,0.029915601
1.0,1,0.9519405
0.0,0,0.014346771
1.0,1,0.8083113
0.0,0,0.020797674
0.0,0,0.19722955
1.0,1,0.51527464
0.0,0,0.016169438
1.0,0,0.26701358
0.0,0,0.0583724
1.0,1,0.95702183
1.0,1,0.92391735
1.0,1,0.65532005
0.0,0,0.20647417
1.0,1,0.5247761
1.0,0,0.018516656
1.0,1,0.9006932
1.0,0,0.11668379
0.0,0,0.021386964
0.0,0,0.15445738
1.0,1,0.3293949
1.0,1,0.78219104
0.0,0,0.019623661
0.0,0,0.013642275
0.0,0,0.008585679
1.0,1,0.7773864
1.0,1,0.88958585
1.0,1,0.76236933
0.0,0,0.0040675676
1.0,1,0.77448654
0.0,0,0.045736063
1.0,1,0.5295235
1.0,1,0.8973391
1.0,1,0.54151976
1.0,1,0.9207093
0.0,0,0.026871642
0.0,0,0.016161308
1.0,1,0.8021359
0.0,1,0.519958
0.0,1,0.49026123
1.0,1,0.92525786
0.0,0,0.03653674
0.0,0,0.21942258
0.0,0,0.04233948
1.0,1,0.69037867
1.0,1,0.9752674
0.0,0,0.046960853
1.0,1,0.7411716
0.0,0,0.0076935827
0.0,0,0.047891468
0.0,0,0.029445766
1.0,1,0.61571795
0.0,0,0.033505272
1.0,1,0.5717236
0.0,0,0.06157012
1.0,1,0.9380648
1.0,1,0.75457954
1.0,1,0.8927117
1.0,1,0.96772194
1.0,1,0.94844675
0.0,0,0.015359542
0.0,0,0.008430529
1.0,1,0.39235106
1.0,1,0.95554155
0.0,0,0.023568062
1.0,1,0.9540358
0.0,1,0.39430785
1.0,1,0.9028678
1.0,1,0.74656105
1.0,1,0.8236735
1.0,1,0.7218233
1.0,1,0.82645875
1.0,1,0.5606468
1.0,1,0.97139746
0.0,0,0.07421452
1.0,1,0.71527994
0.0,0,0.02180082
0.0,0,0.010144098
1.0,1,0.9862782
0.0,0,0.005135461
0.0,0,0.067641094
0.0,1,0.6098554
1.0,1,0.95753217
0.0,0,0.016039874
1.0,1,0.77678925
1.0,1,0.83938587
1.0,1,0.7925004
1.0,1,0.3631117
0.0,1,0.29155982
1.0,1,0.8347385
0.0,0,0.022655345
0.0,0,0.051623445
1.0,0,0.07932256
0.0,1,0.5794862
0.0,0,0.05270403
0.0,0,0.26512936
1.0,0,0.22496723
0.0,0,0.012829225
1.0,1,0.46490026
1.0,1,0.9797937
1.0,1,0.97467077
1.0,1,0.8301741
1.0,1,0.8330093
1.0,1,0.9696817
0.0,0,0.0060807844
0.0,0,0.011432602
1.0,1,0.3459352
0.0,0,0.02374214
1.0,1,0.9853829
0.0,0,0.04137913
1.0,1,0.82528037
1.0,1,0.95017827
1.0,1,0.980721
0.0,0,0.05058444
1.0,1,0.7977411
1.0,1,0.8090656
0.0,0,0.017322198
0.0,0,0.053333886
0.0,0,0.028577933
1.0,1,0.7387762
0.0,0,0.019163826
1.0,1,0.98121095
0.0,0,0.0011608696
0.0,0,0.00829665
1.0,1,0.8147797
0.0,0,0.032693364
0.0,0,0.0010308865
0.0,0,0.03895671
0.0,0,0.2550699
0.0,0,0.053551573
0.0,1,0.67305315
1.0,0,0.11866989
0.0,1,0.8865877
0.0,1,0.78244
1.0,1,0.84517586
0.0,0,0.032241043
1.0,1,0.97988117
0.0,0,0.016460855
0.0,0,0.0047870935
0.0,1,0.56931925
1.0,1,0.87657046
0.0,0,0.0014073077
1.0,1,0.79448414
0.0,0,0.00086973445
0.0,0,0.10225832
1.0,1,0.98393816
1.0,0,0.11094519
0.0,1,0.98070765
0.0,0,0.024417847
1.0,1,0.78944075
1.0,1,0.7569018
1.0,1,0.35394448
1.0,1,0.8268013
1.0,1,0.9415581
0.0,0,0.002023786
0.0,0,0.2053089
1.0,1,0.90500504
1.0,1,0.8707311
0.0,0,0.16315429
1.0,1,0.37029594
0.0,0,0.035707254
0.0,0,0.025949223
1.0,0,0.23760904
1.0,1,0.5087181
1.0,1,0.899924
1.0,0,0.11180155
0.0,0,0.2167933
1.0,1,0.86954534
0.0,0,0.05236496
1.0,1,0.9848774
1.0,1,0.9813861
0.0,0,0.018514022
1.0,1,0.9786591
0.0,0,0.045912255
1.0,1,0.65377617
1.0,1,0.91290617
0.0,0,0.005508924
0.0,0,0.026883023
1.0,1,0.918118
1.0,1,0.95250636
1.0,1,0.6657532
1.0,0,0.11687866
1.0,1,0.93062645
1.0,1,0.69814014
1.0,1,0.9794698
0.0,0,0.0005841589
1.0,1,0.98685426
0.0,0,0.073955014
1.0,1,0.27688795
1.0,1,0.74504614
0.0,0,0.0064172
1.0,1,0.94759166
0.0,0,0.20218664
1.0,1,0.9730096
0.0,0,0.04635579
1.0,1,0.9668644
0.0,0,0.07155744
1.0,1,0.86473143
1.0,1,0.938703
0.0,1,0.4577712
1.0,1,0.78038543
1.0,1,0.6431706
1.0,1,0.76060396
0.0,0,0.0061567896
1.0,1,0.9343988
0.0,0,0.023947485
0.0,0,0.0047177826
0.0,0,0.24784592
1.0,1,0.7866478
0.0,0,0.17727767
0.0,0,0.009650893
1.0,1,0.96203876
1.0,1,0.8463616
1.0,1,0.5252692
1.0,1,0.28898057
0.0,0,0.03440676
0.0,0,0.0122676985
1.0,1,0.9603816
0.0,0,0.0014748978
0.0,0,0.03805338
0.0,0,0.11559681
0.0,0,0.030365951
0.0,0,0.0058064125
0.0,0,0.00665831
1.0,1,0.95567334
1.0,1,0.9690409
0.0,0,0.03612155
0.0,0,0.01474503
1.0,1,0.98617667
1.0,1,0.9830896
1.0,1,0.7017702
0.0,0,0.19961464
0.0,0,0.26952893
0.0,0,0.092873
1.0,1,0.5172374
0.0,0,0.024085017
1.0,1,0.64653766
1.0,1,0.9539646
1.0,1,0.8535215
1.0,1,0.86801517
1.0,1,0.67250013
0.0,0,0.008412683
0.0,0,0.01908302
1.0,1,0.7487239
1.0,1,0.7690393
0.0,0,0.001517557
1.0,1,0.69173765
0.0,0,0.07746484
0.0,0,0.024027362
1.0,1,0.55895364
0.0,0,0.07017061
0.0,0,0.015932022
1.0,1,0.4501014
0.0,0,0.01725951
1.0,1,0.8049884
1.0,1,0.9740309
1.0,1,0.95027035
0.0,0,0.06170892
0.0,0,0.024837794
1.0,1,0.49223343
1.0,1,0.9687933
1.0,1,0.9750235
0.0,0,0.004520685
0.0,0,0.024394933
0.0,0,0.2301706
0.0,0,0.030960858
0.0,1,0.6116172
0.0,0,0.014092364
1.0,1,0.8678813
0.0,1,0.37026793
0.0,0,0.24875352
1.0,1,0.9659409
0.0,0,0.12295593
1.0,1,0.9412278
1.0,1,0.9635593
1.0,1,0.9635068
0.0,0,0.03856486
0.0,0,0.017397676
0.0,1,0.39322865
0.0,0,0.05049227
0.0,0,0.0018284094
0.0,0,0.15971696
0.0,0,0.0022359
0.0,0,0.13711794
0.0,0,0.02667631
1.0,1,0.63252676
0.0,0,0.0471869
1.0,1,0.9777743
1.0,1,0.95564085
0.0,0,0.039713107
1.0,1,0.40931997
0.0,0,0.06795866
0.0,1,0.86277586
1.0,1,0.9820144
0.0,0,0.046195034
0.0,1,0.3544774
0.0,0,0.25080052
1.0,1,0.9738475
0.0,0,0.017017344
1.0,1,0.7864486
1.0,1,0.9781791
0.0,1,0.46815297
0.0,0,0.031588126
1.0,1,0.9792142
1.0,1,0.86503845
0.0,0,0.013605129
0.0,0,0.0195786
1.0,1,0.7018168
1.0,1,0.97862506
0.0,0,0.0026245762
1.0,1,0.8447574
1.0,1,0.48395818
0.0,0,0.035858613
0.0,0,0.007068285
0.0,0,0.009789578
0.0,0,0.007856614
1.0,1,0.57791686
1.0,0,0.103474975
0.0,1,0.30056977
1.0,1,0.39649296
0.0,0,0.08746762
0.0,0,0.04191014
0.0,0,0.008980008
1.0,1,0.9860928
1.0,1,0.4259413
0.0,0,0.010201907
0.0,0,0.09187409
0.0,1,0.68129987
1.0,1,0.5625584
0.0,0,0.021353722
0.0,0,0.20238508
1.0,0,0.083625525
0.0,0,0.108790286
0.0,0,0.024542999
0.0,0,0.011046589
1.0,1,0.80314493
1.0,1,0.6004698
1.0,1,0.52361375
1.0,1,0.7499286
0.0,0,0.003101918
1.0,0,0.21897624
1.0,1,0.8077994
0.0,0,0.029627923
0.0,1,0.30090526
0.0,0,0.1771079
1.0,1,0.958852
1.0,1,0.72857654
1.0,1,0.97883767
0.0,0,0.14041303
1.0,1,0.9707213
1.0,1,0.8710271
1.0,1,0.9526626
0.0,0,0.0026890861
1.0,1,0.98781765
0.0,0,0.01591621
1.0,1,0.98271817
1.0,1,0.9481857
0.0,1,0.9840684
0.0,0,0.07971021
1.0,1,0.94255996
1.0,1,0.9627279
1.0,1,0.96979934
0.0,0,0.035306577
0.0,0,0.0006766692
0.0,0,0.045384932
1.0,1,0.92871326
1.0,1,0.9812332
0.0,0,0.0054606907
1.0,1,0.9876453
1.0,1,0.98522544
0.0,0,0.023812234
1.0,1,0.9827994
1.0,1,0.7425432
1.0,1,0.7675644
0.0,0,0.002123456
0.0,0,0.012991989
1.0,1,0.52072096
1.0,1,0.94112283
0.0,0,0.024806652
0.0,1,0.49306548
1.0,1,0.98522747
0.0,0,0.009623439
1.0,1,0.9791407
1.0,1,0.9254432
0.0,0,0.16767365
1.0,1,0.33047888
0.0,0,0.0017206485
0.0,0,0.017798502
0.0,0,0.19781832
1.0,1,0.97362435
0.0,0,0.07002522
1.0,1,0.62926805
0.0,1,0.8292135
0.0,0,0.00671033
0.0,1,0.41519198
0.0,0,0.018137168
1.0,1,0.58070475
1.0,1,0.89815134
1.0,1,0.8342363
1.0,1,0.6815028
1.0,1,0.97312796
1.0,1,0.77285486
1.0,1,0.96681315
1.0,1,0.81080604
0.0,1,0.7019999
0.0,0,0.08803535
0.0,0,0.0046668695
0.0,0,0.01729742
1.0,1,0.28329825
1.0,1,0.9767889
1.0,1,0.6172071
1.0,1,0.9844348
1.0,1,0.91960114
0.0,0,0.020994512
1.0,1,0.98058236
1.0,0,0.21699344
1.0,1,0.7892671
0.0,0,0.029297447
0.0,1,0.3826933
1.0,1,0.78568935
1.0,1,0.9730431
0.0,0,0.024100779
1.0,1,0.6992296
0.0,0,0.23619753
0.0,0,0.0033398324
1.0,1,0.35279545
1.0,0,0.16932939
1.0,0,0.16378324
0.0,0,0.0064401124
0.0,0,0.0047985683
1.0,1,0.9670743
1.0,1,0.4763069
1.0,1,0.77602935
1.0,1,0.9738607
1.0,1,0.5040808
0.0,0,0.0015808677
0.0,0,0.0405113
1.0,1,0.96992064
0.0,0,0.02960242
0.0,0,0.026466133
0.0,1,0.74205375
0.0,0,0.01669717
1.0,1,0.94806814
0.0,0,0.021688908
1.0,1,0.76078427
0.0,0,0.031739578
1.0,1,0.91448885
0.0,0,0.021289872
1.0,1,0.7662307
1.0,1,0.8812171
0.0,0,0.027658917
0.0,0,0.02305749
0.0,0,0.013055993
0.0,1,0.362627
0.0,0,0.10756487
1.0,1,0.80665743
0.0,0,0.17472722
0.0,0,0.025723904
0.0,0,0.23225322
1.0,1,0.54314476
1.0,1,0.66145587
0.0,0,0.02086027
0.0,0,0.004184906
0.0,0,0.001976204
1.0,1,0.914648
1.0,1,0.8161491
0.0,0,0.004945055
0.0,1,0.8553018
1.0,1,0.97282034
1.0,1,0.98416156
1.0,1,0.7517635
1.0,1,0.95716804
1.0,1,0.95485705
0.0,0,0.017168434
1.0,1,0.57929754
1.0,0,0.019794693
1.0,1,0.841047
1.0,1,0.535954
1.0,1,0.95829046
0.0,0,0.0148417065
0.0,0,0.22206713
1.0,1,0.98451686
0.0,0,0.17091712
0.0,0,0.018326312
0.0,0,0.10302506
0.0,0,0.032091025
0.0,0,0.18218505
1.0,1,0.83253324
1.0,1,0.37079337
0.0,0,0.016020697
0.0,0,0.036001403
0.0,0,0.013143214
1.0,1,0.8726798
1.0,1,0.9774851
0.0,0,0.015455315
0.0,0,0.16209231
0.0,0,0.06431461
1.0,0,0.23882101
0.0,0,0.03155789
1.0,1,0.7387992
0.0,0,0.013539916
0.0,0,0.041739993
0.0,0,0.022120267
1.0,1,0.95891625
1.0,1,0.9259858
1.0,1,0.98488104
0.0,0,0.20803177
0.0,0,0.041541338
0.0,0,0.013314738
0.0,0,0.032168992
0.0,0,0.1408243
0.0,0,0.01297588
0.0,0,0.004093799
1.0,1,0.35227537
0.0,0,0.027761709
1.0,1,0.38095742
0.0,0,0.015363164
1.0,1,0.5690837
0.0,0,0.013127398
0.0,0,0.028563812
1.0,0,0.14273427
0.0,0,0.11164998
0.0,0,0.007960635
0.0,0,0.002503661
1.0,1,0.9386438
1.0,1,0.97409385
1.0,1,0.8304769
0.0,0,0.017217698
0.0,0,0.0032914693
0.0,0,0.052468933
1.0,1,0.44933563
1.0,1,0.68861467
1.0,1,0.9693912
0.0,0,0.0247527
1.0,1,0.97436583
0.0,0,0.005097796
0.0,0,0.014558459
1.0,1,0.95965064
0.0,1,0.31636322
0.0,0,0.10757897
0.0,0,0.012606083
1.0,1,0.8674661
1.0,1,0.7767098
0.0,1,0.30581138
0.0,0,0.004881242
0.0,0,0.008673534
1.0,1,0.8493061
0.0,0,0.012955548
1.0,1,0.9717735
1.0,1,0.8156466
0.0,0,0.027940169
1.0,1,0.54017437
0.0,1,0.37743655
1.0,1,0.4527247
0.0,0,0.0025599175
1.0,0,0.04385943
1.0,1,0.98582596
0.0,0,0.25623012
1.0,1,0.43762746
1.0,1,0.98392355
0.0,1,0.43214437
0.0,0,0.0017052572
1.0,1,0.9598915
0.0,0,0.037367914
0.0,0,0.011356419
1.0,1,0.9508694
0.0,0,0.18936184
0.0,0,0.015634973
0.0,0,0.22955763
0.0,0,0.015246688
0.0,0,0.053906582
1.0,1,0.6284875
1.0,1,0.77683705
0.0,0,0.010461571
0.0,0,0.01896851
1.0,1,0.90793157
0.0,1,0.28495964
0.0,1,0.7575823
0.0,0,0.024762155
1.0,1,0.8382568
0.0,0,0.013124938
0.0,0,0.19087356
1.0,1,0.94017476
1.0,1,0.94847965
0.0,0,0.0089574335
0.0,0,0.044572465
0.0,0,0.015611916
1.0,1,0.36456573
1.0,1,0.94186085
1.0,1,0.5327134
1.0,1,0.93863773
1.0,1,0.8462685
1.0,1,0.8634496
1.0,1,0.9600868
1.0,1,0.91090286
1.0,1,0.45728192
1.0,1,0.7880787
1.0,1,0.50125587
0.0,0,0.01264471
0.0,0,0.06593769
0.0,0,0.07044859
1.0,1,0.98083913
1.0,1,0.62347937
0.0,0,0.06584102
1.0,1,0.9547612
0.0,0,0.035900313
0.0,0,0.049954258
0.0,1,0.4571519
0.0,0,0.036341313
1.0,1,0.87532437
0.0,0,0.010273635
1.0,1,0.75211775
1.0,1,0.55269015
1.0,1,0.8883972
0.0,0,0.028578093
1.0,1,0.91951525
1.0,1,0.98080987
0.0,1,0.60926366
0.0,0,0.0035722465
0.0,0,0.006482379
0.0,0,0.13173097
1.0,1,0.59814477
1.0,1,0.9642693
0.0,0,0.0023721196
0.0,0,0.091378376
0.0,0,0.018784873
1.0,1,0.7798875
1.0,1,0.9314263
0.0,0,0.007838762
1.0,1,0.8821699
1.0,1,0.87205046
0.0,0,0.01483498
0.0,0,0.16263062
0.0,0,0.09730209
0.0,0,0.18020453
1.0,1,0.7703263
1.0,0,0.13874231
1.0,1,0.96878016
1.0,1,0.74545634
1.0,1,0.988122
0.0,1,0.29893932
1.0,1,0.9584949
0.0,0,0.04746367
0.0,0,0.01193137
1.0,1,0.8856647
0.0,0,0.027248796
0.0,0,0.026101198
1.0,1,0.85751235
1.0,1,0.7115237
0.0,1,0.6854991
1.0,1,0.97887343
0.0,0,0.013557926
0.0,0,0.18878196
0.0,0,0.0015153303
0.0,0,0.19031559
1.0,0,0.11937173
0.0,0,0.0064816764
0.0,0,0.029153524
0.0,0,0.04176308
1.0,1,0.89580333
1.0,1,0.3252639
0.0,0,0.008583715
0.0,0,0.25052795
0.0,0,0.011031489
1.0,1,0.85228294
0.0,0,0.053025056
1.0,1,0.9748789
1.0,1,0.9566981
1.0,1,0.98079526
1.0,1,0.98231894
0.0,0,0.007862455
0.0,0,0.09503043
1.0,1,0.66416836
0.0,0,0.21181463
0.0,0,0.04595451
1.0,1,0.94698566
0.0,0,0.024926156
1.0,1,0.92490906
0.0,0,0.021123521
0.0,0,0.03307844
0.0,0,0.0057657496
1.0,1,0.85718215
0.0,0,0.022051606
0.0,1,0.5323591
1.0,1,0.86746556
0.0,0,0.25143945
1.0,1,0.6146672
1.0,1,0.95084447
1.0,1,0.39542127
0.0,0,0.09184523
0.0,0,0.034275867
0.0,0,0.026459275
1.0,1,0.6331746
0.0,0,0.04423915
0.0,0,0.0048567057
0.0,0,0.01007969
0.0,0,0.018133083
0.0,0,0.10882577
0.0,0,0.028070897
1.0,1,0.9861771
0.0,0,0.026564883
1.0,1,0.81356514
1.0,0,0.2533748
0.0,0,0.014003159
1.0,1,0.5388073
0.0,0,0.028292522
0.0,0,0.026985174
0.0,0,0.06038274
1.0,1,0.72069585
0.0,0,0.0075429524
1.0,1,0.9161152
1.0,1,0.74154687
1.0,1,0.9764685
0.0,0,0.011261974
1.0,1,0.9526591
1.0,1,0.98879653
0.0,0,0.07381931
1.0,1,0.8197722
0.0,0,0.009064832
0.0,0,0.029607294
0.0,0,0.05354762
0.0,0,0.019042967
0.0,0,0.080870666
0.0,0,0.0071332115
0.0,0,0.10369656
0.0,0,0.0072622346
1.0,1,0.7238038
0.0,0,0.0014121918
0.0,0,0.031170031
0.0,0,0.01050574
0.0,0,0.07761467
1.0,1,0.74026084
0.0,0,0.024884738
1.0,1,0.31826922
0.0,0,0.032434076
1.0,1,0.69552135
1.0,1,0.8981017
0.0,0,0.112255014
0.0,0,0.010086222
0.0,0,0.12408262
0.0,0,0.0037678278
1.0,1,0.88359773
1.0,1,0.93788344
0.0,0,0.12419247
1.0,1,0.851775
1.0,1,0.97652954
1.0,0,0.08402287
0.0,0,0.06818471
0.0,0,0.021490153
1.0,1,0.3297015
1.0,1,0.62104577
1.0,1,0.9810991
0.0,1,0.3932461
1.0,1,0.8681947
0.0,0,0.023014091
0.0,0,0.02331003
1.0,1,0.9215057
0.0,1,0.87094706
1.0,1,0.98628956
1.0,1,0.380033
0.0,0,0.011740545
1.0,1,0.9043798
0.0,0,0.012814546
1.0,1,0.77228117
0.0,0,0.0780885
0.0,0,0.008523257
0.0,0,0.028865485
1.0,1,0.9546433
0.0,0,0.05168351
0.0,0,0.13479479
1.0,0,0.095043145
0.0,0,0.08388497
1.0,1,0.98276156
1.0,1,0.91632026
1.0,1,0.7963667
1.0,1,0.6590001
0.0,0,0.003396525
0.0,0,0.006187191
1.0,1,0.549366
0.0,0,0.004441186
1.0,1,0.902473
0.0,0,0.037635334
1.0,1,0.8650909
0.0,0,0.11832513
1.0,1,0.7546371
0.0,0,0.008819041
0.0,0,0.23319486
1.0,1,0.9693196
1.0,1,0.28742662
1.0,1,0.4987797
1.0,1,0.91473013
0.0,0,0.081059076
1.0,1,0.8859559
0.0,0,0.14115076
1.0,1,0.9742993
1.0,1,0.8807574
1.0,1,0.48279753
1.0,1,0.8516813
0.0,1,0.29204527
1.0,1,0.4326211
0.0,0,0.012016694
0.0,0,0.025895212
1.0,0,0.26167578
1.0,1,0.77258635
0.0,1,0.35053414
1.0,1,0.9201629
1.0,1,0.8550317
0.0,1,0.5188447
0.0,0,0.021764398
0.0,0,0.027337402
0.0,0,0.0054422994
1.0,0,0.12556612
1.0,1,0.8419918
0.0,0,0.09555826
1.0,1,0.9861041
1.0,1,0.79010224
0.0,0,0.017985223
0.0,1,0.7947122
0.0,0,0.13301636
0.0,0,0.020705378
0.0,0,0.12004294
0.0,0,0.09158409
0.0,0,0.042388637
0.0,1,0.69668126
1.0,1,0.9823846
0.0,0,0.015009347
0.0,0,0.044833068
1.0,1,0.7260784
0.0,0,0.014742999
0.0,0,0.00027440648
1.0,1,0.40485927
1.0,1,0.9150201
1.0,1,0.8675573
1.0,1,0.6334635
0.0,0,0.011002207
0.0,0,0.0728807
1.0,1,0.9701593
1.0,1,0.912564
1.0,1,0.3391425
1.0,1,0.9799167
1.0,1,0.8195697
0.0,0,0.030868297
0.0,0,0.033469796
1.0,1,0.6116581
0.0,0,0.03727533
0.0,0,0.04280608
0.0,1,0.31763464
1.0,1,0.96921533
0.0,0,0.005154416
0.0,0,0.020525346
1.0,1,0.7124234
1.0,1,0.91117966
1.0,1,0.7737453
1.0,1,0.9840856
0.0,0,0.017258702
0.0,0,0.033926994
0.0,0,0.020163702
1.0,1,0.6608846
1.0,1,0.73502266
1.0,1,0.9745732
1.0,0,0.08222998
1.0,1,0.91619265
1.0,1,0.91912067
0.0,1,0.36544934
1.0,1,0.86066425
1.0,1,0.51184076
0.0,0,0.012745523
0.0,0,0.023316057
0.0,0,0.0047057457
1.0,0,0.09143073
1.0,1,0.63681954
0.0,0,0.011636202
1.0,1,0.6337391
0.0,0,0.2349025
1.0,1,0.4030315
1.0,1,0.969526
0.0,0,0.008939323
1.0,1,0.5472195
0.0,0,0.24869251
0.0,0,0.04225067
1.0,1,0.8521502
1.0,1,0.77359927
1.0,1,0.9006358
1.0,1,0.923979
0.0,0,0.08969408
0.0,0,0.100230254
0.0,0,0.0014971737
1.0,1,0.9742304
1.0,1,0.8690951
1.0,1,0.9801112
0.0,0,0.012019248
1.0,1,0.8054606
1.0,1,0.84589446
0.0,0,0.021909641
0.0,0,0.0073799733
0.0,0,0.004083578
1.0,1,0.9767666
1.0,1,0.33896998
1.0,1,0.89216864
1.0,1,0.57360125
0.0,0,0.030962158
1.0,1,0.7907486
1.0,1,0.9846838
1.0,1,0.842246
0.0,0,0.035662718
0.0,0,0.020891018
1.0,1,0.97446734
0.0,0,0.04000614
0.0,0,0.062283564
1.0,1,0.8611719
1.0,1,0.40337303
0.0,0,0.14406763
1.0,1,0.9147777
0.0,0,0.13262498
1.0,1,0.90273434
1.0,0,0.22457138
0.0,0,0.007264418
1.0,1,0.9877489
1.0,1,0.5254835
1.0,1,0.8960591
1.0,1,0.7024232
1.0,1,0.9270237
1.0,1,0.9758657
0.0,1,0.5190578
1.0,1,0.40205073
1.0,0,0.25888896
1.0,1,0.2873315
1.0,1,0.9464972
1.0,1,0.9850229
0.0,0,0.0086306995
1.0,1,0.82580173
0.0,1,0.70421207
0.0,0,0.00976217
0.0,0,0.044889756
0.0,0,0.006016654
1.0,1,0.77991056
0.0,0,0.08154271
1.0,0,0.1488323
1.0,1,0.6420406
1.0,0,0.033252068
0.0,0,0.042210907
1.0,1,0.94390875
1.0,1,0.6865276
0.0,0,0.0047643795
0.0,0,0.17251685
0.0,0,0.00068699947
1.0,1,0.35344642
0.0,0,0.0024441227
0.0,0,0.10995952
0.0,0,0.0038476286
1.0,1,0.8758385
0.0,0,0.023698853
0.0,0,0.055913184
0.0,1,0.4720414
0.0,0,0.028986111
1.0,1,0.93081856
0.0,0,0.010024681
1.0,1,0.9699486
1.0,1,0.9818853
1.0,1,0.9563131
0.0,0,0.038895935
0.0,1,0.7093901
1.0,1,0.9718601
0.0,0,0.030101927
1.0,1,0.8389201
0.0,0,0.038119894
0.0,0,0.0047440985
1.0,1,0.9740908
0.0,0,0.02369999
1.0,1,0.98060536
1.0,1,0.9157561
0.0,0,0.19687349
0.0,0,0.13369629
1.0,1,0.60340214
0.0,0,0.009874763
1.0,1,0.90778255
0.0,0,0.00092306983
0.0,0,0.065823495
1.0,1,0.9779038
1.0,1,0.28168485
1.0,1,0.30457205
1.0,1,0.6056087
1.0,1,0.475748
1.0,1,0.9359655
0.0,0,0.033367023
0.0,0,0.030406188
0.0,0,0.11105233
0.0,1,0.2884433
1.0,1,0.96355075
0.0,0,0.0020927337
1.0,1,0.79597425
0.0,0,0.008505441
0.0,1,0.62789357
0.0,0,0.048276827
0.0,0,0.12854512
0.0,0,0.0020969082
0.0,0,0.046725407
0.0,0,0.007336174
0.0,1,0.5809473
1.0,1,0.97568667
1.0,1,0.9704496
1.0,1,0.8074336
0.0,1,0.8667622
1.0,1,0.8309567
0.0,0,0.004782436
1.0,1,0.9428606
1.0,1,0.9528183
0.0,0,0.06480393
1.0,1,0.76269543
1.0,1,0.9834751
0.0,0,0.061428007
1.0,1,0.9545745
0.0,0,0.00323736
1.0,1,0.34631124
1.0,0,0.23936829
0.0,0,0.008773242
0.0,0,0.07999503
0.0,0,0.023523081
0.0,0,0.0040770015
0.0,0,0.024259446
0.0,0,0.013132834
1.0,1,0.6387607
0.0,0,0.009709459
0.0,0,0.045974344
1.0,1,0.5808097
1.0,1,0.7866935
0.0,0,0.011186056
0.0,0,0.024896868
1.0,1,0.9411472
0.0,0,0.12814595
0.0,0,0.02180114
1.0,1,0.97465175
0.0,0,0.0061412784
1.0,1,0.8988596
1.0,1,0.96177936
1.0,1,0.9672926
1.0,1,0.9832584
1.0,1,0.87473464
1.0,1,0.90323687
0.0,0,0.034313504
1.0,1,0.8943509
0.0,0,0.020283839
0.0,1,0.47617814
1.0,1,0.9230511
1.0,0,0.09366832
0.0,0,0.046269692
1.0,1,0.9788155
0.0,0,0.024114557
1.0,1,0.9595115
1.0,1,0.5961274
1.0,1,0.97122306
0.0,0,0.1534649
1.0,1,0.8727989
1.0,1,0.49024275
0.0,0,0.021996677
0.0,1,0.8838553
0.0,1,0.2726667
1.0,1,0.9850198
0.0,0,0.0036293834
0.0,0,0.041034892
0.0,0,0.016087659
1.0,1,0.86978644
0.0,1,0.6286911
0.0,0,0.023823611
0.0,1,0.6097047
1.0,1,0.9569622
0.0,0,0.033515353
1.0,1,0.9788339
0.0,0,0.0057948907
0.0,0,0.002052489
0.0,0,0.085092425
0.0,0,0.0037771591
1.0,1,0.37375277
0.0,0,0.25704592
1.0,1,0.7848128
1.0,1,0.9829318
0.0,0,0.0060032
0.0,0,0.007499712
0.0,0,0.0030105626
1.0,1,0.5187863
1.0,0,0.1197364
1.0,1,0.9752333
1.0,1,0.8329858
0.0,0,0.060930297
1.0,1,0.99001807
0.0,0,0.06482803
1.0,1,0.5030297
1.0,1,0.3055529
0.0,0,0.026110407
0.0,0,0.021295587
0.0,0,0.02978019
0.0,0,0.008265141
1.0,1,0.94217557
1.0,1,0.8892512
0.0,0,0.10410562
1.0,1,0.9808419
0.0,0,0.02552745
0.0,1,0.68331647
0.0,0,0.015021746
1.0,1,0.8851622
1.0,1,0.9788015
0.0,1,0.27399588
0.0,0,0.005581484
0.0,1,0.76992834
1.0,1,0.9694868
1.0,1,0.9869505
1.0,1,0.9366317
1.0,1,0.95941937
0.0,0,0.010444619
1.0,1,0.44493052
0.0,0,0.036169916
0.0,0,0.0120919645
0.0,0,0.039751455
1.0,1,0.84617674
1.0,1,0.9572732
0.0,0,0.055871703
1.0,1,0.97886515
0.0,0,0.012325914
1.0,1,0.98691654
0.0,0,0.025229417
1.0,1,0.9163424
0.0,0,0.06625844
0.0,0,0.0110231
0.0,0,0.020435384
1.0,1,0.42091155
1.0,1,0.9786394
1.0,1,0.9611163
0.0,0,0.024631489
1.0,1,0.9629762
1.0,1,0.7049866
0.0,0,0.011463756
1.0,1,0.98317236
0.0,0,0.01915479
0.0,0,0.006354752
0.0,0,0.018881869
0.0,0,0.14274083
0.0,0,0.0057057077
1.0,1,0.8572911
1.0,1,0.9803303
0.0,0,0.0039947852
1.0,1,0.94876087
1.0,1,0.94847167
1.0,1,0.6565221
0.0,0,0.050258167
0.0,0,0.073954545
0.0,0,0.1249345
1.0,1,0.92836386
1.0,1,0.7962548
1.0,1,0.92055756
0.0,0,0.03427667
0.0,0,0.15035412
1.0,1,0.8795971
0.0,0,0.26515803
1.0,1,0.9767674
0.0,0,0.006787626
0.0,1,0.37219486
1.0,1,0.8897027
0.0,0,0.06455742
1.0,1,0.9819132
0.0,0,0.036096904
0.0,0,0.023853919
1.0,1,0.9777232
1.0,1,0.53152174
1.0,1,0.6005341
0.0,1,0.33684796
1.0,1,0.8261467
0.0,0,0.018576292
1.0,1,0.9154019
0.0,0,0.026494322
0.0,0,0.014060876
1.0,1,0.5609307
0.0,0,0.011320653
0.0,0,0.037821982
1.0,1,0.87353253
1.0,1,0.98645425
0.0,0,0.030919882
1.0,1,0.9174912
0.0,0,0.124123275
1.0,1,0.97313815
0.0,0,0.25598812
1.0,1,0.508114
1.0,1,0.828594
1.0,1,0.69904315
0.0,0,0.08031773
0.0,0,0.0029578877
1.0,1,0.9435754
0.0,0,0.0762887
0.0,0,0.0016083958
1.0,1,0.9847696
1.0,1,0.5333965
1.0,1,0.8030919
0.0,0,0.02275228
1.0,1,0.40064937
0.0,0,0.06652912
0.0,0,0.21924897
1.0,1,0.98317426
1.0,1,0.9871908
1.0,1,0.96912795
1.0,0,0.02589452
0.0,0,0.03254935
0.0,0,0.019968227
1.0,0,0.1068203
1.0,1,0.98490816
1.0,1,0.8253829
0.0,0,0.014268395
0.0,0,0.00480134
1.0,1,0.62731165
1.0,1,0.8503443
0.0,0,0.027201317
1.0,1,0.9847009
1.0,1,0.91509765
0.0,0,0.01170322
0.0,0,0.033686955
0.0,1,0.5283704
0.0,0,0.005117428
1.0,1,0.97946125
1.0,1,0.8904279
1.0,1,0.29052785
1.0,1,0.9574983
0.0,0,0.16406745
1.0,1,0.742718
0.0,0,0.038722903
0.0,0,0.005415374
0.0,0,0.02160165
0.0,0,0.05046369
0.0,0,0.006392353
1.0,1,0.6924181
0.0,0,0.022320515
0.0,0,0.006754599
1.0,1,0.45056227
0.0,0,0.15213616
1.0,1,0.8704763
0.0,0,0.016313754
0.0,0,0.025868746
0.0,1,0.40561327
0.0,0,0.009455639
0.0,0,0.13622837
1.0,1,0.9060247
1.0,1,0.36836267
0.0,0,0.0053050043
1.0,1,0.8903317
1.0,1,0.61016905
1.0,1,0.7453936
0.0,1,0.7614629
1.0,1,0.9864653
1.0,1,0.8071438
0.0,0,0.004873468
1.0,1,0.9508202
1.0,1,0.7911086
0.0,0,0.14700718
0.0,0,0.21020335
0.0,0,0.04727494
0.0,1,0.28976086
0.0,0,0.0550707
1.0,1,0.8752325
0.0,0,0.0232436
1.0,1,0.9021989
0.0,1,0.8054155
1.0,1,0.32169792
0.0,0,0.03809812
1.0,1,0.8241708
1.0,1,0.959511
0.0,0,0.1637904
1.0,1,0.5373857
1.0,1,0.9684093
1.0,1,0.7358263
1.0,1,0.7695803
1.0,1,0.9763822
0.0,1,0.90806913
0.0,1,0.48121393
1.0,1,0.9417447
0.0,0,0.25749347
0.0,0,0.028955977
1.0,1,0.43142325
1.0,1,0.4567372
1.0,1,0.37109616
0.0,0,0.100149885
0.0,0,0.031031372
1.0,1,0.8667899
0.0,0,0.03202612
1.0,1,0.94306976
0.0,0,0.047196202
0.0,0,0.0035405513
1.0,1,0.96872246
0.0,0,0.009886422
0.0,0,0.004924312
0.0,0,0.13944705
0.0,0,0.023010146
0.0,0,0.044110596
1.0,1,0.916481
1.0,1,0.98638785
1.0,1,0.9869173
1.0,1,0.8907225
0.0,0,0.016621899
1.0,1,0.81197023
0.0,0,0.053208515
1.0,1,0.9118119
0.0,0,0.0051875627
1.0,1,0.7356807
0.0,0,0.2402064
1.0,1,0.9838392
1.0,0,0.2673172
0.0,0,0.027521694
0.0,0,0.037222505
0.0,0,0.048017245
0.0,0,0.02520149
1.0,1,0.6803937
1.0,1,0.85161865
1.0,1,0.9651542
0.0,0,0.029885378
0.0,0,0.0016060661
0.0,0,0.004610224
0.0,0,0.0050425334
0.0,0,0.0050498974
1.0,1,0.75045055
0.0,0,0.0013253709
0.0,1,0.57961094
1.0,1,0.6339038
1.0,1,0.6506685
1.0,1,0.84632665
1.0,1,0.9711952
0.0,0,0.025659874
1.0,1,0.9256274
1.0,1,0.9821505
0.0,0,0.0031936697
0.0,0,0.029183904
0.0,0,0.0069914726
1.0,1,0.9806782
1.0,1,0.7477664
1.0,1,0.3396049
0.0,0,0.027416987
1.0,1,0.97797984
0.0,1,0.40924507
1.0,1,0.9103471
0.0,0,0.08415427
0.0,0,0.03744803
1.0,1,0.9740969
1.0,1,0.7509661
0.0,0,0.06791509
0.0,0,0.00411368
1.0,1,0.5162422
0.0,0,0.030286033
0.0,0,0.16882914
0.0,0,0.00970821
1.0,1,0.90807027
1.0,1,0.30488512
0.0,0,0.07363168
1.0,1,0.9288425
0.0,0,0.006749355
1.0,0,0.07220065
1.0,1,0.51166
1.0,1,0.34317124
1.0,1,0.9753491
1.0,1,0.9470237
1.0,0,0.25513217
0.0,0,0.015344788
0.0,0,0.011883379
0.0,1,0.55195826
0.0,0,0.17285684
0.0,0,0.0023100069
1.0,1,0.9518328
1.0,1,0.93399084
1.0,1,0.776947
0.0,0,0.038786735
1.0,1,0.717584
1.0,1,0.80272514
0.0,0,0.022675233
0.0,0,0.020147508
1.0,1,0.97833526
1.0,1,0.87617916
1.0,1,0.8703263
0.0,0,0.026087342
1.0,1,0.9182395
0.0,0,0.075132385
0.0,0,0.0034052425
0.0,0,0.046858218
1.0,1,0.97844726
1.0,1,0.77757394
0.0,0,0.137599
1.0,1,0.8342048
1.0,1,0.9629377
1.0,1,0.8582667
1.0,1,0.9643021
0.0,1,0.38846546
0.0,0,0.013349199
0.0,0,0.030488174
1.0,1,0.9744864
0.0,0,0.05141452
0.0,0,0.18831213
0.0,0,0.0043540667
1.0,1,0.9634032
0.0,0,0.057102676
1.0,1,0.9843676
1.0,0,0.2052292
1.0,0,0.15567811
1.0,1,0.5099148
0.0,0,0.00499249
0.0,1,0.45930254
1.0,1,0.35533568
0.0,0,0.11490284
1.0,1,0.9510245
1.0,1,0.8978699
0.0,0,0.018756842
0.0,0,0.14835076
0.0,0,0.073980235
0.0,0,0.14341098
0.0,0,0.012983332
0.0,0,0.043043803
1.0,1,0.9225922
1.0,1,0.8295439
1.0,1,0.6692349
0.0,1,0.6569141
1.0,1,0.7768665
1.0,0,0.12264422
1.0,1,0.6858487
0.0,0,0.017870098
1.0,1,0.38156784
1.0,1,0.44153717
1.0,1,0.88472664
1.0,1,0.92532516
1.0,1,0.81598186
1.0,1,0.5980835
1.0,1,0.6515397
0.0,0,0.0073695574
1.0,1,0.902848
1.0,1,0.8175943
0.0,0,0.016030585
0.0,1,0.3140468
1.0,1,0.9509573
1.0,1,0.88994837
1.0,1,0.6131357
0.0,0,0.0016204747
1.0,1,0.94835293
1.0,1,0.7752876
1.0,0,0.19924963
1.0,1,0.98843837
1.0,1,0.8462333
1.0,1,0.5682533
0.0,0,0.022381803
1.0,1,0.5749705
1.0,1,0.8431791
0.0,0,0.10978803
1.0,1,0.9054006
1.0,1,0.985283
1.0,1,0.9887799
0.0,0,0.044059746
1.0,1,0.91284895
1.0,1,0.76168865
1.0,1,0.8746725
1.0,1,0.76487243
0.0,0,0.028823065
0.0,0,0.07168797
0.0,0,0.010124744
1.0,0,0.057827145
0.0,0,0.026558872
0.0,0,0.032054152
0.0,0,0.041826833
0.0,1,0.6305352
1.0,1,0.7364843
0.0,1,0.39774606
0.0,0,0.0015511299
0.0,0,0.01864836
1.0,1,0.9853231
1.0,1,0.9195619
0.0,1,0.31424314
1.0,1,0.94687927
1.0,1,0.69682086
1.0,1,0.7872049
0.0,0,0.0028885608
0.0,1,0.3247134
0.0,0,0.027879223
0.0,0,0.019313628
0.0,0,0.012197379
0.0,0,0.009874325
1.0,1,0.9682903
0.0,0,0.027591709
1.0,1,0.30532178
0.0,0,0.01643287
1.0,1,0.9761418
0.0,0,0.020624232
0.0,0,0.020281985
1.0,1,0.963079
1.0,1,0.9848545
1.0,1,0.86430603
1.0,1,0.7442617
1.0,1,0.8743886
0.0,0,0.13334031
0.0,0,0.0114575215
1.0,1,0.9352242
0.0,0,0.062050898
0.0,0,0.12882464
0.0,0,0.014787597
1.0,1,0.8478116
1.0,1,0.4861792
0.0,0,0.04348265
0.0,0,0.103255644
0.0,0,0.036409933
1.0,1,0.65920305
1.0,0,0.04234279
1.0,1,0.73580396
0.0,0,0.017550396
1.0,1,0.97826385
0.0,0,0.056690816
0.0,1,0.38260207
0.0,0,0.044196308
1.0,1,0.7919732
1.0,1,0.9720748
0.0,0,0.039974175
1.0,0,0.078726836
1.0,1,0.72112465
0.0,0,0.0030145897
1.0,1,0.7292795
1.0,1,0.98715997
1.0,1,0.71509755
1.0,1,0.8801308
1.0,1,0.42074794
1.0,1,0.55415714
0.0,0,0.0045218887
1.0,1,0.44101444
0.0,1,0.91483146
0.0,0,0.032766245
1.0,1,0.8522537
1.0,1,0.533961
0.0,0,0.02382332
0.0,0,0.0028331345
0.0,0,0.008792076
1.0,1,0.96011156
0.0,0,0.018062431
0.0,1,0.7256694
1.0,1,0.90013075
1.0,1,0.7765299
1.0,1,0.9224484
0.0,0,0.03533532
1.0,1,0.8553698
0.0,0,0.038813498
0.0,1,0.82911694
0.0,0,0.034276605
0.0,0,0.15140149
1.0,1,0.5394545
0.0,0,0.06460827
1.0,1,0.9733683
0.0,0,0.098917186
0.0,0,0.015573825
0.0,0,0.02708474
1.0,1,0.44743958
1.0,1,0.9592967
0.0,0,0.010648703
0.0,0,0.011836886
0.0,0,0.04776133
1.0,1,0.9734279
0.0,1,0.36593175
0.0,0,0.14247696
0.0,0,0.015202928
0.0,0,0.019296732
0.0,0,0.14998347
0.0,0,0.011521997
0.0,0,0.0316232
0.0,0,0.23225953
0.0,0,0.010203352
0.0,0,0.07402939
0.0,0,0.006620834
1.0,1,0.98475206
1.0,1,0.96091527
0.0,0,0.028262217
1.0,1,0.9664172
1.0,0,0.040045794
1.0,1,0.9891919
0.0,1,0.28226277
1.0,1,0.91903377
0.0,0,0.007165489
1.0,1,0.7833898
0.0,0,0.03718849
0.0,0,0.026441343
1.0,1,0.97822
0.0,0,0.05503904
1.0,1,0.97397256
0.0,1,0.27428508
0.0,0,0.004088759
1.0,1,0.97989327
1.0,1,0.93059814
1.0,0,0.08535287
1.0,1,0.98059404
1.0,1,0.8120778
0.0,1,0.31080002
0.0,0,0.027622724
1.0,1,0.96499723
0.0,0,0.07967683
0.0,0,0.024539571
1.0,1,0.7821202
0.0,0,0.13467906
1.0,1,0.6140369
1.0,1,0.5509169
0.0,0,0.025073608
1.0,0,0.15065254
0.0,0,0.022743156
0.0,0,0.00641069
1.0,1,0.948732
1.0,1,0.41136992
1.0,1,0.70527375
1.0,1,0.8292713
0.0,0,0.004382141
0.0,0,0.039929777
1.0,1,0.6352583
0.0,0,0.0484414
1.0,0,0.23249403
1.0,1,0.51033413
0.0,0,0.01518952
1.0,1,0.9193909
0.0,1,0.93425477
0.0,0,0.07743411
1.0,1,0.8631807
0.0,0,0.008961071
1.0,1,0.9739692
0.0,0,0.009905834
1.0,1,0.9679931
1.0,1,0.9757494
0.0,0,0.070781976
1.0,1,0.51649404
1.0,0,0.053396087
0.0,0,0.009981196
1.0,1,0.8369571
0.0,0,0.02990508
0.0,1,0.304095
0.0,1,0.75290394
0.0,0,0.020281926
1.0,1,0.9810136
1.0,0,0.057187945
0.0,0,0.026518513
0.0,0,0.021203384
0.0,0,0.034265682
1.0,1,0.83293974
0.0,1,0.97922873
1.0,1,0.9570847
1.0,1,0.9781172
0.0,0,0.005199414
1.0,0,0.056889698
0.0,0,0.15537131
1.0,1,0.84922326
1.0,1,0.923589
0.0,1,0.4650111
0.0,0,0.05594512
0.0,0,0.003383064
1.0,1,0.9340961
0.0,0,0.0767474
0.0,0,0.07241838
1.0,1,0.6157448
1.0,1,0.56991804
1.0,1,0.7669838
0.0,0,0.0032095127
1.0,1,0.6624326
0.0,0,0.013472114
1.0,1,0.9645507
1.0,1,0.95139384
1.0,0,0.18764552
0.0,0,0.005176778
0.0,0,0.004201113
1.0,1,0.7224418
0.0,0,0.0012589315
1.0,1,0.70890784
1.0,1,0.9522258
0.0,0,0.020598449
1.0,1,0.8537395
0.0,0,0.058705702
1.0,1,0.8234247
0.0,0,0.05019611
1.0,1,0.3819821
0.0,0,0.001940157
0.0,0,0.0044002775
1.0,1,0.9893347
1.0,1,0.63014007
0.0,1,0.57999545
0.0,0,0.0034197837
0.0,0,0.0013715285
0.0,0,0.026087087
0.0,0,0.011296667
0.0,0,0.0015647336
1.0,1,0.7362999
0.0,0,0.08354492
1.0,1,0.38639072
0.0,0,0.027749611
1.0,1,0.8357019
1.0,1,0.9444189
1.0,1,0.6506337
0.0,0,0.074716374
0.0,0,0.019820198
0.0,0,0.0037955446
0.0,0,0.025858799
0.0,0,0.03415698
0.0,0,0.008543458
0.0,1,0.40547287
0.0,0,0.10702239
1.0,1,0.9765842
1.0,1,0.9870319
0.0,1,0.59763056
1.0,1,0.8903421
0.0,0,0.00037709685
1.0,1,0.6634819
0.0,0,0.030022679
0.0,0,0.015827866
0.0,0,0.08772868
0.0,0,0.0064809825
1.0,1,0.9521475
1.0,1,0.9728981
1.0,1,0.7813407
0.0,0,0.1937058
1.0,1,0.77292854
0.0,0,0.031634178
0.0,0,0.0042017526
1.0,1,0.95517623
0.0,0,0.0041887783
0.0,0,0.054815672
0.0,0,0.18384172
0.0,0,0.025095917
1.0,1,0.9742079
1.0,1,0.9686216
0.0,0,0.23384109
1.0,1,0.82985085
0.0,0,0.012835603
1.0,1,0.9439072
1.0,1,0.9327141
0.0,0,0.003888479
0.0,0,0.043808054
0.0,0,0.015490495
0.0,0,0.023737267
1.0,1,0.95090437
0.0,0,0.02814938
0.0,0,0.017389199
0.0,0,0.0034945912
1.0,1,0.96529835
1.0,1,0.9901081
1.0,1,0.4811566
1.0,1,0.40111828
1.0,1,0.7861763
0.0,0,0.26243874
1.0,1,0.71166945
1.0,1,0.9815916
1.0,1,0.6368456
0.0,0,0.0061290027
1.0,1,0.96408343
0.0,0,0.022308446
0.0,1,0.5827516
0.0,1,0.28129998
1.0,1,0.9461045
1.0,1,0.8420059
0.0,1,0.530269
0.0,1,0.47525084
1.0,1,0.9843907
0.0,0,0.049476516
1.0,1,0.8127883
1.0,0,0.23541908
1.0,1,0.86026776
0.0,0,0.0038588045
1.0,1,0.89245474
1.0,0,0.18458422
1.0,1,0.57776994
0.0,0,0.12034642
1.0,1,0.9666806
1.0,1,0.37848255
1.0,1,0.96992296
1.0,1,0.4892042
0.0,0,0.050236776
0.0,1,0.828109
1.0,1,0.9237905
0.0,0,0.01648107
1.0,1,0.82902896
0.0,0,0.06768879
1.0,1,0.98207855
0.0,0,0.23132206
1.0,1,0.9356775
0.0,1,0.46176848
1.0,1,0.90847987
1.0,1,0.9627408
1.0,1,0.9534207
0.0,0,0.028898982
1.0,1,0.97111803
1.0,1,0.98429954
1.0,1,0.97823596
0.0,0,0.008714704
0.0,0,0.043078005
1.0,1,0.95814097
0.0,0,0.031482954
1.0,1,0.5537487
0.0,0,0.18578441
1.0,1,0.9828601
1.0,1,0.7992381
1.0,1,0.7872174
1.0,1,0.9817269
1.0,1,0.79536647
1.0,1,0.9701453
0.0,0,0.036454525
1.0,1,0.77415603
1.0,1,0.6069723
0.0,0,0.0071762293
1.0,1,0.95590985
0.0,1,0.5012468
0.0,0,0.033535548
1.0,1,0.9862383
1.0,1,0.9459038
1.0,1,0.6223424
1.0,1,0.77735746
0.0,0,0.12462908
1.0,1,0.50509334
1.0,1,0.8712383
1.0,1,0.9362601
0.0,0,0.1885584
0.0,0,0.022700125
0.0,0,0.036605366
0.0,0,0.11817153
0.0,0,0.012817472
0.0,0,0.010139004
1.0,1,0.5852605
1.0,1,0.8005347
1.0,1,0.8373983
0.0,0,0.031731054
1.0,0,0.070382036
0.0,0,0.0032559293
0.0,0,0.026441095
0.0,0,0.0110597145
0.0,0,0.004185132
1.0,1,0.9209618
1.0,1,0.8824304
1.0,1,0.9334352
0.0,1,0.40560535
1.0,1,0.82490975
0.0,0,0.0075021973
0.0,0,0.037208498
1.0,1,0.50040346
1.0,1,0.98394245
0.0,0,0.0029277997
1.0,1,0.346706
0.0,0,0.005077228
0.0,0,0.011891854
1.0,1,0.8095026
0.0,0,0.015690565
0.0,0,0.0127635
0.0,1,0.34588018
1.0,1,0.87095356
0.0,0,0.059900645
1.0,1,0.5734941
1.0,1,0.62852734
1.0,1,0.8959727
0.0,0,0.028173456
1.0,1,0.9389376
0.0,0,0.0142299095
0.0,0,0.0014641283
0.0,0,0.037396885
0.0,0,0.014361416
0.0,0,0.011065437
0.0,0,0.04315137
1.0,1,0.9511784
0.0,0,0.027119258
0.0,0,0.009321486
1.0,1,0.9810019
1.0,1,0.79809964
1.0,1,0.9358039
0.0,0,0.031173663
1.0,1,0.960964
1.0,1,0.9833055
1.0,1,0.96824044
0.0,0,0.26018032
0.0,0,0.095235996
0.0,0,0.09539631
0.0,0,0.017541133
1.0,0,0.11979233
1.0,1,0.5293993
1.0,1,0.40158597
0.0,1,0.6988575
1.0,1,0.884659
0.0,1,0.4317667
0.0,0,0.028343448
1.0,1,0.4749568
1.0,1,0.935247
1.0,1,0.9474668
0.0,0,0.0012088178
0.0,0,0.028768346
1.0,1,0.98386496
0.0,0,0.027414007
0.0,0,0.048330396
0.0,1,0.30934542
0.0,1,0.33347568
0.0,1,0.27539387
0.0,0,0.040284827
1.0,1,0.84676075
1.0,1,0.7459967
1.0,1,0.65637636
0.0,0,0.06708964
1.0,1,0.97828025
0.0,0,0.0046869493
1.0,1,0.9808626
0.0,0,0.06911761
0.0,0,0.06688557
0.0,0,0.021971202
0.0,0,0.0087136775
1.0,1,0.6438229
0.0,0,0.020429352
0.0,0,0.18142802
1.0,1,0.54168105
1.0,1,0.8930125
1.0,1,0.9797034
0.0,0,0.0026154353
0.0,0,0.00871315
1.0,1,0.9002243
1.0,0,0.06128168
0.0,0,0.04806292
0.0,1,0.5386464
1.0,1,0.9581949
0.0,0,0.048489258
0.0,1,0.33986703
1.0,1,0.98531425
0.0,0,0.07743066
1.0,1,0.6544149
0.0,0,0.039847046
0.0,0,0.013586717
1.0,1,0.92019165
0.0,0,0.00940029
0.0,0,0.019104248
0.0,0,0.019931622
0.0,0,0.24501614
1.0,1,0.86493814
1.0,1,0.9814525
1.0,1,0.9243121
0.0,0,0.034655828
1.0,1,0.84043413
0.0,0,0.012086019
0.0,0,0.036904182
1.0,1,0.28549
0.0,0,0.01655203
1.0,1,0.87382305
0.0,0,0.22945186
0.0,0,0.08851488
0.0,0,0.012358988
0.0,0,0.08733167
1.0,1,0.8642209
0.0,0,0.006754381
0.0,1,0.38719323
0.0,1,0.42880803
1.0,1,0.55736816
0.0,0,0.013475664
1.0,1,0.67044455
1.0,1,0.9251128
0.0,0,0.010514224
0.0,0,0.04291606
1.0,1,0.9759735
0.0,0,0.048752416
1.0,1,0.8358134
0.0,0,0.19461575
0.0,0,0.021484548
1.0,1,0.59673387
1.0,0,0.084620416
1.0,1,0.63124377
0.0,1,0.6266892
0.0,1,0.70398736
0.0,0,0.19504337
0.0,0,0.0015628864
0.0,0,0.010224848
0.0,0,0.0042831614
1.0,1,0.90333676
0.0,0,0.14304167
1.0,1,0.82076883
1.0,1,0.9131507
0.0,0,0.09122079
1.0,1,0.7917561
1.0,1,0.86001045
1.0,1,0.9547233
1.0,1,0.8254039
1.0,1,0.95785165
0.0,0,0.018812675
1.0,1,0.49553674
0.0,0,0.064020455
1.0,1,0.35664865
0.0,0,0.124240264
1.0,1,0.85425174
1.0,1,0.928639
1.0,1,0.9581622
1.0,1,0.6986102
1.0,1,0.8846354
0.0,0,0.04158146
1.0,1,0.80362475
0.0,1,0.39717075
0.0,0,0.09053531
0.0,0,0.00011470565
1.0,1,0.9298587
1.0,1,0.27555126
0.0,0,0.032365818
1.0,1,0.94937557
1.0,1,0.9432185
1.0,0,0.116848946
1.0,1,0.7844404
0.0,0,0.20644554
1.0,0,0.09369225
1.0,1,0.9198406
0.0,0,0.04768127
0.0,0,0.011183736
1.0,1,0.5531329
0.0,0,0.0050635436
0.0,0,0.024508463
1.0,1,0.89984727
1.0,1,0.4031009
1.0,1,0.8220735
0.0,1,0.54806316
1.0,1,0.47435203
1.0,1,0.6992643
1.0,1,0.8968552
0.0,0,0.027209343
0.0,0,0.027162079
1.0,1,0.93379724
0.0,0,0.0038571167
1.0,1,0.3387261
1.0,1,0.7656124
0.0,0,0.23010536
0.0,0,0.022289736
1.0,1,0.6384394
0.0,0,0.033497628
0.0,0,0.0025492427
1.0,1,0.8994999
0.0,0,0.05014996
0.0,1,0.54115164
0.0,0,0.0018959831
0.0,1,0.874941
0.0,0,0.03287343
0.0,0,0.016522806
1.0,1,0.97208637
0.0,0,0.06606729
0.0,0,0.01022272
0.0,0,0.01433924
0.0,0,0.0075272233
0.0,0,0.03597542
1.0,1,0.3472322
1.0,1,0.9715896
0.0,0,0.0296055
1.0,1,0.85322374
1.0,1,0.8149414
1.0,1,0.9824573
1.0,1,0.35176158
1.0,1,0.7112187
1.0,1,0.70275927
0.0,0,0.021127427
1.0,1,0.9747776
0.0,0,0.043344058
1.0,1,0.8656741
0.0,0,0.051269222
1.0,1,0.53721625
0.0,0,0.14614512
0.0,0,0.010151148
1.0,0,0.23281883
1.0,1,0.93574387
1.0,1,0.95419014
0.0,0,0.013114258
1.0,1,0.3035768
0.0,0,0.18885908
1.0,1,0.9393434
0.0,0,0.016608333
0.0,0,0.008110062
0.0,0,0.22585405
0.0,0,0.0140107125
0.0,0,0.04504787
0.0,0,0.009686432
1.0,1,0.71322596
0.0,0,0.00079346786
0.0,0,0.0142479595
1.0,1,0.9694795
0.0,0,0.024050446
1.0,1,0.9044979
0.0,0,0.015127219
1.0,1,0.86485535
0.0,1,0.9120153
0.0,0,0.0019366579
0.0,0,0.0052593257
1.0,1,0.70676064
0.0,0,0.031029068
0.0,0,0.0030754136
1.0,1,0.98332906
0.0,0,0.0077105653
0.0,0,0.0062517496
1.0,1,0.70486903
1.0,1,0.9806238
1.0,1,0.9757561
0.0,0,0.018253606
0.0,0,0.016788889
1.0,1,0.91494954
0.0,1,0.2745186
1.0,1,0.6560329
0.0,0,0.14994054
1.0,1,0.9776712
0.0,0,0.0013438368
1.0,1,0.8594971
0.0,0,0.018551908
1.0,1,0.35430878
0.0,1,0.4332676
0.0,0,0.06568135
1.0,1,0.8722904
0.0,0,0.017283378
0.0,1,0.33811966
0.0,1,0.6103832
0.0,0,0.0046065645
1.0,1,0.8657788
1.0,1,0.8137448
1.0,1,0.97206473
1.0,1,0.50372124
0.0,0,0.12024199
1.0,1,0.38457036
0.0,0,0.001162547
1.0,1,0.97616106
1.0,1,0.81240016
1.0,1,0.9834644
1.0,1,0.6969135
0.0,0,0.019695846
1.0,1,0.89398754
1.0,1,0.32598117
1.0,1,0.97745645
1.0,1,0.88686895
1.0,1,0.6279781
0.0,0,0.08048963
1.0,1,0.71669066
1.0,1,0.97211903
1.0,1,0.9582222
0.0,0,0.097704545
1.0,1,0.9237119
0.0,0,0.0018071419
1.0,1,0.67126477
1.0,1,0.85589445
0.0,0,0.024168555
0.0,0,0.02387642
0.0,0,0.0067968774
0.0,0,0.0034758414
0.0,0,0.0041295066
0.0,0,0.017283363
0.0,1,0.8146811
1.0,1,0.6853402
0.0,0,0.23468798
1.0,1,0.88944876
0.0,0,0.013858192
1.0,1,0.9748896
1.0,1,0.87851137
1.0,1,0.9574343
1.0,1,0.60712004
0.0,0,0.06279679
0.0,1,0.7220731
0.0,1,0.7013906
0.0,0,0.0043605557
1.0,1,0.9855388
0.0,0,0.002382099
0.0,0,0.033509884
0.0,0,0.0006264309
1.0,1,0.642389
1.0,1,0.9457316
1.0,0,0.26721925
0.0,0,0.04335357
1.0,1,0.89693177
1.0,1,0.5461997
1.0,1,0.98253304
0.0,0,0.00031331822
0.0,0,0.030302387
1.0,1,0.79761887
0.0,0,0.05869129
0.0,0,0.009102133
1.0,1,0.7109319
0.0,0,0.009426982
0.0,0,0.036940478
1.0,1,0.9181138
1.0,1,0.98546684
0.0,0,0.14095907
1.0,1,0.9385947
0.0,0,0.035230793
1.0,0,0.035877865
0.0,0,0.008024957
1.0,1,0.98733974
0.0,0,0.01938653
0.0,0,0.09433802
0.0,1,0.9346398
1.0,1,0.6077773
0.0,0,0.013424836
1.0,1,0.96852034
0.0,0,0.15404826
0.0,1,0.30297592
1.0,1,0.6870224
0.0,0,0.029798634
1.0,1,0.55928683
0.0,0,0.017380483
0.0,0,0.034613565
0.0,0,0.16926362
0.0,0,0.048612222
1.0,1,0.780861
1.0,1,0.8443297
0.0,0,0.062726006
0.0,0,0.004820899
0.0,0,0.07023759
1.0,1,0.5432606
1.0,1,0.9778247
0.0,0,0.08842674
1.0,1,0.5460471
1.0,1,0.5078206
1.0,1,0.72205853
1.0,1,0.4362971
0.0,0,0.014851129
1.0,1,0.97967076
0.0,0,0.012637062
1.0,1,0.81206846
0.0,0,0.034476817
0.0,0,0.01469924
1.0,1,0.9333558
1.0,1,0.8992469
0.0,0,0.14952938
1.0,1,0.7218546
1.0,1,0.73521566
1.0,1,0.9477464
1.0,1,0.72110164
0.0,0,0.002776834
1.0,1,0.8663388
1.0,1,0.85640895
1.0,1,0.50120217
1.0,1,0.8166913
1.0,1,0.60061693
1.0,1,0.54941326
0.0,0,0.013883623
1.0,1,0.98238665
0.0,0,0.011410005
1.0,1,0.8399596
0.0,0,0.001257418
1.0,0,0.23973942
0.0,0,0.0152978115
1.0,1,0.45004955
0.0,0,0.20628037
0.0,0,0.021699347
1.0,1,0.9792086
0.0,0,0.010827239
1.0,1,0.33537108
1.0,1,0.32746872
0.0,0,0.04559264
0.0,0,0.039926697
1.0,1,0.42766583
0.0,0,0.0093787005
1.0,1,0.98806566
0.0,0,0.010649687
0.0,0,0.06278716
0.0,0,0.057595372
0.0,0,0.020333575
0.0,0,0.004426009
1.0,1,0.37542665
1.0,1,0.9413276
1.0,1,0.55805063
1.0,1,0.95072955
1.0,1,0.80340266
0.0,0,0.1475046
0.0,0,0.18503833
0.0,0,0.0037027171
1.0,1,0.80763507
0.0,0,0.113274574
0.0,1,0.4102178
0.0,1,0.57465756
1.0,1,0.6723541
0.0,0,0.03197911
1.0,1,0.36618355
0.0,0,0.008986965
1.0,1,0.91745836
0.0,0,0.014367061
1.0,1,0.85641426
1.0,1,0.9072741
1.0,1,0.9718118
0.0,0,0.1387037
1.0,1,0.505411
1.0,1,0.862826
1.0,1,0.97567314
0.0,0,0.0032334416
1.0,1,0.35585785
1.0,1,0.96938634
0.0,0,0.19925746
0.0,0,0.1872117
0.0,0,0.13213265
1.0,1,0.91691136
1.0,1,0.6325251
1.0,1,0.6212679
1.0,1,0.37273103
0.0,0,0.043309633
0.0,0,0.014570421
1.0,1,0.96112716
0.0,0,0.025415795
1.0,1,0.9730199
1.0,1,0.9868904
1.0,1,0.97759193
1.0,0,0.17033765
0.0,0,0.21142876
0.0,0,0.16474663
1.0,1,0.87153316
1.0,1,0.93256956
0.0,1,0.9746025
1.0,1,0.8688551
1.0,1,0.8699798
0.0,0,0.005122216
1.0,1,0.50127757
1.0,1,0.96483946
0.0,0,0.029241566
1.0,1,0.89006126
1.0,1,0.6736914
1.0,1,0.952239
1.0,0,0.1539451
1.0,1,0.30006805
1.0,1,0.9686053
0.0,0,0.021229848
1.0,1,0.70505226
1.0,1,0.98425984
1.0,1,0.60870314
1.0,1,0.9827216
1.0,1,0.9734977
0.0,1,0.5851295
1.0,1,0.4513933
0.0,0,0.012297138
0.0,0,0.006454135
0.0,0,0.040747795
1.0,1,0.8017442
0.0,0,0.20862806
0.0,0,0.09698562
0.0,1,0.48071197
1.0,1,0.5244385
1.0,1,0.9581136
0.0,1,0.5424851
0.0,0,0.03477981
0.0,0,0.10663372
1.0,1,0.91352534
0.0,0,0.01799632
1.0,1,0.95691496
1.0,1,0.9612371
1.0,1,0.5955064
1.0,1,0.92738295
0.0,0,0.012849658
0.0,1,0.6767262
1.0,1,0.9558117
0.0,0,0.0037799915
0.0,0,0.023470584
0.0,0,0.09057584
1.0,1,0.30701715
1.0,1,0.7239655
1.0,1,0.9053397
1.0,1,0.985772
0.0,0,0.05791779
1.0,0,0.16066255
0.0,0,0.016238047
1.0,1,0.9863434
1.0,1,0.984463
1.0,1,0.91433024
1.0,1,0.59794986
0.0,0,0.24807712
0.0,0,0.0124661205
1.0,1,0.97741246
0.0,0,0.007150216
0.0,0,0.0046401205
1.0,1,0.85349023
1.0,1,0.9130883
1.0,1,0.6522972
0.0,0,0.24021935
1.0,1,0.98781437
1.0,1,0.85412896
0.0,0,0.12654218
1.0,1,0.98280525
0.0,0,0.0020568469
1.0,1,0.96801114
1.0,1,0.6721674
1.0,1,0.7898909
1.0,1,0.9755961
1.0,1,0.78150225
1.0,1,0.2773061
1.0,1,0.8284076
1.0,1,0.9382704
0.0,1,0.2814022
0.0,0,0.03683187
0.0,1,0.4670494
0.0,0,0.15987402
0.0,0,0.0036150801
1.0,1,0.9822112
1.0,1,0.5481782
1.0,1,0.45779508
0.0,0,0.05963254
0.0,0,0.044689983
1.0,1,0.51168776
0.0,0,0.0055997754
0.0,1,0.41073337
1.0,1,0.97470796
0.0,0,0.01089135
0.0,0,0.14176406
1.0,1,0.41750845
0.0,0,0.0074457396
1.0,1,0.9273275
1.0,1,0.637077
0.0,1,0.32731304
0.0,0,0.045699697
1.0,1,0.89910924
0.0,0,0.005915562
0.0,0,0.030346258
0.0,0,0.01455064
1.0,1,0.46046236
1.0,1,0.40920383
0.0,0,0.20534576
1.0,0,0.043712385
0.0,0,0.15368833
1.0,1,0.56719637
0.0,0,0.02587324
0.0,0,0.06240564
1.0,1,0.8144603
1.0,1,0.90837073
1.0,1,0.96412617
0.0,0,0.0044558127
0.0,0,0.10906953
1.0,1,0.98450094
1.0,1,0.28441566
0.0,0,0.06572248
1.0,1,0.9089347
0.0,0,0.10694481
0.0,1,0.55750024
0.0,0,0.01646304
0.0,0,0.02740598
1.0,1,0.9264331
0.0,0,0.0765999
1.0,1,0.9713564
1.0,1,0.97533226
1.0,1,0.73036516
1.0,1,0.9769825
1.0,1,0.9211391
0.0,1,0.34035772
1.0,1,0.96976566
1.0,1,0.5716694
1.0,1,0.5956607
1.0,1,0.92401236
1.0,1,0.78784275
1.0,1,0.95442927
1.0,1,0.2993814
1.0,1,0.54417586
1.0,1,0.7874508
1.0,1,0.9712229
0.0,0,0.011627991
1.0,1,0.9284287
0.0,0,0.011861977
1.0,1,0.968758
1.0,1,0.8467942
0.0,0,0.034950033
0.0,0,0.01027896
0.0,0,0.18742172
0.0,0,0.027850715
1.0,1,0.948009
1.0,1,0.9822763
0.0,0,0.03837276
1.0,0,0.17633164
1.0,1,0.90035075
1.0,1,0.9649969
1.0,1,0.7417607
0.0,0,0.008673509
0.0,0,0.015353731
0.0,0,0.018423596
0.0,0,0.0032290523
0.0,0,0.030862851
1.0,1,0.98233587
1.0,1,0.9878263
1.0,1,0.97254246
1.0,1,0.27438596
1.0,1,0.6758017
0.0,0,0.008598633
0.0,0,0.004645352
0.0,0,0.010279779
1.0,1,0.72505
0.0,0,0.04207724
0.0,0,0.01426079
0.0,0,0.0015990302
0.0,0,0.03716907
1.0,1,0.5520663
0.0,0,0.19698057
0.0,0,0.05894782
0.0,0,0.06848288
1.0,1,0.86557454
1.0,1,0.702399
0.0,0,0.0013091444
1.0,1,0.9617412
0.0,0,0.018229669
1.0,1,0.4418131
1.0,1,0.98654574
1.0,1,0.54303974
0.0,0,0.08887629
1.0,1,0.8251631
0.0,0,0.043120395
1.0,1,0.9829218
1.0,1,0.8315701
0.0,1,0.28116143
1.0,1,0.68579656
0.0,0,0.24376073
0.0,0,0.026590174
1.0,1,0.9243474
1.0,1,0.9767825
1.0,1,0.9155759
0.0,0,0.024444548
0.0,0,0.16577408
1.0,1,0.98930275
1.0,1,0.8139267
1.0,1,0.8028065
1.0,1,0.96731853
0.0,0,0.0022563299
1.0,1,0.52314293
1.0,1,0.84191084
1.0,0,0.25761452
0.0,0,0.06446473
1.0,1,0.9686322
1.0,1,0.9727684
1.0,1,0.9651907
0.0,0,0.035024688
1.0,1,0.8975161
1.0,1,0.8093097
1.0,1,0.93920684
0.0,0,0.13080664
1.0,1,0.97692764
1.0,1,0.50188386
1.0,1,0.81370175
1.0,1,0.91505724
0.0,1,0.3282064
0.0,0,0.03604965
0.0,0,0.019553043
0.0,1,0.59126043
1.0,1,0.60951245
1.0,1,0.3949737
1.0,1,0.9663288
1.0,1,0.9103879
0.0,0,0.2453646
0.0,0,0.022954201
0.0,1,0.8360657
0.0,0,0.020913182
0.0,0,0.016487872
1.0,1,0.81449115
1.0,1,0.98082745
1.0,1,0.9858055
1.0,1,0.90329874
1.0,1,0.5441457
0.0,0,0.07672293
0.0,0,0.0044517573
1.0,1,0.98026955
0.0,0,0.01838898
1.0,1,0.6614222
0.0,0,0.065693
1.0,1,0.9035301
0.0,0,0.01554632
0.0,0,0.08423055
0.0,0,0.1474876
1.0,1,0.9456164
0.0,0,0.16853097
1.0,1,0.624715
0.0,0,0.0076698363
1.0,1,0.7646695
1.0,1,0.8909611
0.0,0,0.025987357
0.0,0,0.02454748
0.0,0,0.029997341
1.0,1,0.60778826
1.0,1,0.3102318
0.0,1,0.2893348
0.0,0,0.04333385
0.0,0,0.04604781
1.0,1,0.9617821
1.0,1,0.68175966
0.0,1,0.317032
0.0,0,0.07495725
0.0,0,0.13523847
1.0,1,0.8306081
0.0,0,0.24361192
1.0,1,0.97837955
0.0,0,0.013318229
1.0,1,0.98710513
1.0,1,0.95631504
1.0,1,0.9759647
1.0,1,0.9280336
1.0,1,0.6129446
1.0,1,0.972
1.0,1,0.9732479
0.0,0,0.006535136
1.0,1,0.9486961
1.0,1,0.7756721
1.0,1,0.7198678
0.0,0,0.19783744
1.0,1,0.7992451
1.0,1,0.96781737
1.0,1,0.8819338
1.0,1,0.96920705
0.0,0,0.014895963
1.0,0,0.111689195
0.0,0,0.00939745
1.0,1,0.909402
0.0,0,0.010232625
1.0,1,0.7534536
0.0,0,0.0022669625
1.0,1,0.8778001
1.0,1,0.9405461
0.0,0,0.00677726
1.0,1,0.7793361
0.0,1,0.52629
0.0,0,0.13316113
1.0,1,0.55412525
0.0,0,0.1626657
0.0,1,0.8480114
1.0,1,0.6315479
0.0,0,0.006237173
1.0,1,0.96793723
0.0,0,0.023910878
0.0,0,0.04943743
0.0,0,0.037490856
1.0,1,0.9778919
0.0,0,0.03951033
0.0,1,0.83322215
0.0,1,0.55745625
0.0,0,0.025646959
0.0,0,0.0051137805
1.0,1,0.4204118
0.0,0,0.020251565
0.0,0,0.012081045
1.0,1,0.8407403
0.0,0,0.08116398
0.0,0,0.004216495
1.0,1,0.47349375
1.0,1,0.71881783
0.0,0,0.1350164
0.0,0,0.022677701
0.0,0,0.027571784
0.0,0,0.01126821
1.0,1,0.70130134
1.0,1,0.68047696
1.0,1,0.9388552
1.0,1,0.983409
1.0,1,0.9842737
1.0,1,0.86330646
0.0,0,0.0198332
1.0,1,0.74200773
0.0,0,0.007441945
1.0,1,0.9100493
1.0,1,0.88848346
0.0,0,0.21416032
0.0,1,0.67350435
0.0,0,0.01873365
1.0,1,0.74715614
1.0,1,0.6575949
1.0,1,0.7992008
1.0,1,0.95670474
0.0,0,0.041206963
0.0,0,0.048686583
1.0,1,0.9476464
0.0,0,0.032766737
1.0,1,0.57974505
0.0,0,0.013253923
1.0,1,0.9643664
1.0,1,0.75039226
0.0,0,0.007360877
0.0,0,0.009935472
0.0,0,0.007336087
0.0,0,0.04601879
1.0,1,0.9850595
1.0,1,0.8962501
0.0,0,0.02240135
1.0,1,0.8116407
0.0,1,0.3696367
0.0,0,0.011753632
0.0,0,0.0054956735
1.0,1,0.98084825
1.0,1,0.98188305
0.0,0,0.16491261
1.0,1,0.9800215
0.0,0,0.0084741125
0.0,1,0.66247046
1.0,1,0.5874232
0.0,0,0.20049018
0.0,0,0.015927574
0.0,0,0.0034049447
0.0,0,0.015805056
0.0,0,0.00422292
0.0,0,0.19542848
0.0,0,0.03471272
1.0,1,0.88161063
1.0,1,0.94207066
1.0,1,0.96184325
0.0,0,0.030701505
0.0,1,0.96026176
0.0,0,0.037931718
0.0,0,0.058212686
0.0,0,0.08967628
1.0,1,0.75488937
1.0,1,0.96700186
1.0,1,0.8350849
0.0,0,0.02902317
0.0,0,0.02419103
1.0,1,0.6449451
0.0,0,0.017196925
1.0,1,0.747125
0.0,0,0.07884511
1.0,1,0.9156709
1.0,1,0.98080266
1.0,1,0.97438866
1.0,1,0.8460368
0.0,0,0.0340586
1.0,1,0.9683475
0.0,0,0.01819214
0.0,1,0.32301742
1.0,1,0.8747571
1.0,1,0.7065482
0.0,0,0.021810547
0.0,0,0.06328235
1.0,1,0.48994288
1.0,1,0.98364204
0.0,0,0.05344678
1.0,1,0.9352531
1.0,1,0.44117597
1.0,1,0.9593934
0.0,0,0.014567245
1.0,1,0.975549
1.0,0,0.10909334
0.0,0,0.21650256
0.0,1,0.35553166
1.0,1,0.74416447
0.0,1,0.551355
1.0,1,0.3495209
0.0,1,0.9151742
0.0,0,0.10407682
0.0,0,0.008027141
0.0,1,0.28614318
1.0,0,0.092676945
0.0,0,0.008217986
0.0,0,0.2372743
1.0,1,0.98316157
1.0,1,0.44792828
1.0,1,0.6272338
0.0,0,0.0055887825
1.0,1,0.98403484
0.0,0,0.06396299
1.0,0,0.046252
0.0,0,0.2265455
1.0,1,0.9873838
1.0,1,0.9452145
1.0,1,0.80972946
0.0,0,0.016126411
0.0,0,0.031807117
0.0,1,0.2809352
1.0,1,0.9331903
0.0,0,0.011633937
1.0,1,0.92633384
0.0,0,0.021293178
0.0,0,0.015636316
0.0,0,0.007913211
1.0,1,0.7443789
1.0,1,0.8947148
1.0,1,0.9618596
0.0,0,0.02035572
0.0,0,0.020789
0.0,0,0.029857762
0.0,0,0.07753053
1.0,1,0.9773631
0.0,0,0.014552529
1.0,1,0.6360234
0.0,0,0.008559131
1.0,1,0.6908417
1.0,1,0.9742056
1.0,1,0.79740125
1.0,0,0.17111547
0.0,1,0.74558365
0.0,0,0.13587122
1.0,1,0.7778968
1.0,1,0.4160192
0.0,0,0.22985005
0.0,0,0.0034258442
0.0,0,0.116947465
1.0,1,0.9850404
1.0,1,0.2974249
1.0,1,0.97979295
0.0,0,0.0029274751
0.0,0,0.042909186
0.0,0,0.03489006
0.0,0,0.037532385
0.0,0,0.037210394
0.0,1,0.8009039
0.0,0,0.04275499
0.0,0,0.008279529
1.0,1,0.95282704
1.0,1,0.7720773
1.0,1,0.97662556
0.0,0,0.01634498
0.0,0,0.06426066
1.0,1,0.75604767
0.0,0,0.034181755
0.0,0,0.110749654
0.0,0,0.006056021
0.0,0,0.01806558
1.0,1,0.84887743
0.0,0,0.007957627
1.0,1,0.8176598
0.0,0,0.012557223
1.0,1,0.98035043
1.0,1,0.2905914
1.0,0,0.10175001
1.0,1,0.9701551
0.0,0,0.028175728
0.0,1,0.8480518
1.0,1,0.9464461
0.0,0,0.031999823
0.0,0,0.04048244
0.0,1,0.37035367
0.0,0,0.107743934
1.0,1,0.7734063
1.0,1,0.58331823
0.0,0,0.034494527
1.0,1,0.74274457
1.0,1,0.4719141
1.0,1,0.90036416
0.0,0,0.19994321
0.0,0,0.16307026
1.0,1,0.890277
1.0,1,0.31187165
1.0,1,0.89843506
1.0,1,0.8029996
0.0,0,0.057108272
0.0,0,0.04368337
0.0,1,0.485178
0.0,0,0.007120913
1.0,1,0.61547
1.0,1,0.95255846
1.0,1,0.8670909
1.0,1,0.95921504
1.0,1,0.65065426
1.0,1,0.7099236
1.0,1,0.98598766
0.0,0,0.04290771
0.0,0,0.021274604
1.0,1,0.848138
0.0,0,0.2035497
0.0,0,0.010849835
1.0,1,0.673685
0.0,0,0.07173901
0.0,0,0.0024704577
0.0,0,0.02593408
1.0,1,0.5482694
0.0,0,0.0021655073
1.0,1,0.9684062
1.0,1,0.58205605
1.0,1,0.75020313
1.0,1,0.7201265
1.0,1,0.833184
0.0,0,0.056693394
0.0,0,0.016709253
0.0,1,0.5354258
0.0,0,0.07676059
0.0,0,0.033353858
0.0,1,0.97324044
1.0,1,0.88928777
0.0,0,0.11690113
1.0,1,0.95871156
0.0,0,0.020544743
0.0,0,0.003631526
1.0,1,0.98418885
1.0,1,0.85252935
1.0,1,0.91113555
0.0,0,0.034186047
0.0,0,0.03577453
1.0,1,0.9610703
1.0,1,0.5749575
0.0,0,0.010267358
1.0,1,0.9790933
1.0,0,0.074254625
0.0,0,0.027333904
0.0,0,0.024145855
1.0,1,0.98219275
0.0,0,0.0052628093
1.0,1,0.4323334
0.0,0,0.06918639
0.0,0,0.027891167
1.0,1,0.7226202
1.0,1,0.9634513
0.0,0,0.26085815
1.0,1,0.79569376
1.0,1,0.9071959
0.0,0,0.011886196
1.0,0,0.18763359
0.0,1,0.5072993
1.0,1,0.90185565
1.0,0,0.23316513
0.0,0,0.0026290896
0.0,0,0.015743734
1.0,1,0.97795504
1.0,1,0.9804519
1.0,0,0.09021164
1.0,1,0.7624393
0.0,0,0.039801117
0.0,0,0.026568824
0.0,1,0.312245
0.0,0,0.08061976
0.0,1,0.6701976
0.0,0,0.10373306
1.0,1,0.9837491
1.0,1,0.73809
1.0,1,0.97326607
1.0,1,0.9097913
0.0,0,0.17956477
0.0,0,0.011088316
0.0,0,0.10523523
0.0,0,0.0023817557
1.0,1,0.77624273
0.0,0,0.028389849
0.0,1,0.6433905
0.0,0,0.0014003403
1.0,1,0.96754026
0.0,0,0.04098958
0.0,0,0.029271929
1.0,1,0.70715266
0.0,0,0.06657851
0.0,0,0.0022316321
1.0,1,0.36638963
1.0,1,0.76487297
1.0,1,0.683419
0.0,0,0.095719375
1.0,1,0.9754104
0.0,0,0.26786944
1.0,1,0.97979623
0.0,0,0.04626988
0.0,0,0.044992067
1.0,1,0.3999425
0.0,1,0.29730794
1.0,1,0.67212814
1.0,1,0.8385345
1.0,1,0.9172511
1.0,0,0.1349442
0.0,0,0.0005972992
1.0,1,0.79847586
0.0,0,0.01730679
1.0,1,0.8426653
0.0,0,0.10857551
0.0,0,0.15141666
1.0,1,0.8691152
0.0,0,0.0037279376
1.0,1,0.6399137
0.0,0,0.06053737
1.0,1,0.96401775
1.0,0,0.22008763
0.0,0,0.017160116
1.0,1,0.5093647
0.0,0,0.012953048
0.0,0,0.008594911
1.0,1,0.6550129
0.0,0,0.024819992
0.0,0,0.08932852
0.0,0,0.18094167
1.0,1,0.9392067
1.0,1,0.9357033
0.0,0,0.048780423
1.0,1,0.5219103
1.0,1,0.97816926
1.0,1,0.46366838
1.0,1,0.9853988
0.0,0,0.04792155
0.0,0,0.047576677
0.0,0,0.097139284
0.0,0,0.086096324
0.0,0,0.19000569
0.0,1,0.32121816
0.0,0,0.0045136902
0.0,0,0.03915392
1.0,1,0.78086567
1.0,1,0.9081528
1.0,1,0.83628917
0.0,0,0.011961054
0.0,0,0.1953884
1.0,1,0.97278947
0.0,0,0.013855989
1.0,1,0.95245844
1.0,1,0.6960332
0.0,0,0.06586346
1.0,1,0.98344344
1.0,1,0.8384905
1.0,1,0.9440134
0.0,0,0.012515219
0.0,0,0.015096703
0.0,0,0.09393987
1.0,1,0.97473073
0.0,0,0.13833135
0.0,1,0.40796083
1.0,1,0.87601495
1.0,1,0.8460062
0.0,0,0.060451746
1.0,1,0.91392314
1.0,1,0.9791631
1.0,1,0.8848044
0.0,0,0.018102607
1.0,1,0.9764283
0.0,0,0.028558243
0.0,0,0.106449395
0.0,1,0.27404025
1.0,1,0.9727114
0.0,0,0.031950675
0.0,0,0.0070507466
1.0,1,0.56988776
0.0,0,0.018458847
1.0,1,0.9753844
1.0,1,0.47517008
0.0,0,0.0037521145
0.0,0,0.18294711
1.0,1,0.8411594
1.0,1,0.8935507
0.0,0,0.04405606
0.0,0,0.016620722
0.0,0,0.008388675
1.0,1,0.32237238
1.0,1,0.9886724
1.0,0,0.20026378
1.0,1,0.92827326
1.0,1,0.8547685
0.0,0,0.033086505
0.0,0,0.02985583
0.0,1,0.71487856
0.0,1,0.49639913
0.0,0,0.010157781
1.0,1,0.8660639
0.0,0,0.11048552
1.0,1,0.9290887
0.0,1,0.47991186
1.0,1,0.9614524
1.0,1,0.97400767
1.0,1,0.96796966
0.0,0,0.019533882
1.0,1,0.81157047
0.0,1,0.5712493
1.0,1,0.91713995
1.0,1,0.6709236
1.0,1,0.9066864
0.0,0,0.003785355
0.0,0,0.26899895
1.0,1,0.9631839
1.0,1,0.75452936
1.0,1,0.87560177
0.0,0,0.018091235
0.0,1,0.50138307
1.0,1,0.85564756
0.0,0,0.0020415026
1.0,1,0.75131917
0.0,0,0.018109472
0.0,0,0.25283536
0.0,0,0.0035138768
0.0,0,0.00051702454
0.0,1,0.3205162
0.0,0,0.05329663
0.0,0,0.0060909884
1.0,1,0.9729394
1.0,1,0.45345545
1.0,1,0.79411054
1.0,1,0.98008627
0.0,0,0.016737387
0.0,0,0.09923061
0.0,0,0.019312859
0.0,0,0.0029181188
0.0,0,0.003171736
0.0,0,0.028860502
0.0,0,0.015767029
0.0,0,0.0218826
0.0,0,0.028876074
1.0,1,0.8232366
1.0,0,0.08000146
1.0,1,0.9858145
1.0,1,0.9161673
0.0,0,0.023853166
1.0,1,0.43759602
1.0,1,0.9430488
1.0,1,0.3545533
0.0,0,0.0129274605
1.0,1,0.9671731
1.0,1,0.69299483
0.0,0,0.042503405
1.0,1,0.967054
0.0,0,0.011736276
1.0,1,0.4897617
1.0,1,0.9520045
1.0,1,0.8535672
0.0,1,0.5668849
1.0,1,0.78181815
0.0,0,0.019009467
1.0,1,0.7563625
0.0,0,0.014844956
0.0,0,0.007816141
0.0,0,0.04533305
1.0,1,0.8730762
0.0,0,0.10712896
0.0,0,0.0007983894
0.0,0,0.0144271655
0.0,0,0.015142528
1.0,1,0.95927495
1.0,1,0.91913813
0.0,0,0.010729433
0.0,0,0.019366587
0.0,0,0.018553045
1.0,1,0.52882475
0.0,1,0.68143225
1.0,1,0.9754123
0.0,0,0.020839399
0.0,0,0.010032924
0.0,0,0.0068579717
1.0,1,0.7515358
0.0,0,0.16931336
0.0,0,0.0024800426
1.0,1,0.9046421
1.0,1,0.9294822
1.0,1,0.9055028
0.0,0,0.008029218
0.0,0,0.006912301
0.0,0,0.006406962
1.0,1,0.97520876
1.0,1,0.95594794
0.0,0,0.026351988
1.0,1,0.9726396
1.0,1,0.66206616
0.0,0,0.05533165
0.0,0,0.033806175
0.0,0,0.24416855
1.0,1,0.9580627
1.0,1,0.92643213
1.0,1,0.5697329
1.0,0,0.16140525
0.0,1,0.27777573
0.0,0,0.040999226
1.0,1,0.968667
0.0,0,0.0076707006
0.0,1,0.60879016
1.0,1,0.9532779
0.0,0,0.015588609
1.0,1,0.35883152
0.0,1,0.34516704
1.0,1,0.97017205
1.0,1,0.9702548
0.0,0,0.18223198
0.0,0,0.0791364
0.0,0,0.011399233
1.0,1,0.9811567
0.0,0,0.08551278
1.0,1,0.8248705
1.0,1,0.7827156
0.0,0,0.0076916935
1.0,1,0.9123734
1.0,1,0.983924
1.0,1,0.9842294
0.0,0,0.07265262
1.0,1,0.92427605
0.0,0,0.024874398
0.0,0,0.02274624
1.0,1,0.3121393
1.0,1,0.5244498
0.0,0,0.0071975994
0.0,0,0.04717587
1.0,1,0.9798992
0.0,0,0.063679285
1.0,1,0.97107744
1.0,1,0.76542157
0.0,0,0.079023965
1.0,1,0.4653168
0.0,0,0.009581394
1.0,1,0.8675958
1.0,1,0.89959484
1.0,1,0.47054595
0.0,0,0.1804743
1.0,1,0.33230022
0.0,0,0.01454434
1.0,1,0.8651315
0.0,0,0.038675033
1.0,1,0.7500477
0.0,1,0.3179554
1.0,1,0.6629731
1.0,1,0.90230656
1.0,1,0.9802801
0.0,0,0.0073070345
0.0,0,0.13161701
1.0,1,0.91229033
0.0,0,0.0080637
1.0,1,0.65727377
0.0,0,0.048397467
1.0,1,0.86844456
1.0,1,0.97741807
0.0,0,0.0302645
1.0,1,0.95865285
1.0,0,0.103884645
0.0,0,0.0062609897
0.0,0,0.083058186
1.0,1,0.9586103
0.0,0,0.032175437
0.0,0,0.060764596
0.0,0,0.04355901
1.0,1,0.90540546
1.0,1,0.87776893
1.0,1,0.9773126
1.0,1,0.897313
1.0,1,0.69372696
1.0,1,0.78264934
1.0,1,0.98194844
0.0,0,0.039118487
1.0,1,0.94179803
0.0,0,0.002300941
0.0,0,0.0053052357
0.0,1,0.3586273
0.0,0,0.1660396
1.0,1,0.9260731
0.0,0,0.055906177
1.0,1,0.93096364
1.0,1,0.8532912
1.0,1,0.8394688
0.0,0,0.01001986
1.0,0,0.19804077
0.0,0,0.01718753
0.0,1,0.35419694
1.0,1,0.96498495
1.0,1,0.9699452
0.0,0,0.20714615
1.0,1,0.86892676
0.0,0,0.0048748506
0.0,0,0.005425435
1.0,1,0.4935832
1.0,1,0.7049826
0.0,0,0.025440637
1.0,0,0.085722364
0.0,0,0.010159439
1.0,1,0.45198002
0.0,0,0.013070218
1.0,1,0.9781878
1.0,1,0.9627155
1.0,1,0.6494417
1.0,1,0.98307663
1.0,1,0.94042057
1.0,1,0.9359321
0.0,0,0.03057403
1.0,1,0.9646153
0.0,0,0.006010036
1.0,1,0.9582334
1.0,1,0.9800578
1.0,0,0.22426191
0.0,0,0.061836857
1.0,1,0.832845
0.0,0,0.097808726
0.0,1,0.54503906
1.0,1,0.7297438
0.0,1,0.5453664
0.0,0,0.024149293
0.0,0,0.08582215
1.0,1,0.81656307
1.0,0,0.16072462
1.0,1,0.53889513
0.0,0,0.007726412
1.0,1,0.9070583
1.0,1,0.96284217
1.0,1,0.93602675
0.0,1,0.417734
1.0,1,0.41416723
0.0,0,0.09785535
0.0,0,0.02964467
0.0,0,0.11149242
1.0,1,0.9809243
1.0,1,0.72061837
1.0,1,0.888609
0.0,0,0.006380601
1.0,1,0.58937144
0.0,0,0.007750317
1.0,1,0.5631789
1.0,1,0.98795855
1.0,1,0.72055376
0.0,0,0.10583783
0.0,0,0.12210357
0.0,0,0.15908946
0.0,1,0.47894698
0.0,0,0.006460599
0.0,0,0.0047759884
1.0,1,0.61675966
0.0,0,0.052756976
0.0,0,0.013206236
1.0,1,0.6906636
1.0,1,0.9718264
0.0,0,0.047304448
1.0,0,0.030918939
1.0,1,0.9471471
0.0,0,0.04431985
1.0,0,0.2698853
1.0,1,0.6743632
1.0,1,0.47384542
0.0,0,0.024605261
1.0,1,0.8291346
0.0,0,0.015488246
0.0,1,0.5647992
0.0,0,0.19333693
0.0,0,0.09689884
0.0,0,0.044539534
0.0,0,0.036425237
0.0,0,0.03990863
1.0,1,0.8595028
0.0,0,0.073504016
0.0,0,0.015889501
1.0,1,0.9451812
1.0,1,0.7444006
1.0,1,0.60684216
0.0,0,0.041286234
0.0,0,0.009495548
1.0,1,0.9277084
0.0,0,0.005269794
0.0,0,0.0050056325
0.0,0,0.008446913
1.0,1,0.7072886
1.0,1,0.88878936
0.0,0,0.15939781
1.0,1,0.9412901
0.0,0,0.030590372
1.0,1,0.28868932
0.0,0,0.014870157
1.0,1,0.982602
0.0,0,0.24207227
1.0,1,0.8520134
0.0,1,0.5060077
1.0,1,0.65416986
1.0,1,0.98206365
0.0,0,0.019255426
1.0,1,0.9266636
0.0,0,0.010815882
1.0,1,0.44494402
1.0,1,0.7854051
1.0,1,0.73806
0.0,0,0.05049328
1.0,1,0.8735411
0.0,0,0.0171967
0.0,0,0.03176964
0.0,0,0.031403635
0.0,0,0.02477435
0.0,0,0.07092597
1.0,1,0.75702703
0.0,0,0.018990953
1.0,1,0.9747504
0.0,0,0.11206187
0.0,0,0.026298335
0.0,0,0.26635805
1.0,1,0.9517895
1.0,1,0.9657485
0.0,0,0.025232598
0.0,0,0.017048337
0.0,0,0.017047442
1.0,1,0.9115265
1.0,1,0.9598783
0.0,0,0.03361263
1.0,1,0.95815116
0.0,0,0.006625139
1.0,1,0.75979125
0.0,0,0.060487323
1.0,0,0.20231451
0.0,0,0.031025592
1.0,1,0.81384164
1.0,1,0.9817979
1.0,1,0.9821715
1.0,1,0.8268264
0.0,0,0.02870073
1.0,1,0.9652761
1.0,1,0.97724384
1.0,1,0.83098507
1.0,1,0.8875009
1.0,1,0.92185473
0.0,0,0.043799896
1.0,1,0.8488819
0.0,0,0.008608561
0.0,0,0.029881746
0.0,0,0.07056485
0.0,0,0.03627
0.0,0,0.011019058
1.0,1,0.95461607
0.0,0,0.010218914
0.0,0,0.022446081
1.0,1,0.61104
0.0,1,0.5964502
0.0,0,0.22468132
1.0,1,0.6298956
0.0,1,0.31251785
0.0,0,0.024697268
1.0,1,0.81332135
0.0,0,0.017780721
1.0,1,0.62767553
0.0,0,0.012410908
1.0,1,0.9751202
1.0,1,0.9175842
1.0,1,0.97430205
0.0,0,0.130248
0.0,0,0.005197025
1.0,1,0.55036986
1.0,1,0.96850795
0.0,0,0.007106323
1.0,1,0.66148555
0.0,0,0.0017841536
0.0,0,0.0024326306
1.0,1,0.51821065
0.0,0,0.033206977
0.0,1,0.29301968
0.0,0,0.031051472
1.0,1,0.96649146
1.0,1,0.9635626
1.0,1,0.43104956
1.0,1,0.36975712
0.0,0,0.13164122
1.0,1,0.70978326
0.0,0,0.026535098
1.0,1,0.94456935
1.0,1,0.9848259
1.0,1,0.8845061
1.0,1,0.9798218
1.0,1,0.43461612
1.0,1,0.96903807
1.0,1,0.94282514
0.0,0,0.12015893
1.0,1,0.39861956
1.0,1,0.87100935
0.0,0,0.10562147
0.0,1,0.44315094
1.0,1,0.98229474
1.0,1,0.95039743
0.0,0,0.015845487
0.0,0,0.1260457
1.0,1,0.958757
1.0,1,0.9830601
1.0,1,0.61940414
1.0,1,0.6929071
0.0,0,0.008482584
1.0,1,0.97837985
1.0,1,0.59950113
1.0,1,0.961676
0.0,1,0.4491232
1.0,0,0.2272252
1.0,1,0.9680621
0.0,0,0.05025193
0.0,0,0.010619876
1.0,1,0.8487971
0.0,0,0.07926869
1.0,1,0.5685674
0.0,1,0.53674334
1.0,1,0.58586615
0.0,0,0.0941613
1.0,1,0.6353444
0.0,0,0.011086501
1.0,1,0.95902395
0.0,1,0.92813325
0.0,0,0.03759063
1.0,1,0.77488744
1.0,1,0.84351516
0.0,0,0.00663632
1.0,1,0.98587686
0.0,0,0.011673464
1.0,1,0.9858662
0.0,0,0.025956746
1.0,1,0.68711376
1.0,1,0.41676813
1.0,0,0.19844578
1.0,1,0.95666504
1.0,1,0.89409256
1.0,1,0.42296547
0.0,0,0.0766161
0.0,0,0.13120578
0.0,0,0.00789879
1.0,1,0.96857226
1.0,1,0.9385214
1.0,1,0.68484753
0.0,0,0.03457832
0.0,0,0.014010039
0.0,0,0.00733256
1.0,0,0.05994941
1.0,1,0.75693864
0.0,0,0.011346198
0.0,0,0.03423408
1.0,1,0.8426966
1.0,1,0.9073409
0.0,0,0.019176418
1.0,1,0.9796276
1.0,1,0.6909416
1.0,1,0.7230747
0.0,0,0.0023422807
0.0,0,0.17472528
1.0,1,0.98366344
0.0,0,0.06182142
0.0,0,0.06957162
0.0,0,0.013628595
1.0,1,0.3479387
0.0,0,0.02998543
0.0,0,0.0008461878
0.0,1,0.41532448
1.0,1,0.52709633
0.0,1,0.6312923
1.0,1,0.6364162
1.0,1,0.72815114
0.0,0,0.0048397062
1.0,1,0.80874115
1.0,1,0.98722667
1.0,1,0.95959735
0.0,0,0.13764873
0.0,0,0.06691842
1.0,1,0.6365706
1.0,1,0.4672892
1.0,1,0.9741782
1.0,0,0.24048717
1.0,1,0.97971696
1.0,1,0.9819169
1.0,1,0.8784305
0.0,0,0.01801661
1.0,0,0.21176699
0.0,0,0.0011161482
1.0,1,0.9709959
0.0,0,0.021468014
1.0,1,0.71053046
1.0,1,0.9401833
0.0,0,0.019026779
0.0,0,0.06724031
1.0,1,0.83237153
0.0,1,0.4125895
0.0,0,0.10722638
1.0,1,0.51905835
1.0,1,0.3485008
1.0,1,0.40845868
1.0,1,0.96421146
0.0,0,0.006429793
0.0,0,0.025575507
1.0,1,0.97955
0.0,0,0.24132305
1.0,1,0.8085677
0.0,1,0.3653239
1.0,1,0.7201267
0.0,0,0.015536267
1.0,1,0.986274
0.0,0,0.0016149522
1.0,1,0.7899308
0.0,0,0.17827809
1.0,1,0.95940727
1.0,1,0.9689147
0.0,0,0.0011718386
0.0,0,0.022556594
1.0,1,0.57065195
0.0,0,0.018715514
0.0,0,0.020962507
0.0,0,0.029659715
1.0,1,0.85382265
0.0,0,0.12697963
0.0,0,0.025652224
0.0,0,0.0007992343
0.0,0,0.0780809
1.0,1,0.43452123
0.0,0,0.15189488
0.0,0,0.038278818
0.0,1,0.29058495
1.0,1,0.6699261
0.0,0,0.0063460437
1.0,1,0.90087056
0.0,0,0.0013419248
1.0,1,0.9152061
0.0,0,0.022851631
1.0,1,0.9906451
1.0,1,0.51506937
1.0,1,0.7576029
0.0,0,0.24443233
1.0,0,0.042939004
1.0,1,0.8066817
1.0,1,0.5080737
0.0,0,0.037282936
1.0,1,0.6683538
1.0,1,0.8696373
0.0,0,0.0042719846
1.0,1,0.41995618
1.0,1,0.7021316
0.0,1,0.38617653
0.0,0,0.034400772
1.0,1,0.9397512
1.0,0,0.23318157
0.0,0,0.017057234
1.0,1,0.9838431
0.0,0,0.006271664
0.0,0,0.032299917
1.0,1,0.97492313
0.0,0,0.22630765
1.0,1,0.8978675
0.0,0,0.021149034
0.0,0,0.20295982
1.0,1,0.9258901
1.0,1,0.7004153
1.0,1,0.96668166
1.0,1,0.6534385
0.0,1,0.5271931
0.0,0,0.018812457
0.0,1,0.7530161
1.0,1,0.7696266
0.0,1,0.35131606
0.0,0,0.024067331
1.0,1,0.59851015
0.0,0,0.11445544
1.0,1,0.82020277
0.0,0,0.014061803
1.0,1,0.6008007
1.0,1,0.7157074
1.0,1,0.96599716
0.0,0,0.01181552
0.0,1,0.7480304
1.0,1,0.9880568
1.0,1,0.8097525
1.0,0,0.18199006
0.0,0,0.06921928
0.0,0,0.07162789
1.0,1,0.30543214
1.0,1,0.8856958
1.0,1,0.74386454
1.0,1,0.98076594
1.0,1,0.8908299
0.0,0,0.092286564
0.0,0,0.04299137
1.0,1,0.91905135
0.0,0,0.012761536
1.0,1,0.9693116
0.0,0,0.047934275
0.0,0,0.0047581643
0.0,0,0.15658371
1.0,1,0.82291377
1.0,1,0.9118726
1.0,1,0.59082264
0.0,0,0.23630863
0.0,0,0.024383686
1.0,1,0.6388625
1.0,1,0.84544027
1.0,1,0.79168725
0.0,0,0.007261018
0.0,0,0.041591927
1.0,1,0.94917035
1.0,1,0.811065
1.0,1,0.66066873
1.0,1,0.49275735
1.0,1,0.28344843
0.0,0,0.014245032
1.0,1,0.6711009
0.0,0,0.012561293
0.0,0,0.008168385
0.0,0,0.03520803
0.0,0,0.006810708
0.0,0,0.011278761
1.0,1,0.5328523
0.0,0,0.0054919533
1.0,1,0.95898676
1.0,1,0.32185385
0.0,0,0.0063490206
1.0,1,0.4358363
0.0,0,0.03719525
1.0,1,0.632721
1.0,1,0.9422142
0.0,0,0.020455917
1.0,1,0.94131404
1.0,1,0.9806652
1.0,1,0.7642118
0.0,0,0.021474548
0.0,0,0.052719902
1.0,1,0.2859084
1.0,1,0.97244364
1.0,1,0.7888657
1.0,1,0.4956811
1.0,1,0.93679386
1.0,0,0.17835683
0.0,0,0.04655793
0.0,0,0.022552842
0.0,0,0.0010905244
0.0,0,0.020426195
0.0,1,0.78399515
1.0,1,0.7396655
1.0,1,0.38728148
0.0,0,0.010552192
0.0,0,0.010043519
1.0,1,0.41048765
1.0,1,0.8743268
1.0,1,0.888105
1.0,1,0.5355531
0.0,0,0.032988798
1.0,1,0.9665422
0.0,0,0.015871959
1.0,1,0.7542938
1.0,1,0.7929071
1.0,1,0.9446174
1.0,1,0.97217304
0.0,0,0.0033584528
0.0,0,0.052346084
1.0,1,0.80454934
1.0,1,0.96795183
0.0,0,0.044876236
0.0,0,0.028738437
1.0,1,0.72369844
0.0,0,0.011196726
0.0,0,0.019903952
0.0,0,0.004971292
1.0,1,0.38884383
0.0,0,0.02412721
1.0,1,0.95385605
1.0,1,0.89966214
0.0,0,0.19852322
1.0,1,0.33407694
1.0,1,0.9757186
0.0,0,0.054063812
1.0,1,0.98197097
0.0,0,0.20825928
0.0,0,0.07063484
0.0,0,0.0844183
1.0,1,0.76495594
0.0,0,0.010460234
1.0,1,0.8569119
0.0,1,0.60689586
1.0,1,0.8293886
1.0,1,0.9821249
0.0,0,0.020358492
0.0,1,0.7365093
1.0,1,0.3934506
1.0,1,0.8200504
0.0,0,0.055060323
1.0,1,0.9775162
1.0,1,0.47726
0.0,0,0.020462459
1.0,1,0.67381054
1.0,1,0.9530669
0.0,0,0.017375054
0.0,0,0.0061042905
1.0,1,0.8299085
0.0,0,0.0066084545
0.0,0,0.020836275
1.0,1,0.9226673
1.0,1,0.57655907
1.0,1,0.8702268
1.0,0,0.19788139
0.0,1,0.5285691
1.0,1,0.87667286
0.0,0,0.006423956
0.0,0,0.06549427
1.0,1,0.9736594
0.0,0,0.17863205
0.0,0,0.033937637
1.0,1,0.7176889
0.0,0,0.026165431
1.0,1,0.96632576
0.0,0,0.021510739
0.0,0,0.03491674
0.0,0,0.18396798
0.0,0,0.022824505
0.0,0,0.031911343
1.0,1,0.612852
1.0,1,0.59698
0.0,1,0.65586996
1.0,1,0.9578175
1.0,1,0.8540056
1.0,1,0.8030468
0.0,0,0.025979733
1.0,1,0.98449636
0.0,1,0.39328572
1.0,1,0.3152341
0.0,0,0.0011211577
0.0,0,0.033422694
0.0,1,0.56414604
1.0,1,0.8808057
1.0,1,0.7042706
0.0,0,0.05067217
0.0,0,0.01776042
0.0,0,0.0150534995
0.0,0,0.0033880277
0.0,0,0.107514665
0.0,0,0.03564631
1.0,1,0.96376467
1.0,1,0.7076279
1.0,1,0.9641246
1.0,1,0.9354742
1.0,1,0.959253
1.0,1,0.62650603
1.0,1,0.9736365
1.0,1,0.98527694
1.0,1,0.8935253
0.0,0,0.056424856
1.0,1,0.84005404
0.0,0,0.023664927
0.0,0,0.120834194
0.0,0,0.028536372
1.0,1,0.9538778
1.0,1,0.46947587
0.0,0,0.10110612
0.0,1,0.3503561
1.0,1,0.7064514
0.0,0,0.20566885
0.0,1,0.38665482
1.0,1,0.89460146
0.0,0,0.062979385
0.0,1,0.38864037
0.0,0,0.005342374
0.0,0,0.08727183
0.0,0,0.015805949
0.0,0,0.024115182
0.0,0,0.16165133
0.0,0,0.0021247973
1.0,1,0.7844745
0.0,0,0.003041309
0.0,0,0.07332809
0.0,0,0.029883867
0.0,0,0.10808588
0.0,0,0.005918322
0.0,0,0.028499447
0.0,0,0.009795488
1.0,1,0.81597114
1.0,1,0.86855954
0.0,0,0.02215214
1.0,1,0.36121997
1.0,1,0.60379195
0.0,0,0.11677682
0.0,0,0.07502868
0.0,0,0.028722577
0.0,1,0.47316775
1.0,1,0.49992648
1.0,1,0.8675201
0.0,0,0.037901588
1.0,1,0.9473556
0.0,0,0.030345524
1.0,1,0.31163558
1.0,1,0.6410855
0.0,0,0.015734494
0.0,0,0.043719396
1.0,1,0.98379517
1.0,0,0.12603448
0.0,0,0.043227803
0.0,0,0.030146666
0.0,0,0.08637749
1.0,1,0.95283705
0.0,0,0.014853877
1.0,1,0.82406807
0.0,0,0.008445036
0.0,0,0.014260509
1.0,1,0.98501265
0.0,0,0.0207073
1.0,1,0.41826397
0.0,0,0.009672773
1.0,1,0.31479308
1.0,1,0.85199314
0.0,0,0.0068816
0.0,0,0.02824484
1.0,0,0.18158953
0.0,0,0.099552244
1.0,1,0.841506
1.0,1,0.7741798
1.0,1,0.9835813
0.0,0,0.027270297
0.0,0,0.098811895
0.0,0,0.07645929
0.0,0,0.025932042
1.0,1,0.91902083
0.0,0,0.08053032
0.0,0,0.0081405565
0.0,0,0.10066756
0.0,0,0.042358823
0.0,0,0.03343845
1.0,1,0.8968096
1.0,1,0.9305779
0.0,0,0.027428664
0.0,0,0.007278692
1.0,1,0.92405206
0.0,0,0.027243277
1.0,1,0.9847409
0.0,0,0.002277426
1.0,1,0.97316164
1.0,1,0.51510215
0.0,0,0.014640262
1.0,1,0.5188927
1.0,1,0.9861626
0.0,0,0.12930624
0.0,0,0.030348636
1.0,1,0.92929596
0.0,0,0.011232877
0.0,0,0.048192248
0.0,0,0.025932658
0.0,0,0.0027898732
1.0,1,0.62534666
1.0,1,0.55727994
1.0,1,0.89828014
0.0,0,0.043754775
1.0,1,0.8763615
0.0,0,0.0113923615
0.0,0,0.0041544894
1.0,1,0.9593632
0.0,0,0.0070491647
0.0,0,0.027737886
0.0,0,0.19604935
1.0,1,0.6415455
0.0,0,0.017135115
1.0,1,0.37980464
0.0,0,0.12409202
0.0,0,0.033964433
1.0,1,0.60485905
0.0,0,0.002790218
0.0,0,0.030832287
1.0,0,0.20740739
1.0,1,0.9548232
1.0,1,0.78353274
1.0,1,0.96050334
1.0,1,0.931502
1.0,1,0.966325
0.0,0,0.018958421
1.0,1,0.30912802
1.0,1,0.9797081
0.0,0,0.015247004
0.0,0,0.021066068
0.0,0,0.009814423
0.0,0,0.028752537
1.0,1,0.33690983
1.0,1,0.96965027
0.0,1,0.5513345
0.0,0,0.002532959
0.0,0,0.018717168
0.0,0,0.018689785
0.0,1,0.4101881
0.0,0,0.15513551
1.0,1,0.9402952
1.0,1,0.9556137
0.0,1,0.6436362
1.0,1,0.7626795
1.0,1,0.51312697
1.0,1,0.9368184
0.0,0,0.018862966
0.0,0,0.086582206
1.0,1,0.89425826
1.0,1,0.9395734
0.0,0,0.008697214
0.0,0,0.013375394
0.0,0,0.008475043
1.0,0,0.25193596
0.0,1,0.80629295
0.0,0,0.05587231
1.0,1,0.9702488
1.0,1,0.5829471
0.0,1,0.52425134
1.0,1,0.3384482
0.0,1,0.45790932
0.0,0,0.023209037
1.0,1,0.6609075
1.0,1,0.9431488
0.0,0,0.035187405
1.0,1,0.9718634
0.0,0,0.024437482
1.0,1,0.5596483
0.0,0,0.014310229
1.0,1,0.8469569
0.0,0,0.030288693
1.0,1,0.86014414
1.0,1,0.30017412
1.0,1,0.48937714
1.0,1,0.93166137
1.0,1,0.2813362
1.0,1,0.8194104
1.0,1,0.40927014
1.0,1,0.8007737
1.0,1,0.74807245
0.0,0,0.15791753
1.0,1,0.9777833
0.0,0,0.04391395
0.0,1,0.7933531
1.0,1,0.3459245
1.0,1,0.98447156
0.0,1,0.4284171
1.0,1,0.95657724
1.0,1,0.9849647
0.0,0,0.001250219
1.0,1,0.6901581
0.0,0,0.08297084
0.0,0,0.03079869
0.0,0,0.008287937
0.0,0,0.12792508
0.0,0,0.22398828
0.0,0,0.04290244
0.0,0,0.0081807645
0.0,0,0.008060516
0.0,0,0.039959256
0.0,0,0.098502375
1.0,1,0.8419183
1.0,1,0.6672679
0.0,0,0.0904516
1.0,1,0.98071307
1.0,1,0.9243258
1.0,1,0.91302264
1.0,1,0.96726185
0.0,0,0.0044053276
1.0,1,0.5134245
1.0,1,0.77528083
1.0,1,0.8732633
1.0,0,0.043006893
0.0,0,0.025544748
1.0,1,0.98228335
0.0,1,0.30131507
0.0,0,0.04978228
1.0,1,0.9609273
0.0,0,0.016946858
0.0,0,0.1844298
0.0,0,0.060338996
1.0,1,0.9752964
1.0,1,0.6855699
1.0,1,0.94353306
1.0,1,0.9140225
0.0,0,0.075754
0.0,1,0.33054715
1.0,1,0.3634573
1.0,1,0.97485214
0.0,0,0.0043111905
0.0,0,0.006716935
1.0,1,0.41981208
1.0,1,0.9720932
1.0,1,0.688959
1.0,0,0.21981455
0.0,0,0.01057016
1.0,1,0.78682643
1.0,0,0.2624197
1.0,1,0.36736035
1.0,1,0.9863504
0.0,0,0.052001644
1.0,1,0.9879021
1.0,1,0.9636333
0.0,0,0.10456408
1.0,1,0.9431178
0.0,0,0.013819908
0.0,0,0.0052777585
1.0,1,0.62877727
0.0,1,0.5479293
1.0,1,0.54009074
0.0,0,0.1987398
0.0,0,0.050910085
1.0,1,0.5487469
0.0,0,0.008302946
1.0,1,0.9741936
0.0,0,0.023256058
0.0,1,0.56206715
1.0,1,0.7354433
0.0,0,0.017364211
1.0,1,0.505453
0.0,0,0.0445312
1.0,1,0.97783655
0.0,0,0.021422973
0.0,1,0.360899
0.0,0,0.01580786
0.0,0,0.018797956
0.0,0,0.031732805
1.0,1,0.93256885
1.0,1,0.83090067
0.0,0,0.008184812
1.0,1,0.5631263
1.0,1,0.97627336
1.0,1,0.9631722
0.0,0,0.016351964
1.0,1,0.9490992
0.0,1,0.30598775
0.0,1,0.37117416
1.0,1,0.46199912
1.0,1,0.8799862
0.0,0,0.24109492
0.0,0,0.01960844
0.0,0,0.0035864434
0.0,0,0.097792774
0.0,0,0.019342674
1.0,1,0.9684921
0.0,0,0.034982923
0.0,0,0.048596974
1.0,1,0.9781607
1.0,1,0.9338026
0.0,0,0.0029293005
1.0,1,0.97026724
0.0,0,0.08278758
1.0,1,0.94976944
1.0,1,0.95903045
0.0,0,0.0066231466
0.0,0,0.029721463
0.0,1,0.7604114
1.0,1,0.76551443
1.0,0,0.05360691
1.0,1,0.46978387
0.0,0,0.023336492
1.0,0,0.15279971
0.0,0,0.018861167
0.0,0,0.0098217195
0.0,0,0.018378371
1.0,1,0.9025456
1.0,0,0.08790033
0.0,0,0.0367269
1.0,1,0.896774
1.0,1,0.7675356
0.0,1,0.79051596
1.0,1,0.8002689
0.0,0,0.008688396
1.0,1,0.51549184
0.0,0,0.014271136
0.0,0,0.021695215
0.0,0,0.014914334
1.0,1,0.91733164
0.0,1,0.50537074
1.0,1,0.8769412
1.0,1,0.6112479
1.0,1,0.9686778
1.0,1,0.8190393
1.0,1,0.78115755
0.0,0,0.026842691
0.0,0,0.0054786117
0.0,0,0.0077904454
1.0,1,0.9046283
0.0,0,0.029600846
1.0,1,0.9787254
1.0,1,0.9284793
1.0,1,0.66844964
0.0,0,0.02000887
1.0,1,0.8731029
0.0,0,0.023639802
0.0,0,0.24518508
1.0,1,0.772284
1.0,1,0.541213
1.0,1,0.84869516
0.0,0,0.048898887
0.0,0,0.0363803
0.0,0,0.016591357
1.0,1,0.6345538
0.0,0,0.008876009
1.0,1,0.54540867
1.0,1,0.98539644
1.0,0,0.24567834
1.0,1,0.87028617
0.0,0,0.023717593
1.0,1,0.6083014
0.0,0,0.017680658
1.0,1,0.43459713
1.0,1,0.48180112
0.0,0,0.002985058
1.0,1,0.9686162
0.0,0,0.0045717913
0.0,0,0.0049989796
1.0,1,0.8210772
1.0,1,0.9669165
0.0,0,0.012831265
0.0,1,0.8523437
1.0,1,0.51370466
1.0,1,0.9870481
1.0,1,0.8439438
0.0,0,0.01444758
0.0,0,0.044770993
0.0,1,0.8035982
1.0,1,0.9692562
1.0,1,0.53502285
0.0,0,0.12732899
1.0,1,0.4604394
1.0,1,0.4926232
1.0,1,0.98549944
1.0,1,0.670365
0.0,0,0.018783012
1.0,1,0.98017627
1.0,1,0.70545566
1.0,0,0.12826544
0.0,0,0.17242767
1.0,1,0.9844623
1.0,1,0.5471622
0.0,0,0.007300189
0.0,0,0.108636655
1.0,1,0.89878374
1.0,1,0.92937607
1.0,1,0.95768195
0.0,0,0.0061220066
1.0,1,0.5904109
1.0,1,0.8314863
0.0,0,0.18830003
0.0,0,0.009406371
0.0,0,0.024674209
0.0,0,0.021249302
0.0,0,0.00069455535
0.0,0,0.012952731
0.0,0,0.039967686
1.0,1,0.98043317
0.0,0,0.031190122
0.0,0,0.017991655
0.0,0,0.027059665
1.0,1,0.86478364
1.0,1,0.50547963
0.0,0,0.03711726
0.0,0,0.20032056
0.0,0,0.04992274
0.0,0,0.010819031
1.0,1,0.34700695
1.0,1,0.8924471
1.0,1,0.84231234
0.0,0,0.018489178
1.0,1,0.6374774
1.0,0,0.13069151
0.0,0,0.0024188731
0.0,0,0.023039708
1.0,1,0.9839806
0.0,0,0.03135421
1.0,1,0.7688366
1.0,1,0.57095313
0.0,0,0.015708353
1.0,1,0.8777714
1.0,1,0.5305977
1.0,1,0.93005836
0.0,0,0.011750664
0.0,1,0.35305297
1.0,1,0.6708902
0.0,0,0.025219461
0.0,0,0.020237803
1.0,1,0.91572535
1.0,1,0.92482936
0.0,0,0.10237504
0.0,0,0.015044381
1.0,1,0.59214485
0.0,0,0.0018014034
1.0,1,0.31560647
1.0,1,0.4178279
0.0,0,0.024744498
0.0,0,0.047126736
0.0,0,0.013251154
1.0,1,0.7198843
0.0,0,0.0054056547
0.0,0,0.0738888
1.0,1,0.98330015
1.0,1,0.9714167
0.0,0,0.12135272
1.0,1,0.9011847
1.0,1,0.81894284
0.0,0,0.10033136
1.0,1,0.9650457
0.0,1,0.558691
1.0,1,0.9849241
0.0,0,0.007118142
1.0,1,0.9053683
0.0,0,0.12551934
1.0,1,0.64501506
0.0,0,0.017685687
0.0,0,0.0040216376
0.0,0,0.117687516
1.0,1,0.9685906
1.0,1,0.9171625
1.0,1,0.48670992
0.0,0,0.015148161
0.0,0,0.02250434
1.0,1,0.98433995
1.0,0,0.038580015
1.0,1,0.9469883
1.0,1,0.93235576
1.0,1,0.97793436
1.0,1,0.94812477
0.0,0,0.05944157
1.0,1,0.759651
0.0,0,0.225525
1.0,1,0.27161282
1.0,1,0.64501065
0.0,0,0.054469585
0.0,0,0.025337745
0.0,0,0.016922994
1.0,1,0.72340703
0.0,0,0.16447091
1.0,1,0.6903058
1.0,1,0.9243004
0.0,0,0.21883073
0.0,0,0.0029171924
1.0,1,0.6594633
1.0,1,0.8058121
0.0,0,0.079368524
0.0,0,0.005935845
1.0,1,0.85471606
1.0,1,0.8357791
1.0,1,0.9696872
1.0,1,0.9732186
1.0,1,0.9407683
1.0,1,0.62475157
1.0,1,0.5229995
1.0,1,0.6266105
0.0,1,0.51843655
1.0,1,0.5067856
1.0,1,0.80686927
0.0,0,0.0054354514
0.0,0,0.009210397
0.0,0,0.15820007
1.0,1,0.96003556
1.0,1,0.8617037
1.0,1,0.9041261
1.0,1,0.9841247
0.0,0,0.012775265
0.0,0,0.0160454
0.0,0,0.009518061
1.0,1,0.9812894
0.0,1,0.3245299
0.0,0,0.02019172
0.0,0,0.2299399
1.0,1,0.93496996
1.0,1,0.8725586
1.0,1,0.4879927
0.0,0,0.0027929128
1.0,1,0.9366142
1.0,0,0.1133835
1.0,1,0.95841837
0.0,0,0.11426943
1.0,1,0.7716463
1.0,1,0.5358195
0.0,1,0.38880658
1.0,0,0.22586899
0.0,0,0.0058405814
1.0,1,0.9291091
1.0,1,0.82477474
1.0,1,0.9789493
0.0,0,0.18303972
0.0,0,0.026848273
1.0,1,0.6113436
1.0,1,0.28241622
0.0,0,0.013423808
0.0,0,0.20008606
1.0,1,0.50985336
0.0,0,0.012552772
1.0,1,0.9603637
0.0,0,0.011585415
1.0,1,0.7241589
0.0,0,0.0103049595
0.0,0,0.027643595
1.0,1,0.70733285
0.0,0,0.03489231
0.0,0,0.030332908
1.0,0,0.14829612
0.0,0,0.016371282
1.0,1,0.98277265
1.0,1,0.93798554
0.0,0,0.09594341
0.0,0,0.10154319
1.0,1,0.9726423
0.0,0,0.011138257
1.0,1,0.9736789
1.0,1,0.61205006
0.0,0,0.009452969
1.0,0,0.25476846
1.0,1,0.7876567
1.0,0,0.26971075
0.0,0,0.03217727
1.0,1,0.7183056
1.0,1,0.9870181
0.0,0,0.011209626
1.0,1,0.7412747
0.0,0,0.025310555
0.0,0,0.043897703
0.0,0,0.012787424
1.0,1,0.4061359
0.0,0,0.086942844
1.0,1,0.93570584
1.0,1,0.7959426
1.0,1,0.96206087
0.0,0,0.015334035
0.0,0,0.006499486
0.0,0,0.115579545
0.0,0,0.065043055
1.0,1,0.7319144
1.0,1,0.61780345
0.0,0,0.22938068
1.0,1,0.75660384
0.0,0,0.011465803
1.0,1,0.7022767
0.0,0,0.0984875
0.0,0,0.15287535
0.0,1,0.536518
1.0,1,0.5890795
0.0,0,0.17085525
0.0,0,0.008404636
1.0,1,0.6382319
1.0,1,0.5379058
0.0,1,0.6345396
1.0,1,0.7750224
1.0,1,0.89745986
1.0,1,0.93613786
1.0,1,0.7513018
0.0,0,0.02519854
0.0,0,0.034721654
0.0,0,0.0032104035
0.0,0,0.2418113
0.0,0,0.11711274
0.0,0,0.03229486
0.0,0,0.013637662
1.0,1,0.65064967
0.0,0,0.03083607
1.0,1,0.6061071
1.0,0,0.1763166
1.0,1,0.7300416
1.0,1,0.7833214
1.0,1,0.92380863
0.0,0,0.0057980833
0.0,0,0.034034163
0.0,0,0.005477305
1.0,1,0.96515954
0.0,0,0.041457262
1.0,1,0.81671363
1.0,1,0.97177774
0.0,0,0.00211612
1.0,1,0.98461306
0.0,0,0.00532245
0.0,0,0.05603159
1.0,1,0.95696104
0.0,0,0.017097775
0.0,0,0.08261536
0.0,0,0.019281205
1.0,0,0.07063382
0.0,1,0.4710332
1.0,1,0.90450907
1.0,1,0.6668835
1.0,1,0.9714303
1.0,1,0.98379344
0.0,0,0.016804874
1.0,1,0.61821574
0.0,0,0.20202065
1.0,1,0.6513299
1.0,1,0.974986
1.0,1,0.919156
0.0,0,0.042462166
1.0,1,0.31347144
1.0,0,0.096844606
0.0,0,0.016539946
1.0,1,0.5306717
0.0,0,0.0038049966
0.0,0,0.040463407
1.0,1,0.978726
1.0,1,0.85420084
1.0,0,0.24520034
1.0,1,0.918047
1.0,1,0.9683919
0.0,0,0.009510386
0.0,0,0.2025373
1.0,1,0.5812144
1.0,1,0.84218025
0.0,0,0.032796584
0.0,0,0.021553114
1.0,1,0.9760435
1.0,1,0.9795799
0.0,0,0.04134034
1.0,1,0.94415087
1.0,1,0.6115825
1.0,1,0.9677531
0.0,0,0.031888496
1.0,1,0.9840134
0.0,0,0.0034796407
0.0,0,0.05936297
1.0,1,0.4885981
1.0,1,0.8489858
0.0,0,0.17334595
0.0,0,0.030315336
1.0,1,0.90578777
0.0,0,0.0054010926
0.0,0,0.06863201
0.0,0,0.06754305
0.0,1,0.83447766
1.0,1,0.98249805
1.0,1,0.9820602
0.0,0,0.013487981
0.0,0,0.033466876
0.0,0,0.14685655
1.0,1,0.5405247
1.0,1,0.55562115
1.0,1,0.9581801
0.0,0,0.09442563
1.0,1,0.77967066
0.0,0,0.03894316
0.0,0,0.012701804
0.0,1,0.6123266
0.0,0,0.012123201
0.0,0,0.016367588
0.0,1,0.5930848
1.0,1,0.9415554
1.0,1,0.9834477
1.0,1,0.97364366
0.0,0,0.0043739513
1.0,1,0.96726155
1.0,1,0.6852966
0.0,0,0.011093943
1.0,1,0.6691475
0.0,0,0.003935491
1.0,1,0.83944046
0.0,0,0.019258058
1.0,1,0.98356795
1.0,1,0.44525
1.0,1,0.9770866
1.0,1,0.47984996
1.0,1,0.598278
0.0,0,0.1290203
0.0,0,0.13898374
0.0,0,0.005833379
1.0,1,0.743323
0.0,0,0.008147589
0.0,0,0.06351844
0.0,0,0.019441834
1.0,1,0.74835896
0.0,0,0.003131873
0.0,0,0.03118745
1.0,1,0.984817
0.0,0,0.13027415
0.0,0,0.028511932
1.0,1,0.8347175
0.0,0,0.0101488
0.0,0,0.0065156952
0.0,0,0.010283667
1.0,0,0.23661137
0.0,0,0.025506703
0.0,0,0.011251402
0.0,1,0.5105797
0.0,0,0.01194685
0.0,0,0.011106904
1.0,1,0.90557104
0.0,0,0.023601724
0.0,0,0.15275778
1.0,1,0.97350425
1.0,1,0.92265224
1.0,1,0.98677033
0.0,0,0.13626905
0.0,0,0.0017362663
1.0,1,0.7106967
0.0,0,0.021359762
1.0,1,0.95307064
1.0,1,0.96652865
0.0,0,0.05536598
1.0,1,0.9724987
1.0,1,0.8972884
1.0,1,0.97996247
1.0,1,0.72281647
0.0,0,0.031021861
1.0,1,0.6153414
1.0,1,0.9836844
0.0,0,0.04341048
1.0,1,0.9812876
1.0,0,0.0498715
1.0,1,0.95166075
1.0,1,0.7613829
1.0,1,0.6731235
1.0,1,0.97200114
0.0,0,0.14932199
1.0,1,0.69185024
0.0,0,0.07722223
0.0,0,0.04653788
0.0,0,0.030414283
0.0,0,0.012663512
1.0,1,0.7167061
0.0,0,0.021423098
1.0,1,0.90478396
0.0,0,0.25254068
0.0,1,0.4359342
1.0,1,0.77260995
1.0,0,0.1440664
0.0,0,0.022103466
1.0,1,0.52760726
1.0,1,0.9757494
1.0,1,0.86763173
1.0,1,0.9820054
1.0,0,0.25092974
1.0,1,0.94605815
0.0,0,0.003949644
1.0,1,0.9754339
0.0,0,0.030528693
0.0,0,0.022749627
1.0,1,0.9060123
1.0,1,0.5091455
1.0,1,0.8163842
1.0,1,0.9731039
0.0,1,0.8156299
1.0,1,0.37770122
1.0,1,0.87106335
1.0,1,0.9380634
1.0,1,0.8824173
1.0,1,0.96072036
1.0,1,0.75325346
0.0,1,0.3413168
1.0,0,0.12276457
1.0,1,0.95526415
1.0,1,0.88736814
0.0,0,0.14959724
1.0,1,0.91315836
1.0,1,0.94730437
0.0,1,0.76145923
1.0,1,0.93590367
0.0,0,0.0045954357
0.0,0,0.024510913
0.0,0,0.0839829
1.0,1,0.70442355
1.0,1,0.97396713
0.0,0,0.12816024
0.0,0,0.19783838
1.0,1,0.9491442
1.0,1,0.9780124
0.0,0,0.022609157
0.0,0,0.005023514
0.0,0,0.13855623
1.0,1,0.95838314
1.0,1,0.9534918
0.0,0,0.023592148
0.0,0,0.0017200393
1.0,1,0.86996144
1.0,1,0.9854201
1.0,1,0.6311802
0.0,1,0.4910412
0.0,0,0.016980188
0.0,0,0.014387927
0.0,0,0.114325576
0.0,0,0.057569873
0.0,0,0.005712675
0.0,1,0.6144612
1.0,1,0.8356496
1.0,0,0.13981906
0.0,0,0.026010009
0.0,0,0.18815877
1.0,1,0.9783828
1.0,1,0.41715562
1.0,1,0.9457035
0.0,0,0.02062151
0.0,0,0.026667489
1.0,1,0.8460215
1.0,1,0.27872303
0.0,0,0.0037114434
0.0,0,0.0237497
0.0,0,0.020450652
1.0,1,0.5158262
1.0,0,0.15646581
1.0,1,0.9875491
0.0,0,0.04478829
1.0,1,0.98704815
1.0,1,0.39993253
1.0,1,0.671698
0.0,0,0.0024990232
1.0,1,0.96874624
1.0,1,0.84063774
0.0,0,0.087910704
0.0,0,0.07696157
0.0,0,0.07620855
1.0,1,0.86197853
0.0,0,0.014337173
0.0,0,0.025674384
0.0,0,0.0012844453
0.0,0,0.02927814
1.0,1,0.6463865
1.0,1,0.88273656
0.0,0,0.008385495
1.0,1,0.8318612
1.0,1,0.6297685
0.0,0,0.02705413
1.0,1,0.83115315
1.0,1,0.98832333
1.0,1,0.90918636
1.0,1,0.45041707
1.0,1,0.97965467
0.0,0,0.10204712
0.0,0,0.019927956
1.0,1,0.97136337
1.0,1,0.95202166
0.0,0,0.022721631
1.0,1,0.98432666
0.0,0,0.020754179
0.0,0,0.2387631
0.0,0,0.18384643
0.0,0,0.041579917
1.0,0,0.038334172
1.0,1,0.9701698
0.0,0,0.021547683
1.0,1,0.962603
0.0,0,0.04983182
0.0,0,0.0038495043
0.0,0,0.002224687
0.0,0,0.04316527
1.0,1,0.9653602
0.0,0,0.12513141
0.0,0,0.062244043
1.0,1,0.86475253
1.0,1,0.3273011
1.0,1,0.7782522
0.0,0,0.1636043
1.0,1,0.9649365
0.0,0,0.011581107
0.0,0,0.020263644
0.0,0,0.004527103
1.0,1,0.40950945
1.0,1,0.97836876
0.0,0,0.0042819274
1.0,1,0.37206623
0.0,0,0.05510798
0.0,0,0.032761455
0.0,0,0.0417572
0.0,0,0.04585476
1.0,1,0.81529135
0.0,0,0.028376896
0.0,0,0.0146309035
1.0,1,0.97759175
1.0,1,0.5952053
1.0,1,0.8698852
0.0,0,0.021161713
1.0,1,0.94444907
0.0,0,0.028463019
1.0,1,0.94020844
1.0,1,0.74479127
1.0,1,0.536919
0.0,0,0.0009833795
0.0,0,0.008826684
1.0,1,0.7733859
0.0,0,0.029418126
1.0,1,0.91033375
1.0,1,0.52055955
1.0,1,0.96826833
0.0,0,0.10974
1.0,1,0.46574607
1.0,1,0.90302503
1.0,1,0.92051315
0.0,0,0.08093591
0.0,1,0.87122285
0.0,0,0.112593584
0.0,0,0.013179401
1.0,0,0.0338797
0.0,0,0.01067802
1.0,1,0.7117921
1.0,1,0.940181
1.0,1,0.87354773
0.0,0,0.029306037
1.0,1,0.9791205
1.0,1,0.9557415
0.0,0,0.02633218
1.0,1,0.7653693
1.0,1,0.94096494
1.0,1,0.97239727
0.0,0,0.041401077
1.0,1,0.39761922
0.0,0,0.050238892
0.0,0,0.1024392
1.0,1,0.85869014
1.0,1,0.8753614
1.0,1,0.94007504
1.0,1,0.97995585
1.0,1,0.51916087
0.0,0,0.001161366
1.0,1,0.9790464
1.0,1,0.8983867
0.0,0,0.009308724
1.0,1,0.67683554
1.0,1,0.910714
1.0,1,0.47461787
1.0,1,0.33544806
1.0,1,0.97580457
0.0,0,0.013757936
1.0,1,0.86000806
1.0,1,0.98097247
1.0,1,0.5518465
1.0,1,0.58947825
1.0,1,0.6964556
0.0,0,0.008838553
0.0,0,0.0121978335
0.0,0,0.0070695127
1.0,1,0.92183864
1.0,0,0.055285357
1.0,1,0.9799101
0.0,0,0.04948029
0.0,0,0.0061100703
1.0,1,0.98805594
0.0,1,0.8530427
0.0,0,0.026748534
0.0,0,0.064969584
0.0,0,0.017165521
1.0,1,0.7124195
1.0,1,0.8066872
1.0,1,0.8068726
1.0,1,0.8748313
1.0,1,0.6725602
0.0,0,0.011977537
1.0,1,0.45928735
1.0,1,0.9600793
0.0,0,0.027565679
0.0,0,0.01900047
1.0,1,0.86304045
1.0,1,0.56276983
1.0,1,0.86778945
0.0,0,0.0482905
0.0,0,0.024271268
1.0,0,0.054769356
1.0,1,0.9819623
0.0,0,0.051531225
0.0,1,0.4205753
0.0,1,0.28428087
1.0,0,0.057349615
1.0,1,0.7420041
0.0,0,0.008992012
1.0,1,0.98295313
0.0,0,0.051043373
0.0,0,0.0025057506
0.0,0,0.15548696
0.0,0,0.011662687
1.0,1,0.9675891
1.0,1,0.9586222
1.0,1,0.9865385
0.0,0,0.023096446
0.0,0,0.025232622
1.0,1,0.91458815
1.0,1,0.70577663
0.0,1,0.37786865
0.0,0,0.026053417
1.0,1,0.81005794
1.0,1,0.8795352
1.0,1,0.9130614
1.0,1,0.7250026
0.0,1,0.80214167
0.0,0,0.02840236
1.0,1,0.73446965
1.0,1,0.91504663
1.0,1,0.98787856
0.0,0,0.014389293
1.0,1,0.8936104
0.0,0,0.07790897
1.0,1,0.98482716
1.0,1,0.8862133
1.0,1,0.78638446
1.0,1,0.8691889
0.0,0,0.07203785
1.0,1,0.88894594
0.0,0,0.048846155
0.0,0,0.01518646
0.0,0,0.008076945
0.0,1,0.27838695
0.0,1,0.38482627
0.0,0,0.008599113
1.0,1,0.9439824
0.0,0,0.043613635
1.0,1,0.67509437
1.0,1,0.85938066
0.0,0,0.0038983135
0.0,0,0.07607579
1.0,1,0.8265586
1.0,1,0.95707417
1.0,1,0.512308
0.0,0,0.011381738
1.0,1,0.94927245
0.0,0,0.0029554486
0.0,0,0.011602508
0.0,0,0.042052828
0.0,0,0.014775333
1.0,1,0.9476983
0.0,0,0.092903554
0.0,0,0.011721241
0.0,1,0.598739
1.0,1,0.8558414
0.0,0,0.016908316
1.0,1,0.9793573
1.0,1,0.6937953
1.0,1,0.6146569
1.0,1,0.9835836
1.0,1,0.39015302
0.0,1,0.30244705
0.0,0,0.009299199
1.0,1,0.9179868
1.0,1,0.40551257
1.0,1,0.4794844
1.0,1,0.9122439
0.0,0,0.020553602
1.0,1,0.5522214
1.0,1,0.7063906
0.0,0,0.016225182
1.0,1,0.98141295
1.0,1,0.74226856
1.0,1,0.9796718
1.0,1,0.9829342
0.0,0,0.12590745
0.0,0,0.02312574
0.0,0,0.043414336
0.0,0,0.056889337
0.0,0,0.048599552
1.0,0,0.19284113
0.0,0,0.0019508817
1.0,1,0.81900275
0.0,0,0.009548665
1.0,1,0.8004052
0.0,0,0.0045756884
0.0,0,0.021504343
0.0,0,0.1097422
1.0,1,0.9632222
0.0,1,0.7164639
0.0,0,0.059018064
0.0,0,0.016471319
0.0,0,0.0106627885
0.0,0,0.035156123
0.0,0,0.038338892
0.0,1,0.55838877
1.0,1,0.9754638
1.0,1,0.8765151
1.0,1,0.98145485
0.0,0,0.083088435
1.0,1,0.9793541
1.0,1,0.6810225
0.0,0,0.09266442
0.0,0,0.2475496
1.0,1,0.9391656
1.0,1,0.95946294
0.0,0,0.0037081477
0.0,0,0.013953019
0.0,0,0.008616447
1.0,1,0.70962954
1.0,1,0.29976076
1.0,1,0.67718744
1.0,1,0.9666542
1.0,1,0.9852369
0.0,0,0.012532227
1.0,1,0.8804713
1.0,1,0.96609217
1.0,1,0.94170177
1.0,1,0.35715854
0.0,1,0.42075467
1.0,1,0.94448745
0.0,0,0.012811283
1.0,1,0.9802592
0.0,1,0.2965004
0.0,0,0.0363797
1.0,1,0.6586875
0.0,0,0.015683651
1.0,1,0.9687777
1.0,1,0.8414464
1.0,1,0.9733979
0.0,0,0.052351844
0.0,0,0.011487415
0.0,0,0.02121705
0.0,0,0.030620793
0.0,1,0.29625505
1.0,0,0.096112624
0.0,0,0.01105755
1.0,0,0.101106495
0.0,0,0.004703693
1.0,1,0.9801974
1.0,1,0.9492418
0.0,0,0.23502506
1.0,1,0.8744466
1.0,1,0.72743
0.0,0,0.041016854
0.0,0,0.22701842
1.0,1,0.64867616
0.0,0,0.058522075
0.0,0,0.0025778203
1.0,1,0.89769816
1.0,1,0.6629679
1.0,1,0.8808966
1.0,1,0.4993776
1.0,1,0.48517922
0.0,0,0.022717685
0.0,0,0.0024143746
1.0,1,0.4269286
1.0,1,0.98865396
1.0,1,0.84629285
0.0,0,0.021601284
1.0,1,0.9834647
1.0,1,0.91092575
1.0,0,0.10903688
1.0,1,0.7637859
0.0,0,0.0019733189
0.0,0,0.040271435
0.0,0,0.012159387
0.0,0,0.0410901
0.0,0,0.22128588
0.0,0,0.022842214
1.0,1,0.94699013
0.0,1,0.3908801
1.0,1,0.9220406
1.0,1,0.9555029
0.0,0,0.002978517
0.0,0,0.0055649825
0.0,0,0.013945897
0.0,0,0.0029078533
1.0,1,0.52700865
1.0,1,0.9769583
1.0,1,0.9601913
0.0,0,0.018200682
0.0,0,0.024349773
0.0,1,0.31784996
1.0,1,0.88579375
0.0,0,0.0026102967
0.0,0,0.016695235
0.0,0,0.011329618
1.0,1,0.5816355
1.0,1,0.445951
1.0,1,0.96719617
1.0,1,0.8223323
0.0,0,0.037228193
1.0,1,0.9347122
0.0,0,0.047176816
0.0,0,0.03425109
1.0,1,0.7981396
1.0,1,0.7191955
1.0,1,0.86059827
0.0,0,0.0063276775
0.0,0,0.024920193
1.0,0,0.13727662
0.0,0,0.009006377
1.0,1,0.9870686
0.0,0,0.014111948
1.0,1,0.9441764
0.0,0,0.0007465824
1.0,1,0.9775374
0.0,1,0.56410885
0.0,0,0.015787968
0.0,0,0.17752795
1.0,1,0.8916085
0.0,1,0.37437046
1.0,1,0.9669984
1.0,1,0.9518533
0.0,0,0.24226618
0.0,0,0.010732736
0.0,0,0.17897895
0.0,0,0.055651456
0.0,0,0.123071626
1.0,1,0.9890344
1.0,1,0.97327363
0.0,0,0.051437244
1.0,1,0.83975554
1.0,0,0.23160431
0.0,0,0.101845615
0.0,1,0.8566795
0.0,0,0.014037435
1.0,1,0.96185964
0.0,0,0.006679163
1.0,1,0.93383276
0.0,1,0.44723988
0.0,0,0.04369201
0.0,0,0.0033204134
1.0,1,0.5727699
0.0,1,0.2908883
0.0,0,0.029408626
0.0,0,0.043199986
0.0,0,0.023232397
0.0,0,0.20041028
0.0,0,0.038975548
1.0,1,0.9885301
0.0,0,0.004934699
0.0,0,0.026244057
0.0,0,0.024657777
1.0,1,0.62169194
0.0,0,0.08777042
0.0,0,0.019365367
0.0,0,0.0656161
1.0,1,0.97791207
1.0,1,0.52457356
0.0,1,0.6957133
0.0,0,0.022059016
0.0,0,0.0068489807
0.0,0,0.043909993
0.0,0,0.016438404
0.0,0,0.0024233668
1.0,1,0.8625142
1.0,1,0.6734286
0.0,0,0.03940493
1.0,1,0.83203614
0.0,0,0.07906821
0.0,0,0.026855785
1.0,1,0.8685199
0.0,0,0.005310463
0.0,0,0.015370478
1.0,1,0.97099894
0.0,0,0.116211616
0.0,0,0.009547759
0.0,0,0.10843772
1.0,1,0.67095613
0.0,0,0.036737997
1.0,1,0.28023255
0.0,0,0.061894532
0.0,0,0.09268259
1.0,1,0.88060653
1.0,1,0.6469258
0.0,0,0.014356734
0.0,0,0.01741987
0.0,1,0.28579876
0.0,0,0.026132397
1.0,0,0.20317052
1.0,1,0.9839896
0.0,0,0.024076192
0.0,0,0.0727901
0.0,0,0.019916752
0.0,0,0.0037809343
1.0,1,0.85702336
0.0,1,0.33815333
0.0,0,0.028808631
1.0,1,0.5952406
1.0,1,0.9385645
0.0,0,0.23276658
1.0,1,0.60256207
1.0,1,0.28025672
1.0,1,0.7684292
0.0,0,0.10103497
1.0,1,0.8182306
0.0,0,0.02493907
0.0,0,0.03862794
0.0,0,0.015914142
1.0,1,0.98353857
0.0,0,0.048736762
1.0,1,0.51961684
1.0,1,0.94481313
0.0,0,0.02385574
1.0,1,0.9485007
1.0,1,0.28970867
1.0,1,0.89042753
0.0,0,0.0031249435
1.0,1,0.764244
1.0,1,0.81372607
0.0,0,0.009817121
1.0,1,0.9566614
1.0,1,0.4541434
0.0,0,0.027452942
0.0,0,0.008583895
1.0,0,0.24069802
1.0,1,0.9714313
1.0,0,0.2692863
1.0,1,0.93981075
1.0,1,0.879081
0.0,0,0.09733944
1.0,1,0.4560127
1.0,1,0.96493846
0.0,0,0.013625704
0.0,1,0.4376941
0.0,0,0.014802992
1.0,1,0.9277176
1.0,1,0.6689253
0.0,0,0.17726944
1.0,1,0.97061473
0.0,0,0.03236049
1.0,1,0.9719124
1.0,1,0.958445
0.0,0,0.020098167
0.0,0,0.010989782
0.0,0,0.046675198
1.0,1,0.6151623
1.0,1,0.8840137
0.0,0,0.017166559
0.0,0,0.0059142895
1.0,1,0.8131256
0.0,1,0.33964884
0.0,0,0.05513725
1.0,1,0.27002954
1.0,1,0.96313864
0.0,0,0.022320766
1.0,1,0.551824
0.0,0,0.05478544
1.0,1,0.76271015
1.0,1,0.431468
0.0,0,0.18926708
1.0,1,0.70346546
0.0,0,0.0068409257
1.0,1,0.30767828
0.0,0,0.017644115
1.0,1,0.9758619
0.0,0,0.048356857
0.0,0,0.016448708
1.0,1,0.77139926
0.0,0,0.044150285
0.0,0,0.0241671
1.0,1,0.84770155
1.0,1,0.9677996
0.0,0,0.018184833
0.0,0,0.0014207014
1.0,1,0.74269426
1.0,1,0.91840124
0.0,0,0.04172061
0.0,0,0.108122215
0.0,0,0.03986687
0.0,0,0.011301696
0.0,0,0.036429737
1.0,1,0.39463827
0.0,0,0.00042426915
1.0,1,0.9556589
1.0,0,0.16260779
0.0,0,0.01638756
1.0,1,0.42275068
1.0,1,0.73493767
0.0,0,0.0073762955
1.0,1,0.953359
0.0,0,0.14616923
0.0,0,0.26414123
1.0,1,0.590026
1.0,1,0.9830359
1.0,1,0.95833313
0.0,0,0.015754662
0.0,0,0.006901733
1.0,1,0.79554737
0.0,0,0.050653744
0.0,0,0.063998476
0.0,1,0.43343
1.0,1,0.9168937
0.0,0,0.0030559974
1.0,1,0.77805436
0.0,0,0.18131073
1.0,1,0.9504036
1.0,1,0.9488903
1.0,1,0.9826839
1.0,1,0.9306131
1.0,1,0.4610674
1.0,0,0.22403157
1.0,1,0.8155735
0.0,0,0.08175078
0.0,0,0.006172457
0.0,0,0.0052720937
1.0,1,0.9730203
0.0,0,0.038208634
0.0,0,0.017053308
0.0,0,0.0040111467
1.0,1,0.7943639
0.0,0,0.10365374
1.0,1,0.8999651
1.0,1,0.7544857
0.0,1,0.29631725
1.0,1,0.72215307
0.0,0,0.0068425294
0.0,1,0.38412234
0.0,0,0.0041368864
1.0,1,0.93513006
1.0,1,0.95776784
1.0,1,0.8137877
1.0,1,0.92620206
0.0,0,0.12833843
1.0,1,0.92143
0.0,1,0.74335456
1.0,1,0.9019473
1.0,1,0.9778897
0.0,0,0.01225299
1.0,1,0.7268508
0.0,0,0.024485122
0.0,0,0.030510373
1.0,1,0.799551
0.0,0,0.035520744
1.0,1,0.9769725
0.0,0,0.018363787
0.0,0,0.05571952
0.0,0,0.008039814
0.0,0,0.014754377
1.0,1,0.8192695
0.0,0,0.009039433
0.0,0,0.01913736
0.0,0,0.014275525
1.0,1,0.98810095
1.0,1,0.53871334
0.0,0,0.015604332
0.0,0,0.02484572
0.0,0,0.06889887
0.0,0,0.10588617
0.0,0,0.0096590305
1.0,1,0.38827533
1.0,1,0.9623032
1.0,1,0.5111637
0.0,0,0.015910378
1.0,1,0.80454415
1.0,0,0.05017853
1.0,1,0.78896457
1.0,1,0.97645426
1.0,1,0.65546644
1.0,1,0.45502263
1.0,1,0.9745679
1.0,1,0.6523616
1.0,1,0.6584785
1.0,1,0.43400237
1.0,1,0.7689084
1.0,1,0.75729394
0.0,0,0.0070890468
0.0,0,0.2573336
1.0,1,0.949661
0.0,1,0.62851274
0.0,0,0.009755814
0.0,0,0.004974853
1.0,1,0.97632223
1.0,1,0.9671258
1.0,1,0.9840856
1.0,1,0.77288556
1.0,1,0.6689054
0.0,0,0.16708352
0.0,0,0.111284345
1.0,1,0.93136346
1.0,1,0.96252286
1.0,1,0.99025065
1.0,1,0.9797488
0.0,0,0.014458952
0.0,0,0.030053284
1.0,1,0.7568548
1.0,1,0.8951356
0.0,0,0.026459359
0.0,0,0.023288298
1.0,1,0.5555623
1.0,1,0.9305129
1.0,1,0.62505114
0.0,0,0.017862126
0.0,0,0.01022701
0.0,0,0.07880222
0.0,0,0.0064910543
1.0,1,0.27352956
1.0,1,0.57940125
0.0,0,0.16345005
1.0,1,0.9687449
0.0,0,0.016223261
0.0,1,0.28973457
1.0,1,0.7838781
1.0,1,0.8653315
0.0,0,0.04994803
1.0,1,0.7634833
1.0,0,0.20114316
0.0,1,0.3654424
1.0,1,0.51933753
0.0,0,0.16030702
0.0,0,0.0034471157
0.0,0,0.047225427
1.0,1,0.91123146
1.0,1,0.9848077
0.0,0,0.13377939
1.0,1,0.82861805
1.0,1,0.6993632
1.0,0,0.20130798
0.0,0,0.2218036
0.0,0,0.10233136
0.0,0,0.03657795
1.0,1,0.93998456
1.0,1,0.94888246
1.0,1,0.9560575
0.0,1,0.33690074
0.0,1,0.41343746
0.0,0,0.0506663
0.0,0,0.006749585
0.0,0,0.08056901
0.0,0,0.013065704
1.0,1,0.822981
1.0,1,0.35366052
1.0,1,0.5287
0.0,0,0.086337574
1.0,1,0.853032
1.0,1,0.48638678
1.0,1,0.94999576
0.0,1,0.63444304
0.0,0,0.0011090607
0.0,0,0.011947566
1.0,1,0.40709072
1.0,1,0.69825834
1.0,1,0.9792181
1.0,0,0.24546964
1.0,1,0.44435373
0.0,0,0.1016339
0.0,0,0.1380965
1.0,1,0.9797684
1.0,1,0.94402564
1.0,1,0.91329837
0.0,0,0.043559078
0.0,0,0.0047736545
0.0,0,0.068467334
1.0,1,0.46800277
0.0,1,0.3359437
1.0,0,0.18190725
1.0,0,0.17405076
0.0,0,0.0853407
1.0,1,0.8985635
0.0,0,0.00220708
0.0,0,0.018240409
1.0,1,0.86058885
1.0,1,0.9834676
1.0,0,0.10744971
0.0,0,0.011364057
0.0,1,0.662907
1.0,1,0.86485195
1.0,1,0.8549864
1.0,1,0.9814131
1.0,1,0.33786893
0.0,0,0.041449286
0.0,1,0.3306096
1.0,1,0.5371301
1.0,1,0.9115891
1.0,1,0.77936554
0.0,1,0.3850102
0.0,0,0.020116787
1.0,1,0.6152893
0.0,0,0.036577515
1.0,1,0.87664765
0.0,0,0.0067515797
1.0,1,0.7906786
0.0,1,0.3460871
0.0,0,0.1357749
1.0,1,0.96243113
0.0,0,0.01507115
0.0,0,0.013233278
1.0,1,0.9766694
1.0,1,0.9101429
1.0,1,0.67083955
0.0,0,0.108235635
0.0,0,0.17761289
1.0,1,0.37062356
1.0,1,0.978266
1.0,1,0.7351041
0.0,0,0.027017053
1.0,1,0.9537677
0.0,0,0.009384581
0.0,0,0.03178526
0.0,0,0.00900422
0.0,0,0.0463691
0.0,0,0.02392206
0.0,0,0.014357259
1.0,1,0.8411099
1.0,0,0.21670638
0.0,0,0.14869879
1.0,1,0.5841855
0.0,0,0.005639205
0.0,0,0.021655578
1.0,1,0.9788652
1.0,1,0.93549
0.0,0,0.028920166
0.0,0,0.13462555
1.0,1,0.8781427
0.0,0,0.033637125
1.0,1,0.41253024
0.0,0,0.0009248036
1.0,1,0.9894512
1.0,1,0.7666531
1.0,1,0.9286257
0.0,0,0.12484947
0.0,0,0.008155125
0.0,0,0.018972114
1.0,1,0.5461416
0.0,0,0.01892213
1.0,1,0.85534716
1.0,1,0.6398545
1.0,1,0.7325094
1.0,1,0.4704769
0.0,0,0.101014204
0.0,0,0.059072588
0.0,0,0.10961529
0.0,0,0.01138309
0.0,0,0.15997355
1.0,1,0.60173047
1.0,1,0.9402252
0.0,0,0.031989466
0.0,0,0.11078206
0.0,0,0.030509012
0.0,0,0.015974294
0.0,1,0.6638135
1.0,1,0.69246686
1.0,1,0.8554189
0.0,0,0.010549674
0.0,0,0.041560836
0.0,0,0.004635734
1.0,1,0.27664703
0.0,0,0.1328709
1.0,1,0.9710886
0.0,0,0.0031264664
1.0,1,0.93071336
1.0,1,0.9339934
0.0,0,0.11907071
0.0,0,0.0894177
1.0,1,0.58688086
0.0,0,0.049121518
0.0,0,0.009981479
1.0,1,0.84440506
0.0,0,0.015054036
1.0,1,0.88943166
0.0,0,0.040073957
1.0,1,0.96354175
1.0,1,0.91638386
1.0,1,0.57954025
1.0,1,0.82405794
0.0,0,0.019824043
0.0,1,0.8691743
0.0,0,0.033462275
1.0,1,0.84375066
0.0,0,0.014032823
0.0,0,0.009541249
1.0,1,0.6822829
0.0,0,0.15700197
1.0,0,0.073549524
0.0,0,0.022569677
0.0,0,0.019662086
0.0,0,0.0072034863
0.0,0,0.06496778
1.0,1,0.9263328
0.0,0,0.027254462
1.0,1,0.9227915
0.0,0,0.02113291
1.0,1,0.8773868
0.0,0,0.016444905
1.0,1,0.87200695
1.0,1,0.72901845
0.0,0,0.076101705
1.0,1,0.73314285
0.0,0,0.006310344
1.0,1,0.77827644
0.0,1,0.28006333
0.0,0,0.0011862523
0.0,0,0.01043813
0.0,0,0.10777842
1.0,1,0.8817686
1.0,1,0.7535588
1.0,1,0.9030752
0.0,0,0.07157279
1.0,1,0.96702814
1.0,1,0.9682855
0.0,0,0.15692267
1.0,1,0.35156053
0.0,0,0.21383402
1.0,1,0.88189626
0.0,0,0.05850734
0.0,0,0.10834937
0.0,0,0.002829341
1.0,1,0.9455097
0.0,0,0.07077976
1.0,0,0.22129606
1.0,1,0.96672213
0.0,1,0.28213522
0.0,0,0.004086158
1.0,0,0.023538923
1.0,1,0.37377167
1.0,0,0.11875584
1.0,1,0.96459234
0.0,1,0.44678307
0.0,0,0.0015243435
1.0,1,0.8885947
0.0,0,0.07874024
0.0,0,0.019623216
0.0,0,0.25327316
0.0,0,0.009023549
1.0,1,0.7586907
1.0,1,0.5931456
0.0,0,0.025703004
0.0,0,0.005803655
1.0,1,0.96023446
1.0,1,0.89086163
0.0,0,0.029822113
0.0,0,0.04258362
1.0,1,0.6610942
0.0,0,0.0010597969
0.0,0,0.0039872713
1.0,1,0.82899004
1.0,1,0.95080554
0.0,0,0.0040806355
0.0,0,0.099674955
1.0,1,0.58560896
1.0,1,0.7501836
0.0,0,0.14266597
1.0,1,0.83875823
1.0,1,0.97275937
1.0,1,0.910263
0.0,0,0.0102256145
0.0,0,0.0464573
0.0,1,0.6803992
1.0,1,0.971096
0.0,0,0.015907599
0.0,0,0.039021358
1.0,1,0.9456987
1.0,1,0.8266863
0.0,0,0.0059374548
0.0,0,0.0221612
1.0,1,0.4889695
0.0,0,0.16315214
0.0,0,0.06937866
1.0,1,0.48271075
0.0,0,0.012209489
0.0,1,0.38504454
0.0,1,0.5660753
0.0,0,0.006987806
0.0,0,0.0027402954
1.0,1,0.9323082
0.0,1,0.52208376
1.0,1,0.97817695
0.0,0,0.038613282
1.0,1,0.9796212
0.0,0,0.0050349147
0.0,0,0.006265035
0.0,0,0.07907284
1.0,1,0.733348
1.0,1,0.39062145
1.0,1,0.687959
1.0,1,0.7722522
0.0,0,0.011467798
0.0,1,0.2882622
1.0,1,0.41480327
0.0,0,0.058144692
0.0,0,0.015499652
0.0,0,0.052528087
0.0,0,0.019598499
0.0,0,0.11001981
0.0,1,0.39560446
0.0,0,0.12557882
0.0,0,0.006585415
1.0,1,0.70003074
0.0,0,0.08345907
1.0,1,0.57831466
0.0,0,0.0033798357
0.0,0,0.032573435
1.0,1,0.9133348
1.0,1,0.81950057
1.0,1,0.34514466
0.0,0,0.026712783
0.0,0,0.10100565
1.0,1,0.9686868
0.0,0,0.0041412474
0.0,0,0.020103972
1.0,1,0.95634
0.0,0,0.03183107
0.0,0,0.023074735
1.0,1,0.98191446
1.0,1,0.9311993
0.0,0,0.09189281
1.0,1,0.98286957
1.0,1,0.87986887
0.0,0,0.020980211
0.0,0,0.0034765848
1.0,1,0.85232127
0.0,0,0.01692116
1.0,1,0.96835244
0.0,0,0.012832541
0.0,0,0.03457803
1.0,1,0.98438257
0.0,0,0.015250082
1.0,1,0.9369288
0.0,0,0.034701202
1.0,1,0.9830569
0.0,0,0.02340853
1.0,1,0.9824946
0.0,0,0.027769657
1.0,1,0.98122144
1.0,1,0.9854635
1.0,1,0.63925785
0.0,0,0.18430458
1.0,1,0.95926803
0.0,1,0.35872614
1.0,0,0.09932309
0.0,1,0.72473955
1.0,1,0.7041286
0.0,1,0.35010505
1.0,1,0.47457615
1.0,1,0.9527707
0.0,0,0.050270934
0.0,0,0.01975644
0.0,1,0.2917082
1.0,1,0.9633493
0.0,0,0.0068142503
1.0,1,0.88534224
0.0,0,0.049305458
1.0,1,0.97073466
0.0,0,0.027374096
0.0,0,0.012136841
0.0,0,0.03499994
1.0,1,0.88089675
0.0,0,0.008080403
1.0,1,0.9651001
0.0,0,0.038368087
0.0,0,0.0051773163
0.0,0,0.0032487337
1.0,1,0.83843756
0.0,0,0.0013425997
0.0,1,0.43380582
0.0,1,0.67045844
0.0,0,0.012910065
0.0,0,0.035825565
1.0,1,0.90777844
0.0,0,0.11588353
0.0,0,0.008901403
1.0,1,0.8869553
1.0,1,0.9598925
0.0,0,0.0049633146
1.0,1,0.8654438
0.0,0,0.033442866
1.0,1,0.686029
0.0,0,0.018457845
1.0,1,0.95653814
0.0,0,0.05617052
0.0,0,0.17595725
1.0,1,0.96859825
0.0,0,0.09356019
1.0,1,0.9179321
1.0,1,0.80831593
0.0,0,0.020947866
0.0,1,0.36826345
1.0,1,0.9409919
1.0,1,0.5701756
0.0,0,0.052363757
1.0,1,0.9558704
0.0,0,0.20133205
0.0,0,0.009298979
0.0,0,0.005624414
1.0,1,0.5805842
0.0,0,0.0132579515
0.0,0,0.02372627
1.0,1,0.5780225
1.0,1,0.9249108
1.0,1,0.97352296
0.0,0,0.09725108
0.0,0,0.0043255812
1.0,1,0.6025878
1.0,1,0.7187446
0.0,0,0.008071416
1.0,1,0.98657805
0.0,0,0.14006221
0.0,0,0.00023277271
1.0,1,0.8970071
0.0,0,0.030776024
0.0,0,0.022888498
0.0,0,0.008112851
1.0,0,0.11978821
0.0,1,0.3315551
1.0,1,0.648966
0.0,0,0.07511943
0.0,0,0.021267338
0.0,0,0.0033528728
1.0,1,0.9848313
1.0,1,0.6914687
0.0,0,0.016994754
0.0,0,0.049600452
0.0,0,0.011610258
0.0,0,0.079376735
1.0,1,0.9642339
1.0,1,0.83397716
1.0,1,0.82079405
0.0,0,0.019389724
1.0,1,0.5964528
1.0,1,0.8272096
1.0,1,0.5143715
0.0,0,0.06012697
0.0,0,0.10034078
1.0,1,0.93745553
1.0,1,0.9812514
0.0,0,0.060480524
0.0,0,0.009405234
0.0,0,0.0015050226
0.0,0,0.04016759
1.0,1,0.7930151
1.0,1,0.8949119
0.0,0,0.06842567
0.0,0,0.0027916674
1.0,1,0.9826917
0.0,1,0.27451542
0.0,0,0.0013791681
0.0,1,0.7259525
0.0,0,0.032312863
1.0,1,0.9838783
1.0,1,0.8453958
1.0,1,0.98523843
0.0,0,0.076452844
1.0,0,0.26551238
1.0,1,0.97806895
0.0,0,0.0072344313
1.0,1,0.9847752
1.0,1,0.97419727
0.0,0,0.13338879
1.0,1,0.50198174
0.0,0,0.028523657
1.0,1,0.41622734
1.0,1,0.2776007
0.0,0,0.054927524
1.0,1,0.9676429
1.0,1,0.88419026
1.0,1,0.9044493
0.0,1,0.77445173
1.0,1,0.76216274
0.0,0,0.010418217
1.0,1,0.94242984
0.0,0,0.006267018
1.0,1,0.98459184
1.0,0,0.17581138
1.0,1,0.97562206
1.0,1,0.9757669
0.0,0,0.044798367
1.0,1,0.75841707
0.0,1,0.9758779
1.0,1,0.7810987
1.0,1,0.8311429
1.0,1,0.9178731
1.0,1,0.9449985
0.0,0,0.0055453894
1.0,1,0.8855979
1.0,1,0.8872735
0.0,0,0.024075508
0.0,0,0.014443373
1.0,1,0.2887468
0.0,0,0.027221784
1.0,1,0.9880065
0.0,0,0.11941196
0.0,1,0.6155449
1.0,1,0.93740195
0.0,0,0.065853424
1.0,1,0.9784246
1.0,1,0.95004755
1.0,1,0.48623797
0.0,0,0.021356689
0.0,0,0.0640653
1.0,1,0.96795833
1.0,1,0.98296356
1.0,1,0.9487062
0.0,0,0.0038868778
1.0,1,0.95602083
1.0,1,0.37751773
1.0,1,0.28779405
1.0,1,0.98179436
1.0,1,0.67807084
1.0,1,0.76367575
0.0,0,0.013260866
1.0,1,0.6415571
0.0,1,0.5281838
0.0,0,0.022854062
0.0,0,0.041541517
0.0,0,0.0009748659
1.0,1,0.90911484
0.0,0,0.018080497
1.0,0,0.2585761
0.0,0,0.019649085
1.0,1,0.92097896
0.0,0,0.01067438
1.0,1,0.65084314
1.0,1,0.70818895
0.0,0,0.033513468
1.0,1,0.9818311
1.0,0,0.055338837
0.0,1,0.37807152
1.0,1,0.2917868
0.0,0,0.005536905
0.0,0,0.03308516
1.0,1,0.76814663
1.0,0,0.24646696
0.0,0,0.020047836
1.0,0,0.02745931
1.0,1,0.6320785
1.0,1,0.98693657
1.0,1,0.9281143
0.0,0,0.018091694
0.0,0,0.017416082
1.0,1,0.93881696
0.0,0,0.19992894
0.0,0,0.047840163
1.0,1,0.9630855
0.0,0,0.099698596
1.0,1,0.95056903
1.0,1,0.67727166
1.0,1,0.9291612
0.0,1,0.40539366
1.0,1,0.9535358
0.0,0,0.013826199
0.0,1,0.38312387
0.0,0,0.07284326
1.0,1,0.97785556
0.0,0,0.19907613
0.0,0,0.079611704
1.0,1,0.6948949
0.0,0,0.009780195
0.0,0,0.05138132
1.0,0,0.1978676
0.0,0,0.043211102
0.0,0,0.007990859
1.0,1,0.93615866
0.0,0,0.1440748
0.0,0,0.047575444
0.0,0,0.0018557558
1.0,1,0.98128927
1.0,1,0.7637935
0.0,0,0.01791075
0.0,0,0.011922952
0.0,0,0.055226933
1.0,1,0.972576
0.0,0,0.0063932464
1.0,1,0.9767492
0.0,0,0.0053763124
1.0,1,0.76337194
0.0,0,0.00850229
1.0,1,0.6536968
1.0,1,0.97305626
0.0,0,0.0077550896
1.0,1,0.9021236
0.0,0,0.003737126
0.0,0,0.013381581
0.0,1,0.919211
1.0,1,0.3554053
1.0,1,0.979252
0.0,0,0.008123563
0.0,1,0.30416694
0.0,0,0.0027415296
1.0,1,0.8084321
0.0,0,0.011367673
1.0,1,0.98065394
1.0,1,0.38016048
1.0,1,0.9267858
0.0,0,0.010710595
1.0,1,0.6469481
0.0,1,0.8452912
1.0,1,0.9265402
1.0,1,0.5411894
0.0,0,0.036328707
1.0,1,0.76166147
1.0,1,0.3508585
0.0,1,0.32017982
0.0,0,0.15119933
1.0,1,0.3139143
1.0,1,0.35707837
1.0,1,0.9814326
0.0,0,0.23471919
1.0,1,0.8415363
1.0,1,0.9181934
1.0,1,0.9763195
0.0,0,0.020542843
1.0,1,0.3112957
1.0,1,0.6209334
1.0,1,0.772742
0.0,0,0.032135252
0.0,0,0.16768377
0.0,0,0.026217174
0.0,0,0.023552721
0.0,0,0.051938727
1.0,0,0.104482055
0.0,1,0.47296017
1.0,1,0.95657164
0.0,0,0.015449635
0.0,0,0.010968662
0.0,0,0.01282661
1.0,0,0.044320907
0.0,0,0.0031087587
0.0,0,0.0400536
0.0,0,0.018610124
0.0,0,0.009309973
1.0,1,0.43384004
0.0,0,0.055687603
0.0,0,0.0023734607
1.0,1,0.9861364
0.0,0,0.008089298
0.0,0,0.004642207
0.0,1,0.30561945
1.0,1,0.9807839
0.0,0,0.04516602
1.0,1,0.9596581
0.0,0,0.01646978
1.0,1,0.53067064
1.0,1,0.9553211
0.0,0,0.029793674
0.0,0,0.18045123
0.0,0,0.098234616
1.0,0,0.19868833
1.0,1,0.80588543
1.0,1,0.98288125
0.0,0,0.10573734
1.0,1,0.9791224
1.0,1,0.59775424
0.0,0,0.013646665
0.0,0,0.1859298
1.0,1,0.98121077
1.0,1,0.9748183
0.0,0,0.029202703
1.0,1,0.95331264
0.0,0,0.004697995
0.0,0,0.003139827
1.0,1,0.72845244
1.0,1,0.3911369
1.0,1,0.9866477
0.0,1,0.37339056
0.0,1,0.5216449
1.0,1,0.9515946
1.0,1,0.8268704
0.0,1,0.30248034
1.0,1,0.8327759
0.0,0,0.026073739
0.0,0,0.028332153
1.0,1,0.8827621
0.0,0,0.0107717505
0.0,0,0.044410452
0.0,0,0.03767585
1.0,1,0.98072666
1.0,0,0.21833819
1.0,1,0.8669004
0.0,0,0.015247463
1.0,1,0.31626847
0.0,1,0.40637156
1.0,1,0.3325049
1.0,1,0.502163
1.0,1,0.8489508
1.0,1,0.97462064
0.0,0,0.037032157
0.0,0,0.04213052
1.0,1,0.976508
1.0,0,0.09899458
0.0,1,0.8520789
1.0,1,0.60250854
0.0,0,0.024976294
1.0,0,0.1776361
1.0,1,0.45834783
1.0,1,0.93026745
1.0,1,0.82192874
0.0,1,0.27337754
1.0,1,0.86111784
1.0,1,0.89127684
0.0,0,0.020992419
1.0,1,0.6886915
1.0,1,0.39335948
0.0,0,0.0021762766
1.0,1,0.52183664
0.0,0,0.028229626
1.0,1,0.850933
0.0,0,0.009293592
0.0,0,0.025224946
0.0,1,0.3226735
0.0,0,0.14701156
0.0,0,0.03049258
1.0,1,0.8514884
1.0,1,0.9515876
1.0,1,0.6153382
1.0,1,0.94530576
0.0,0,0.12556066
0.0,0,0.025007509
1.0,1,0.78532463
0.0,0,0.0027684856
0.0,0,0.18577717
1.0,1,0.54619336
0.0,0,0.01924308
0.0,0,0.05940852
0.0,0,0.02247867
0.0,0,0.007389148
0.0,0,0.014243145
0.0,0,0.09589921
1.0,1,0.5889144
0.0,0,0.034211285
0.0,0,0.0016549367
1.0,1,0.94437414
1.0,1,0.802271
1.0,1,0.9649389
0.0,0,0.02136634
0.0,1,0.8187323
1.0,1,0.9848797
0.0,0,0.10553319
0.0,0,0.0021431146
1.0,1,0.94717586
0.0,0,0.011948183
0.0,0,0.028855963
1.0,1,0.43581218
1.0,1,0.8898225
1.0,1,0.37410596
0.0,0,0.0076722614
1.0,1,0.81335264
1.0,1,0.6812545
1.0,1,0.40447143
1.0,1,0.9764572
1.0,1,0.50241745
1.0,1,0.4796836
0.0,0,0.020621909
1.0,1,0.9875033
0.0,1,0.41884556
1.0,1,0.9713294
0.0,0,0.036996085
1.0,1,0.7490252
0.0,0,0.106793456
1.0,1,0.9610545
0.0,0,0.0652068
1.0,1,0.33662242
1.0,1,0.34645364
1.0,1,0.28489116
0.0,1,0.6309037
0.0,0,0.003230021
1.0,1,0.9851202
0.0,0,0.011865661
1.0,1,0.98632556
1.0,1,0.9681349
1.0,1,0.939732
1.0,1,0.9409242
0.0,0,0.12021614
0.0,1,0.30280256
0.0,0,0.22281165
1.0,1,0.96011406
1.0,1,0.6655023
0.0,0,0.032446817
1.0,1,0.6828952
1.0,1,0.9853469
1.0,1,0.8256534
0.0,0,0.046924707
0.0,0,0.021152753
1.0,1,0.953794
1.0,1,0.87782437
0.0,0,0.028090192
0.0,0,0.028592296
0.0,0,0.013207661
1.0,0,0.182059
1.0,1,0.98246914
0.0,0,0.011150001
1.0,1,0.93098456
1.0,1,0.6884835
1.0,1,0.95774657
1.0,1,0.91127276
0.0,0,0.025398748
1.0,1,0.37083486
0.0,0,0.05353152
1.0,1,0.7107918
0.0,1,0.4386037
0.0,0,0.03161136
0.0,0,0.022474773
1.0,1,0.9494428
0.0,0,0.0069952277
1.0,1,0.9241197
0.0,1,0.45999074
0.0,0,0.11361556
0.0,0,0.046865072
1.0,1,0.35521168
0.0,0,0.1403044
1.0,1,0.81249845
1.0,1,0.37290892
0.0,1,0.74036646
0.0,0,0.021173865
1.0,1,0.74065256
1.0,1,0.8784262
0.0,0,0.009755777
0.0,0,0.0024212017
1.0,1,0.95579857
1.0,1,0.5722966
0.0,0,0.015694203
0.0,0,0.013285914
1.0,1,0.82867134
1.0,1,0.9620039
1.0,1,0.8736541
1.0,1,0.937476
0.0,0,0.0004973472
0.0,0,0.06631508
0.0,1,0.9634079
0.0,1,0.40825164
0.0,0,0.0014335437
0.0,0,0.051577266
0.0,0,0.084502846
0.0,0,0.007712879
0.0,0,0.07049441
1.0,1,0.62567616
1.0,1,0.94707954
1.0,1,0.7045575
1.0,1,0.9782578
0.0,0,0.06652973
0.0,0,0.23513353
1.0,1,0.7970977
1.0,1,0.51705265
0.0,0,0.086683854
0.0,0,0.08562526
1.0,1,0.7650452
1.0,1,0.6461213
1.0,1,0.8971561
0.0,0,0.07119257
1.0,1,0.94597495
1.0,1,0.7929311
0.0,0,0.012870966
0.0,0,0.085872754
0.0,0,0.029026339
1.0,1,0.95527357
0.0,0,0.02260774
0.0,1,0.40932462
1.0,1,0.8854748
0.0,0,0.01348987
0.0,0,0.22834481
0.0,0,0.0300385
1.0,1,0.92668927
1.0,1,0.59123194
1.0,1,0.76789916
0.0,0,0.0012462718
0.0,1,0.28584686
0.0,0,0.057366785
1.0,1,0.94223994
1.0,1,0.8680483
1.0,1,0.8086688
0.0,0,0.044808656
1.0,1,0.98955613
1.0,1,0.8255044
0.0,0,0.018320678
1.0,1,0.37455058
1.0,1,0.8725269
0.0,0,0.005812571
0.0,0,0.07946384
1.0,1,0.98074925
0.0,0,0.08662008
1.0,1,0.948619
1.0,1,0.83740485
0.0,0,0.0021228872
0.0,0,0.025145728
1.0,1,0.64716244
0.0,0,0.08462921
0.0,0,0.07815188
1.0,1,0.8639456
1.0,1,0.97872967
0.0,0,0.010429435
1.0,1,0.5042831
1.0,1,0.7390713
0.0,0,0.0012294792
1.0,0,0.16731234
0.0,0,0.027653456
1.0,1,0.8065705
0.0,0,0.010836572
0.0,0,0.030132964
1.0,1,0.87482965
0.0,0,0.017692331
1.0,1,0.8274226
1.0,1,0.97410274
0.0,0,0.053449444
0.0,0,0.041595478
1.0,0,0.03563275
0.0,0,0.036274634
0.0,0,0.004531986
0.0,0,0.010170317
0.0,1,0.3313806
0.0,0,0.077449575
1.0,1,0.93717015
0.0,0,0.18150406
1.0,1,0.32618293
1.0,0,0.13107893
0.0,0,0.005203888
1.0,1,0.5991413
1.0,1,0.9599134
0.0,0,0.0029277052
1.0,1,0.67413974
1.0,1,0.9797888
0.0,0,0.009662967
1.0,1,0.88158
0.0,0,0.0040729493
0.0,0,0.045164715
1.0,1,0.94015217
1.0,1,0.79423845
1.0,1,0.9036354
0.0,0,0.0224607
0.0,0,0.004029158
0.0,0,0.019134337
1.0,1,0.9544044
1.0,1,0.9465026
1.0,1,0.9675136
0.0,0,0.006101835
0.0,0,0.0039971545
1.0,1,0.7667444
0.0,0,0.0019947174
0.0,0,0.18280457
1.0,1,0.9766068
1.0,1,0.9486122
0.0,0,0.023240907
1.0,0,0.2022629
0.0,0,0.0033072536
0.0,1,0.34250307
1.0,1,0.9113205
1.0,1,0.52505356
1.0,1,0.84704983
1.0,1,0.9320308
0.0,0,0.07043121
0.0,0,0.0037622168
1.0,1,0.70002466
0.0,0,0.021980645
1.0,1,0.9786431
0.0,0,0.03113843
1.0,1,0.66465914
0.0,0,0.0050131264
0.0,0,0.01595201
1.0,1,0.9080751
1.0,1,0.9480268
1.0,1,0.98372746
1.0,1,0.7182218
0.0,0,0.04415317
0.0,0,0.004691373
1.0,1,0.8821951
1.0,1,0.932791
0.0,0,0.021572627
1.0,1,0.96292627
0.0,0,0.009622067
1.0,1,0.97661924
0.0,0,0.22398748
1.0,1,0.97209895
0.0,0,0.2208827
0.0,0,0.027886512
1.0,1,0.8873711
1.0,1,0.35021734
0.0,0,0.034849796
1.0,1,0.9786155
0.0,0,0.10430383
0.0,0,0.008637821
0.0,0,0.03005551
0.0,0,0.23191518
0.0,0,0.0156101575
0.0,0,0.0495197
0.0,0,0.09524528
0.0,1,0.7111994
1.0,1,0.84867066
1.0,1,0.9635183
1.0,1,0.9817784
0.0,0,0.009094619
0.0,0,0.018580884
1.0,0,0.122907564
1.0,1,0.9775597
0.0,0,0.005782349
0.0,0,0.019371094
1.0,1,0.9833005
0.0,0,0.015330132
0.0,0,0.2510723
0.0,0,0.012562257
1.0,0,0.21890008
1.0,1,0.5075072
1.0,1,0.9763928
1.0,1,0.9789727
0.0,0,0.15648238
1.0,1,0.83341503
1.0,1,0.32823926
1.0,1,0.9226367
1.0,1,0.7699611
1.0,1,0.9520324
0.0,0,0.015708867
1.0,0,0.1594067
0.0,0,0.007252958
0.0,0,0.0056546805
1.0,1,0.7418394
1.0,1,0.6908607
0.0,0,0.09166143
1.0,1,0.96249104
0.0,0,0.007151183
1.0,1,0.95330334
1.0,1,0.62442446
0.0,0,0.042135786
0.0,0,0.0040012016
0.0,0,0.039033704
1.0,1,0.5227685
0.0,0,0.03228879
0.0,0,0.0034866235
0.0,1,0.7617849
0.0,1,0.48018742
1.0,0,0.20633015
1.0,1,0.70766443
0.0,0,0.06910735
1.0,1,0.9076086
1.0,1,0.45018083
0.0,0,0.011932713
1.0,1,0.9720754
0.0,0,0.13972352
0.0,1,0.4849305
0.0,1,0.37132305
1.0,1,0.39153844
0.0,0,0.025029173
0.0,1,0.66328686
0.0,0,0.14887027
0.0,0,0.012459153
1.0,1,0.72667027
0.0,0,0.0074829925
1.0,1,0.9788212
1.0,1,0.91425496
0.0,0,0.01849416
1.0,1,0.97778714
1.0,1,0.95300573
0.0,0,0.008864141
0.0,1,0.34372574
1.0,1,0.9269063
0.0,0,0.0006174395
1.0,1,0.4992969
0.0,0,0.02742027
1.0,1,0.9596928
1.0,1,0.5899263
1.0,1,0.898921
0.0,0,0.018037865
0.0,1,0.4474685
1.0,1,0.8834513
1.0,1,0.40927148
0.0,0,0.0025486255
0.0,0,0.027481603
1.0,1,0.92355525
0.0,1,0.36680698
1.0,1,0.5233431
0.0,0,0.012087146
0.0,0,0.030305684
1.0,1,0.9649966
1.0,1,0.8550707
0.0,1,0.6970817
1.0,1,0.38017115
0.0,0,0.084802836
0.0,1,0.45631027
1.0,1,0.80889344
1.0,1,0.7096635
0.0,1,0.50166047
1.0,1,0.43741438
0.0,0,0.06395731
1.0,1,0.9334764
0.0,0,0.065319665
0.0,0,0.011831442
1.0,1,0.961827
1.0,1,0.75031006
0.0,0,0.15666626
0.0,0,0.06346201
1.0,1,0.97365767
0.0,0,0.02241111
1.0,1,0.8703942
0.0,0,0.05009595
1.0,1,0.9804173
1.0,1,0.30917484
1.0,1,0.9567329
1.0,1,0.9029559
0.0,1,0.476668
0.0,0,0.0027324865
1.0,1,0.9505407
0.0,0,0.005299834
0.0,0,0.01398137
1.0,1,0.878007
0.0,0,0.012309269
1.0,1,0.6998107
1.0,0,0.009346442
0.0,0,0.03377835
1.0,1,0.46707723
1.0,1,0.5082005
0.0,0,0.15365896
1.0,1,0.69163394
0.0,0,0.036199003
1.0,1,0.86908126
0.0,0,0.028317269
0.0,0,0.026554776
0.0,0,0.23697956
1.0,1,0.909063
0.0,0,0.016349573
1.0,1,0.7719109
1.0,1,0.98032075
0.0,0,0.0056639137
0.0,0,0.09188983
0.0,0,0.029649671
0.0,0,0.012563741
0.0,0,0.008569719
1.0,1,0.978939
1.0,1,0.9881845
1.0,1,0.84656125
0.0,0,0.24539895
0.0,0,0.014759737
0.0,0,0.0058028353
1.0,1,0.7462374
0.0,0,0.004807993
0.0,0,0.0633114
1.0,1,0.9013785
1.0,1,0.66608715
1.0,1,0.5311407
0.0,0,0.008302882
1.0,1,0.6515833
0.0,1,0.67669004
1.0,0,0.039627444
0.0,0,0.05587919
1.0,1,0.69353193
1.0,1,0.9015202
1.0,1,0.9219192
0.0,0,0.08419287
0.0,0,0.011959177
1.0,1,0.6087368
1.0,1,0.41195086
1.0,1,0.8063709
0.0,0,0.037564017
1.0,1,0.6547804
1.0,1,0.9450367
1.0,1,0.9806283
1.0,1,0.9866355
0.0,0,0.027449276
1.0,0,0.18915212
1.0,1,0.86535585
0.0,0,0.070453204
1.0,1,0.93032473
0.0,0,0.03999101
0.0,0,0.0035402284
1.0,1,0.9503731
0.0,0,0.2024314
1.0,1,0.982342
0.0,0,0.004093414
0.0,0,0.06422352
0.0,0,0.016872995
0.0,0,0.005247036
0.0,0,0.03429764
0.0,0,0.014863879
1.0,0,0.17601606
1.0,1,0.6858118
0.0,0,0.020024916
1.0,1,0.65792495
1.0,1,0.29188195
0.0,1,0.5522006
0.0,0,0.12661083
1.0,1,0.9182451
0.0,0,0.064314425
0.0,0,0.034506418
1.0,1,0.6191813
1.0,1,0.35295263
0.0,1,0.55929065
0.0,1,0.45100072
1.0,1,0.9827248
1.0,0,0.2681296
1.0,1,0.9238677
1.0,0,0.03091618
1.0,1,0.9343294
1.0,1,0.81139666
1.0,1,0.9462067
1.0,1,0.5295031
1.0,1,0.55341065
1.0,1,0.9771152
0.0,0,0.03881309
1.0,1,0.9849616
1.0,1,0.98566157
1.0,1,0.96959037
0.0,0,0.005157668
1.0,1,0.9167971
1.0,1,0.6178549
1.0,0,0.23595491
0.0,0,0.0050616628
1.0,1,0.39109126
0.0,0,0.0071922215
1.0,1,0.71191543
1.0,1,0.9474115
1.0,1,0.9235774
0.0,0,0.0053816806
0.0,0,0.029794147
1.0,1,0.9707436
0.0,0,0.002742917
0.0,0,0.0046336195
1.0,1,0.96923715
1.0,1,0.97000086
0.0,0,0.0073842634
0.0,0,0.011495875
0.0,0,0.055455852
0.0,0,0.01250573
0.0,0,0.069605745
1.0,0,0.24265341
0.0,0,0.00782708
1.0,1,0.86939025
0.0,0,0.1849036
0.0,0,0.06728183
0.0,0,0.01855902
0.0,0,0.24561451
0.0,0,0.029132146
0.0,0,0.14144458
0.0,0,0.008072042
1.0,1,0.9733214
0.0,1,0.46277854
0.0,1,0.935219
0.0,0,0.23078035
1.0,1,0.85667205
1.0,1,0.72627735
0.0,0,0.009358958
0.0,0,0.018309996
1.0,1,0.96233517
1.0,1,0.8779767
1.0,1,0.8947871
0.0,0,0.013141322
1.0,1,0.8071882
0.0,0,0.01115081
0.0,0,0.19928704
1.0,0,0.2483183
1.0,1,0.56120074
0.0,0,0.18733025
0.0,0,0.2519935
0.0,0,0.02501977
0.0,1,0.6975312
0.0,0,0.04215253
0.0,0,0.23958783
1.0,1,0.93791175
1.0,1,0.8559703
1.0,1,0.97523326
0.0,0,0.009087771
1.0,1,0.74634624
1.0,1,0.9658275
1.0,1,0.978377
1.0,1,0.92892325
1.0,1,0.42915756
1.0,1,0.8097116
0.0,0,0.021066932
0.0,0,0.02715995
1.0,1,0.92934686
0.0,0,0.020588148
1.0,1,0.9309561
0.0,0,0.031220252
1.0,1,0.9355476
1.0,1,0.94077283
0.0,0,0.13376433
0.0,0,0.18406685
0.0,0,0.044284035
0.0,0,0.12009695
1.0,1,0.9794816
1.0,1,0.43212256
1.0,1,0.43591726
1.0,1,0.8330363
1.0,1,0.86366063
1.0,1,0.90648454
1.0,1,0.9800414
1.0,1,0.92816764
1.0,1,0.3364288
0.0,0,0.007223761
0.0,0,0.016875898
0.0,0,0.041663315
0.0,1,0.65548337
1.0,1,0.8764068
1.0,1,0.4600852
0.0,0,0.08928913
1.0,1,0.8088424
1.0,0,0.057784032
0.0,0,0.03106567
1.0,1,0.7922336
0.0,0,0.013400481
0.0,0,0.011631383
0.0,0,0.019171815
0.0,0,0.06387149
1.0,1,0.9848238
0.0,1,0.45033374
0.0,0,0.017597841
0.0,0,0.03107765
1.0,1,0.9398317
0.0,0,0.026139097
1.0,0,0.18851775
1.0,1,0.962753
0.0,0,0.024585571
0.0,0,0.0047932896
0.0,0,0.010717818
0.0,0,0.009076142
0.0,1,0.90998054
0.0,0,0.017966999
0.0,0,0.030144135
1.0,1,0.6601366
0.0,0,0.029060671
0.0,0,0.0054124286
1.0,1,0.9582639
1.0,1,0.6773255
1.0,1,0.88667065
0.0,0,0.010205288
1.0,1,0.9129838
0.0,0,0.02597614
1.0,1,0.34616268
0.0,0,0.060085192
1.0,0,0.22836506
0.0,0,0.02029773
1.0,1,0.9803981
1.0,1,0.88568455
0.0,0,0.18674159
0.0,0,0.065240525
1.0,1,0.9391229
1.0,1,0.982037
1.0,1,0.47983667
1.0,1,0.8194382
0.0,0,0.008141595
0.0,0,0.021671738
1.0,1,0.73281777
1.0,1,0.98570323
1.0,1,0.7895629
1.0,1,0.9630736
0.0,0,0.2222655
0.0,1,0.81226003
0.0,0,0.040784404
1.0,1,0.61329556
0.0,0,0.042119835
0.0,0,0.0093396
1.0,1,0.8252027
1.0,1,0.9168059
1.0,1,0.96771365
1.0,0,0.07451599
0.0,0,0.014840297
1.0,1,0.7734828
1.0,1,0.7925525
0.0,1,0.65081763
1.0,1,0.97260046
1.0,1,0.98492193
0.0,1,0.5213958
1.0,1,0.9326584
1.0,1,0.9646984
1.0,1,0.84136266
0.0,0,0.03444118
1.0,1,0.82238126
1.0,1,0.98936427
1.0,1,0.64281094
0.0,0,0.00090081315
1.0,1,0.91667515
1.0,1,0.58863074
1.0,1,0.8627033
1.0,1,0.748672
1.0,1,0.8376287
0.0,0,0.026778854
0.0,0,0.04237565
1.0,1,0.61433697
1.0,0,0.11143288
0.0,0,0.0018866146
0.0,0,0.010619255
1.0,1,0.95321846
1.0,1,0.8961761
1.0,1,0.835989
1.0,1,0.82421255
0.0,0,0.19924685
0.0,0,0.052515183
1.0,1,0.44521025
1.0,1,0.98412853
1.0,0,0.16037805
0.0,0,0.11483291
1.0,1,0.43388528
0.0,0,0.13948508
1.0,1,0.91835403
0.0,0,0.03184785
0.0,0,0.2523329
0.0,0,0.023643436
1.0,0,0.18686874
1.0,1,0.5547572
0.0,1,0.52586496
1.0,1,0.34638497
1.0,1,0.97751725
1.0,1,0.86957127
1.0,1,0.9680263
1.0,1,0.9783884
1.0,1,0.96808803
1.0,1,0.97757274
1.0,1,0.97985375
1.0,0,0.076397344
1.0,1,0.98624235
0.0,0,0.2205015
0.0,0,0.024705775
0.0,0,0.03356075
1.0,0,0.031678475
0.0,1,0.41794324
1.0,1,0.9347929
1.0,0,0.19521788
1.0,1,0.6963264
1.0,1,0.95454866
1.0,1,0.97892296
1.0,1,0.98452485
0.0,0,0.023357807
0.0,0,0.02913727
1.0,1,0.5860741
0.0,0,0.1283447
1.0,1,0.5120207
1.0,1,0.82696897
0.0,0,0.008954696
1.0,1,0.95576584
0.0,1,0.4549798
0.0,0,0.025931513
1.0,1,0.5065782
1.0,1,0.9447333
1.0,0,0.04107109
1.0,1,0.78845865
1.0,0,0.23441856
0.0,0,0.014343601
1.0,0,0.1264736
0.0,0,0.020932032
1.0,1,0.98261815
1.0,1,0.45337263
0.0,0,0.00975206
1.0,1,0.94850487
1.0,1,0.9176225
1.0,1,0.57592356
1.0,1,0.94721085
1.0,1,0.61536145
1.0,1,0.9727264
0.0,0,0.021460665
1.0,1,0.8877883
0.0,0,0.015255082
1.0,1,0.7022052
1.0,1,0.926955
0.0,0,0.010790984
1.0,1,0.48317683
0.0,0,0.016637463
1.0,1,0.8501162
0.0,1,0.834728
1.0,1,0.93992805
0.0,0,0.12566917
0.0,0,0.2459589
1.0,1,0.94642013
1.0,1,0.79383785
1.0,1,0.33806163
0.0,0,0.00928185
0.0,0,0.0258747
0.0,0,0.043361697
1.0,1,0.9784474
0.0,0,0.014844426
1.0,1,0.98877335
0.0,0,0.0060446854
1.0,1,0.49644238
0.0,0,0.20698538
0.0,0,0.10682769
0.0,1,0.33092016
1.0,1,0.7661048
1.0,1,0.97065914
0.0,0,0.23428765
0.0,0,0.04685073
0.0,0,0.012264186
0.0,0,0.0026931819
0.0,1,0.39167023
0.0,0,0.003920503
1.0,1,0.8509373
1.0,1,0.7460904
0.0,0,0.2043354
0.0,0,0.019001393
0.0,0,0.013444025
0.0,0,0.046822064
1.0,1,0.75104034
0.0,0,0.12023823
0.0,0,0.029924829
0.0,0,0.0016947032
0.0,0,0.0017345545
0.0,0,0.07901766
0.0,0,0.029654918
0.0,0,0.013735651
1.0,1,0.98060113
0.0,0,0.016355272
0.0,0,0.0026566836
1.0,1,0.6845244
1.0,1,0.7320616
1.0,1,0.92056036
1.0,1,0.69079745
0.0,0,0.018219262
1.0,1,0.85461974
1.0,1,0.8471478
0.0,0,0.031637937
0.0,1,0.5085949
0.0,0,0.049968537
1.0,1,0.56882346
1.0,1,0.97522485
1.0,1,0.7558321
1.0,1,0.5827796
0.0,0,0.0066584297
1.0,1,0.8975382
0.0,0,0.005034184
1.0,1,0.60266304
1.0,1,0.87587214
1.0,1,0.32305393
1.0,1,0.48355255
1.0,1,0.9806654
0.0,0,0.01012525
1.0,1,0.8370464
1.0,1,0.8865049
0.0,0,0.024283255
1.0,1,0.9845635
0.0,0,0.019956727
0.0,0,0.055171113
0.0,0,0.061198484
1.0,0,0.05515794
1.0,1,0.3384689
1.0,1,0.9479331
0.0,0,0.0061223893
0.0,1,0.3151769
0.0,0,0.009821622
0.0,0,0.1846532
1.0,1,0.9235951
0.0,0,0.013696291
1.0,0,0.20458785
0.0,0,0.03245297
1.0,1,0.9548267
1.0,1,0.8811516
0.0,0,0.028692609
1.0,1,0.6270952
1.0,1,0.98510224
0.0,1,0.756134
1.0,1,0.66670465
1.0,1,0.71177113
0.0,0,0.0071157836
1.0,1,0.9794037
0.0,0,0.045219455
1.0,1,0.72025275
0.0,0,0.060664184
1.0,1,0.91002214
0.0,0,0.015388501
0.0,0,0.23084278
0.0,0,0.08344527
0.0,1,0.57840407
1.0,1,0.810056
0.0,0,0.027443118
1.0,1,0.87673205
0.0,0,0.048322745
0.0,0,0.13702248
0.0,1,0.2837413
1.0,0,0.03671169
0.0,0,0.027573919
1.0,1,0.9794571
1.0,1,0.34562376
1.0,1,0.96687824
1.0,1,0.8320849
1.0,1,0.8372519
0.0,1,0.7076907
1.0,1,0.95668036
1.0,1,0.9489992
1.0,1,0.59457636
0.0,1,0.3659372
1.0,1,0.5493121
1.0,1,0.86269885
0.0,0,0.020272346
0.0,1,0.6946082
0.0,0,0.02755971
1.0,1,0.9530566
0.0,0,0.082425214
0.0,0,0.020916112
1.0,1,0.90653014
1.0,1,0.58400756
1.0,1,0.89300007
1.0,1,0.9742879
1.0,0,0.2345294
1.0,1,0.6859317
1.0,1,0.98566365
0.0,1,0.32869005
1.0,1,0.9412139
1.0,1,0.8873712
0.0,1,0.5454763
1.0,1,0.6761751
0.0,1,0.54761004
1.0,1,0.8699104
0.0,0,0.038846858
1.0,1,0.8824561
1.0,1,0.97535986
0.0,0,0.0016204525
1.0,1,0.8771258
0.0,0,0.017120572
0.0,0,0.25704947
0.0,0,0.09589092
0.0,0,0.020092906
1.0,1,0.933213
1.0,1,0.9673029
1.0,1,0.75243473
0.0,0,0.0064734365
0.0,0,0.010323748
0.0,0,0.0420082
0.0,0,0.033518344
0.0,0,0.010176688
1.0,1,0.8749198
1.0,1,0.94286406
1.0,1,0.9232035
1.0,1,0.9874581
0.0,0,0.12126266
1.0,1,0.9683282
1.0,1,0.8176562
0.0,1,0.52376485
0.0,0,0.12835199
1.0,1,0.5818285
0.0,0,0.040017676
1.0,1,0.8363966
0.0,0,0.015127822
1.0,1,0.9834254
0.0,1,0.64942557
0.0,0,0.08798572
1.0,1,0.9674902
0.0,0,0.008263383
1.0,1,0.9337779
1.0,1,0.96989894
1.0,1,0.76927936
0.0,0,0.02726367
1.0,1,0.9853966
0.0,0,0.016635543
0.0,0,0.18511881
0.0,0,0.07688729
0.0,0,0.014778845
1.0,1,0.9220484
1.0,1,0.9796469
0.0,0,0.005174787
0.0,0,0.007023425
0.0,0,0.016666008
1.0,1,0.45253834
1.0,1,0.9467715
1.0,1,0.9760294
1.0,1,0.98536116
1.0,1,0.8452884
0.0,0,0.03789409
1.0,1,0.9593936
0.0,0,0.0086558545
1.0,1,0.71303874
1.0,1,0.9585096
0.0,0,0.08523419
1.0,1,0.834311
0.0,0,0.010338521
0.0,1,0.28954813
0.0,1,0.7022387
0.0,0,0.0102614965
0.0,0,0.024307635
0.0,0,0.075874366
0.0,0,0.094228536
0.0,0,0.01291325
0.0,0,0.23586199
0.0,0,0.15688422
1.0,1,0.4980086
1.0,1,0.71430874
0.0,0,0.008321097
0.0,0,0.039692543
0.0,0,0.017946346
0.0,0,0.007255627
0.0,0,0.06840339
1.0,1,0.7325356
1.0,1,0.9444902
1.0,1,0.73141146
1.0,1,0.94261575
1.0,1,0.9241835
0.0,0,0.026891282
1.0,1,0.9867037
0.0,0,0.09285659
0.0,0,0.02311157
1.0,1,0.9523602
1.0,1,0.9746162
0.0,0,0.029995823
0.0,0,0.010728005
1.0,1,0.98478395
0.0,0,0.013114752
1.0,1,0.8330622
0.0,0,0.006548614
0.0,0,0.02407077
0.0,0,0.011290278
0.0,0,0.048973676
0.0,0,0.039115474
1.0,1,0.971677
1.0,1,0.98334444
1.0,1,0.46025738
1.0,1,0.9777098
1.0,0,0.15425567
1.0,1,0.29194987
0.0,1,0.31631067
1.0,1,0.959626
0.0,0,0.047888663
0.0,0,0.005244446
0.0,0,0.04310665
1.0,1,0.95969665
1.0,1,0.65336096
0.0,0,0.00913177
0.0,0,0.014038043
0.0,0,0.25723046
1.0,1,0.83880717
1.0,1,0.78023195
0.0,0,0.093747675
1.0,1,0.5381992
0.0,0,0.23757756
1.0,1,0.8265342
0.0,1,0.27899122
0.0,0,0.003964928
0.0,0,0.01029725
1.0,1,0.93077314
0.0,0,0.13929974
0.0,0,0.0047294665
0.0,0,0.00892231
1.0,1,0.56451535
1.0,1,0.5726284
0.0,0,0.011449012
0.0,0,0.02118886
1.0,1,0.9381415
1.0,1,0.76143456
1.0,1,0.9752877
1.0,1,0.5152898
0.0,0,0.0005988349
0.0,0,0.007886577
0.0,0,0.073230855
1.0,1,0.6263057
1.0,1,0.7250509
1.0,1,0.86919343
0.0,0,0.027383476
1.0,1,0.83310616
1.0,1,0.8848404
0.0,0,0.033235315
1.0,0,0.22046858
0.0,0,0.075956285
0.0,0,0.014244812
0.0,1,0.39294228
1.0,1,0.8363549
0.0,0,0.0045763855
0.0,1,0.54367757
0.0,1,0.3178457
1.0,1,0.53944886
1.0,1,0.31356388
0.0,0,0.0022823534
1.0,1,0.9516744
1.0,1,0.7233026
0.0,0,0.015235618
0.0,0,0.0014573776
0.0,0,0.019189766
0.0,0,0.035919137
1.0,0,0.18335186
1.0,1,0.86713624
0.0,0,0.019049708
1.0,1,0.6078236
0.0,0,0.053160857
0.0,0,0.007762464
1.0,1,0.9844074
0.0,0,0.0012959366
0.0,0,0.0033993784
0.0,0,0.09787691
1.0,1,0.84225714
1.0,1,0.7945501
0.0,0,0.024859706
1.0,1,0.97504765
1.0,1,0.9757514
1.0,1,0.79069996
0.0,0,0.016387176
0.0,0,0.043339293
1.0,0,0.15679614
1.0,1,0.89964247
1.0,1,0.89840174
0.0,0,0.0051030717
0.0,0,0.03686058
0.0,1,0.28315282
1.0,1,0.86741555
1.0,1,0.8921547
0.0,0,0.0216059
1.0,1,0.9853554
0.0,0,0.029823612
0.0,0,0.0054004393
1.0,1,0.49230477
0.0,0,0.007281236
0.0,0,0.02601858
1.0,1,0.52921575
0.0,0,0.23861887
1.0,1,0.9355444
1.0,1,0.9819669
0.0,1,0.5669341
1.0,1,0.9793194
0.0,0,0.03189222
1.0,1,0.4900774
0.0,0,0.077461265
1.0,1,0.76232034
0.0,0,0.021837095
0.0,1,0.5149223
1.0,1,0.92561644
1.0,1,0.6986648
0.0,0,0.03287424
1.0,0,0.032531332
0.0,1,0.53504616
1.0,1,0.97099537
0.0,0,0.019843506
0.0,0,0.15570453
0.0,0,0.051060203
1.0,1,0.96703297
1.0,1,0.72392654
1.0,1,0.96709716
1.0,0,0.265126
0.0,0,0.09439069
0.0,0,0.0011330517
0.0,0,0.20098415
1.0,1,0.9734
1.0,1,0.79504997
0.0,0,0.0017706208
0.0,1,0.98265463
0.0,0,0.013748162
0.0,1,0.45014748
1.0,1,0.8103608
0.0,0,0.0090316795
1.0,1,0.86717284
0.0,0,0.013299893
0.0,0,0.032752443
0.0,0,0.19990554
1.0,1,0.9839259
0.0,0,0.011233524
0.0,0,0.100896455
0.0,1,0.27423665
0.0,0,0.037031036
0.0,0,0.12937863
0.0,0,0.08898539
0.0,0,0.027489005
0.0,0,0.14052382
0.0,0,0.17061564
0.0,0,0.011401172
0.0,0,0.03819387
1.0,1,0.78631467
1.0,1,0.81222785
1.0,1,0.9822618
1.0,1,0.97110564
1.0,1,0.38925746
0.0,0,0.014761054
1.0,1,0.70942247
0.0,0,0.0012491936
0.0,0,0.010943275
1.0,1,0.56632036
1.0,1,0.35963118
1.0,1,0.95730317
0.0,0,0.002652525
1.0,1,0.5696651
1.0,1,0.9223139
1.0,1,0.97612435
1.0,1,0.76733255
0.0,0,0.014770689
1.0,1,0.97091943
0.0,0,0.031708423
0.0,0,0.0038116286
1.0,1,0.8085462
1.0,1,0.7597055
0.0,0,0.018921927
0.0,0,0.042424344
1.0,1,0.71488786
1.0,1,0.97848076
0.0,0,0.01281679
1.0,1,0.799657
0.0,0,0.0016608819
1.0,1,0.8698215
0.0,0,0.017265545
0.0,1,0.73303163
1.0,1,0.562878
1.0,1,0.7980161
0.0,0,0.02930728
0.0,0,0.033820078
0.0,1,0.75889033
1.0,1,0.94430697
0.0,0,0.032968696
1.0,1,0.8556944
1.0,1,0.9829598
0.0,0,0.004010339
0.0,0,0.10737979
1.0,0,0.14097749
1.0,1,0.94413155
0.0,0,0.033187058
0.0,0,0.009561448
1.0,1,0.94539934
0.0,0,0.00046726523
1.0,1,0.9556409
1.0,1,0.81247556
0.0,1,0.35336393
1.0,1,0.9846393
1.0,1,0.8224797
1.0,1,0.8910393
1.0,1,0.8579435
0.0,0,0.032700885
0.0,0,0.021332443
0.0,0,0.003194359
0.0,0,0.014889903
1.0,1,0.93428385
1.0,1,0.7512849
0.0,0,0.19400838
1.0,1,0.75369364
1.0,1,0.82362247
0.0,1,0.28857285
1.0,1,0.97284335
1.0,1,0.509326
0.0,0,0.038451567
0.0,0,0.010032639
0.0,0,0.0032969113
1.0,0,0.24351847
0.0,0,0.031312905
1.0,0,0.17539641
1.0,1,0.5909578
0.0,0,0.11539014
0.0,0,0.10653409
1.0,1,0.7992195
0.0,0,0.049279213
1.0,0,0.20286961
1.0,1,0.94568926
0.0,0,0.11473942
1.0,1,0.9759455
1.0,1,0.7349758
0.0,0,0.016398462
0.0,1,0.3650036
1.0,1,0.93849355
1.0,0,0.1038718
1.0,1,0.70102036
1.0,1,0.44422182
1.0,1,0.8983078
0.0,0,0.020583889
1.0,1,0.68383944
0.0,0,0.085532315
1.0,0,0.23604898
0.0,0,0.10471568
0.0,0,0.02376077
1.0,1,0.98270917
1.0,1,0.80254936
1.0,1,0.4990914
0.0,0,0.035361458
0.0,0,0.034101326
0.0,0,0.009043858
0.0,0,0.21947657
1.0,1,0.42718396
0.0,0,0.0044172057
1.0,1,0.42305198
0.0,0,0.13527262
1.0,1,0.884013
1.0,1,0.85968316
0.0,0,0.018976362
1.0,1,0.62450004
0.0,0,0.04039169
1.0,1,0.51454294
0.0,0,0.0674395
1.0,1,0.77333736
0.0,0,0.032654684
0.0,0,0.02651765
1.0,1,0.78531086
1.0,1,0.5372397
0.0,0,0.004707289
1.0,1,0.4126293
1.0,1,0.41936293
1.0,1,0.9794349
1.0,1,0.98341376
0.0,0,0.0027333873
0.0,1,0.95065475
0.0,0,0.08827953
0.0,0,0.17666574
1.0,1,0.5481014
0.0,0,0.1771477
1.0,1,0.7549435
0.0,0,0.11256342
0.0,1,0.9739833
0.0,0,0.014518595
1.0,1,0.6316773
1.0,1,0.889587
0.0,0,0.07945405
0.0,0,0.0036327492
1.0,1,0.8578083
1.0,1,0.98087215
1.0,1,0.9715817
0.0,0,0.08777175
1.0,1,0.9468008
1.0,1,0.98798454
0.0,0,0.01702067
1.0,0,0.034499962
1.0,1,0.74823767
0.0,0,0.013058856
0.0,0,0.014561174
1.0,1,0.9375526
1.0,1,0.93554795
0.0,0,0.028235845
0.0,0,0.10140752
1.0,1,0.88561666
0.0,0,0.101500064
0.0,0,0.1290525
0.0,0,0.030032102
0.0,0,0.04119728
0.0,0,0.009319169
1.0,0,0.025949549
0.0,0,0.17397007
1.0,1,0.95286566
1.0,1,0.982195
0.0,0,0.03473185
1.0,1,0.9194482
0.0,0,0.20563741
1.0,1,0.9476469
0.0,0,0.059796233
0.0,0,0.015541672
1.0,1,0.9729911
0.0,0,0.041893672
0.0,0,0.02636619
0.0,0,0.03417149
0.0,0,0.03958394
0.0,0,0.02729151
1.0,1,0.9686637
0.0,0,0.120504074
0.0,1,0.60778034
0.0,0,0.0368615
1.0,1,0.982304
1.0,1,0.6267536
0.0,1,0.6177605
1.0,1,0.62425196
1.0,1,0.5316462
0.0,0,0.008927738
1.0,1,0.3511062
1.0,0,0.07683657
1.0,1,0.82982755
1.0,1,0.610654
0.0,0,0.009765719
0.0,0,0.018151991
0.0,0,0.0069295554
0.0,0,0.14982153
0.0,0,0.11816962
1.0,1,0.9695734
1.0,1,0.81335074
1.0,1,0.9749958
1.0,1,0.73127496
0.0,0,0.0060911565
1.0,1,0.79911745
0.0,0,0.05129378
1.0,1,0.41339362
1.0,0,0.24062812
1.0,1,0.95543194
0.0,0,0.019914666
1.0,0,0.10131522
0.0,0,0.0036579987
0.0,0,0.03476032
1.0,1,0.82540864
0.0,1,0.3432169
1.0,1,0.86443365
1.0,1,0.6055878
0.0,0,0.0035348297
1.0,1,0.763805
0.0,0,0.014260603
1.0,1,0.744245
0.0,0,0.013486718
1.0,1,0.9844412
0.0,0,0.0389177
1.0,1,0.9602739
1.0,1,0.6836942
1.0,1,0.7986007
0.0,0,0.0014514137
0.0,0,0.14811316
0.0,0,0.04333847
0.0,0,0.056622963
1.0,1,0.6267245
0.0,0,0.0017141902
0.0,0,0.022475695
0.0,0,0.1778621
1.0,1,0.5848175
1.0,1,0.9735323
1.0,1,0.8564657
0.0,0,0.014333136
0.0,0,0.025774598
0.0,0,0.13332868
0.0,1,0.43270168
0.0,0,0.0047272313
1.0,1,0.98178524
0.0,0,0.18639076
1.0,1,0.98033875
1.0,0,0.24974836
0.0,0,0.06378134
0.0,0,0.005163419
1.0,1,0.39747155
1.0,1,0.7479151
0.0,1,0.59468204
1.0,1,0.3718317
1.0,1,0.95837665
0.0,0,0.005279286
0.0,0,0.017466363
0.0,1,0.30198613
1.0,1,0.6031621
0.0,0,0.018496899
0.0,0,0.031896576
1.0,1,0.44474822
0.0,0,0.044293236
1.0,1,0.9785012
1.0,1,0.33064246
0.0,0,0.028141279
0.0,0,0.00385584
1.0,1,0.41626692
0.0,0,0.017567744
0.0,0,0.15236405
0.0,0,0.028428663
0.0,0,0.018950434
1.0,1,0.30468655
1.0,1,0.83657223
0.0,0,0.22626728
1.0,1,0.30077177
0.0,0,0.02188914
0.0,0,0.008741416
1.0,1,0.9528313
0.0,0,0.1651069
1.0,1,0.9737486
0.0,0,0.006830065
0.0,0,0.0009711083
1.0,1,0.9867115
0.0,0,0.005283025
0.0,0,0.0069354484
1.0,1,0.8524503
1.0,0,0.2411112
1.0,1,0.9132165
0.0,0,0.22169814
0.0,0,0.011699641
0.0,1,0.5750819
1.0,0,0.115910605
1.0,1,0.6093858
0.0,0,0.03403564
1.0,1,0.7315109
0.0,0,0.0151996445
0.0,0,0.059411366
0.0,1,0.5800616
0.0,0,0.22690134
1.0,1,0.9631832
1.0,1,0.89376587
0.0,0,0.028096674
0.0,0,0.1746252
1.0,1,0.48053765
1.0,1,0.97551614
1.0,1,0.9797564
1.0,1,0.8388597
1.0,1,0.7127812
0.0,0,0.034489945
1.0,1,0.8305027
1.0,1,0.8303124
1.0,1,0.76116383
1.0,1,0.83261645
0.0,0,0.023790197
0.0,0,0.073735915
1.0,1,0.901418
0.0,1,0.51026595
0.0,0,0.14692317
0.0,0,0.026388548
0.0,0,0.01024987
1.0,0,0.10709727
1.0,1,0.64029515
1.0,1,0.9579017
0.0,0,0.030003285
1.0,1,0.98350424
1.0,1,0.8254884
1.0,1,0.98695284
1.0,1,0.6520765
0.0,0,0.03364669
1.0,0,0.12090673
1.0,1,0.98340166
1.0,1,0.920318
0.0,0,0.16096437
0.0,0,0.006726323
0.0,1,0.29345474
1.0,1,0.98308975
0.0,1,0.5045512
1.0,1,0.72198784
0.0,0,0.008817954
1.0,1,0.98192304
0.0,0,0.009536131
1.0,1,0.7645011
1.0,1,0.31743655
0.0,1,0.38553518
0.0,0,0.17184336
0.0,1,0.95996946
0.0,0,0.0041625737
1.0,1,0.6192874
1.0,1,0.31171337
1.0,1,0.8113713
0.0,0,0.0629607
1.0,1,0.98145676
0.0,0,0.04676462
0.0,0,0.030934554
0.0,0,0.011239495
0.0,0,0.21523634
0.0,1,0.5823193
1.0,1,0.645964
0.0,0,0.016453084
1.0,1,0.9562353
1.0,1,0.8006773
1.0,1,0.827236
1.0,1,0.63147867
1.0,1,0.90219456
1.0,1,0.6951399
1.0,1,0.94937575
1.0,0,0.093012795
1.0,1,0.98711824
0.0,0,0.026462672
1.0,1,0.8836014
1.0,1,0.38936666
0.0,0,0.00061317434
1.0,0,0.13570821
0.0,0,0.047940508
1.0,1,0.8967718
1.0,1,0.43105745
1.0,0,0.075668596
1.0,1,0.944257
1.0,0,0.2404058
1.0,1,0.9246282
0.0,0,0.018507205
1.0,1,0.9236987
1.0,1,0.49174955
1.0,1,0.97905135
0.0,0,0.004852405
0.0,1,0.64836514
0.0,0,0.02164094
1.0,1,0.95984584
1.0,1,0.3796682
0.0,0,0.0075915153
1.0,0,0.14054956
0.0,0,0.033594187
0.0,1,0.57172126
1.0,1,0.9516633
1.0,1,0.9484818
0.0,0,0.1473559
1.0,1,0.9717234
1.0,1,0.63198566
0.0,0,0.0061766705
1.0,1,0.4107106
0.0,0,0.0037506248
0.0,0,0.020246705
1.0,1,0.8071841
0.0,0,0.0037100154
0.0,0,0.021225672
0.0,0,0.0019673728
0.0,0,0.001995896
0.0,0,0.022520874
1.0,1,0.5278604
0.0,0,0.011589505
1.0,1,0.7215118
1.0,1,0.39654934
1.0,1,0.97517115
0.0,0,0.025413502
1.0,1,0.27257097
1.0,1,0.86623544
0.0,0,0.016861165
0.0,0,0.019759376
0.0,1,0.28150186
1.0,1,0.96507555
0.0,0,0.12737635
1.0,1,0.87745506
1.0,1,0.46743932
0.0,1,0.35873663
1.0,1,0.9406377
1.0,1,0.7384163
0.0,0,0.16887394
1.0,1,0.90842813
1.0,1,0.805452
0.0,0,0.05470665
0.0,0,0.0064629656
0.0,0,0.0028272956
0.0,0,0.07195979
1.0,1,0.9907688
0.0,0,0.058073442
1.0,1,0.8324332
1.0,1,0.81941223
1.0,1,0.9796808
0.0,0,0.027586056
1.0,1,0.61203897
1.0,1,0.7720189
1.0,1,0.97640455
0.0,0,0.024474867
0.0,0,0.007225889
0.0,0,0.016687158
1.0,1,0.9528498
1.0,1,0.76073176
1.0,1,0.98249584
0.0,0,0.0592704
1.0,1,0.9618666
1.0,1,0.97461563
0.0,0,0.004436007
1.0,1,0.97930884
1.0,1,0.9518533
1.0,0,0.12570266
1.0,1,0.93115866
0.0,1,0.38910803
1.0,1,0.7173842
1.0,1,0.90639186
0.0,0,0.033428602
1.0,0,0.15890357
1.0,0,0.24715891
1.0,1,0.96715033
1.0,1,0.8847218
0.0,0,0.017945414
0.0,0,0.0077629676
1.0,1,0.79839915
0.0,0,0.053556506
1.0,1,0.95693916
0.0,1,0.27702945
1.0,0,0.10073635
1.0,1,0.90898305
1.0,1,0.8091122
1.0,1,0.38763085
1.0,1,0.8830623
0.0,0,0.0074543613
1.0,1,0.98688114
0.0,0,0.025076715
0.0,0,0.007053878
1.0,1,0.35151812
0.0,0,0.0125716105
1.0,1,0.9825584
1.0,1,0.8845381
1.0,1,0.98584276
1.0,1,0.8503056
1.0,1,0.95914537
0.0,0,0.08045028
1.0,1,0.4876488
1.0,1,0.97800505
1.0,0,0.19872531
1.0,1,0.9855048
1.0,1,0.97881156
1.0,1,0.980415
1.0,0,0.039813478
0.0,0,0.089442715
1.0,1,0.88529277
0.0,1,0.4902423
0.0,1,0.28632444
0.0,0,0.002239344
0.0,0,0.012802571
1.0,1,0.9892057
1.0,1,0.8965109
0.0,0,0.017211307
0.0,0,0.01166134
1.0,1,0.88566554
0.0,0,0.008987135
1.0,1,0.70220184
0.0,0,0.0015835552
0.0,0,0.24949984
1.0,0,0.2670952
0.0,0,0.0044711297
0.0,0,0.022124242
1.0,1,0.9376097
0.0,1,0.33573526
1.0,1,0.9368818
0.0,0,0.07238316
1.0,1,0.9521299
1.0,1,0.97758675
0.0,0,0.009723038
1.0,1,0.8591018
1.0,1,0.8472492
0.0,0,0.06288177
0.0,0,0.0028014707
1.0,1,0.6108011
1.0,0,0.26057002
0.0,1,0.54569244
0.0,0,0.034350824
1.0,1,0.9824596
1.0,1,0.73174167
0.0,0,0.13880509
0.0,0,0.043491565
1.0,1,0.60932004
0.0,1,0.52073175
0.0,0,0.015215405
1.0,1,0.8422162
0.0,1,0.63172114
0.0,0,0.009585298
0.0,0,0.043318506
1.0,1,0.49998215
0.0,0,0.07005892
1.0,1,0.98132914
1.0,1,0.84183145
0.0,1,0.644011
0.0,0,0.055486027
0.0,0,0.001802884
1.0,1,0.9195093
1.0,1,0.52003276
0.0,0,0.23864056
1.0,1,0.9743368
0.0,0,0.002897015
1.0,1,0.9793169
0.0,0,0.039353024
1.0,1,0.94454527
0.0,0,0.009612049
1.0,1,0.44143984
1.0,1,0.45677128
1.0,1,0.96901846
0.0,0,0.065247126
1.0,1,0.84718573
1.0,0,0.16827248
0.0,0,0.03855609
1.0,1,0.97642255
0.0,0,0.01817205
0.0,0,0.0011206516
1.0,1,0.35509288
0.0,0,0.017792094
1.0,1,0.589924
0.0,0,0.07069454
0.0,0,0.025359627
1.0,1,0.88638425
0.0,0,0.038097557
1.0,1,0.48846504
1.0,1,0.9723605
0.0,0,0.002006031
0.0,0,0.0070028235
0.0,0,0.037687458
0.0,0,0.0024866115
1.0,1,0.97977847
0.0,0,0.009009055
0.0,0,0.0037794241
1.0,1,0.5739327
0.0,0,0.06908737
1.0,1,0.9773648
1.0,1,0.97839016
1.0,1,0.8248153
0.0,0,0.013793859
1.0,1,0.73810637
1.0,1,0.96090484
0.0,0,0.012643507
0.0,0,0.07121373
0.0,0,0.020748015
1.0,1,0.6255374
1.0,1,0.97293305
1.0,1,0.79292405
0.0,0,0.019992275
1.0,1,0.90788287
0.0,0,0.009974987
0.0,0,0.1450848
1.0,1,0.9647956
1.0,1,0.9692885
0.0,0,0.03800604
1.0,1,0.8615512
0.0,0,0.1876904
0.0,0,0.050240733
1.0,1,0.8094775
1.0,1,0.7448032
0.0,0,0.018885111
0.0,0,0.0055537974
1.0,1,0.802767
1.0,1,0.7265154
1.0,1,0.6036069
1.0,1,0.5626843
0.0,0,0.0087663
1.0,1,0.98444194
1.0,1,0.9696986
1.0,1,0.81765455
0.0,0,0.008199263
0.0,0,0.007030452
0.0,1,0.42473695
1.0,1,0.6047401
0.0,0,0.0316409
1.0,1,0.98230547
0.0,0,0.025989804
0.0,0,0.017444642
0.0,0,0.0012289493
1.0,1,0.668825
1.0,0,0.15392187
0.0,1,0.2970796
1.0,1,0.77569616
0.0,0,0.015237849
0.0,0,0.16346058
0.0,0,0.039914828
1.0,1,0.96030426
1.0,1,0.9501759
0.0,0,0.14747436
1.0,1,0.81818026
0.0,0,0.011779186
1.0,1,0.9835891
0.0,0,0.008671106
0.0,0,0.0051085
0.0,0,0.038086012
1.0,1,0.7094536
1.0,1,0.9519807
0.0,1,0.44235379
1.0,1,0.4857727
1.0,1,0.8673668
0.0,0,0.16248038
0.0,0,0.20000333
1.0,1,0.9471132
0.0,0,0.013469813
1.0,1,0.93782943
0.0,0,0.07093546
0.0,0,0.08419467
0.0,0,0.0034042618
0.0,1,0.33082837
1.0,1,0.9117103
1.0,1,0.8361416
0.0,0,0.020536266
1.0,1,0.9335605
0.0,0,0.059647676
1.0,1,0.98013073
0.0,1,0.48563638
1.0,1,0.46148047
0.0,0,0.022532359
0.0,0,0.029133704
1.0,1,0.8426938
0.0,0,0.020215089
1.0,1,0.9216476
1.0,1,0.9844652
0.0,0,0.027916687
0.0,0,0.07135799
1.0,1,0.9632703
1.0,1,0.620517
0.0,0,0.09880737
1.0,1,0.34469366
0.0,0,0.07456946
0.0,0,0.0028482259
1.0,1,0.98148465
1.0,1,0.9725049
1.0,1,0.73868984
1.0,1,0.94143486
1.0,1,0.93240255
1.0,1,0.67565006
1.0,1,0.9832341
0.0,0,0.016859906
1.0,1,0.43160433
1.0,1,0.7204448
0.0,0,0.024056626
1.0,1,0.9832649
1.0,1,0.981912
1.0,1,0.97492135
0.0,0,0.024323467
0.0,0,0.042701248
0.0,0,0.005306887
1.0,1,0.8927756
0.0,0,0.051093668
0.0,0,0.16381353
1.0,1,0.9203746
1.0,1,0.9147972
1.0,1,0.7639379
0.0,0,0.17742167
1.0,1,0.98563486
0.0,0,0.008288125
1.0,1,0.6986817
0.0,0,0.021773597
0.0,0,0.037213545
0.0,1,0.5519427
0.0,0,0.047985226
1.0,0,0.14516027
0.0,0,0.0027433478
1.0,1,0.97555476
1.0,1,0.9288951
0.0,1,0.27686477
0.0,0,0.033904217
1.0,1,0.76615405
1.0,1,0.94315815
1.0,1,0.5128136
0.0,1,0.634787
1.0,1,0.887244
0.0,0,0.0050104205
0.0,0,0.020876762
0.0,0,0.07954218
1.0,1,0.85785306
1.0,1,0.32821643
1.0,1,0.48234487
1.0,1,0.9239511
0.0,0,0.008277174
0.0,0,0.0019437817
1.0,1,0.9748582
0.0,0,0.044663344
0.0,0,0.0052433745
1.0,1,0.84406114
1.0,0,0.21500692
1.0,1,0.8199569
0.0,0,0.011109162
0.0,0,0.17697552
0.0,0,0.038981173
1.0,1,0.91094625
1.0,1,0.850033
0.0,0,0.009519145
0.0,1,0.839755
1.0,1,0.63222754
1.0,1,0.80110043
0.0,0,0.10635781
1.0,1,0.81263614
0.0,0,0.011524941
1.0,0,0.16754214
0.0,1,0.2738919
0.0,0,0.010291478
0.0,0,0.13996728
0.0,0,0.0035890348
0.0,0,0.0012737792
0.0,0,0.018324606
0.0,0,0.13069217
0.0,0,0.00867373
0.0,0,0.0070116753
0.0,0,0.0066982447
1.0,0,0.06582455
0.0,1,0.293881
0.0,0,0.057730306
1.0,1,0.97154915
0.0,0,0.061338753
0.0,0,0.029930433
1.0,1,0.8057269
0.0,0,0.0071397736
1.0,1,0.6937195
0.0,1,0.8866682
1.0,1,0.520494
1.0,1,0.98281044
1.0,1,0.89372975
0.0,0,0.036402516
0.0,0,0.19306512
1.0,1,0.97544694
1.0,1,0.964308
0.0,0,0.033564866
1.0,1,0.96037376
0.0,0,0.010539857
1.0,1,0.51187235
0.0,0,0.11755699
1.0,1,0.8783475
0.0,0,0.019500667
0.0,0,0.03730824
1.0,1,0.97571725
1.0,1,0.7368175
0.0,0,0.027708832
1.0,1,0.7888661
0.0,0,0.0838263
1.0,1,0.9606734
0.0,0,0.020482443
1.0,1,0.96905047
1.0,1,0.8711276
0.0,0,0.020761624
1.0,1,0.97310364
0.0,1,0.2853752
0.0,0,0.00754693
0.0,0,0.0135074975
0.0,0,0.031752896
1.0,1,0.74109423
0.0,0,0.029211638
1.0,1,0.93388253
0.0,0,0.12682578
0.0,1,0.51000625
1.0,1,0.8510583
1.0,1,0.48726693
0.0,0,0.005619104
0.0,0,0.007942096
0.0,0,0.041558597
0.0,0,0.11358521
0.0,0,0.015340351
0.0,0,0.05544541
0.0,0,0.099431135
0.0,0,0.010152398
0.0,0,0.033782665
0.0,0,0.01210915
0.0,0,0.0018289203
0.0,1,0.8665268
0.0,1,0.39693674
0.0,0,0.008322836
1.0,1,0.31162694
1.0,1,0.60207117
0.0,0,0.012583461
0.0,0,0.020457253
1.0,1,0.9797382
0.0,0,0.016060751
0.0,1,0.2735678
1.0,1,0.53584135
1.0,1,0.98148566
1.0,1,0.9013403
0.0,1,0.40858585
0.0,1,0.49125654
0.0,0,0.009490885
1.0,1,0.40807483
0.0,0,0.017774826
1.0,1,0.8923514
1.0,1,0.97855866
0.0,0,0.002098197
0.0,0,0.043113533
1.0,1,0.9790827
1.0,1,0.93624663
1.0,1,0.9374651
0.0,0,0.108357705
0.0,0,0.0077879094
0.0,0,0.070047095
1.0,1,0.9777924
0.0,1,0.3569753
0.0,0,0.0008322007
0.0,0,0.010963206
0.0,0,0.0047194753
0.0,0,0.025284538
0.0,0,0.08414659
0.0,0,0.027763046
0.0,0,0.1707743
0.0,0,0.009886911
1.0,1,0.94948006
1.0,1,0.96707577
0.0,0,0.019929111
0.0,0,0.037071053
1.0,1,0.54655945
0.0,0,0.0022833145
1.0,1,0.9423156
0.0,0,0.0070188534
1.0,1,0.9598799
1.0,1,0.3474014
1.0,1,0.94090366
0.0,0,0.007239149
1.0,1,0.7083198
0.0,0,0.010828245
0.0,0,0.010841711
0.0,0,0.023084223
1.0,1,0.93476903
0.0,0,0.0072373976
0.0,0,0.18382159
0.0,0,0.061000276
0.0,0,0.038599093
1.0,0,0.10620271
0.0,0,0.20143199
0.0,0,0.004557262
0.0,0,0.15027605
0.0,0,0.006126851
1.0,1,0.93227357
1.0,1,0.6437769
1.0,0,0.25857186
1.0,1,0.4544374
1.0,1,0.70812714
1.0,1,0.5798859
0.0,0,0.022044212
0.0,0,0.018265907
0.0,0,0.033219766
1.0,1,0.6126205
0.0,0,0.182567
0.0,0,0.12914269
0.0,0,0.004132594
0.0,0,0.038324557
0.0,0,0.031750266
0.0,0,0.00076348806
0.0,0,0.08177455
0.0,0,0.015708368
0.0,1,0.2901659
0.0,0,0.036406063
0.0,0,0.009503332
1.0,0,0.07295177
0.0,1,0.92236
1.0,0,0.065534145
1.0,1,0.9480022
0.0,0,0.015043413
0.0,0,0.0062029823
0.0,0,0.022661243
0.0,0,0.0047643348
0.0,1,0.30810502
1.0,0,0.18042538
1.0,1,0.6976536
0.0,0,0.008220739
0.0,0,0.00175815
1.0,1,0.45795387
1.0,1,0.9588325
1.0,1,0.9428842
1.0,1,0.91927004
1.0,1,0.44036242
0.0,0,0.06418749
0.0,0,0.003941511
1.0,1,0.9807259
1.0,1,0.9583468
1.0,1,0.98828256
0.0,0,0.024572972
1.0,1,0.5943786
1.0,1,0.7868405
1.0,1,0.6535857
0.0,0,0.028563416
0.0,0,0.02242885
1.0,1,0.9015055
1.0,1,0.97248244
1.0,1,0.7186288
1.0,1,0.36545065
0.0,0,0.014568086
1.0,1,0.85015666
0.0,0,0.046647806
1.0,1,0.87480885
1.0,1,0.4123555
0.0,0,0.02132329
0.0,0,0.005479048
1.0,1,0.62896776
0.0,0,0.0958322
1.0,1,0.9133029
1.0,1,0.9568049
1.0,1,0.41881728
1.0,1,0.98013836
1.0,1,0.5420003
1.0,1,0.7030102
1.0,0,0.24305576
0.0,0,0.19232804
1.0,1,0.97480613
1.0,1,0.74431586
1.0,1,0.6367333
0.0,0,0.26530612
1.0,1,0.7862654
0.0,0,0.04285831
0.0,0,0.008780685
0.0,0,0.013073952
1.0,1,0.49945697
0.0,0,0.072231755
1.0,1,0.8566848
1.0,1,0.6235484
1.0,1,0.703613
0.0,0,0.04830545
1.0,1,0.51605904
0.0,0,0.02558289
0.0,0,0.0073301033
0.0,0,0.031601638
0.0,0,0.04123377
0.0,1,0.4095363
0.0,0,0.040178623
0.0,0,0.01357333
1.0,0,0.027665986
1.0,1,0.6143396
0.0,0,0.120566405
0.0,0,0.016757505
1.0,1,0.9833248
0.0,1,0.42763257
0.0,0,0.2557966
0.0,0,0.047725953
1.0,1,0.7812551
1.0,1,0.952361
0.0,0,0.0039509255
0.0,1,0.60208505
1.0,1,0.894453
1.0,1,0.97957134
0.0,0,0.027465008
1.0,1,0.983381
0.0,0,0.013185021
1.0,1,0.9760769
0.0,0,0.0015427896
1.0,1,0.9321964
0.0,0,0.26706603
1.0,1,0.9503913
1.0,1,0.8166571
1.0,1,0.8615617
1.0,1,0.9437228
1.0,1,0.8718297
0.0,1,0.3047492
0.0,0,0.013292686
1.0,1,0.9532987
0.0,0,0.0037080226
1.0,1,0.98639333
1.0,1,0.97786057
1.0,1,0.5686348
0.0,0,0.008801061
1.0,1,0.45778304
0.0,0,0.012481686
0.0,1,0.8580496
1.0,1,0.86466014
0.0,0,0.05898665
0.0,0,0.020242296
1.0,1,0.9468314
1.0,1,0.98532575
0.0,0,0.034468662
0.0,0,0.02456228
1.0,1,0.69880307
0.0,0,0.035593834
0.0,0,0.022596717
1.0,1,0.8821881
0.0,0,0.0008398223
1.0,1,0.97614306
1.0,1,0.83746153
0.0,0,0.0039043669
1.0,1,0.9804493
1.0,1,0.9870527
1.0,1,0.68691814
1.0,1,0.79571265
0.0,0,0.016888766
0.0,0,0.006580101
0.0,0,0.023183772
1.0,1,0.75967747
1.0,0,0.018790562
0.0,0,0.009359519
1.0,1,0.40949428
0.0,0,0.0018716299
1.0,1,0.64179456
0.0,0,0.031628575
1.0,1,0.9831738
0.0,0,0.054851864
1.0,1,0.9766596
1.0,1,0.8452816
0.0,0,0.0052726334
0.0,0,0.0017911198
0.0,0,0.00895206
0.0,0,0.032743704
1.0,1,0.5413196
1.0,1,0.9729446
0.0,0,0.11595289
1.0,1,0.8790383
1.0,1,0.7855844
1.0,1,0.98586553
1.0,1,0.7732619
0.0,1,0.64660084
1.0,1,0.97389644
0.0,0,0.010167207
1.0,1,0.9522506
1.0,1,0.53468853
0.0,0,0.043534208
0.0,0,0.0033961746
0.0,0,0.14440337
1.0,1,0.9605868
1.0,1,0.8703532
1.0,1,0.66928875
0.0,0,0.016613826
0.0,1,0.85748434
1.0,1,0.97103906
0.0,0,0.017685983
0.0,0,0.0109926695
1.0,1,0.98185474
0.0,0,0.011344358
0.0,0,0.0054641254
0.0,0,0.0884988
0.0,0,0.053332664
1.0,1,0.961484
0.0,0,0.12090665
0.0,0,0.0018398934
1.0,1,0.80072945
0.0,0,0.0011154158
0.0,0,0.013880242
0.0,0,0.03223995
1.0,1,0.9796269
1.0,1,0.854849
0.0,0,0.021207798
0.0,0,0.008861737
0.0,0,0.085084625
0.0,0,0.03334393
0.0,1,0.43957093
1.0,1,0.76369995
0.0,0,0.04150797
1.0,1,0.49690533
0.0,0,0.024749469
0.0,0,0.048618328
0.0,0,0.031986576
0.0,0,0.035742447
1.0,1,0.86677706
1.0,1,0.95444834
0.0,0,0.14867015
1.0,1,0.78615403
1.0,1,0.984947
1.0,1,0.5750855
1.0,1,0.31484357
0.0,0,0.013342165
1.0,1,0.5644057
1.0,1,0.89539796
1.0,1,0.9691989
1.0,1,0.93101245
1.0,1,0.36854982
0.0,0,0.051575046
1.0,1,0.8610558
1.0,1,0.30508003
1.0,1,0.9642211
1.0,1,0.79458094
0.0,0,0.004935259
0.0,0,0.20809159
0.0,0,0.0682838
0.0,0,0.017786805
1.0,1,0.9820206
0.0,0,0.08790731
0.0,0,0.074180834
1.0,1,0.95060915
1.0,0,0.035352916
1.0,0,0.121509925
1.0,1,0.9693716
0.0,0,0.09028566
0.0,0,0.019040339
0.0,0,0.15159625
0.0,0,0.118199706
1.0,1,0.7620754
1.0,1,0.80644095
0.0,0,0.054140694
0.0,0,0.2411253
1.0,1,0.3708658
1.0,1,0.68096656
1.0,1,0.6191326
1.0,1,0.39003125
0.0,0,0.0027722954
0.0,0,0.025694946
1.0,1,0.9797583
0.0,0,0.013773156
0.0,0,0.028339306
0.0,0,0.0028512748
0.0,0,0.014363888
0.0,0,0.20934565
0.0,0,0.0054805945
1.0,1,0.9362341
0.0,0,0.17284179
0.0,0,0.009688239
0.0,0,0.03368253
0.0,0,0.006908949
1.0,1,0.6849624
1.0,1,0.969145
1.0,1,0.29943225
0.0,0,0.01950429
0.0,0,0.014945753
1.0,1,0.9389071
1.0,1,0.9798262
1.0,1,0.90825415
0.0,0,0.0071200393
0.0,0,0.011558793
0.0,0,0.036837965
1.0,1,0.9231692
1.0,1,0.9800032
1.0,1,0.61735237
0.0,0,0.014701112
0.0,0,0.21281604
0.0,1,0.37975118
0.0,1,0.5055353
0.0,0,0.027144136
0.0,0,0.24314696
1.0,1,0.86146134
0.0,0,0.025807979
1.0,1,0.9798735
1.0,0,0.1498165
0.0,0,0.007480386
1.0,1,0.7434505
0.0,0,0.041497864
1.0,1,0.88168186
0.0,0,0.035264313
1.0,1,0.505081
0.0,0,0.01601669
0.0,0,0.018344318
1.0,1,0.64032197
1.0,1,0.96646667
0.0,0,0.016534496
1.0,1,0.8444899
1.0,1,0.8581786
1.0,1,0.57180005
0.0,0,0.0074070133
0.0,0,0.004120042
0.0,0,0.011010066
0.0,0,0.023975803
1.0,1,0.47829202
1.0,1,0.77895236
1.0,1,0.98814684
0.0,0,0.01763192
0.0,1,0.37629685
1.0,1,0.9751682
1.0,1,0.55140734
1.0,1,0.79068774
1.0,1,0.90002525
0.0,0,0.021341735
0.0,0,0.042424634
0.0,0,0.009737686
1.0,1,0.5700039
0.0,0,0.008660332
1.0,1,0.31502047
0.0,0,0.21230674
1.0,1,0.9556506
1.0,1,0.9819154
0.0,0,0.033557825
1.0,1,0.8216862
1.0,1,0.8596694
1.0,1,0.9746587
1.0,0,0.06903702
0.0,0,0.11388982
0.0,0,0.047714382
0.0,0,0.013777378
1.0,1,0.7528831
1.0,1,0.98533314
1.0,1,0.93799484
0.0,0,0.0053847134
1.0,1,0.5152294
1.0,1,0.42471394
1.0,1,0.77986556
1.0,0,0.12147148
1.0,1,0.9264133
0.0,0,0.015457572
0.0,0,0.014606058
0.0,1,0.51935863
0.0,0,0.20201762
1.0,1,0.83115965
0.0,0,0.08746434
1.0,1,0.9710991
0.0,0,0.08908858
1.0,1,0.95757276
0.0,0,0.0053476426
0.0,0,0.011535635
1.0,1,0.96762294
1.0,1,0.819299
0.0,0,0.10207616
1.0,1,0.9760399
1.0,1,0.46669728
0.0,0,0.0014882649
1.0,1,0.83973473
1.0,1,0.7964562
0.0,0,0.037161194
0.0,0,0.17220329
0.0,0,0.0039501265
0.0,0,0.105989456
1.0,1,0.9750227
0.0,0,0.033862647
1.0,1,0.9815508
1.0,1,0.88756204
1.0,1,0.8914451
1.0,1,0.59495956
0.0,0,0.00975068
0.0,0,0.013533611
1.0,1,0.8639438
0.0,0,0.037220832
1.0,1,0.9226302
1.0,1,0.98020923
1.0,1,0.367546
1.0,1,0.974398
0.0,0,0.017691825
1.0,1,0.9568976
0.0,0,0.010578552
0.0,1,0.31413886
1.0,1,0.9873074
1.0,1,0.8388587
0.0,0,0.017390722
0.0,0,0.012724066
0.0,0,0.090688586
1.0,1,0.43940547
1.0,1,0.47531793
1.0,1,0.9756417
0.0,0,0.060367722
0.0,0,0.027481232
0.0,1,0.7012344
0.0,0,0.12764531
1.0,1,0.822857
0.0,0,0.0064551383
0.0,0,0.009329886
0.0,0,0.014253231
1.0,1,0.913854
1.0,1,0.95492643
1.0,1,0.29075265
0.0,0,0.04300237
1.0,1,0.37280717
1.0,1,0.6295134
0.0,0,0.027785791
0.0,0,0.1047786
1.0,1,0.7655852
1.0,1,0.9377775
0.0,0,0.03484641
0.0,0,0.058145985
0.0,0,0.03529036
1.0,1,0.9383522
1.0,1,0.9826836
0.0,0,0.013675745
1.0,1,0.43333322
0.0,0,0.025727512
0.0,0,0.013409574
0.0,0,0.01600769
0.0,0,0.0109788105
1.0,1,0.830215
0.0,0,0.020307602
0.0,0,0.17446356
1.0,0,0.1752182
0.0,0,0.20921507
1.0,1,0.8948492
0.0,0,0.007396192
0.0,0,0.0028681692
0.0,0,0.00018949524
1.0,1,0.30000204
1.0,1,0.8423605
1.0,1,0.97166264
0.0,0,0.16057958
0.0,0,0.052504964
1.0,1,0.75038654
0.0,0,0.12634665
0.0,0,0.06568978
0.0,0,0.016667483
0.0,0,0.08259762
0.0,0,0.032068953
1.0,1,0.8927696
1.0,1,0.5782193
0.0,0,0.03675029
1.0,1,0.9545459
1.0,1,0.8948711
0.0,0,0.06682908
1.0,1,0.9873801
0.0,0,0.26857868
0.0,0,0.0021953552
0.0,1,0.39059243
0.0,0,0.025072886
1.0,1,0.38724178
0.0,0,0.024819028
1.0,1,0.74035317
0.0,0,0.021821024
0.0,0,0.010375177
0.0,0,0.016626285
0.0,0,0.00828345
0.0,0,0.054223165
0.0,0,0.0110447565
1.0,0,0.2559827
0.0,0,0.026529329
0.0,0,0.011600829
1.0,1,0.9772918
1.0,0,0.26678914
0.0,0,0.009089687
1.0,1,0.9244695
1.0,1,0.96855235
0.0,0,0.02408168
0.0,0,0.023760695
0.0,0,0.0073794355
0.0,0,0.023099696
0.0,0,0.004080511
1.0,1,0.4958944
1.0,1,0.88447
1.0,1,0.9740033
0.0,0,0.012149367
0.0,1,0.64632154
1.0,0,0.026152961
0.0,1,0.30093554
0.0,1,0.34846735
1.0,1,0.98117363
1.0,1,0.7007957
1.0,1,0.5129204
1.0,1,0.974739
0.0,0,0.14088684
1.0,1,0.9237887
0.0,0,0.015390366
0.0,0,0.02967445
1.0,0,0.102568924
0.0,0,0.25573778
1.0,1,0.5451362
0.0,0,0.015913567
0.0,1,0.33853513
0.0,0,0.00539193
1.0,1,0.80353487
1.0,1,0.9768567
0.0,0,0.0798765
0.0,0,0.008032272
1.0,1,0.38805634
1.0,1,0.9760079
1.0,1,0.9632305
1.0,1,0.7017797
1.0,1,0.80774355
1.0,1,0.7461827
1.0,1,0.77895284
1.0,1,0.97343063
1.0,1,0.46940082
1.0,1,0.3364801
1.0,1,0.8202969
0.0,1,0.49271446
1.0,1,0.96829087
0.0,0,0.13182689
0.0,1,0.40388155
1.0,1,0.4652069
0.0,1,0.5110949
0.0,0,0.047947425
1.0,1,0.53810656
0.0,1,0.7965548
0.0,1,0.96614695
0.0,0,0.069591135
1.0,1,0.9413534
0.0,1,0.37628993
1.0,1,0.98500764
1.0,1,0.77007484
1.0,1,0.6396563
0.0,0,0.0023097817
0.0,0,0.030689856
0.0,0,0.01084942
0.0,0,0.016089385
1.0,1,0.5878401
0.0,0,0.022889283
0.0,0,0.019978322
0.0,0,0.07698657
1.0,1,0.9427637
1.0,1,0.9468894
0.0,0,0.026214825
1.0,1,0.7756293
1.0,1,0.27880567
1.0,1,0.95535535
0.0,0,0.018487034
0.0,0,0.025434617
1.0,1,0.5941342
0.0,0,0.01740176
0.0,0,0.013105294
0.0,0,0.027591543
1.0,1,0.43871558
0.0,0,0.13510326
0.0,0,0.025657738
1.0,1,0.703617
0.0,0,0.028562197
0.0,1,0.6590294
1.0,1,0.9140364
0.0,0,0.054325543
0.0,1,0.4902731
0.0,1,0.94205135
1.0,1,0.92402357
0.0,0,0.0012694148
1.0,1,0.9847538
1.0,1,0.7017851
0.0,0,0.021764155
1.0,1,0.91289896
1.0,1,0.7045898
1.0,1,0.98884207
1.0,1,0.8460344
0.0,1,0.6578488
1.0,1,0.60930645
1.0,0,0.08636661
0.0,0,0.0051991288
1.0,1,0.8693788
1.0,1,0.9625409
1.0,1,0.9299339
1.0,1,0.95921946
0.0,0,0.006607263
1.0,1,0.9628071
0.0,0,0.040733248
0.0,0,0.06463956
0.0,0,0.01703724
0.0,0,0.023381043
1.0,1,0.72401404
1.0,1,0.7358602
0.0,0,0.041009665
0.0,1,0.33010963
1.0,1,0.900105
0.0,0,0.021410692
1.0,1,0.8541074
0.0,1,0.547609
1.0,1,0.9735901
0.0,0,0.0013624234
0.0,0,0.24704638
1.0,1,0.4822327
1.0,1,0.901921
1.0,1,0.8357212
0.0,0,0.029512353
1.0,1,0.92754334
1.0,1,0.9755113
0.0,0,0.1419258
1.0,1,0.6837341
1.0,1,0.5842396
1.0,1,0.71297824
1.0,1,0.957101
1.0,1,0.64655364
1.0,1,0.42606893
0.0,0,0.01993569
0.0,0,0.13906595
0.0,1,0.40872025
1.0,0,0.038519084
1.0,1,0.9838445
1.0,1,0.9425302
1.0,1,0.5273496
1.0,1,0.8979407
1.0,1,0.80532676
0.0,0,0.026315838
0.0,0,0.014742252
0.0,0,0.08296772
1.0,1,0.29010785
1.0,1,0.7061398
0.0,0,0.0049580187
1.0,1,0.98142844
1.0,1,0.36117885
0.0,1,0.7898971
1.0,1,0.9884141
0.0,0,0.025768787
1.0,1,0.9706659
0.0,0,0.009903748
1.0,1,0.77884275
1.0,0,0.041181047
0.0,0,0.09391506
0.0,0,0.00911687
1.0,1,0.8656461
0.0,0,0.0053068115
1.0,1,0.88304806
1.0,1,0.7962453
1.0,1,0.78405184
0.0,0,0.07387033
1.0,1,0.9443281
1.0,1,0.953522
1.0,1,0.97384894
0.0,0,0.020232864
0.0,1,0.4495388
0.0,0,0.013329787
0.0,0,0.039885543
0.0,0,0.0070859734
1.0,1,0.64392173
0.0,0,0.00857213
1.0,1,0.873789
0.0,0,0.0021233985
0.0,0,0.012117247
0.0,0,0.080802254
1.0,1,0.9628993
0.0,0,0.0224449
0.0,0,0.0066215587
1.0,1,0.9202148
1.0,1,0.6037377
0.0,0,0.012485495
1.0,1,0.96216637
1.0,1,0.47083685
1.0,1,0.9146386
0.0,0,0.04011117
1.0,1,0.9875739
1.0,1,0.45176443
0.0,0,0.003282304
0.0,0,0.02848882
0.0,1,0.40529802
1.0,1,0.8751331
1.0,1,0.97655874
1.0,1,0.9435717
1.0,1,0.9562887
0.0,1,0.68893766
0.0,0,0.021771759
0.0,0,0.01965386
1.0,1,0.9650542
0.0,0,0.20264605
1.0,1,0.87955874
1.0,1,0.9681874
1.0,0,0.050480206
1.0,1,0.9073127
0.0,0,0.0048341793
0.0,0,0.016771423
1.0,1,0.96672666
1.0,1,0.8236314
0.0,0,0.11881987
1.0,1,0.922666
1.0,1,0.94239235
1.0,1,0.72856665
0.0,0,0.028599467
1.0,1,0.95927817
0.0,0,0.01780332
0.0,0,0.022361698
1.0,1,0.9692662
0.0,0,0.088359535
0.0,0,0.011035911
1.0,1,0.9649541
0.0,1,0.3611859
1.0,1,0.97372144
1.0,1,0.9483389
1.0,1,0.71471167
1.0,1,0.978869
1.0,1,0.6791494
1.0,1,0.48421276
0.0,0,0.1239091
0.0,0,0.068119064
0.0,0,0.03340039
0.0,0,0.04166497
1.0,1,0.8586563
1.0,1,0.48717245
0.0,1,0.9698436
0.0,0,0.013944198
0.0,0,0.26315874
0.0,0,0.024946915
1.0,0,0.11350021
0.0,0,0.011706275
0.0,0,0.06411779
1.0,1,0.96223456
1.0,1,0.9366386
0.0,0,0.012312814
0.0,0,0.1050622
0.0,0,0.0005014674
0.0,0,0.015092739
0.0,0,0.22598355
1.0,1,0.9827409
1.0,1,0.9754819
1.0,1,0.9441466
1.0,1,0.9762128
1.0,1,0.6851943
1.0,1,0.8647243
0.0,0,0.0047748466
1.0,1,0.83271706
0.0,0,0.036679715
1.0,0,0.053709764
1.0,1,0.82448614
1.0,1,0.5955936
0.0,1,0.55163187
0.0,1,0.8291757
1.0,1,0.42990336
1.0,0,0.033584256
1.0,1,0.98545074
1.0,1,0.9685737
0.0,0,0.035422523
1.0,1,0.8281516
1.0,1,0.9175811
0.0,0,0.09847084
1.0,1,0.5947785
1.0,1,0.946733
1.0,1,0.73280376
0.0,0,0.01158339
1.0,1,0.33613053
0.0,0,0.2503188
1.0,1,0.782685
1.0,1,0.9201727
1.0,1,0.8368336
1.0,1,0.969321
0.0,0,0.012528143
0.0,1,0.34362358
0.0,0,0.08471308
1.0,0,0.12806962
1.0,1,0.98883504
0.0,0,0.13356729
1.0,1,0.937354
0.0,0,0.06780447
0.0,0,0.122612394
1.0,1,0.7149694
0.0,0,0.004904258
1.0,1,0.6204058
0.0,0,0.025772592
1.0,1,0.8308628
1.0,1,0.980128
0.0,0,0.1917641
1.0,1,0.9778072
0.0,0,0.004095961
0.0,0,0.032207765
1.0,1,0.85739577
0.0,1,0.5728315
1.0,1,0.96668255
1.0,1,0.8971719
0.0,0,0.0027453115
1.0,0,0.07916014
1.0,1,0.8674364
0.0,0,0.07360789
0.0,0,0.016128492
0.0,0,0.12718876
0.0,0,0.11438798
1.0,1,0.60321105
0.0,0,0.0050724586
0.0,0,0.009387135
1.0,1,0.95392
1.0,1,0.9534147
0.0,0,0.1307592
1.0,1,0.31979606
1.0,1,0.44938818
1.0,1,0.6895304
0.0,0,0.02631005
0.0,0,0.020766782
0.0,0,0.023483217
0.0,0,0.1560044
1.0,1,0.92204636
1.0,1,0.9757647
1.0,1,0.5557318
1.0,1,0.55726707
0.0,0,0.0020086637
1.0,1,0.9815967
1.0,1,0.92442775
1.0,1,0.94491625
0.0,0,0.02027148
1.0,1,0.5496415
1.0,1,0.79263794
1.0,1,0.387232
1.0,1,0.9797739
0.0,1,0.6992345
1.0,1,0.60648984
1.0,1,0.8664093
1.0,1,0.98241115
1.0,1,0.8582549
1.0,1,0.83285123
1.0,1,0.43912828
0.0,1,0.66911495
0.0,0,0.122802824
1.0,1,0.7740387
1.0,1,0.6711703
0.0,0,0.029141454
1.0,1,0.97628546
0.0,0,0.022787318
0.0,0,0.016253732
1.0,1,0.9619243
1.0,1,0.5835327
0.0,0,0.01622493
1.0,1,0.74107945
0.0,0,0.0324997
1.0,1,0.69077265
1.0,1,0.28276053
1.0,1,0.98190266
0.0,1,0.37590516
1.0,1,0.46305653
0.0,1,0.2783132
0.0,0,0.047624417
1.0,1,0.69874805
0.0,0,0.053216092
0.0,0,0.012604156
1.0,0,0.109664634
1.0,1,0.976277
0.0,0,0.17611416
0.0,0,0.11709227
1.0,1,0.98099226
0.0,0,0.029636161
0.0,0,0.0025096128
0.0,0,0.00823944
1.0,1,0.8683004
0.0,0,0.00093861937
1.0,1,0.97928864
1.0,1,0.975723
1.0,1,0.9846535
1.0,1,0.92536324
0.0,0,0.02226128
1.0,1,0.9024436
1.0,1,0.9769394
0.0,0,0.006344762
1.0,1,0.7378218
1.0,1,0.9814847
0.0,0,0.008531074
1.0,1,0.8820837
1.0,1,0.602149
0.0,0,0.1397515
1.0,1,0.27016595
0.0,0,0.02703013
1.0,0,0.20909983
0.0,0,0.14251256
0.0,0,0.055062037
1.0,1,0.9717276
1.0,1,0.878243
0.0,0,0.0066542234
0.0,0,0.088254966
0.0,0,0.04185638
1.0,1,0.50178075
0.0,0,0.03684685
0.0,0,0.15902415
1.0,1,0.4691584
0.0,0,0.026357332
1.0,0,0.021406434
0.0,1,0.69227415
1.0,1,0.4338574
1.0,1,0.3807004
0.0,0,0.041871227
0.0,0,0.014329169
0.0,1,0.59319806
1.0,1,0.7388021
0.0,0,0.0034917446
1.0,1,0.9268028
0.0,1,0.785156
0.0,0,0.03289533
1.0,1,0.80555624
1.0,1,0.8591287
1.0,1,0.6263654
0.0,0,0.008565798
0.0,0,0.048081927
0.0,0,0.0035317405
0.0,0,0.07845986
1.0,1,0.970972
1.0,1,0.88731194
0.0,0,0.02682768
1.0,1,0.7349814
0.0,0,0.009820198
1.0,1,0.8310811
0.0,0,0.016790668
0.0,1,0.35284477
0.0,0,0.00056236325
0.0,0,0.030622097
0.0,0,0.0083871605
1.0,1,0.75296503
0.0,1,0.9073783
0.0,0,0.033881903
1.0,1,0.7532108
0.0,0,0.01539184
1.0,0,0.08473325
1.0,1,0.93884265
1.0,1,0.48392242
0.0,1,0.37172073
1.0,1,0.9446301
0.0,0,0.0062052254
1.0,1,0.98155254
0.0,0,0.010972215
0.0,0,0.004303178
1.0,1,0.9350972
1.0,1,0.7083173
0.0,0,0.019429153
0.0,1,0.9756528
1.0,1,0.6548637
1.0,1,0.7780968
1.0,0,0.2470755
0.0,0,0.2304702
1.0,1,0.97846717
0.0,0,0.009671029
1.0,1,0.5970652
1.0,1,0.5501983
0.0,0,0.018955132
1.0,1,0.7369597
1.0,1,0.8591203
0.0,0,0.15953065
1.0,0,0.24563035
0.0,0,0.025822554
1.0,1,0.76317716
1.0,1,0.9405876
0.0,0,0.006046697
0.0,0,0.032606203
1.0,1,0.85936594
1.0,1,0.534502
0.0,0,0.118267424
0.0,0,0.04798679
0.0,0,0.0055174595
0.0,0,0.033836808
0.0,0,0.004643029
1.0,0,0.2044579
1.0,1,0.74780846
0.0,0,0.013404723
1.0,1,0.9871406
1.0,1,0.81161326
1.0,1,0.9193468
1.0,1,0.850757
0.0,0,0.0020144994
1.0,1,0.9114378
0.0,0,0.012045668
0.0,0,0.0071152407
0.0,0,0.014470962
1.0,1,0.591348
1.0,1,0.61530584
0.0,0,0.08719001
0.0,0,0.2559959
0.0,0,0.0735082
0.0,0,0.0126650985
1.0,1,0.94577444
0.0,0,0.14908633
0.0,0,0.0041783038
1.0,1,0.54592097
0.0,1,0.74142504
1.0,1,0.9750944
1.0,1,0.5658574
0.0,0,0.012138626
1.0,1,0.952889
1.0,1,0.900509
1.0,0,0.18114132
1.0,1,0.53773946
1.0,1,0.5124965
0.0,0,0.15173282
1.0,1,0.5163518
1.0,1,0.88175637
0.0,1,0.9621981
1.0,1,0.8293452
1.0,1,0.8185962
1.0,1,0.61826074
1.0,1,0.98191124
0.0,0,0.027014015
0.0,0,0.05307193
1.0,1,0.9525112
0.0,0,0.032848116
0.0,0,0.018440928
1.0,1,0.98813295
0.0,0,0.109377936
1.0,1,0.48148364
1.0,1,0.877179
1.0,1,0.98192394
0.0,0,0.2575513
0.0,0,0.12191901
0.0,0,0.1317497
0.0,0,0.018912537
1.0,1,0.98643506
1.0,1,0.79425836
1.0,1,0.9654069
0.0,0,0.00914455
0.0,0,0.031186238
1.0,1,0.97669744
1.0,1,0.6761457
0.0,0,0.006166647
0.0,0,0.016603919
0.0,0,0.07181265
1.0,1,0.97979873
1.0,1,0.94600344
0.0,0,0.05261389
0.0,0,0.036671005
1.0,1,0.9450146
1.0,1,0.8526366
0.0,1,0.9817717
0.0,1,0.6178578
0.0,0,0.16939
1.0,1,0.6709753
0.0,0,0.034810044
1.0,1,0.31382602
0.0,0,0.023924887
0.0,0,0.033323117
1.0,1,0.9703186
0.0,0,0.03262254
0.0,1,0.3129018
1.0,1,0.82029307
0.0,0,0.024540937
1.0,1,0.78169274
1.0,1,0.93835586
1.0,1,0.85164976
1.0,1,0.9561231
1.0,1,0.97207516
0.0,0,0.06415067
0.0,0,0.0138441045
1.0,1,0.9808161
0.0,0,0.040626843
0.0,0,0.14005557
0.0,0,0.100415036
0.0,0,0.017311031
1.0,1,0.93767864
1.0,1,0.46792924
1.0,1,0.80015004
0.0,0,0.010526618
0.0,0,0.26380304
0.0,0,0.0034036457
0.0,0,0.04641003
0.0,1,0.37587827
1.0,1,0.4856299
1.0,1,0.9567482
1.0,1,0.93135786
1.0,1,0.87951237
1.0,1,0.58002853
1.0,1,0.74449825
1.0,1,0.98150986
0.0,0,0.01252428
1.0,1,0.98483884
0.0,0,0.006456787
0.0,0,0.007397893
0.0,0,0.0039886073
1.0,1,0.9587095
1.0,1,0.9809331
1.0,1,0.60569715
1.0,1,0.9593973
1.0,1,0.68197453
0.0,0,0.08285066
1.0,1,0.6069099
1.0,1,0.9669531
0.0,0,0.106705256
0.0,0,0.0143049965
0.0,1,0.96374315
1.0,1,0.9237355
1.0,1,0.77190167
1.0,1,0.7966808
0.0,0,0.025750674
1.0,1,0.84934044
0.0,0,0.013254702
1.0,1,0.97211295
1.0,1,0.94458973
0.0,0,0.0021697723
0.0,0,0.07167017
0.0,0,0.010603005
1.0,1,0.84812
0.0,0,0.06354269
0.0,0,0.0037488346
1.0,1,0.9754397
1.0,1,0.9655169
0.0,0,0.1177473
0.0,0,0.1479659
0.0,0,0.023723878
1.0,1,0.72599006
1.0,1,0.87493324
0.0,1,0.7486325
0.0,0,0.012034278
1.0,1,0.9635533
0.0,0,0.078135766
1.0,1,0.9679603
1.0,1,0.8536538
0.0,0,0.012941323
0.0,1,0.278074
1.0,1,0.98577356
1.0,1,0.97731876
1.0,1,0.5889102
0.0,0,0.11869043
1.0,1,0.6562824
1.0,1,0.2947129
1.0,1,0.98813623
1.0,1,0.48263437
1.0,1,0.6888603
1.0,1,0.84295857
1.0,1,0.95175654
1.0,1,0.6969973
1.0,1,0.86836743
0.0,0,0.036268
0.0,0,0.033405785
1.0,1,0.96495444
1.0,1,0.9092118
1.0,1,0.3059725
0.0,0,0.018238196
1.0,1,0.36557397
1.0,1,0.846367
1.0,1,0.5403376
1.0,1,0.96229535
1.0,1,0.8475999
1.0,1,0.87223846
0.0,0,0.14780815
0.0,0,0.07775472
0.0,0,0.057163414
1.0,1,0.7000919
1.0,1,0.9667461
0.0,0,0.004452539
1.0,1,0.9884501
0.0,0,0.16832517
0.0,0,0.015959594
0.0,0,0.07038812
0.0,0,0.025040178
0.0,0,0.040377807
0.0,0,0.0049184044
0.0,0,0.028022733
1.0,1,0.409064
1.0,1,0.33259624
0.0,0,0.017497543
1.0,1,0.78712577
1.0,1,0.84783864
1.0,1,0.95850635
1.0,1,0.8033183
1.0,1,0.9469363
1.0,1,0.91953915
1.0,1,0.45299798
1.0,1,0.7234793
0.0,0,0.022520537
0.0,0,0.005463939
0.0,0,0.033652984
0.0,0,0.03325748
0.0,0,0.007464204
1.0,1,0.51901853
1.0,1,0.9815352
0.0,0,0.02165069
0.0,0,0.14034544
1.0,1,0.5977843
0.0,1,0.29130116
1.0,1,0.7657895
1.0,0,0.06153287
0.0,0,0.20681126
0.0,0,0.08556029
1.0,1,0.9481607
0.0,0,0.018870035
1.0,1,0.7065619
1.0,1,0.63217807
0.0,0,0.04432311
1.0,1,0.897765
1.0,0,0.066612944
0.0,0,0.016141292
0.0,0,0.06508585
1.0,1,0.88197595
1.0,1,0.86566836
0.0,0,0.012382239
0.0,0,0.24061845
1.0,1,0.9555085
0.0,0,0.024062684
1.0,0,0.15148866
0.0,0,0.023709722
1.0,1,0.7943822
1.0,1,0.94696754
1.0,0,0.099177115
0.0,0,0.09841388
1.0,1,0.97218245
1.0,1,0.9736482
0.0,0,0.0041483785
0.0,0,0.118917845
0.0,0,0.050031595
0.0,0,0.03118788
1.0,1,0.8150286
1.0,0,0.25385123
1.0,1,0.6420249
0.0,1,0.71052235
0.0,0,0.007890589
0.0,0,0.108674526
0.0,0,0.0021635415
1.0,1,0.41446042
0.0,1,0.3977204
1.0,1,0.98758817
1.0,1,0.9790256
0.0,1,0.32454234
1.0,1,0.822659
0.0,0,0.0073608244
1.0,1,0.79536176
0.0,0,0.08623253
1.0,1,0.98287344
0.0,0,0.005764744
0.0,1,0.5102422
1.0,1,0.72522604
1.0,1,0.98060924
1.0,1,0.78520817
1.0,1,0.75654346
0.0,0,0.034110118
0.0,0,0.16142291
1.0,1,0.8830646
1.0,1,0.74762464
0.0,0,0.0080893785
1.0,1,0.39501935
1.0,1,0.4523423
1.0,0,0.14765696
1.0,1,0.887825
1.0,1,0.78547174
1.0,1,0.9606019
1.0,1,0.87639886
0.0,0,0.016746916
0.0,0,0.06751511
0.0,0,0.02489997
1.0,1,0.59528244
1.0,1,0.8190695
0.0,0,0.032756325
1.0,1,0.43285486
0.0,0,0.16210653
1.0,1,0.97259355
1.0,1,0.9752953
1.0,1,0.6901003
1.0,1,0.9491482
0.0,0,0.01762694
1.0,1,0.68077934
0.0,0,0.0020431
1.0,1,0.9821234
1.0,1,0.5039803
1.0,1,0.85136926
1.0,1,0.60072947
0.0,0,0.0023925046
0.0,0,0.009237314
0.0,0,0.0020132114
0.0,0,0.040792756
0.0,0,0.013785389
1.0,1,0.75861615
0.0,0,0.25853294
1.0,1,0.7627297
1.0,1,0.97074175
0.0,1,0.6005225
1.0,1,0.9698614
1.0,1,0.3504277
0.0,0,0.006388199
1.0,1,0.92007387
0.0,0,0.032481994
1.0,1,0.98908275
1.0,1,0.93326485
0.0,0,0.0042414158
1.0,1,0.9847435
0.0,0,0.005550346
0.0,0,0.03378601
1.0,0,0.044434585
1.0,1,0.6878619
1.0,1,0.95365274
1.0,1,0.86369216
1.0,1,0.8671584
1.0,1,0.9763566
1.0,0,0.061201908
0.0,0,0.002367153
1.0,1,0.4666399
1.0,1,0.9077976
0.0,0,0.088942625
0.0,0,0.006621565
0.0,0,0.07121974
1.0,1,0.85960484
1.0,1,0.9354444
1.0,1,0.96521544
0.0,0,0.046486486
0.0,1,0.40461752
0.0,0,0.034838766
0.0,0,0.033238795
1.0,1,0.5540805
1.0,1,0.98373973
1.0,1,0.9815102
0.0,0,0.15748449
1.0,1,0.6781419
1.0,1,0.9093678
1.0,1,0.95597947
1.0,1,0.97711766
0.0,0,0.0085694995
1.0,1,0.6795914
0.0,0,0.003448451
0.0,0,0.027965045
0.0,1,0.29623014
1.0,1,0.9063612
0.0,0,0.14507987
1.0,0,0.25969088
0.0,0,0.004543764
0.0,0,0.20929642
0.0,0,0.0019062744
1.0,1,0.95590174
1.0,1,0.9483416
1.0,1,0.84592813
0.0,0,0.00491632
1.0,1,0.96615183
0.0,0,0.003878724
1.0,1,0.9625348
1.0,1,0.98508847
1.0,1,0.95686644
0.0,0,0.024661953
1.0,1,0.7734268
1.0,1,0.7342027
0.0,0,0.116897546
1.0,1,0.96630883
0.0,1,0.43810925
1.0,1,0.84621936
1.0,0,0.049946513
1.0,1,0.6435559
0.0,0,0.111048326
1.0,1,0.7490087
0.0,0,0.051942848
0.0,0,0.026709182
0.0,1,0.8924961
0.0,0,0.019755049
1.0,1,0.82486415
0.0,0,0.021308511
0.0,0,0.013982179
1.0,1,0.97410864
1.0,1,0.6937796
1.0,1,0.35926434
1.0,1,0.8839641
1.0,1,0.8044191
1.0,1,0.5789396
0.0,0,0.2653731
0.0,0,0.1376088
1.0,1,0.60321105
0.0,0,0.038038835
0.0,0,0.01393104
0.0,0,0.013823002
0.0,0,0.0059055076
0.0,0,0.009326744
1.0,1,0.9851312
1.0,1,0.7557356
0.0,0,0.06620786
1.0,1,0.9155118
0.0,0,0.011706646
1.0,1,0.96922976
0.0,0,0.089369334
1.0,0,0.26072446
1.0,1,0.80315465
1.0,1,0.4513278
1.0,1,0.9598644
1.0,1,0.62426984
1.0,1,0.95297045
0.0,0,0.017688537
0.0,0,0.008203114
0.0,0,0.20551671
1.0,1,0.9645494
0.0,0,0.008349182
0.0,0,0.01653665
1.0,1,0.96290314
0.0,0,0.009008468
0.0,0,0.014307957
0.0,1,0.3548703
0.0,0,0.06077699
0.0,0,0.20434603
0.0,0,0.006492469
0.0,0,0.024957413
0.0,0,0.020153992
1.0,1,0.47988632
1.0,1,0.92893004
1.0,1,0.9838094
0.0,0,0.006998438
1.0,1,0.98251724
1.0,1,0.8304688
0.0,0,0.03455382
0.0,0,0.032229863
1.0,1,0.9259127
0.0,0,0.0010625705
1.0,1,0.9232083
1.0,1,0.9165545
1.0,1,0.40103093
0.0,0,0.007261877
0.0,0,0.014397105
0.0,1,0.43798733
0.0,1,0.27828813
1.0,1,0.9796244
0.0,1,0.5071703
0.0,0,0.032617003
1.0,1,0.9845397
1.0,1,0.2996825
1.0,1,0.6607665
1.0,1,0.4402331
0.0,0,0.037498053
0.0,0,0.0110269
0.0,0,0.0322244
1.0,1,0.43162164
0.0,0,0.1494137
1.0,1,0.97966343
1.0,1,0.7955307
1.0,1,0.898728
1.0,1,0.69663054
1.0,1,0.29348958
0.0,0,0.06437014
1.0,1,0.9085649
1.0,1,0.75668097
0.0,0,0.0063943435
0.0,0,0.0005029013
1.0,1,0.67154205
1.0,1,0.8847925
0.0,0,0.11303806
0.0,0,0.034919865
1.0,1,0.988571
0.0,0,0.013708378
1.0,1,0.9795318
1.0,1,0.2784628
0.0,0,0.247859
0.0,1,0.55438685
0.0,0,0.0055687497
0.0,0,0.036791384
0.0,0,0.0154461255
0.0,0,0.03523028
0.0,0,0.03256068
1.0,1,0.7160886
1.0,1,0.96203524
0.0,0,0.0043016337
0.0,0,0.01201143
1.0,1,0.9276179
1.0,1,0.84444934
0.0,0,0.021667674
1.0,1,0.98584235
1.0,1,0.6897708
1.0,1,0.9104563
0.0,0,0.035382375
1.0,1,0.9848553
1.0,1,0.91182125
1.0,1,0.8651261
1.0,1,0.9800455
0.0,0,0.21780685
1.0,1,0.7433314
1.0,1,0.9741581
1.0,1,0.8755297
0.0,0,0.0038479501
1.0,1,0.7706675
0.0,0,0.037904188
1.0,1,0.9006582
0.0,0,0.204392
0.0,0,0.108207226
0.0,0,0.0087874355
0.0,1,0.47932935
1.0,1,0.3912827
1.0,1,0.35149103
1.0,1,0.9753107
1.0,1,0.50401914
1.0,1,0.96603453
0.0,0,0.008914289
0.0,0,0.16234279
1.0,1,0.7023481
0.0,0,0.18827866
1.0,1,0.6049886
1.0,1,0.9712852
0.0,0,0.055826157
0.0,0,0.0065498585
0.0,0,0.03925557
1.0,1,0.941074
1.0,1,0.43758726
1.0,0,0.23867102
0.0,0,0.0994823
0.0,1,0.53327405
1.0,1,0.92707336
1.0,1,0.91774076
1.0,1,0.9281542
0.0,0,0.0033145845
0.0,0,0.024740178
0.0,1,0.8204089
0.0,0,0.0054015946
1.0,1,0.943211
1.0,1,0.9641313
1.0,1,0.6907201
0.0,0,0.04761123
1.0,0,0.26292703
0.0,1,0.44762614
1.0,1,0.9531101
1.0,1,0.7056521
0.0,0,0.012793564
0.0,1,0.34253564
1.0,1,0.9767966
1.0,1,0.9632356
0.0,0,0.02947563
1.0,1,0.6569479
1.0,1,0.68759215
1.0,1,0.93642664
0.0,0,0.03633865
0.0,0,0.0043529123
0.0,0,0.0110064
1.0,1,0.8876576
0.0,0,0.06332287
0.0,0,0.011113096
0.0,0,0.026282456
0.0,0,0.02650907
0.0,0,0.030224616
1.0,1,0.8889149
1.0,1,0.80298686
0.0,1,0.3385572
1.0,1,0.94916594
0.0,0,0.045179892
0.0,0,0.16458133
0.0,0,0.0987085
1.0,0,0.09381652
1.0,1,0.968317
1.0,1,0.98453856
0.0,0,0.024067242
1.0,1,0.5964513
1.0,1,0.9729827
0.0,0,0.13472767
1.0,1,0.69474006
1.0,1,0.90106046
0.0,1,0.60299385
1.0,1,0.98052126
1.0,1,0.8319596
0.0,1,0.32408223
1.0,1,0.96520823
1.0,1,0.97962826
1.0,1,0.95461696
1.0,0,0.20892657
1.0,1,0.57046413
0.0,0,0.0149833355
0.0,0,0.02300395
1.0,1,0.9469083
1.0,1,0.96197236
1.0,1,0.9775328
0.0,0,0.015951358
1.0,0,0.1778922
1.0,1,0.69363976
0.0,0,0.03064507
0.0,0,0.034881268
0.0,0,0.0063586817
0.0,1,0.3314236
0.0,0,0.18021066
1.0,0,0.18871172
1.0,1,0.9280111
1.0,1,0.61610484
0.0,0,0.052335676
0.0,0,0.007056808
0.0,0,0.014663475
0.0,0,0.0013462143
0.0,0,0.016387029
0.0,0,0.0103856
1.0,1,0.74586093
0.0,1,0.6779655
1.0,1,0.9141139
1.0,1,0.73187304
0.0,0,0.018481443
1.0,1,0.9806942
0.0,0,0.017887047
0.0,0,0.046080455
0.0,0,0.022201061
0.0,1,0.28368926
0.0,0,0.038377132
1.0,1,0.926275
0.0,0,0.0073389383
0.0,1,0.4292425
0.0,1,0.33445168
1.0,1,0.9763093
0.0,0,0.03637368
0.0,0,0.00466815
0.0,0,0.049314905
1.0,1,0.50979203
1.0,1,0.7918068
0.0,0,0.008407645
1.0,1,0.975618
0.0,1,0.30305034
1.0,1,0.95635176
1.0,1,0.9839591
1.0,0,0.10752563
0.0,0,0.033569895
0.0,0,0.026853094
0.0,0,0.115178645
0.0,0,0.03516405
1.0,1,0.40711385
1.0,1,0.9550235
0.0,0,0.0076528196
1.0,1,0.8766668
1.0,0,0.04752226
1.0,1,0.64691234
0.0,0,0.026787655
0.0,0,0.011299363
1.0,1,0.97891206
0.0,0,0.018284
0.0,0,0.030995952
1.0,1,0.9309479
1.0,1,0.9639076
0.0,0,0.0047246115
1.0,1,0.725091
1.0,1,0.6867203
1.0,1,0.85025364
0.0,0,0.12847467
0.0,0,0.0912122
0.0,0,0.094513886
0.0,0,0.006386335
0.0,0,0.01923734
0.0,0,0.004913727
0.0,0,0.03145203
1.0,1,0.9552744
1.0,1,0.86468387
1.0,1,0.83104444
1.0,1,0.97209847
0.0,0,0.07036898
1.0,1,0.8473097
1.0,1,0.9217447
1.0,0,0.101027176
1.0,1,0.7958618
0.0,1,0.8202013
1.0,1,0.80789876
1.0,1,0.9638461
1.0,0,0.20775597
1.0,1,0.957174
1.0,0,0.11554144
1.0,1,0.9833798
0.0,0,0.030756855
0.0,0,0.06472773
1.0,1,0.67220736
0.0,0,0.042050954
0.0,0,0.01654263
1.0,1,0.9852778
0.0,0,0.0059033125
0.0,0,0.017240724
0.0,0,0.0056025404
1.0,1,0.93653405
0.0,1,0.45150533
1.0,1,0.9025908
1.0,0,0.1779889
1.0,1,0.9698929
1.0,1,0.46316656
0.0,0,0.0013003029
0.0,0,0.03305488
0.0,0,0.021324126
0.0,0,0.04000232
1.0,0,0.20445529
0.0,0,0.041739624
0.0,0,0.070528984
1.0,1,0.9277008
0.0,0,0.011151347
0.0,0,0.14233127
1.0,1,0.51504266
0.0,0,0.14174025
1.0,1,0.95750964
1.0,1,0.8908445
1.0,1,0.97432363
0.0,0,0.021160953
0.0,0,0.019835133
1.0,1,0.35578892
1.0,1,0.9761163
1.0,1,0.98332345
0.0,0,0.024117118
0.0,0,0.056448586
1.0,1,0.5613777
0.0,0,0.026449507
0.0,0,0.034330737
1.0,1,0.9712208
1.0,1,0.7594335
1.0,1,0.9678885
1.0,0,0.067533664
0.0,0,0.037719976
0.0,1,0.51425517
1.0,1,0.9335569
1.0,1,0.822528
1.0,1,0.7245759
0.0,0,0.005822063
1.0,1,0.69115305
1.0,1,0.7359052
0.0,0,0.0033221513
1.0,1,0.85096633
1.0,1,0.9140291
1.0,1,0.9625559
0.0,0,0.02970201
0.0,0,0.13054495
0.0,0,0.07243599
0.0,0,0.009790101
1.0,1,0.8732157
0.0,0,0.016744034
0.0,1,0.3171889
0.0,1,0.5015654
1.0,1,0.3615582
0.0,0,0.031569492
0.0,0,0.005265761
1.0,1,0.97076714
0.0,1,0.7068653
0.0,0,0.01145081
1.0,1,0.93017566
0.0,0,0.03733351
1.0,1,0.95927644
0.0,0,0.017506028
0.0,0,0.02079743
0.0,0,0.0214842
1.0,1,0.95640725
0.0,0,0.007886155
0.0,0,0.05785941
1.0,1,0.88923335
0.0,0,0.04114719
0.0,0,0.059244033
0.0,0,0.006058766
1.0,1,0.98641616
0.0,0,0.08454156
0.0,0,0.038322423
0.0,0,0.012846132
0.0,0,0.024421163
0.0,0,0.007437889
0.0,1,0.28687695
0.0,0,0.09234522
0.0,0,0.09571223
1.0,1,0.95205283
0.0,0,0.025803404
0.0,0,0.0017869005
1.0,1,0.7105802
1.0,1,0.98164576
1.0,1,0.92719644
0.0,0,0.06454673
1.0,1,0.8804395
0.0,0,0.0013272114
1.0,1,0.98304224
0.0,0,0.02508753
0.0,0,0.020401202
1.0,0,0.14942728
0.0,0,0.19122529
1.0,1,0.75959617
0.0,0,0.056727394
1.0,1,0.8646838
1.0,1,0.36227772
1.0,1,0.90730125
1.0,1,0.9656409
0.0,0,0.0060879583
0.0,0,0.009286236
0.0,1,0.5314296
1.0,1,0.970989
0.0,1,0.2895818
0.0,0,0.06938582
1.0,1,0.78395736
0.0,0,0.008601528
1.0,1,0.32526457
0.0,0,0.069269806
1.0,1,0.947021
0.0,0,0.016198844
1.0,1,0.9769234
0.0,1,0.68813497
0.0,0,0.20576875
1.0,1,0.87374043
1.0,0,0.23909064
0.0,0,0.030401038
0.0,0,0.008986931
1.0,1,0.9111364
1.0,1,0.90255284
1.0,1,0.7360369
0.0,0,0.016146213
1.0,1,0.9159714
0.0,0,0.14498605
1.0,1,0.9839997
0.0,0,0.02288531
0.0,0,0.0015953257
1.0,1,0.7414043
0.0,0,0.16696665
0.0,0,0.013502722
0.0,0,0.013288434
1.0,1,0.8637198
0.0,0,0.010872262
0.0,0,0.022241736
1.0,0,0.119282685
0.0,0,0.048210613
1.0,1,0.97891676
1.0,0,0.042392712
0.0,0,0.050653774
0.0,0,0.010960859
0.0,0,0.011880189
0.0,1,0.46395165
0.0,0,0.031739417
1.0,1,0.8301874
0.0,0,0.0074722907
1.0,1,0.35470974
0.0,0,0.033195168
1.0,1,0.9598847
1.0,1,0.35891515
1.0,1,0.9041991
1.0,1,0.9378757
1.0,0,0.20076095
0.0,1,0.85485196
1.0,1,0.9863986
1.0,1,0.5460311
0.0,0,0.001715181
0.0,0,0.0153849255
1.0,1,0.76746535
1.0,1,0.78427356
1.0,1,0.98008776
1.0,1,0.81464434
1.0,1,0.98593277
0.0,0,0.03588006
0.0,0,0.026795609
0.0,0,0.1412601
0.0,0,0.050309196
0.0,0,0.027398504
1.0,1,0.81910115
1.0,1,0.90679634
0.0,0,0.029954365
0.0,0,0.026714357
0.0,0,0.036557123
0.0,0,0.032288134
0.0,0,0.061322555
1.0,1,0.81816965
1.0,1,0.5555699
1.0,1,0.4820993
1.0,1,0.33241817
1.0,1,0.973532
0.0,0,0.0008781771
0.0,0,0.021238862
0.0,0,0.018921793
1.0,1,0.5594901
0.0,0,0.13110733
0.0,0,0.08075155
0.0,1,0.66844666
0.0,0,0.12551978
0.0,0,0.24920493
1.0,1,0.92822134
1.0,0,0.16758959
1.0,1,0.706329
1.0,1,0.8191544
1.0,1,0.941128
0.0,0,0.061167903
1.0,1,0.71904695
1.0,1,0.73642194
1.0,1,0.88955593
1.0,1,0.7741916
1.0,1,0.9330863
0.0,0,0.13773428
1.0,1,0.9831456
0.0,0,0.157569
0.0,0,0.006035453
1.0,1,0.80660325
0.0,0,0.1265069
1.0,1,0.95175886
1.0,1,0.7855394
0.0,0,0.011835753
1.0,1,0.98061705
1.0,1,0.9467475
1.0,1,0.85053754
1.0,1,0.9286218
0.0,0,0.009127379
0.0,0,0.07936239
1.0,1,0.93715036
1.0,1,0.9868968
1.0,1,0.97685844
0.0,0,0.007224188
1.0,1,0.72141397
1.0,1,0.6474973
1.0,1,0.86916244
0.0,0,0.06485778
1.0,1,0.94587123
0.0,0,0.15605544
0.0,0,0.061101507
0.0,0,0.08338385
1.0,1,0.98984385
1.0,1,0.9837984
1.0,1,0.96101487
1.0,1,0.9058593
0.0,0,0.0089317225
0.0,0,0.060763672
0.0,0,0.025251819
1.0,1,0.5380877
0.0,0,0.047630776
1.0,1,0.9348507
1.0,1,0.77338475
1.0,1,0.9873107
1.0,1,0.95047045
1.0,1,0.9566819
0.0,0,0.0037209345
1.0,1,0.9671132
0.0,0,0.0076974826
1.0,1,0.8676448
1.0,1,0.87959677
1.0,1,0.69136286
0.0,1,0.8807192
1.0,1,0.96181536
1.0,1,0.9837502
0.0,0,0.0050594825
0.0,0,0.02751884
0.0,0,0.19196816
0.0,0,0.029376568
0.0,0,0.052802704
0.0,0,0.003217709
1.0,1,0.9030424
1.0,1,0.9789265
1.0,1,0.9844778
1.0,1,0.9461386
0.0,0,0.19646849
1.0,1,0.72772205
0.0,0,0.12913081
1.0,1,0.51122224
0.0,0,0.014188291
1.0,1,0.89237523
1.0,1,0.69184995
0.0,0,0.035437882
0.0,0,0.26420137
0.0,0,0.07727172
0.0,0,0.07080944
0.0,0,0.0065969513
0.0,0,0.008512457
0.0,0,0.15759261
1.0,1,0.8611808
1.0,1,0.32388705
0.0,1,0.32287034
0.0,0,0.014724961
1.0,1,0.77508175
0.0,0,0.00853356
0.0,0,0.037119646
1.0,1,0.7665153
0.0,0,0.02362568
0.0,0,0.06242488
1.0,1,0.68918955
0.0,0,0.0017338562
0.0,0,0.02975341
1.0,1,0.6677959
0.0,0,0.025195692
0.0,0,0.020196099
0.0,0,0.02722827
1.0,1,0.9747345
1.0,1,0.96082026
1.0,1,0.9815747
0.0,1,0.63408136
1.0,1,0.9086871
0.0,0,0.030090448
1.0,1,0.96544254
1.0,1,0.65101016
1.0,1,0.9886366
1.0,0,0.17532855
0.0,0,0.01127976
0.0,0,0.01769552
1.0,1,0.36253726
0.0,0,0.16455774
1.0,1,0.7325701
1.0,1,0.6307887
0.0,0,0.00085105776
1.0,1,0.9826868
1.0,1,0.6800768
0.0,0,0.0019897597
0.0,0,0.015333337
0.0,0,0.018909352
1.0,1,0.7902981
0.0,0,0.024316603
1.0,1,0.9602355
0.0,0,0.041338436
0.0,0,0.007960263
1.0,1,0.9022074
1.0,1,0.4566903
0.0,0,0.031561684
1.0,1,0.8479086
0.0,0,0.0018927096
1.0,1,0.9322419
1.0,1,0.9265902
0.0,0,0.016147576
1.0,1,0.8541805
1.0,1,0.8828531
1.0,1,0.57123363
1.0,1,0.7632809
1.0,1,0.46804976
1.0,1,0.9767112
1.0,1,0.95269394
0.0,0,0.01205879
0.0,0,0.028352926
1.0,1,0.9496284
1.0,1,0.556064
0.0,0,0.040592495
1.0,1,0.6901364
1.0,1,0.81109446
0.0,0,0.12791711
0.0,0,0.026778448
1.0,1,0.9499969
1.0,1,0.957109
1.0,1,0.73192644
1.0,1,0.76901186
0.0,0,0.010046994
1.0,1,0.97913015
0.0,0,0.051109586
1.0,1,0.93200076
0.0,0,0.012729046
0.0,0,0.0031051992
1.0,1,0.9848002
1.0,1,0.9764342
1.0,1,0.4284175
0.0,0,0.016454086
1.0,0,0.08399704
0.0,0,0.03391159
1.0,1,0.97551584
0.0,0,0.055943534
1.0,0,0.014555133
0.0,0,0.032591045
1.0,1,0.87070453
1.0,0,0.2555554
1.0,1,0.9290099
1.0,1,0.7813097
0.0,0,0.038836718
0.0,0,0.07397832
0.0,0,0.016254297
1.0,1,0.82287776
1.0,1,0.6049178
0.0,0,0.027833834
1.0,0,0.18495438
0.0,0,0.050483417
0.0,0,0.051211815
0.0,0,0.16740285
0.0,0,0.003676954
0.0,0,0.017535152
0.0,0,0.1914627
1.0,0,0.24614964
0.0,0,0.003382349
1.0,1,0.7755618
0.0,0,0.08315642
1.0,1,0.6106835
0.0,0,0.009993407
1.0,1,0.84322715
0.0,0,0.015488502
1.0,1,0.7598389
0.0,1,0.8146615
0.0,0,0.03275327
0.0,0,0.00897292
0.0,0,0.0042056395
0.0,0,0.007076767
0.0,0,0.109882504
0.0,0,0.23329245
0.0,0,0.004671027
0.0,0,0.000674579
0.0,0,0.035709247
1.0,1,0.64387244
0.0,0,0.15908507
0.0,0,0.01561819
1.0,1,0.75201106
1.0,0,0.15176015
0.0,0,0.061795376
0.0,0,0.0098627005
0.0,0,0.024898542
1.0,1,0.78361356
0.0,0,0.10019927
1.0,1,0.98059005
0.0,0,0.046603788
1.0,1,0.9776494
1.0,1,0.9652529
1.0,1,0.9362949
0.0,0,0.1480283
0.0,0,0.000873284
1.0,1,0.74096763
0.0,0,0.044847164
0.0,1,0.94841415
1.0,1,0.48740128
0.0,0,0.013389503
0.0,0,0.0018316024
0.0,0,0.015962066
0.0,0,0.02672433
1.0,1,0.8113526
1.0,1,0.6556287
0.0,1,0.41355866
1.0,1,0.97897327
1.0,1,0.982645
1.0,0,0.17971273
1.0,1,0.9770106
0.0,0,0.2568104
1.0,1,0.48059553
0.0,0,0.1372766
0.0,0,0.005463991
0.0,0,0.04313828
1.0,1,0.70383406
0.0,0,0.0027683817
1.0,1,0.9297719
1.0,1,0.7005315
1.0,1,0.77469075
0.0,0,0.013424338
1.0,1,0.969376
1.0,1,0.92802066
1.0,1,0.9344721
1.0,1,0.7098862
0.0,0,0.16658744
1.0,1,0.81932545
0.0,0,0.09349248
1.0,1,0.8918863
0.0,0,0.042655785
1.0,1,0.46927312
0.0,0,0.026441857
0.0,0,0.002544637
1.0,1,0.29010096
0.0,0,0.0076274844
1.0,1,0.86039495
1.0,1,0.9814388
0.0,0,0.0258265
1.0,1,0.7095621
0.0,1,0.3504238
1.0,1,0.86770046
0.0,0,0.028831407
1.0,1,0.31458613
0.0,0,0.009968368
1.0,1,0.97882324
0.0,0,0.02427682
0.0,0,0.0030912096
0.0,0,0.045947675
0.0,0,0.000679093
1.0,1,0.9453329
0.0,0,0.11323069
1.0,1,0.4645936
1.0,1,0.6261772
0.0,1,0.67153084
0.0,0,0.18482253
0.0,0,0.19133425
0.0,0,0.16780306
0.0,0,0.011029979
1.0,1,0.97905546
1.0,1,0.98415226
0.0,0,0.020957269
0.0,0,0.0090055
0.0,0,0.020661553
0.0,0,0.026247576
1.0,1,0.9781599
0.0,1,0.31953692
0.0,0,0.028888928
1.0,1,0.96970457
1.0,1,0.940509
1.0,1,0.8884286
1.0,0,0.15937537
0.0,0,0.14927024
1.0,1,0.84565485
0.0,1,0.2898975
1.0,1,0.7619799
0.0,0,0.017130386
1.0,1,0.96767426
0.0,0,0.0008009017
0.0,0,0.00079966016
1.0,1,0.87937534
1.0,1,0.9760258
0.0,0,0.031150052
0.0,0,0.007197113
0.0,0,0.0028487013
0.0,0,0.013655992
1.0,1,0.9777633
0.0,0,0.11256346
1.0,1,0.89299375
1.0,1,0.93521297
0.0,0,0.21698831
0.0,0,0.009405159
0.0,0,0.0019852314
0.0,0,0.08569925
0.0,0,0.08235774
0.0,0,0.02391045
1.0,1,0.9490211
0.0,0,0.008835939
0.0,0,0.047052097
0.0,1,0.8347267
0.0,0,0.10477541
1.0,1,0.9749419
0.0,0,0.034039922
0.0,0,0.012409523
0.0,0,0.18535154
0.0,1,0.41548696
0.0,1,0.5595743
0.0,0,0.0065174303
0.0,0,0.16805199
1.0,1,0.9584168
0.0,0,0.030475209
1.0,1,0.9566847
1.0,1,0.783115
1.0,1,0.4467382
1.0,1,0.97193694
0.0,0,0.0753847
1.0,1,0.85938764
1.0,1,0.883917
1.0,1,0.38041013
0.0,0,0.033442266
1.0,1,0.89616877
0.0,0,0.03287854
1.0,1,0.33756208
0.0,0,0.0052733766
1.0,1,0.81549644
1.0,1,0.9690302
0.0,0,0.1628193
0.0,0,0.01185991
0.0,0,0.002700198
0.0,0,0.032007076
0.0,0,0.005009367
1.0,1,0.70110226
1.0,1,0.44986787
1.0,1,0.95512396
1.0,1,0.92585593
0.0,1,0.49793822
0.0,0,0.09218883
0.0,0,0.018866329
1.0,1,0.79896283
1.0,1,0.47280502
1.0,1,0.9050435
0.0,0,0.008389913
1.0,0,0.008943455
0.0,0,0.23291498
1.0,1,0.970231
0.0,0,0.011555172
1.0,1,0.81414115
0.0,0,0.0041621905
1.0,1,0.64400697
0.0,0,0.013684598
0.0,0,0.05228199
0.0,0,0.0066289366
1.0,1,0.8540578
0.0,0,0.060997352
1.0,1,0.93464565
1.0,1,0.87799984
0.0,0,0.2531299
1.0,1,0.9290884
0.0,0,0.01130726
0.0,0,0.00524054
0.0,0,0.0010260327
1.0,1,0.8073472
0.0,1,0.40043202
1.0,1,0.97174114
0.0,0,0.025533697
0.0,0,0.06150561
0.0,0,0.005554993
1.0,1,0.79425013
0.0,0,0.0010871206
0.0,0,0.0055980156
0.0,0,0.0013226572
1.0,1,0.8378129
1.0,0,0.07183521
1.0,1,0.37765542
1.0,1,0.8672109
0.0,0,0.15063314
1.0,1,0.93398094
0.0,0,0.20334129
0.0,1,0.68331015
0.0,0,0.0031996001
1.0,1,0.7172141
1.0,1,0.93923604
1.0,1,0.7363778
1.0,1,0.75062716
0.0,0,0.008090725
0.0,0,0.013703648
0.0,0,0.008899889
0.0,1,0.37828034
0.0,0,0.051950634
0.0,0,0.17937973
1.0,1,0.96665436
1.0,1,0.6854007
0.0,1,0.31845802
0.0,0,0.010744768
1.0,1,0.85719025
1.0,1,0.83113515
1.0,1,0.9595895
1.0,1,0.96050745
1.0,1,0.9115493
0.0,0,0.036292575
1.0,1,0.9746747
1.0,1,0.9518707
1.0,1,0.78294605
0.0,0,0.057832364
0.0,0,0.14735524
1.0,1,0.7733181
0.0,0,0.233779
0.0,0,0.22710612
1.0,1,0.68412924
1.0,1,0.4526046
0.0,0,0.015695656
0.0,0,0.03313372
1.0,1,0.5682087
0.0,0,0.014147357
1.0,1,0.9868774
1.0,1,0.971065
1.0,1,0.36668372
1.0,0,0.12598905
0.0,0,0.19168171
0.0,0,0.1101958
0.0,0,0.003981956
1.0,1,0.9693602
0.0,0,0.009282516
1.0,1,0.6939401
0.0,0,0.036859307
1.0,1,0.8446466
1.0,1,0.9724899
0.0,0,0.025150245
1.0,1,0.5030489
1.0,1,0.91275585
0.0,0,0.0019180003
0.0,0,0.060691293
1.0,1,0.30547425
0.0,0,0.11957009
1.0,1,0.9515084
1.0,1,0.4595158
0.0,0,0.010129619
1.0,1,0.9816057
0.0,0,0.029463565
1.0,1,0.7801687
0.0,0,0.030337352
0.0,0,0.0554988
1.0,1,0.5414892
0.0,1,0.27312753
0.0,0,0.0011643624
1.0,1,0.57491076
0.0,1,0.9553927
1.0,0,0.082885146
1.0,1,0.37501085
0.0,1,0.96475315
1.0,0,0.094582975
0.0,0,0.022570657
0.0,0,0.01482059
1.0,1,0.9665753
1.0,1,0.7562144
0.0,0,0.04101211
0.0,0,0.02210178
0.0,0,0.0040328056
0.0,0,0.037902966
0.0,0,0.023298588
0.0,1,0.87112963
0.0,0,0.1453042
0.0,0,0.024163362
0.0,0,0.07557783
1.0,1,0.96992123
0.0,0,0.1654545
0.0,0,0.0027827069
0.0,1,0.5508697
0.0,1,0.32983005
1.0,1,0.6423633
1.0,1,0.6128985
0.0,0,0.0013781353
0.0,0,0.09836574
0.0,0,0.24398574
1.0,1,0.9754499
0.0,1,0.36104813
1.0,1,0.75588185
1.0,1,0.8712851
1.0,1,0.6518521
0.0,1,0.2835005
1.0,1,0.5391759
1.0,1,0.77153105
0.0,0,0.004820405
1.0,1,0.9719068
0.0,0,0.0033105274
0.0,1,0.29618603
1.0,0,0.07769142
0.0,0,0.02275069
1.0,1,0.96610695
1.0,1,0.91686887
0.0,0,0.06572457
1.0,1,0.85323644
1.0,1,0.931183
1.0,1,0.36834344
1.0,1,0.876754
0.0,0,0.00890793
0.0,0,0.016050385
0.0,1,0.30426818
0.0,0,0.00485538
0.0,0,0.033192445
0.0,0,0.020314815
0.0,0,0.16099499
1.0,1,0.9822952
0.0,1,0.5757886
0.0,0,0.020540064
1.0,0,0.1838542
1.0,1,0.52209336
1.0,1,0.904117
0.0,0,0.15963553
1.0,1,0.8636138
0.0,0,0.016010912
0.0,0,0.0073470958
0.0,0,0.029647235
0.0,0,0.13845551
0.0,0,0.1610747
0.0,0,0.040161267
0.0,0,0.003120357
1.0,1,0.973932
1.0,1,0.9796468
1.0,1,0.7550098
0.0,0,0.22698498
0.0,0,0.06638196
1.0,1,0.7750037
1.0,1,0.82396024
0.0,0,0.034937825
0.0,0,0.010363697
0.0,1,0.54310054
0.0,0,0.035027705
1.0,1,0.7727128
0.0,0,0.01723279
1.0,1,0.8889302
1.0,1,0.98757184
0.0,0,0.0050560534
1.0,1,0.6966988
1.0,1,0.79870945
0.0,0,0.028607272
1.0,1,0.9081329
0.0,0,0.050529685
1.0,1,0.5465248
1.0,1,0.94993323
0.0,0,0.005676811
1.0,1,0.3827245
1.0,1,0.51921296
1.0,0,0.24948443
1.0,1,0.95832783
1.0,1,0.28221262
0.0,0,0.02453223
1.0,1,0.6629149
1.0,1,0.5160705
0.0,0,0.04083426
1.0,1,0.97550833
1.0,1,0.78424937
1.0,1,0.8298738
1.0,0,0.11511935
0.0,0,0.023789551
1.0,1,0.90781075
1.0,1,0.9123264
0.0,0,0.0072097024
0.0,0,0.0031472652
1.0,1,0.9850917
0.0,0,0.023500139
1.0,1,0.68685323
0.0,0,0.12678266
1.0,1,0.5883821
1.0,1,0.52438784
0.0,0,0.0029212618
1.0,1,0.5666778
0.0,0,0.077032536
1.0,1,0.42063552
1.0,1,0.5343275
0.0,1,0.3190375
0.0,0,0.041384034
1.0,1,0.79601014
0.0,0,0.059241045
0.0,0,0.002251785
0.0,0,0.22032261
0.0,0,0.032005146
0.0,0,0.19168475
0.0,1,0.36222947
0.0,0,0.0067938045
1.0,0,0.19463804
0.0,1,0.2779877
0.0,0,0.025633058
1.0,1,0.7063153
0.0,0,0.00596842
0.0,0,0.013527679
1.0,1,0.96497285
1.0,1,0.9651577
0.0,0,0.014173678
1.0,1,0.91383076
1.0,0,0.22931002
0.0,1,0.4373441
0.0,0,0.012192088
1.0,1,0.85341436
1.0,1,0.7827295
0.0,0,0.08741445
1.0,1,0.4424104
1.0,1,0.5825709
0.0,1,0.33919948
1.0,1,0.8842061
1.0,1,0.9182403
0.0,0,0.11220185
0.0,0,0.09153847
0.0,0,0.005560491
1.0,1,0.9717889
1.0,1,0.7061487
1.0,1,0.7794145
1.0,1,0.9142077
1.0,1,0.94479966
1.0,1,0.89249307
0.0,0,0.048683982
1.0,1,0.82122165
0.0,0,0.028372971
1.0,1,0.4323528
1.0,1,0.9403718
1.0,1,0.9763361
1.0,1,0.78966504
0.0,0,0.0070983605
1.0,1,0.98892456
1.0,1,0.6663942
0.0,0,0.25342593
0.0,0,0.11659943
0.0,0,0.000706779
0.0,0,0.009570878
0.0,0,0.07987093
0.0,0,0.0127815865
0.0,0,0.0193504
1.0,1,0.8629061
0.0,1,0.44848356
0.0,0,0.019587627
0.0,1,0.27970996
0.0,0,0.028093887
1.0,0,0.04963096
1.0,1,0.9727116
1.0,1,0.66751003
0.0,0,0.021483202
0.0,0,0.11178656
0.0,0,0.016440842
1.0,1,0.9674374
1.0,1,0.80517775
0.0,0,0.024861857
1.0,1,0.9152795
1.0,1,0.9793602
0.0,0,0.010030826
1.0,1,0.61513126
1.0,1,0.98391986
0.0,1,0.6180277
0.0,0,0.04379705
0.0,0,0.0076000523
1.0,1,0.9642014
0.0,0,0.065400824
1.0,1,0.56068414
0.0,0,0.019818252
0.0,0,0.07008299
1.0,1,0.9433733
1.0,1,0.9368197
0.0,0,0.083765276
0.0,0,0.013089638
1.0,1,0.60254586
1.0,1,0.42490104
0.0,0,0.08181374
0.0,0,0.029985541
0.0,0,0.004743468
1.0,0,0.12666355
1.0,1,0.34477386
0.0,0,0.25302503
0.0,0,0.039021384
1.0,1,0.96907365
1.0,1,0.360809
0.0,0,0.013368135
0.0,0,0.043543737
0.0,1,0.6018559
1.0,1,0.29889986
1.0,1,0.9454559
1.0,1,0.8712502
0.0,0,0.0040043956
0.0,1,0.4255236
0.0,0,0.047823776
0.0,0,0.008327422
0.0,0,0.012394052
1.0,1,0.48539838
1.0,1,0.3742675
1.0,0,0.10860222
1.0,1,0.93927073
1.0,1,0.95356244
1.0,1,0.97758424
0.0,0,0.011491661
0.0,0,0.009379515
0.0,0,0.03711838
0.0,0,0.012676276
0.0,0,0.049420577
1.0,1,0.94170445
1.0,1,0.98752487
0.0,0,0.15435566
0.0,0,0.024158409
1.0,1,0.36378157
0.0,1,0.27771193
1.0,1,0.74945307
1.0,1,0.94412655
1.0,1,0.97512954
1.0,1,0.96815133
0.0,0,0.019646673
1.0,1,0.68913305
0.0,0,0.0049929186
0.0,0,0.16156937
0.0,0,0.049645312
1.0,1,0.898105
1.0,1,0.536949
0.0,0,0.21027683
0.0,1,0.49765128
1.0,1,0.8238274
1.0,1,0.7911602
1.0,1,0.93426585
1.0,1,0.9245289
0.0,0,0.009757777
0.0,0,0.01625323
0.0,1,0.52544785
0.0,0,0.21743193
1.0,1,0.9804666
1.0,1,0.98190624
1.0,1,0.9468355
0.0,0,0.079238765
1.0,1,0.9843291
0.0,0,0.031206572
0.0,0,0.03878231
1.0,1,0.47557884
0.0,0,0.019426184
1.0,1,0.8350142
1.0,1,0.78566295
0.0,0,0.05732784
0.0,0,0.012559649
0.0,0,0.0466523
1.0,0,0.25816116
0.0,0,0.0149332695
1.0,1,0.68945205
0.0,0,0.029696178
1.0,1,0.9831724
1.0,0,0.24901016
0.0,0,0.02103097
1.0,1,0.54580915
0.0,0,0.062421042
1.0,1,0.8585681
1.0,1,0.6135957
0.0,0,0.011277921
1.0,1,0.9000562
1.0,1,0.7652724
1.0,1,0.88263834
0.0,0,0.17006606
0.0,0,0.044236407
0.0,0,0.040362295
1.0,1,0.66422546
0.0,0,0.038349923
1.0,0,0.23378347
0.0,0,0.00976495
1.0,1,0.9753362
0.0,0,0.01275383
1.0,1,0.9252874
0.0,0,0.12340967
1.0,1,0.9108034
0.0,0,0.008720019
1.0,1,0.7688236
1.0,1,0.95029426
1.0,1,0.77741325
1.0,1,0.98420864
1.0,1,0.96370125
0.0,0,0.0052727964
1.0,1,0.54129833
1.0,1,0.93472576
0.0,0,0.03039974
1.0,1,0.93719697
0.0,1,0.44033027
1.0,1,0.97672844
1.0,1,0.97892517
0.0,0,0.084225126
0.0,0,0.014111111
0.0,0,0.0010188485
0.0,0,0.0028262176
0.0,0,0.026200125
1.0,1,0.9861221
1.0,1,0.98459214
1.0,1,0.98523396
1.0,1,0.6825018
0.0,0,0.0037895706
0.0,0,0.042662494
0.0,0,0.013509989
0.0,0,0.054924455
0.0,0,0.20239872
0.0,0,0.072904274
0.0,0,0.027192228
0.0,0,0.048264876
0.0,1,0.67991424
0.0,1,0.31522223
0.0,0,0.011781585
1.0,1,0.8870901
1.0,1,0.30552012
1.0,1,0.966417
1.0,1,0.9847006
0.0,0,0.0060427175
1.0,1,0.98040044
0.0,0,0.017793616
0.0,0,0.03233851
1.0,1,0.9767099
1.0,1,0.98363703
1.0,1,0.97948915
0.0,0,0.05812064
0.0,0,0.027425928
0.0,0,0.054018013
0.0,0,0.0068547437
0.0,0,0.106946655
1.0,0,0.15889283
1.0,1,0.61392677
1.0,1,0.6416626
0.0,0,0.016887465
1.0,1,0.6878828
1.0,1,0.97979486
1.0,1,0.7258165
1.0,1,0.82523465
0.0,0,0.039311275
1.0,1,0.95979524
1.0,1,0.90512544
1.0,1,0.9419393
0.0,0,0.017347183
0.0,0,0.0023051219
1.0,1,0.9872667
1.0,1,0.95750034
0.0,0,0.21433996
0.0,0,0.017022762
0.0,0,0.0124159
1.0,1,0.8582437
1.0,1,0.88630015
0.0,0,0.017111707
0.0,0,0.0056816605
1.0,1,0.9594278
0.0,0,0.009696431
1.0,1,0.7923832
0.0,0,0.011834064
0.0,0,0.01059642
0.0,0,0.0017075656
1.0,1,0.9840098
0.0,0,0.20645216
0.0,0,0.023223838
0.0,0,0.032740235
1.0,1,0.95595896
0.0,0,0.054576673
0.0,0,0.06041603
0.0,0,0.028930763
1.0,1,0.6805695
0.0,0,0.0047618486
0.0,1,0.75649035
0.0,0,0.13151424
0.0,1,0.7492336
0.0,0,0.17168793
0.0,0,0.02876768
0.0,1,0.88040847
0.0,0,0.0044033057
1.0,1,0.9839877
1.0,1,0.9816789
1.0,1,0.7123512
1.0,1,0.9440481
1.0,1,0.8261224
1.0,0,0.18452151
1.0,1,0.7956064
0.0,0,0.01922394
0.0,0,0.13766965
0.0,0,0.07348705
1.0,1,0.90944284
0.0,0,0.10313354
0.0,0,0.06806429
0.0,0,0.014144585
1.0,1,0.8228556
0.0,0,0.063693956
0.0,1,0.741256
1.0,1,0.97821957
0.0,0,0.25171685
1.0,1,0.5843333
0.0,0,0.021595035
1.0,0,0.12567012
0.0,0,0.004371193
0.0,0,0.05114075
1.0,1,0.6820444
1.0,1,0.7083926
0.0,0,0.021386953
0.0,0,0.01779615
1.0,1,0.9232676
1.0,1,0.7480213
1.0,1,0.3522621
1.0,1,0.749694
1.0,1,0.9760531
1.0,1,0.95747656
0.0,1,0.28090987
0.0,0,0.02138445
1.0,1,0.9667509
0.0,0,0.010433028
0.0,1,0.45166838
0.0,0,0.03597312
1.0,1,0.98143774
0.0,0,0.0071154973
1.0,1,0.9592068
1.0,1,0.9623388
1.0,1,0.55308676
1.0,1,0.9063345
1.0,1,0.95508677
1.0,0,0.16944644
1.0,1,0.95537305
0.0,0,0.1915598
0.0,0,0.018476756
0.0,1,0.4639055
0.0,0,0.07096571
0.0,0,0.007089641
0.0,0,0.1817767
1.0,1,0.59899276
1.0,1,0.975136
0.0,0,0.18038608
0.0,1,0.56659687
1.0,0,0.18544354
1.0,1,0.5695526
1.0,1,0.77162987
1.0,1,0.86112905
1.0,0,0.2630526
0.0,0,0.0037006263
1.0,1,0.8166459
1.0,1,0.98129654
1.0,1,0.9831156
1.0,1,0.9180906
1.0,1,0.919791
1.0,1,0.97448575
0.0,0,0.0054172464
1.0,1,0.7577926
1.0,1,0.45051038
1.0,1,0.61817074
0.0,0,0.012411481
0.0,0,0.04969303
0.0,0,0.08103531
1.0,1,0.89651936
1.0,1,0.9359324
1.0,1,0.6589363
1.0,1,0.74923605
0.0,0,0.01316144
0.0,0,0.040103707
1.0,1,0.8246615
1.0,1,0.96979046
1.0,1,0.76827455
0.0,0,0.04717759
1.0,1,0.7066397
1.0,1,0.9289318
1.0,1,0.65548044
1.0,1,0.78520066
1.0,1,0.86722076
0.0,0,0.014960585
1.0,1,0.31414592
1.0,1,0.88048476
1.0,1,0.98180133
0.0,0,0.0068112174
0.0,0,0.02323693
1.0,1,0.89782953
0.0,0,0.01900519
1.0,1,0.72858465
0.0,0,0.14558141
1.0,1,0.7150617
0.0,1,0.6940969
1.0,1,0.9632533
0.0,0,0.12237581
0.0,0,0.0050568813
1.0,1,0.7323932
1.0,1,0.9171351
0.0,0,0.077820405
0.0,0,0.01814838
0.0,0,0.11773464
0.0,1,0.5968356
1.0,1,0.32202613
0.0,0,0.004708232
0.0,0,0.19213994
0.0,0,0.0915909
1.0,1,0.96019876
1.0,1,0.88541055
0.0,0,0.12479321
1.0,1,0.98631454
0.0,0,0.03948369
0.0,0,0.0027120435
1.0,1,0.3776316
1.0,1,0.9784048
1.0,1,0.9743183
0.0,0,0.043411054
0.0,0,0.007618827
0.0,1,0.47523692
0.0,0,0.00341774
0.0,0,0.013878368
0.0,0,0.0043995026
1.0,1,0.70432484
1.0,1,0.9554155
0.0,0,0.0057811374
1.0,1,0.8287106
1.0,1,0.9028597
1.0,1,0.97992927
0.0,0,0.03710098
0.0,0,0.011863749
0.0,0,0.020031067
1.0,1,0.7958435
1.0,1,0.50590044
1.0,1,0.9139198
1.0,1,0.9826378
0.0,0,0.029973324
1.0,1,0.55682063
1.0,1,0.94129217
1.0,1,0.8499017
1.0,1,0.9847857
0.0,0,0.0877166
0.0,0,0.01583882
0.0,0,0.06555523
0.0,0,0.030988462
0.0,0,0.06850516
0.0,0,0.018416181
1.0,1,0.6955915
1.0,1,0.9663924
0.0,0,0.110648245
0.0,0,0.039283827
0.0,0,0.09023518
1.0,1,0.9784598
0.0,0,0.046598632
0.0,0,0.013488253
0.0,0,0.0028024402
0.0,0,0.0051167193
1.0,1,0.5503925
0.0,0,0.04702807
1.0,1,0.7452128
1.0,1,0.3197038
0.0,0,0.006371644
1.0,1,0.9312391
0.0,0,0.1634346
0.0,0,0.02771747
1.0,1,0.9624016
0.0,0,0.09400573
0.0,0,0.027228856
1.0,1,0.8925681
0.0,0,0.12876752
1.0,1,0.9801465
1.0,1,0.95511943
0.0,0,0.03214544
1.0,1,0.7154095
0.0,0,0.029936649
0.0,0,0.021093814
1.0,1,0.47329968
0.0,0,0.08634687
1.0,1,0.79403156
0.0,0,0.0067058383
0.0,0,0.16527513
1.0,0,0.13747853
0.0,0,0.024836738
1.0,1,0.98298854
0.0,0,0.07567021
1.0,1,0.9145888
0.0,0,0.019654056
1.0,1,0.7982166
0.0,0,0.021628171
0.0,0,0.021092378
0.0,0,0.018568227
0.0,1,0.308455
0.0,0,0.08861281
0.0,0,0.016747858
1.0,1,0.4918482
1.0,1,0.88561606
1.0,1,0.97981983
0.0,0,0.013609993
0.0,0,0.00094224734
0.0,0,0.022439493
1.0,1,0.97469705
0.0,0,0.026264973
0.0,0,0.078033976
0.0,0,0.21581723
0.0,0,0.01891268
0.0,1,0.30746803
0.0,0,0.016821127
1.0,1,0.9866256
0.0,0,0.04097621
0.0,0,0.038086955
1.0,1,0.9097118
1.0,1,0.28784862
0.0,0,0.10282501
0.0,0,0.014564555
1.0,1,0.8985484
1.0,1,0.9621507
1.0,1,0.9594878
1.0,1,0.4630524
1.0,1,0.9700374
0.0,0,0.022860622
0.0,0,0.020935953
1.0,1,0.7187234
1.0,1,0.9574323
1.0,1,0.78267014
0.0,0,0.019703627
0.0,0,0.021666227
0.0,0,0.0074922307
1.0,1,0.5207528
1.0,1,0.74110836
1.0,1,0.8096696
0.0,0,0.04163785
0.0,0,0.027448036
0.0,0,0.011531798
1.0,1,0.871276
1.0,1,0.65314996
1.0,1,0.9045546
1.0,1,0.96784943
0.0,0,0.0025539768
0.0,0,0.1939349
1.0,1,0.98107386
0.0,0,0.03407402
0.0,1,0.39206487
1.0,1,0.883123
0.0,0,0.13630925
0.0,0,0.033174254
1.0,0,0.14296007
1.0,1,0.86254
0.0,0,0.049785696
0.0,1,0.786644
0.0,0,0.023757348
0.0,0,0.26508904
1.0,1,0.98332787
0.0,0,0.10296152
1.0,1,0.7438266
1.0,1,0.9532957
0.0,0,0.04956966
1.0,1,0.71821856
0.0,0,0.004903407
0.0,0,0.015165266
1.0,1,0.9858728
0.0,0,0.009264765
0.0,0,0.010830309
0.0,1,0.4091264
1.0,1,0.7513467
1.0,1,0.27411816
0.0,0,0.0116241975
1.0,1,0.78518224
1.0,1,0.9428131
1.0,1,0.6625675
0.0,0,0.0049540447
0.0,0,0.053729597
1.0,1,0.7267492
1.0,1,0.82299155
1.0,1,0.9236587
1.0,1,0.74507177
1.0,1,0.972567
0.0,0,0.019950576
1.0,1,0.8462368
0.0,0,0.011049701
0.0,0,0.06281622
1.0,1,0.8197228
1.0,1,0.40824735
0.0,0,0.09027336
0.0,0,0.015863553
1.0,1,0.80120564
1.0,1,0.7878321
0.0,0,0.0039123422
0.0,0,0.22011603
0.0,0,0.013513306
1.0,0,0.09417511
0.0,0,0.03646632
0.0,0,0.0058630286
0.0,0,0.016802188
1.0,1,0.6505506
1.0,1,0.9724001
1.0,1,0.71219647
0.0,0,0.0052860104
1.0,1,0.8377379
1.0,1,0.8930623
1.0,1,0.85975695
1.0,1,0.8897199
0.0,0,0.028390715
1.0,1,0.7612828
0.0,0,0.032979537
0.0,0,0.00935562
1.0,1,0.5506929
1.0,0,0.22100742
0.0,0,0.13244735
0.0,0,0.0062046046
0.0,0,0.011537842
0.0,0,0.0061553344
0.0,0,0.02274393
1.0,1,0.9670674
1.0,1,0.93514746
1.0,0,0.17542401
1.0,1,0.90431064
0.0,0,0.17038535
0.0,0,0.06388602
1.0,1,0.9077108
0.0,0,0.009026756
1.0,1,0.95362675
1.0,1,0.92553896
1.0,1,0.80882764
1.0,0,0.070755035
1.0,1,0.6344965
1.0,1,0.83497065
1.0,1,0.96201324
0.0,0,0.0352989
1.0,1,0.47299016
1.0,1,0.9550902
1.0,0,0.14993796
0.0,0,0.0006411729
1.0,1,0.6696999
1.0,1,0.913903
1.0,1,0.8831499
0.0,0,0.011927166
1.0,1,0.44158295
1.0,1,0.95551234
0.0,0,0.010079415
1.0,1,0.29830542
0.0,0,0.013587919
0.0,0,0.036587175
0.0,0,0.051582396
0.0,0,0.004723979
0.0,0,0.027411023
0.0,0,0.0064039333
0.0,0,0.048508707
1.0,1,0.96227044
1.0,1,0.5665613
0.0,0,0.20294432
0.0,0,0.024146378
1.0,1,0.9848734
0.0,0,0.014614172
0.0,0,0.047588054
0.0,0,0.09700621
0.0,0,0.027505012
1.0,0,0.15238887
0.0,0,0.059822705
1.0,0,0.037672356
0.0,0,0.007524353
0.0,0,0.008146972
0.0,0,0.01489054
1.0,1,0.97825474
1.0,1,0.6032676
0.0,0,0.015838826
0.0,0,0.01612992
1.0,1,0.6580549
0.0,0,0.0310453
1.0,1,0.97371703
0.0,0,0.05934207
0.0,0,0.014856013
0.0,0,0.023165792
1.0,0,0.25447607
1.0,1,0.6300125
0.0,0,0.027712982
1.0,1,0.61856794
0.0,0,0.026125755
0.0,0,0.055075273
0.0,0,0.076842576
1.0,1,0.33579996
1.0,1,0.89046395
1.0,1,0.986576
1.0,1,0.97467685
0.0,0,0.01149994
1.0,1,0.67165256
1.0,1,0.2802186
1.0,1,0.9487674
0.0,1,0.34896496
1.0,1,0.88724804
0.0,0,0.028966334
1.0,1,0.96567756
1.0,1,0.95623314
1.0,1,0.97187996
1.0,0,0.25717518
0.0,0,0.11998029
1.0,1,0.9809026
1.0,1,0.9530526
1.0,1,0.71711123
0.0,0,0.010772509
0.0,0,0.05166741
1.0,1,0.90918
1.0,1,0.9111877
0.0,0,0.055125725
0.0,0,0.051048074
0.0,0,0.16522864
0.0,0,0.14800747
1.0,0,0.2432844
1.0,1,0.80072
0.0,0,0.0014389294
0.0,0,0.028978853
1.0,1,0.9837419
1.0,0,0.18636584
0.0,0,0.0013591457
0.0,0,0.015280776
1.0,0,0.23806329
0.0,0,0.10542643
0.0,0,0.070483156
0.0,0,0.0044858903
1.0,1,0.8278686
1.0,1,0.39250803
1.0,1,0.9820699
1.0,1,0.9769385
0.0,0,0.015218222
0.0,0,0.016671415
0.0,0,0.21563143
0.0,0,0.049548406
1.0,1,0.9527308
1.0,1,0.5264565
0.0,1,0.47044855
1.0,1,0.9089403
0.0,0,0.006820126
0.0,0,0.07418075
1.0,1,0.6125958
1.0,1,0.98469245
0.0,0,0.032687478
1.0,1,0.902348
1.0,1,0.6043336
0.0,0,0.013689921
1.0,1,0.809272
1.0,1,0.51137173
1.0,1,0.9540305
1.0,1,0.96744704
1.0,1,0.90404946
0.0,0,0.0100465445
0.0,0,0.009603179
0.0,1,0.42624268
0.0,0,0.0185288
0.0,0,0.024112798
1.0,1,0.7564962
1.0,1,0.48196632
0.0,0,0.036675867
0.0,0,0.0060400376
1.0,1,0.9453665
0.0,0,0.006080934
0.0,0,0.032498397
0.0,0,0.030735238
0.0,0,0.06535059
1.0,1,0.7782062
0.0,0,0.024244068
1.0,1,0.8525865
0.0,0,0.07597902
0.0,0,0.07133508
1.0,1,0.8949927
1.0,1,0.9288086
1.0,1,0.9684645
1.0,1,0.97428435
0.0,0,0.01296781
1.0,1,0.88283026
1.0,1,0.70258117
1.0,1,0.8771698
1.0,1,0.93298364
1.0,1,0.97892684
1.0,1,0.30666026
0.0,1,0.28139663
1.0,1,0.7652436
1.0,1,0.9814265
1.0,1,0.8928742
0.0,0,0.017720297
0.0,0,0.03583556
1.0,1,0.7573139
0.0,0,0.16358393
1.0,1,0.9747563
1.0,1,0.98630553
0.0,0,0.22643605
1.0,1,0.4021093
1.0,1,0.9663192
1.0,1,0.8833987
0.0,0,0.0077853054
0.0,0,0.04917576
1.0,1,0.9739637
0.0,0,0.029234631
1.0,1,0.93554276
0.0,1,0.49487665
1.0,1,0.97292346
1.0,1,0.97333807
0.0,0,0.06802897
0.0,0,0.018955762
0.0,0,0.11590308
0.0,0,0.034588672
1.0,1,0.9542123
1.0,1,0.97164166
1.0,1,0.79118955
1.0,1,0.72506833
0.0,0,0.0016248379
0.0,0,0.018970016
1.0,1,0.31933305
0.0,0,0.018140556
0.0,0,0.005331442
0.0,0,0.059562072
0.0,0,0.011601091
0.0,0,0.032764297
1.0,1,0.9398098
0.0,0,0.021858394
0.0,0,0.007956934
0.0,0,0.029081674
0.0,0,0.00033847248
0.0,0,0.0034697999
1.0,1,0.98323524
1.0,0,0.1283228
1.0,1,0.7371993
1.0,1,0.9414722
0.0,0,0.043028533
1.0,0,0.17478459
1.0,1,0.83402884
1.0,1,0.346284
1.0,1,0.97660834
1.0,1,0.76165164
0.0,0,0.03546657
0.0,0,0.012687639
0.0,0,0.05521067
0.0,0,0.04809498
1.0,1,0.7875391
1.0,1,0.9462366
0.0,0,0.012799066
1.0,1,0.73576665
0.0,0,0.009831264
1.0,1,0.9534237
1.0,1,0.6780774
1.0,0,0.24336831
1.0,1,0.922084
0.0,0,0.016776023
0.0,0,0.07888328
1.0,0,0.093567245
0.0,0,0.001446109
1.0,0,0.037476417
0.0,0,0.012088194
1.0,1,0.96403897
1.0,1,0.74574506
0.0,0,0.24434398
1.0,1,0.9730053
0.0,0,0.0041353856
0.0,0,0.030559199
0.0,0,0.1429622
1.0,1,0.89270574
0.0,0,0.042611547
1.0,1,0.50765026
0.0,0,0.02449573
1.0,1,0.494742
0.0,0,0.005348454
1.0,1,0.9061899
0.0,0,0.00091586506
1.0,1,0.98791474
1.0,0,0.15105322
0.0,0,0.0013634891
0.0,1,0.38863128
0.0,0,0.01770456
1.0,1,0.86022526
0.0,0,0.043831747
0.0,0,0.2429172
0.0,0,0.02286254
0.0,0,0.056089576
1.0,1,0.8787507
0.0,0,0.093571454
0.0,0,0.019280134
1.0,1,0.3900827
1.0,1,0.8232009
0.0,0,0.20860742
1.0,1,0.96317863
0.0,0,0.0023837585
1.0,1,0.703967
1.0,1,0.8474889
1.0,0,0.106964596
0.0,1,0.2711332
0.0,0,0.017069044
1.0,1,0.8926606
1.0,1,0.812322
0.0,0,0.012157663
0.0,1,0.45760533
1.0,0,0.034196068
1.0,1,0.4696034
0.0,0,0.003520227
0.0,0,0.004667525
1.0,1,0.886557
0.0,0,0.02694879
0.0,0,0.00515863
1.0,1,0.98092794
1.0,1,0.95373356
1.0,1,0.61448646
1.0,1,0.87288696
1.0,1,0.920488
1.0,1,0.495793
0.0,0,0.014269949
1.0,0,0.07067847
1.0,1,0.7942336
1.0,0,0.12374673
1.0,1,0.9789667
1.0,1,0.96252084
1.0,1,0.63594157
1.0,1,0.29780546
0.0,0,0.03475408
0.0,0,0.03267893
1.0,1,0.81085205
1.0,1,0.9698449
0.0,0,0.09776079
0.0,0,0.025658559
0.0,0,0.0031815881
1.0,1,0.6556066
0.0,0,0.020912195
1.0,1,0.8617208
1.0,1,0.5716325
1.0,1,0.68418753
1.0,1,0.867077
0.0,0,0.12704293
1.0,1,0.98217595
1.0,1,0.9751542
0.0,0,0.008297278
0.0,0,0.052803405
0.0,0,0.008915317
1.0,1,0.8445062
0.0,0,0.016078414
0.0,0,0.01805128
1.0,1,0.6188761
1.0,1,0.9717267
1.0,1,0.5779487
0.0,0,0.043896034
1.0,1,0.48895448
1.0,1,0.85895205
0.0,0,0.13374676
0.0,0,0.0019659915
1.0,1,0.9225511
1.0,1,0.95394236
0.0,0,0.011812932
1.0,1,0.37904158
1.0,1,0.8339827
1.0,1,0.9862033
0.0,0,0.07766632
1.0,0,0.19713238
1.0,1,0.89965266
0.0,0,0.13955057
0.0,1,0.5492744
1.0,1,0.9617696
0.0,0,0.0012348521
1.0,1,0.9714061
0.0,1,0.8599846
1.0,1,0.8415181
0.0,0,0.11536111
1.0,1,0.60774493
1.0,1,0.9460936
1.0,1,0.90364134
0.0,0,0.016178219
1.0,1,0.967418
0.0,0,0.060582653
1.0,1,0.9822596
0.0,0,0.021743964
1.0,1,0.8143195
0.0,0,0.007822729
0.0,0,0.022108048
0.0,1,0.92147887
0.0,0,0.009721927
0.0,0,0.010441362
0.0,0,0.011521556
1.0,1,0.71341026
1.0,1,0.56083834
0.0,0,0.027448367
0.0,0,0.024408022
0.0,0,0.14814031
0.0,0,0.028505575
1.0,1,0.97255504
1.0,1,0.46114647
0.0,0,0.046510786
1.0,1,0.7450011
0.0,0,0.006388553
0.0,1,0.9639296
1.0,1,0.88522476
1.0,1,0.8171718
0.0,0,0.0046464438
1.0,0,0.2278209
1.0,1,0.9494832
1.0,1,0.9731361
1.0,1,0.89779013
0.0,0,0.033303134
1.0,1,0.8259811
0.0,0,0.017914709
0.0,0,0.01431827
0.0,0,0.018389722
1.0,0,0.14547426
1.0,0,0.24768506
0.0,0,0.15312892
1.0,1,0.9212736
0.0,0,0.036719408
0.0,0,0.0019519103
1.0,0,0.08733311
1.0,1,0.88673943
0.0,1,0.273316
1.0,1,0.8764986
1.0,1,0.9536728
0.0,0,0.016808521
0.0,0,0.015143041
1.0,1,0.80727327
1.0,1,0.9554083
0.0,0,0.018950228
1.0,1,0.8502409
0.0,0,0.016252823
1.0,1,0.9780995
0.0,0,0.00053622754
1.0,1,0.957307
0.0,0,0.004388937
1.0,1,0.8729102
1.0,1,0.77666175
1.0,0,0.14727646
0.0,0,0.06331585
0.0,0,0.07999468
0.0,0,0.009652288
1.0,1,0.9665056
1.0,0,0.077613205
0.0,0,0.14930956
0.0,0,0.012867805
0.0,0,0.034099095
1.0,1,0.32568163
0.0,0,0.047255658
1.0,1,0.9487289
0.0,0,0.21380405
1.0,1,0.8561051
0.0,0,0.1513606
0.0,0,0.14448752
0.0,0,0.019368911
1.0,1,0.983969
0.0,0,0.032231733
1.0,1,0.8429297
0.0,0,0.0029162145
0.0,0,0.02074855
0.0,0,0.008409569
0.0,0,0.012636848
1.0,1,0.8550991
1.0,1,0.982857
0.0,0,0.1473627
1.0,1,0.9832273
0.0,0,0.081300855
1.0,1,0.94139266
0.0,0,0.033447366
1.0,1,0.91818815
1.0,1,0.71115524
1.0,1,0.9849421
1.0,1,0.6618904
1.0,1,0.9518136
1.0,1,0.9546702
1.0,1,0.9660041
0.0,0,0.14837548
0.0,0,0.030890686
0.0,0,0.010630228
1.0,1,0.88334024
1.0,1,0.97255653
0.0,0,0.011285963
0.0,0,0.033848055
0.0,0,0.017497502
1.0,1,0.51326066
1.0,1,0.67739856
1.0,1,0.8211796
0.0,0,0.07828414
0.0,0,0.04800197
1.0,0,0.17122373
1.0,1,0.5290487
1.0,1,0.9471946
1.0,1,0.8567999
0.0,0,0.061168436
1.0,0,0.11358564
1.0,1,0.5730163
0.0,0,0.0035401545
0.0,1,0.73543453
0.0,0,0.006948064
1.0,1,0.5288131
0.0,1,0.52089906
1.0,1,0.98703164
0.0,0,0.055456303
1.0,1,0.98170143
0.0,0,0.0058280495
0.0,0,0.07556366
1.0,1,0.7915898
1.0,1,0.88177574
1.0,1,0.97778165
0.0,0,0.025698695
1.0,1,0.985618
1.0,1,0.79348075
0.0,0,0.011279058
0.0,0,0.014855057
0.0,0,0.09380371
0.0,0,0.25713608
1.0,1,0.9820079
0.0,1,0.4112973
1.0,1,0.30613583
1.0,0,0.21137597
0.0,0,0.0077050114
0.0,0,0.005078519
1.0,1,0.86797076
0.0,0,0.012877305
1.0,1,0.8282111
0.0,0,0.021146916
0.0,0,0.021705775
1.0,0,0.15266597
0.0,0,0.10627193
1.0,1,0.3936758
0.0,0,0.024458839
0.0,0,0.036956195
1.0,0,0.0659196
1.0,1,0.97462595
1.0,1,0.7297629
0.0,0,0.034141287
1.0,1,0.46536374
1.0,1,0.98678297
1.0,1,0.9773913
1.0,1,0.43359753
0.0,0,0.0030627993
1.0,1,0.98875976
1.0,1,0.93927556
1.0,1,0.94783115
1.0,1,0.97719413
0.0,0,0.004533135
1.0,1,0.9522242
1.0,1,0.5811204
1.0,1,0.94529384
0.0,0,0.011082618
0.0,0,0.006466991
0.0,0,0.021274015
1.0,1,0.51329243
0.0,0,0.00577476
0.0,0,0.054522935
0.0,0,0.029574083
0.0,0,0.010027928
0.0,0,0.030860713
0.0,0,0.016777936
0.0,0,0.13733344
1.0,1,0.6777103
1.0,1,0.8765874
1.0,1,0.7249167
0.0,0,0.12199046
1.0,1,0.98603666
1.0,1,0.6967046
0.0,1,0.42199054
1.0,0,0.16270646
0.0,0,0.00413837
1.0,1,0.8952172
1.0,1,0.82274014
0.0,0,0.0038707515
0.0,0,0.01100667
0.0,0,0.124347314
1.0,1,0.8897724
0.0,0,0.030510534
0.0,0,0.0248073
1.0,0,0.24445722
1.0,1,0.9820485
0.0,0,0.0087313615
1.0,1,0.6630497
1.0,1,0.90291196
1.0,1,0.8803962
1.0,1,0.67869234
1.0,1,0.95690536
1.0,1,0.8627392
1.0,1,0.973116
0.0,0,0.040765304
0.0,0,0.09303077
0.0,0,0.0017433328
1.0,1,0.9834414
1.0,1,0.8767166
0.0,0,0.0319587
0.0,0,0.04662618
0.0,0,0.046143524
1.0,1,0.7046149
0.0,0,0.12078101
0.0,0,0.020854989
0.0,0,0.002619761
0.0,0,0.012225856
1.0,1,0.6217835
1.0,1,0.9819661
1.0,1,0.84430003
1.0,1,0.94630337
1.0,1,0.66923904
1.0,1,0.9546444
1.0,1,0.9798465
1.0,1,0.8505893
1.0,0,0.22533612
1.0,1,0.8387682
1.0,1,0.7258168
0.0,0,0.024557745
0.0,0,0.10438258
0.0,0,0.02132448
1.0,1,0.9687468
0.0,0,0.01865935
0.0,0,0.043329906
1.0,1,0.7912177
1.0,1,0.40620857
1.0,0,0.25061002
0.0,0,0.04388471
0.0,0,0.20598929
1.0,1,0.9606332
0.0,0,0.02099886
0.0,0,0.006498649
1.0,0,0.24683294
0.0,1,0.41031218
1.0,1,0.5036322
0.0,1,0.4105165
1.0,1,0.9526246
1.0,1,0.4792405
1.0,1,0.95914704
0.0,0,0.0980564
0.0,0,0.001200851
0.0,0,0.007180185
0.0,0,0.015165507
1.0,1,0.97298604
1.0,1,0.41817838
0.0,0,0.031250715
1.0,1,0.98078954
1.0,0,0.049411513
1.0,1,0.48558807
1.0,1,0.9791758
0.0,0,0.010308121
1.0,0,0.121693894
0.0,0,0.0076901037
1.0,0,0.09736294
0.0,0,0.012719754
0.0,0,0.017379873
0.0,0,0.011133973
1.0,1,0.7843611
0.0,0,0.01803533
0.0,1,0.34607226
0.0,0,0.041433167
0.0,0,0.018211491
1.0,1,0.8489878
1.0,1,0.95361245
1.0,1,0.795333
0.0,0,0.002213499
1.0,1,0.9581428
0.0,1,0.3497926
1.0,1,0.6464793
0.0,0,0.021451715
1.0,1,0.8794616
0.0,0,0.027637374
0.0,0,0.21212256
1.0,1,0.6496687
0.0,0,0.0027078448
1.0,1,0.98705447
0.0,0,0.011234674
1.0,1,0.5875651
0.0,1,0.6308886
0.0,1,0.5368501
0.0,0,0.048622027
1.0,1,0.81957924
1.0,1,0.9457214
0.0,1,0.76885796
1.0,1,0.5652494
0.0,0,0.0064407988
0.0,0,0.022062728
1.0,1,0.97903246
1.0,1,0.48541373
1.0,1,0.9844146
0.0,1,0.9333842
0.0,0,0.0037872994
0.0,0,0.0074494095
1.0,1,0.9644011
0.0,0,0.12940581
0.0,0,0.03545797
0.0,0,0.08542097
0.0,0,0.019185688
0.0,1,0.28819877
1.0,0,0.07888428
1.0,1,0.98244715
0.0,0,0.07668371
1.0,1,0.964069
0.0,0,0.041254587
0.0,0,0.099200144
1.0,1,0.9440984
0.0,0,0.0444982
0.0,0,0.14324996
1.0,1,0.7682097
0.0,0,0.007437548
1.0,1,0.76218486
1.0,1,0.96642363
0.0,0,0.09704643
0.0,0,0.07888472
1.0,0,0.11827126
0.0,0,0.0020700188
1.0,1,0.50708926
0.0,0,0.14696549
1.0,1,0.4061004
0.0,0,0.006935862
1.0,1,0.84352505
1.0,1,0.82955784
1.0,1,0.97510475
1.0,1,0.62095106
0.0,0,0.009171818
0.0,0,0.032697715
0.0,0,0.04491299
0.0,0,0.014594608
0.0,0,0.00936945
0.0,1,0.34533218
1.0,1,0.89867014
1.0,1,0.9702376
0.0,0,0.056038525
1.0,1,0.6352957
1.0,0,0.1729415
0.0,1,0.45735788
1.0,1,0.5469892
1.0,1,0.80506635
1.0,1,0.951431
0.0,0,0.11518237
1.0,1,0.8817657
1.0,1,0.64497566
0.0,1,0.8408342
0.0,0,0.038077492
1.0,1,0.57692385
0.0,0,0.008612143
1.0,1,0.4939806
0.0,0,0.030571584
1.0,1,0.690045
0.0,0,0.0043093446
0.0,0,0.041958354
1.0,1,0.97379977
0.0,0,0.0047590826
0.0,0,0.024564892
0.0,1,0.51250625
1.0,0,0.12140139
1.0,1,0.94340104
0.0,0,0.025764393
1.0,1,0.8767857
1.0,1,0.74747723
0.0,0,0.08905839
1.0,1,0.7804929
1.0,1,0.5596113
0.0,0,0.017911421
0.0,0,0.008544576
0.0,0,0.009798341
1.0,1,0.3762362
1.0,1,0.5772961
1.0,1,0.657604
0.0,0,0.004997109
1.0,1,0.97988915
0.0,0,0.014743832
0.0,0,0.13424426
0.0,0,0.028224852
0.0,0,0.026233433
0.0,0,0.007034101
0.0,0,0.02077322
1.0,1,0.96343035
1.0,1,0.52028936
0.0,1,0.29847503
0.0,0,0.04011777
0.0,0,0.0316236
1.0,1,0.95479965
0.0,0,0.021827951
0.0,0,0.03591407
0.0,1,0.65109295
1.0,1,0.6277167
1.0,1,0.9285521
1.0,1,0.75438696
1.0,1,0.6580905
1.0,1,0.40799654
1.0,1,0.48585472
0.0,0,0.028787598
0.0,0,0.011886964
1.0,1,0.91043913
0.0,0,0.022135342
0.0,0,0.09787118
1.0,1,0.7945057
0.0,0,0.043986607
1.0,1,0.94625914
1.0,0,0.1530233
1.0,1,0.7008303
1.0,1,0.9723193
1.0,1,0.81998265
0.0,0,0.07608533
1.0,1,0.9841157
1.0,1,0.8505827
1.0,1,0.7588885
0.0,0,0.028483238
1.0,1,0.9375839
0.0,0,0.025627598
0.0,1,0.29348618
1.0,1,0.9305004
1.0,0,0.24889928
1.0,1,0.3654719
1.0,1,0.98624146
0.0,0,0.042584468
0.0,0,0.24239673
0.0,0,0.019610982
0.0,0,0.030799339
1.0,0,0.18969308
1.0,1,0.9494172
0.0,0,0.07483588
0.0,0,0.07527869
1.0,1,0.8657487
0.0,0,0.00224959
1.0,1,0.6684151
0.0,0,0.048409108
1.0,0,0.043092888
0.0,0,0.24302065
0.0,0,0.013041242
1.0,1,0.9755236
1.0,1,0.7467143
0.0,0,0.016490117
1.0,1,0.56806266
0.0,0,0.12153037
0.0,0,0.027938796
1.0,1,0.98456246
1.0,1,0.9855912
0.0,0,0.26875743
0.0,0,0.008317146
0.0,0,0.034751862
0.0,0,0.025097847
0.0,0,0.026168501
0.0,0,0.026107606
1.0,1,0.9862023
1.0,1,0.64723945
0.0,0,0.03414375
0.0,0,0.01789431
0.0,0,0.004970606
0.0,0,0.031813916
0.0,0,0.05820695
1.0,1,0.9751371
1.0,0,0.067084
1.0,0,0.041278925
0.0,0,0.0039975336
1.0,1,0.8502468
1.0,1,0.9492724
0.0,0,0.21000776
0.0,1,0.36170107
1.0,1,0.9544643
0.0,0,0.020745294
0.0,0,0.010879874
1.0,1,0.9866874
1.0,1,0.9756775
1.0,1,0.6784692
0.0,0,0.042700917
0.0,0,0.055603974
0.0,0,0.048168644
1.0,1,0.5491729
0.0,0,0.08451163
1.0,1,0.9864564
1.0,1,0.46805674
1.0,1,0.94042957
1.0,1,0.938721
1.0,1,0.6128255
0.0,0,0.06613783
0.0,0,0.009305074
1.0,1,0.79710233
0.0,0,0.003889696
0.0,0,0.021428214
1.0,1,0.9805732
0.0,0,0.019780973
0.0,0,0.013218658
1.0,1,0.58989465
1.0,1,0.973757
1.0,1,0.4660397
1.0,1,0.9618234
1.0,1,0.9581423
1.0,1,0.5236976
0.0,0,0.0051515307
0.0,0,0.0077600223
0.0,0,0.026827008
1.0,1,0.92034155
1.0,1,0.94091326
1.0,1,0.9520866
0.0,0,0.016162219
1.0,1,0.46431133
0.0,0,0.03055843
0.0,0,0.03378095
1.0,1,0.71245277
1.0,1,0.98007023
1.0,1,0.9846677
0.0,0,0.07388637
0.0,0,0.03597754
1.0,1,0.31638527
1.0,1,0.8938533
0.0,0,0.022377642
0.0,1,0.4077082
1.0,1,0.92758423
1.0,1,0.88285977
1.0,1,0.960554
0.0,0,0.08894476
1.0,1,0.98569494
0.0,0,0.0039906194
1.0,1,0.8512634
0.0,0,0.026309151
0.0,0,0.0156141
0.0,0,0.014930883
0.0,1,0.42379257
0.0,1,0.5980271
1.0,1,0.5359328
1.0,1,0.9585565
1.0,1,0.9368583
0.0,0,0.005353322
1.0,1,0.9737512
0.0,1,0.7278985
0.0,1,0.36530522
1.0,1,0.90953153
1.0,1,0.9639357
0.0,0,0.20391573
0.0,0,0.018632919
0.0,1,0.3935405
0.0,0,0.011116969
0.0,1,0.36971176
1.0,1,0.9248929
1.0,1,0.7746738
1.0,1,0.83009684
0.0,0,0.0073894314
0.0,0,0.0061326167
0.0,0,0.123901054
0.0,0,0.22582845
1.0,1,0.9242851
1.0,1,0.94593614
1.0,1,0.60681224
1.0,1,0.50091636
0.0,0,0.1968229
0.0,1,0.39756015
0.0,1,0.3560445
1.0,0,0.16218203
0.0,0,0.01962103
1.0,1,0.5414922
1.0,1,0.96731067
1.0,1,0.686473
0.0,0,0.020725619
0.0,0,0.018340232
0.0,0,0.046887234
0.0,0,0.011752146
0.0,0,0.011438958
0.0,0,0.069261014
1.0,1,0.7680556
1.0,1,0.95428723
0.0,0,0.0032286933
0.0,1,0.5547323
0.0,0,0.026491234
0.0,0,0.034375783
1.0,1,0.8674709
1.0,1,0.6278406
0.0,1,0.32140154
0.0,1,0.34701848
0.0,0,0.0068177003
0.0,0,0.024726372
0.0,0,0.0041365204
1.0,1,0.6002726
1.0,0,0.25803936
1.0,1,0.45011076
1.0,1,0.8500968
0.0,1,0.3829249
0.0,0,0.041282795
0.0,0,0.015677342
1.0,1,0.29905578
0.0,0,0.0054745525
0.0,1,0.3723093
1.0,1,0.3517781
0.0,0,0.03701049
1.0,1,0.71341443
1.0,1,0.6916027
0.0,0,0.040230535
1.0,1,0.36169118
1.0,1,0.9055151
0.0,0,0.09952025
0.0,0,0.23701048
0.0,0,0.010493408
0.0,0,0.018295653
1.0,1,0.65456283
0.0,0,0.051998988
1.0,1,0.9825845
1.0,1,0.87165284
1.0,1,0.6038091
1.0,1,0.9588357
0.0,0,0.074580714
0.0,0,0.20203623
1.0,1,0.8734977
1.0,1,0.7612202
1.0,1,0.822119
1.0,1,0.98478574
0.0,0,0.10409223
1.0,1,0.37173018
1.0,1,0.9672767
0.0,1,0.6462579
1.0,1,0.847157
0.0,0,0.033806577
1.0,1,0.7712518
0.0,0,0.07319312
1.0,1,0.97021145
1.0,1,0.9043397
0.0,0,0.009800045
1.0,1,0.61513245
1.0,1,0.94133383
0.0,0,0.028676536
1.0,0,0.17604716
0.0,0,0.019051028
1.0,1,0.46418658
1.0,1,0.7468371
0.0,0,0.0068701473
0.0,0,0.24700052
1.0,1,0.74735415
1.0,1,0.8791531
0.0,0,0.2203414
1.0,1,0.8426508
1.0,1,0.9828694
1.0,1,0.92632353
0.0,0,0.01649013
0.0,0,0.0018830012
0.0,0,0.24029435
1.0,1,0.9247047
0.0,0,0.020940298
1.0,1,0.82674134
1.0,1,0.70174503
1.0,1,0.9396554
1.0,1,0.5407928
0.0,0,0.0027481443
0.0,0,0.025547843
1.0,1,0.8640119
1.0,1,0.3155786
0.0,0,0.14790733
0.0,0,0.024905145
0.0,0,0.013750104
0.0,1,0.2827688
0.0,0,0.0050910776
0.0,0,0.0045638727
1.0,1,0.65276396
0.0,0,0.04789201
1.0,1,0.71451116
1.0,1,0.9852928
0.0,0,0.09882831
0.0,0,0.19781311
0.0,0,0.051027868
1.0,1,0.6801871
0.0,0,0.018783564
0.0,0,0.004483185
1.0,1,0.92818606
0.0,0,0.03336237
0.0,0,0.0021981301
0.0,0,0.18519528
0.0,0,0.021819253
0.0,0,0.0048817676
1.0,1,0.84447354
0.0,0,0.15883835
1.0,1,0.9231978
1.0,1,0.9693917
1.0,1,0.97795564
1.0,1,0.8755603
1.0,1,0.5408227
1.0,1,0.9566339
0.0,0,0.062956214
0.0,0,0.0001734768
0.0,0,0.05293859
1.0,1,0.9331428
1.0,1,0.3994604
1.0,0,0.26248455
0.0,0,0.09515079
1.0,1,0.97157896
1.0,1,0.96447825
0.0,0,0.03454461
0.0,0,0.011616553
1.0,1,0.96511054
0.0,0,0.008470524
1.0,1,0.39723435
1.0,1,0.9211736
1.0,1,0.8203618
1.0,1,0.9620593
1.0,1,0.96263653
0.0,1,0.30543482
1.0,1,0.8250514
0.0,0,0.22358665
1.0,1,0.8179172
1.0,1,0.77915084
0.0,0,0.010815683
0.0,0,0.057558026
1.0,1,0.96116483
1.0,1,0.9506022
1.0,1,0.45527357
0.0,0,0.040514406
0.0,0,0.025009647
0.0,1,0.37301114
1.0,1,0.9887268
1.0,1,0.48776498
1.0,1,0.95452154
0.0,0,0.06519395
1.0,1,0.9822941
1.0,1,0.5076343
1.0,1,0.63758755
0.0,0,0.0470444
0.0,0,0.015848827
0.0,0,0.02613474
0.0,0,0.010556361
0.0,1,0.43508846
1.0,1,0.7981944
0.0,0,0.005310775
0.0,0,0.0039214822
1.0,1,0.90020907
0.0,0,0.05368085
1.0,1,0.7486571
0.0,0,0.0064502037
1.0,1,0.8511561
1.0,1,0.92219305
1.0,1,0.9665318
1.0,0,0.22749397
1.0,1,0.30479804
0.0,1,0.48691523
1.0,1,0.86718345
1.0,1,0.91243315
1.0,1,0.31759644
0.0,0,0.01107801
1.0,1,0.9810936
0.0,0,0.039108586
0.0,0,0.020669349
1.0,1,0.98557067
1.0,1,0.86808443
0.0,0,0.047431763
1.0,1,0.98689044
0.0,0,0.017202744
0.0,0,0.08886478
0.0,0,0.017770156
0.0,0,0.08785206
0.0,0,0.07448177
1.0,1,0.8287682
1.0,1,0.9760233
1.0,1,0.9318752
1.0,1,0.56835246
0.0,0,0.032266166
1.0,1,0.98015374
0.0,0,0.0036732734
0.0,0,0.024094544
0.0,0,0.048954345
0.0,0,0.008394174
0.0,0,0.04426493
1.0,1,0.751228
0.0,0,0.03601338
0.0,0,0.0141829895
1.0,1,0.8432918
0.0,0,0.095507726
0.0,0,0.034774207
1.0,1,0.52027833
1.0,1,0.71590734
1.0,1,0.3045958
0.0,0,0.016744113
0.0,0,0.022187853
0.0,0,0.01141687
1.0,1,0.94787186
1.0,1,0.8942996
1.0,1,0.36609745
1.0,1,0.8546163
1.0,1,0.7591427
1.0,1,0.87159
0.0,0,0.01893302
0.0,0,0.0031672586
1.0,1,0.87213624
1.0,1,0.83585215
1.0,1,0.3646437
1.0,1,0.52759826
1.0,1,0.90300053
0.0,0,0.2512643
0.0,0,0.0014957016
1.0,1,0.43924809
0.0,0,0.010672066
1.0,1,0.9423037
0.0,0,0.015180499
1.0,1,0.94626474
1.0,1,0.79854214
1.0,1,0.78020424
0.0,0,0.0026363744
0.0,0,0.10863257
0.0,0,0.028368639
1.0,1,0.9022881
0.0,1,0.27709422
0.0,0,0.0067415526
1.0,1,0.9760866
0.0,0,0.03748123
0.0,0,0.045974065
0.0,0,0.05597587
0.0,0,0.00568325
1.0,1,0.96709037
0.0,0,0.04438533
1.0,1,0.5002172
1.0,1,0.96969306
0.0,0,0.05519025
0.0,0,0.0051173894
1.0,1,0.9045171
0.0,0,0.026024405
1.0,1,0.97744596
1.0,1,0.9464867
0.0,0,0.017833339
0.0,0,0.0010926895
0.0,1,0.65570366
0.0,0,0.03527588
0.0,0,0.038539127
1.0,1,0.9531898
0.0,0,0.022912297
0.0,0,0.19402243
1.0,1,0.84213674
1.0,0,0.05134166
0.0,1,0.52525914
1.0,1,0.4323107
0.0,0,0.0068316273
0.0,0,0.02162992
1.0,1,0.98439646
0.0,1,0.58401006
1.0,1,0.9278025
1.0,1,0.95783293
1.0,1,0.711684
1.0,1,0.68240917
1.0,1,0.45830655
0.0,0,0.1942877
1.0,1,0.97132486
1.0,1,0.9724899
0.0,0,0.0042404616
1.0,1,0.97220176
1.0,1,0.38126102
1.0,1,0.9648509
0.0,0,0.023456931
1.0,1,0.84591
1.0,0,0.17042789
1.0,1,0.56319934
0.0,0,0.027004413
0.0,0,0.10971429
0.0,0,0.005427703
0.0,0,0.03685132
1.0,1,0.5147595
0.0,0,0.05713757
0.0,0,0.20008193
0.0,0,0.006957757
1.0,1,0.27119565
0.0,0,0.004629243
1.0,1,0.94645274
1.0,1,0.44305494
0.0,0,0.023971444
0.0,0,0.21735989
0.0,0,0.074609704
0.0,0,0.010589073
1.0,1,0.9300721
1.0,1,0.27803057
1.0,1,0.9749474
1.0,1,0.75680864
0.0,0,0.13397221
0.0,0,0.0037364424
1.0,1,0.722667
0.0,0,0.007807181
0.0,0,0.0016345816
0.0,0,0.0182934
0.0,0,0.14210956
1.0,1,0.7802093
1.0,1,0.7611227
1.0,1,0.5438798
0.0,1,0.41001064
0.0,0,0.018709043
1.0,1,0.46300834
0.0,1,0.30010256
0.0,0,0.038263623
0.0,0,0.054478277
1.0,1,0.7906813
0.0,0,0.0880068
1.0,1,0.93694127
0.0,0,0.0015053551
1.0,1,0.957057
0.0,1,0.6134871
1.0,1,0.98618025
0.0,0,0.011860199
0.0,0,0.061608095
1.0,1,0.97243506
0.0,1,0.4909649
1.0,1,0.92501503
0.0,0,0.002055354
1.0,1,0.942443
1.0,1,0.9179902
0.0,0,0.0119399745
1.0,1,0.840756
0.0,0,0.008338789
1.0,1,0.96073824
0.0,0,0.19373603
0.0,0,0.011097575
1.0,1,0.970375
1.0,1,0.4652911
1.0,1,0.9048271
1.0,1,0.9568371
1.0,1,0.59454274
1.0,1,0.33867574
0.0,0,0.008591567
1.0,1,0.9825887
1.0,1,0.66382134
0.0,0,0.18357548
1.0,1,0.9706982
0.0,0,0.06148906
1.0,1,0.9775504
0.0,0,0.1344409
0.0,0,0.07055582
0.0,0,0.00033176446
0.0,0,0.10030713
0.0,0,0.0070645344
0.0,0,0.051240183
1.0,1,0.9520487
1.0,1,0.9197444
0.0,0,0.019978724
1.0,1,0.61839485
0.0,0,0.014180249
0.0,0,0.04696782
1.0,1,0.9151883
1.0,1,0.9658295
1.0,1,0.973544
1.0,1,0.96358514
1.0,1,0.9371826
0.0,0,0.006733218
0.0,0,0.009251455
1.0,0,0.21295889
0.0,0,0.0013307707
0.0,0,0.007295384
1.0,1,0.7178415
1.0,1,0.773
1.0,1,0.8092556
0.0,0,0.012636861
0.0,0,0.09379517
0.0,0,0.042196054
0.0,0,0.059496835
0.0,0,0.008690688
1.0,1,0.9129575
1.0,1,0.73254955
1.0,1,0.50181943
0.0,0,0.057226244
1.0,1,0.9478798
1.0,1,0.83190846
0.0,0,0.002227832
1.0,1,0.9735104
1.0,1,0.8177442
1.0,1,0.80730027
0.0,0,0.14017339
0.0,0,0.084642254
1.0,1,0.9076073
0.0,0,0.008409855
1.0,1,0.9151181
1.0,1,0.38978854
1.0,1,0.98112875
1.0,1,0.95826805
1.0,1,0.98353964
0.0,0,0.029284181
1.0,1,0.5261636
0.0,0,0.014405858
1.0,1,0.9330651
0.0,0,0.20371632
0.0,0,0.0101443315
0.0,0,0.196068
0.0,0,0.09866182
0.0,0,0.23936367
1.0,1,0.97739714
1.0,1,0.80255526
0.0,0,0.06489859
1.0,1,0.9497741
0.0,0,0.10084455
0.0,0,0.0022337711
0.0,0,0.020468332
0.0,0,0.00938139
0.0,0,0.1312285
1.0,1,0.60546124
0.0,0,0.008140344
0.0,0,0.028457759
0.0,0,0.023946172
0.0,1,0.6352524
0.0,0,0.033016935
0.0,0,0.048112493
0.0,0,0.046484146
1.0,1,0.9474778
1.0,1,0.9462544
1.0,1,0.78121275
0.0,1,0.8981065
1.0,1,0.93898326
0.0,0,0.073946744
1.0,1,0.9267518
1.0,1,0.9685494
0.0,0,0.020412391
1.0,1,0.71113753
0.0,0,0.031704806
0.0,0,0.13492906
1.0,1,0.9113096
0.0,0,0.01705007
1.0,1,0.81705856
0.0,0,0.07516389
1.0,1,0.8283841
0.0,0,0.015082415
1.0,1,0.9517981
1.0,1,0.9755882
1.0,1,0.87103
1.0,1,0.7969097
1.0,1,0.9649493
0.0,0,0.02890556
1.0,0,0.105780356
0.0,0,0.048384268
0.0,0,0.046860937
0.0,0,0.12594691
0.0,0,0.010579734
1.0,1,0.42645764
1.0,1,0.68207455
1.0,1,0.8262119
1.0,1,0.27134472
1.0,1,0.9618572
0.0,0,0.003747941
1.0,1,0.7956145
1.0,1,0.30347732
0.0,1,0.6798408
0.0,0,0.03994673
1.0,1,0.6627014
0.0,1,0.7192404
1.0,1,0.8715316
0.0,0,0.022273894
1.0,1,0.94964886
1.0,1,0.9759205
0.0,0,0.028024707
0.0,1,0.2837476
1.0,1,0.76563954
0.0,1,0.60254824
1.0,0,0.13596016
1.0,1,0.61158967
1.0,0,0.25423685
1.0,1,0.9156757
0.0,1,0.31456298
1.0,1,0.97695976
1.0,1,0.7160224
1.0,1,0.92231154
0.0,0,0.0155418385
0.0,0,0.007501718
0.0,0,0.017161412
1.0,1,0.988362
0.0,0,0.035451166
1.0,1,0.97507656
0.0,0,0.01920954
0.0,0,0.0332408
0.0,0,0.2532763
1.0,1,0.47398895
1.0,1,0.7190604
0.0,0,0.08314886
0.0,0,0.025667695
1.0,1,0.9734839
1.0,1,0.95000213
0.0,0,0.03168928
1.0,1,0.68251926
0.0,0,0.040216178
0.0,0,0.0041039265
0.0,0,0.0062650167
0.0,0,0.0070117656
1.0,1,0.97220194
1.0,1,0.4960942
0.0,0,0.0031825725
0.0,1,0.62848675
0.0,0,0.029182946
1.0,1,0.98430794
0.0,0,0.015653878
0.0,0,0.009194892
0.0,0,0.15130141
1.0,1,0.51318073
1.0,1,0.6549939
0.0,0,0.107581235
1.0,1,0.9777471
0.0,0,0.00043210885
1.0,1,0.9651678
1.0,0,0.14520977
1.0,1,0.35844046
1.0,1,0.89172965
1.0,1,0.90603155
0.0,0,0.008046516
0.0,0,0.008607714
1.0,1,0.91929233
0.0,0,0.1678202
0.0,0,0.18522121
1.0,1,0.97713554
1.0,1,0.6862339
0.0,0,0.0046371594
0.0,0,0.001520182
1.0,0,0.21697304
1.0,1,0.9720483
0.0,0,0.009697728
1.0,1,0.9138598
0.0,0,0.012347434
0.0,0,0.22331247
0.0,1,0.38908115
1.0,1,0.97876656
1.0,1,0.956542
1.0,1,0.8946118
1.0,1,0.9364418
0.0,1,0.34334147
0.0,0,0.018377313
1.0,1,0.9180768
0.0,0,0.01882332
0.0,0,0.005564226
1.0,1,0.96990323
1.0,1,0.9887016
0.0,0,0.10378723
1.0,1,0.4333027
1.0,1,0.39623627
0.0,0,0.005138783
1.0,0,0.029554268
1.0,1,0.86104244
1.0,1,0.93877906
1.0,1,0.4384444
1.0,1,0.98678595
1.0,0,0.026179615
0.0,0,0.020436388
0.0,0,0.013056767
1.0,1,0.95672846
1.0,1,0.7726466
0.0,0,0.026116306
1.0,1,0.97859114
0.0,1,0.6952026
1.0,0,0.20533304
1.0,1,0.9223718
0.0,0,0.02023951
0.0,1,0.6073574
1.0,1,0.573715
1.0,1,0.82964724
1.0,1,0.8231166
0.0,0,0.013843361
1.0,1,0.822133
1.0,1,0.871485
1.0,1,0.9834457
0.0,0,0.006478471
1.0,0,0.18679067
1.0,1,0.57270986
0.0,1,0.2821484
1.0,1,0.837371
1.0,1,0.36151454
1.0,1,0.952639
1.0,1,0.5311941
0.0,0,0.058278296
1.0,1,0.9361336
1.0,1,0.8179548
1.0,1,0.97694224
0.0,0,0.09908705
1.0,1,0.9508962
0.0,0,0.047603708
1.0,1,0.5648713
0.0,0,0.15699555
0.0,0,0.0045576794
1.0,1,0.484483
0.0,0,0.016284388
1.0,1,0.38600704
0.0,1,0.979449
0.0,0,0.017860057
1.0,1,0.96576923
0.0,0,0.08115174
1.0,1,0.36102837
0.0,1,0.49527863
1.0,1,0.42427108
0.0,0,0.100336075
1.0,1,0.7027884
1.0,1,0.95976806
1.0,1,0.866171
0.0,0,0.017233098
0.0,0,0.03726326
0.0,0,0.12052424
0.0,0,0.015062042
1.0,1,0.9585822
1.0,1,0.7959244
0.0,0,0.0068661566
1.0,1,0.8273152
0.0,0,0.016474022
0.0,0,0.028975094
0.0,0,0.008800212
0.0,0,0.011275597
1.0,1,0.7126317
1.0,1,0.75908345
0.0,0,0.003991857
0.0,0,0.0039718472
1.0,1,0.9719098
1.0,0,0.10541921
1.0,1,0.96439266
0.0,0,0.027671734
0.0,0,0.005851986
0.0,0,0.014167237
0.0,0,0.005314096
1.0,1,0.6571702
1.0,1,0.9857521
1.0,1,0.98044205
1.0,1,0.65564245
1.0,1,0.9672233
0.0,0,0.02345064
0.0,0,0.029173551
1.0,1,0.7185034
0.0,0,0.0067426795
0.0,1,0.456525
0.0,0,0.18989462
1.0,1,0.95095223
0.0,0,0.022664765
0.0,0,0.02971173
0.0,0,0.04323682
0.0,0,0.009687319
1.0,1,0.35928988
1.0,1,0.9543631
1.0,1,0.76934445
1.0,1,0.82840747
1.0,1,0.96142703
1.0,1,0.8531532
0.0,0,0.021789243
1.0,1,0.9809185
0.0,0,0.012976773
1.0,1,0.85051763
0.0,0,0.009454112
1.0,1,0.98529154
0.0,0,0.056968447
0.0,0,0.1289656
1.0,1,0.7308906
0.0,0,0.002415079
1.0,1,0.87398475
0.0,0,0.03541015
1.0,1,0.96457905
0.0,0,0.09481697
1.0,1,0.6322764
1.0,1,0.8505175
0.0,0,0.010481424
0.0,0,0.07999863
0.0,1,0.60611296
1.0,0,0.14638652
1.0,1,0.9645149
1.0,0,0.22598308
1.0,1,0.98027086
0.0,0,0.0066031977
1.0,0,0.13827947
0.0,1,0.5265815
0.0,0,0.018083435
1.0,0,0.017954418
1.0,1,0.9396811
1.0,1,0.70631784
1.0,0,0.12497624
1.0,1,0.43344647
0.0,1,0.30406135
1.0,1,0.95194423
0.0,0,0.031679116
1.0,1,0.7707592
0.0,0,0.0655772
0.0,0,0.013112357
0.0,0,0.00954056
0.0,0,0.023409668
1.0,1,0.89076847
0.0,0,0.19464986
0.0,0,0.009462274
0.0,0,0.08591034
1.0,1,0.98397195
0.0,0,0.018754382
0.0,0,0.026873538
0.0,0,0.032530617
1.0,1,0.9687383
0.0,0,0.0049725357
1.0,1,0.65114975
1.0,1,0.98869807
1.0,1,0.39518628
0.0,0,0.016351437
1.0,1,0.97037905
0.0,0,0.011488098
1.0,1,0.9725202
1.0,1,0.90152264
1.0,1,0.905147
1.0,1,0.91328025
1.0,1,0.96247977
1.0,1,0.976851
0.0,1,0.34109846
0.0,0,0.029189494
1.0,1,0.7844858
1.0,1,0.7419698
0.0,1,0.2738326
0.0,0,0.022027256
0.0,1,0.5281576
1.0,1,0.5427617
1.0,0,0.18176843
1.0,1,0.7789739
0.0,0,0.012446471
1.0,1,0.96443486
0.0,0,0.0007266226
1.0,1,0.98051304
0.0,0,0.042505868
0.0,1,0.61317056
0.0,0,0.25850037
1.0,1,0.9801621
0.0,0,0.005602195
1.0,1,0.68945324
1.0,1,0.5635979
1.0,1,0.9337232
1.0,0,0.014284148
1.0,1,0.37824938
0.0,0,0.11367664
1.0,1,0.90207654
1.0,0,0.07038541
1.0,1,0.9841729
1.0,1,0.6582885
1.0,1,0.88626367
0.0,1,0.3836319
0.0,0,0.033832405
1.0,1,0.72639483
0.0,0,0.005021474
1.0,1,0.88327754
1.0,1,0.89273274
0.0,0,0.08319405
1.0,1,0.816169
1.0,1,0.87736696
1.0,1,0.6166167
1.0,1,0.7724152
0.0,0,0.06724938
0.0,0,0.008297835
0.0,0,0.021008294
0.0,0,0.0019913912
0.0,0,0.045160796
0.0,0,0.0078414595
0.0,0,0.017635552
1.0,1,0.9850322
1.0,1,0.9717361
0.0,0,0.019375136
0.0,0,0.02097671
0.0,0,0.011047924
0.0,0,0.008528418
0.0,0,0.0026955444
0.0,0,0.19610527
1.0,1,0.5411824
1.0,1,0.9775342
0.0,0,0.09061113
1.0,1,0.9206706
1.0,0,0.112572804
0.0,0,0.09672633
0.0,0,0.007822914
1.0,1,0.96418464
1.0,1,0.77293164
1.0,1,0.74061656
0.0,0,0.028294463
0.0,0,0.038117975
1.0,1,0.76577747
1.0,1,0.8519908
1.0,1,0.9543458
1.0,1,0.95430493
1.0,1,0.38556427
1.0,1,0.7869823
1.0,1,0.27211437
0.0,0,0.09593618
0.0,0,0.008241677
1.0,1,0.9311284
1.0,1,0.9802025
0.0,0,0.045764856
1.0,1,0.47800982
0.0,0,0.18410476
0.0,0,0.09170841
1.0,1,0.7051784
0.0,0,0.0033659548
0.0,0,0.023103882
1.0,1,0.93478286
1.0,1,0.59792125
1.0,1,0.28265157
0.0,0,0.010462865
1.0,1,0.27368852
1.0,0,0.0755536
1.0,1,0.34030032
1.0,1,0.71823364
1.0,1,0.79358274
1.0,1,0.9532529
1.0,1,0.68518513
1.0,1,0.5757588
1.0,1,0.705919
1.0,1,0.8959477
1.0,1,0.9706668
1.0,1,0.5676353
0.0,0,0.043927465
0.0,0,0.008017445
0.0,0,0.024216043
1.0,1,0.5626012
1.0,1,0.9770968
1.0,1,0.3005148
0.0,0,0.003887059
0.0,0,0.0130615365
1.0,0,0.2325188
1.0,1,0.74468577
0.0,0,0.07610903
0.0,0,0.0346293
1.0,0,0.0188685
0.0,0,0.0105677275
1.0,1,0.41096815
1.0,1,0.98227495
0.0,0,0.0018802037
0.0,0,0.0051173605
1.0,1,0.9831172
0.0,0,0.018075917
0.0,0,0.046372324
0.0,0,0.00960899
1.0,1,0.899068
0.0,0,0.016163075
0.0,0,0.029590204
0.0,0,0.03508797
1.0,1,0.97442985
0.0,0,0.15024029
1.0,1,0.9317368
1.0,1,0.93529236
1.0,1,0.94731045
0.0,0,0.083958045
1.0,1,0.9170785
0.0,0,0.014034789
1.0,1,0.95493317
0.0,0,0.0018050934
0.0,0,0.022106001
0.0,0,0.03408946
0.0,0,0.09254421
1.0,1,0.8348763
1.0,1,0.98779327
1.0,1,0.8933251
0.0,0,0.028447455
1.0,1,0.7982114
0.0,0,0.057510193
0.0,0,0.0036920109
0.0,0,0.0028784384
0.0,0,0.23063412
1.0,1,0.8977696
1.0,1,0.9642021
0.0,1,0.6155021
0.0,1,0.36006683
1.0,1,0.79912865
0.0,0,0.032041978
1.0,1,0.8282648
0.0,0,0.01944392
1.0,1,0.96930534
1.0,1,0.88761973
0.0,0,0.24429083
1.0,1,0.9437932
0.0,0,0.019188765
1.0,1,0.88032013
0.0,0,0.008023644
1.0,1,0.9313401
1.0,1,0.7919202
0.0,0,0.105917774
0.0,1,0.28535616
0.0,0,0.14223863
0.0,1,0.2904161
1.0,1,0.8422809
1.0,0,0.025931165
0.0,0,0.0361277
1.0,1,0.9233272
1.0,0,0.09064476
1.0,1,0.853033
1.0,1,0.9548964
0.0,0,0.24243426
0.0,0,0.0030316147
1.0,1,0.9583949
1.0,0,0.030879878
0.0,0,0.01180136
0.0,0,0.008106131
1.0,0,0.042739417
1.0,1,0.8942511
1.0,1,0.9744768
1.0,1,0.95418406
1.0,1,0.8826944
1.0,1,0.70154554
0.0,0,0.033493295
0.0,0,0.012924158
0.0,0,0.0060214954
1.0,1,0.9531092
0.0,0,0.036552634
1.0,1,0.4417257
1.0,1,0.7750607
1.0,1,0.525044
1.0,1,0.8077218
0.0,1,0.44644678
1.0,1,0.933247
1.0,1,0.83632404
0.0,0,0.003579078
1.0,1,0.98304975
1.0,1,0.9753646
1.0,1,0.98337114
1.0,1,0.97923493
1.0,1,0.9799604
0.0,0,0.0028034535
1.0,1,0.64592075
1.0,1,0.9565577
1.0,1,0.9610466
0.0,0,0.04707942
1.0,1,0.9253852
0.0,0,0.006900083
0.0,0,0.006568616
1.0,1,0.38986105
1.0,1,0.42168775
0.0,1,0.59191513
0.0,0,0.032606892
0.0,1,0.6568074
0.0,0,0.11961852
0.0,0,0.00736637
1.0,1,0.9758224
0.0,0,0.24956997
0.0,0,0.14995094
0.0,0,0.13529412
1.0,1,0.8960548
0.0,0,0.038480762
0.0,0,0.13858317
0.0,0,0.008418302
1.0,0,0.058849342
0.0,0,0.045457955
0.0,0,0.008662794
1.0,1,0.9570318
0.0,0,0.04783067
1.0,0,0.07342764
1.0,0,0.1461551
1.0,1,0.55240345
0.0,0,0.04456229
0.0,0,0.01964361
1.0,1,0.88543385
0.0,0,0.072352014
0.0,0,0.028144384
0.0,0,0.004479794
0.0,1,0.39260024
0.0,0,0.028908798
0.0,0,0.17241979
1.0,1,0.98338807
1.0,1,0.670102
0.0,0,0.022464542
1.0,1,0.29695442
1.0,1,0.42072204
1.0,1,0.60167176
0.0,1,0.28709278
1.0,1,0.96843326
0.0,0,0.034482747
1.0,1,0.8928334
1.0,1,0.9836019
0.0,0,0.017220877
0.0,0,0.0060904687
0.0,0,0.00731453
1.0,1,0.9855171
1.0,1,0.98852295
0.0,0,0.035001725
0.0,0,0.12094402
1.0,1,0.8058091
1.0,1,0.9105998
0.0,0,0.15341881
0.0,0,0.0048685167
0.0,0,0.009284222
1.0,1,0.97949165
0.0,0,0.005839341
0.0,0,0.24673855
1.0,1,0.8047192
0.0,0,0.0019014657
0.0,0,0.008526655
1.0,1,0.93027425
0.0,0,0.005443651
0.0,0,0.031173822
0.0,0,0.005068487
0.0,1,0.66286266
1.0,1,0.9126328
0.0,0,0.00929652
0.0,0,0.16103907
1.0,1,0.64877474
0.0,1,0.730451
0.0,0,0.23041308
0.0,0,0.030113671
1.0,0,0.24146564
1.0,1,0.27114788
1.0,1,0.98011756
1.0,1,0.65167826
1.0,0,0.10724834
0.0,0,0.1272985
1.0,0,0.25328827
1.0,1,0.7008451
1.0,1,0.5205833
0.0,0,0.008563571
0.0,0,0.0066950633
1.0,1,0.94564223
0.0,1,0.37524986
1.0,1,0.2883358
0.0,0,0.021468036
0.0,0,0.22328462
0.0,0,0.014453964
1.0,1,0.9803559
0.0,0,0.0073907357
1.0,1,0.94893414
0.0,0,0.0048616976
0.0,0,0.0017468226
0.0,0,0.027228901
1.0,1,0.96987957
1.0,1,0.95009077
1.0,1,0.83778137
1.0,1,0.49922928
0.0,0,0.013353602
0.0,0,0.0012983736
1.0,1,0.9061159
1.0,1,0.8401195
0.0,0,0.013389056
1.0,1,0.9470568
1.0,1,0.88927346
1.0,1,0.799654
1.0,1,0.39262262
1.0,1,0.70670605
1.0,1,0.39494228
0.0,0,0.10294901
0.0,0,0.016188398
1.0,1,0.4084965
0.0,0,0.22544147
0.0,0,0.029537987
1.0,1,0.94067
0.0,0,0.026770901
0.0,0,0.031152345
1.0,1,0.78695595
1.0,1,0.9836671
1.0,1,0.98320854
1.0,1,0.97266847
1.0,1,0.8753563
0.0,0,0.030783596
1.0,1,0.48018482
1.0,1,0.9719159
1.0,1,0.5554178
0.0,0,0.22499578
0.0,0,0.2029172
0.0,0,0.035232417
1.0,1,0.8148119
1.0,1,0.98012316
0.0,0,0.024559531
1.0,1,0.9156506
1.0,1,0.7994638
0.0,0,0.2365426
0.0,0,0.032154538
1.0,1,0.6328828
1.0,1,0.9683832
1.0,0,0.17125683
1.0,0,0.14446105
1.0,1,0.9266047
1.0,1,0.84178454
1.0,0,0.03994832
0.0,0,0.25936767
0.0,0,0.027676927
1.0,1,0.492007
0.0,1,0.8568979
1.0,1,0.5784662
0.0,0,0.040578596
0.0,0,0.028906392
0.0,0,0.0011642205
1.0,1,0.71611893
1.0,1,0.7873133
1.0,1,0.7251271
0.0,0,0.092300594
1.0,1,0.6280307
1.0,1,0.9709758
0.0,0,0.02211091
0.0,0,0.0068888576
1.0,1,0.8514935
1.0,1,0.8387745
1.0,0,0.26995763
1.0,1,0.9193645
1.0,1,0.9495191
1.0,0,0.061269615
0.0,0,0.0052893166
0.0,1,0.66039187
0.0,0,0.0014681241
0.0,0,0.19470857
0.0,0,0.01462625
1.0,1,0.86618227
0.0,0,0.21755035
1.0,1,0.853772
0.0,0,0.06183351
0.0,0,0.01707947
0.0,0,0.028306048
1.0,1,0.8750648
1.0,1,0.9601712
0.0,0,0.02097203
1.0,0,0.022062367
0.0,0,0.053733896
1.0,1,0.8440121
0.0,0,0.1070783
0.0,1,0.47046787
1.0,1,0.97662836
1.0,1,0.9424177
1.0,1,0.97867405
1.0,1,0.979478
0.0,0,0.070896834
0.0,0,0.0006895681
0.0,0,0.06423764
0.0,0,0.022676094
0.0,0,0.084379576
1.0,1,0.5619674
1.0,1,0.82701206
0.0,0,0.02855704
1.0,1,0.9670238
1.0,1,0.9687468
1.0,1,0.4641424
0.0,0,0.003403662
1.0,1,0.9866263
0.0,1,0.51952446
0.0,0,0.03454049
0.0,0,0.18917634
0.0,0,0.0069727306
0.0,0,0.030167503
1.0,1,0.9837339
0.0,0,0.031071361
1.0,1,0.95839256
1.0,0,0.05497955
1.0,1,0.9374521
1.0,1,0.9680353
1.0,1,0.88953155
1.0,1,0.8909462
1.0,1,0.64232963
0.0,0,0.07137614
0.0,0,0.018676935
1.0,1,0.7505587
1.0,1,0.80632937
1.0,1,0.28301537
1.0,1,0.80800605
0.0,0,0.047167566
0.0,0,0.0202589
0.0,1,0.49539873
0.0,0,0.006074876
1.0,1,0.9627354
0.0,0,0.02798862
0.0,0,0.088287786
0.0,0,0.0070817005
1.0,1,0.505447
1.0,1,0.92411274
0.0,0,0.003540531
1.0,1,0.98291504
0.0,1,0.7237196
0.0,0,0.012592642
1.0,1,0.82356316
1.0,1,0.9700415
0.0,0,0.03170392
0.0,1,0.37015912
1.0,1,0.62425125
0.0,0,0.0347417
0.0,0,0.021480396
1.0,1,0.94790703
0.0,0,0.02316978
1.0,1,0.9590895
0.0,0,0.030503131
0.0,0,0.04989031
0.0,0,0.0059960713
1.0,1,0.96943945
0.0,0,0.04742097
0.0,0,0.046189245
0.0,0,0.035993207
0.0,0,0.23262338
0.0,0,0.01678478
1.0,1,0.91715956
1.0,1,0.9711551
1.0,1,0.69394493
0.0,0,0.005603568
1.0,1,0.9623358
1.0,1,0.96333116
0.0,0,0.009720266
1.0,1,0.59722114
1.0,1,0.96594816
0.0,0,0.008972664
0.0,0,0.0040334393
0.0,0,0.027851831
1.0,1,0.9826664
0.0,0,0.01385683
1.0,1,0.95824957
0.0,0,0.0105312625
0.0,0,0.0027259768
1.0,1,0.5525305
1.0,1,0.9472435
1.0,0,0.19403239
1.0,1,0.4390776
1.0,1,0.9719397
1.0,1,0.98288244
0.0,0,0.21412084
1.0,1,0.95356375
1.0,1,0.885492
1.0,0,0.2618576
1.0,1,0.87552285
1.0,1,0.4382478
0.0,0,0.08075584
0.0,0,0.0037346946
1.0,1,0.9777289
0.0,0,0.034017302
1.0,1,0.599959
0.0,0,0.012668508
1.0,1,0.89126724
0.0,0,0.025552677
1.0,1,0.39875242
1.0,1,0.9745301
1.0,1,0.9803252
1.0,1,0.54626375
0.0,0,0.020823546
0.0,0,0.0053319097
0.0,0,0.016824314
1.0,1,0.9837646
0.0,0,0.037306745
0.0,0,0.013445764
0.0,0,0.040424783
1.0,1,0.7880017
1.0,1,0.96149975
0.0,0,0.014170581
1.0,1,0.78955734
0.0,0,0.020072958
1.0,1,0.52511024
0.0,0,0.114468664
0.0,0,0.028437832
1.0,1,0.9542333
1.0,1,0.78157735
1.0,1,0.8136145
1.0,1,0.9054535
0.0,0,0.0042393
1.0,1,0.9201153
1.0,1,0.95963085
1.0,1,0.9772488
1.0,1,0.7882049
0.0,1,0.7093849
1.0,1,0.97522503
1.0,1,0.97672576
0.0,0,0.007011035
1.0,1,0.9825634
0.0,1,0.53072464
0.0,1,0.81103104
0.0,0,0.16387038
1.0,1,0.8099375
0.0,0,0.024393212
1.0,1,0.9421744
0.0,0,0.009289842
1.0,0,0.09310568
1.0,1,0.98276323
1.0,1,0.9484318
0.0,0,0.0039936854
1.0,1,0.9719198
0.0,0,0.03308939
0.0,0,0.0005115214
0.0,0,0.0014593336
1.0,1,0.29287753
1.0,1,0.67908365
1.0,1,0.815408
1.0,1,0.90271634
1.0,1,0.795454
0.0,0,0.0055983816
0.0,1,0.4023081
0.0,0,0.010139769
0.0,0,0.119990565
0.0,1,0.34943652
0.0,0,0.08082474
1.0,1,0.9348011
1.0,1,0.85615444
0.0,0,0.022508882
0.0,0,0.00334434
1.0,1,0.9329206
1.0,1,0.8302966
0.0,0,0.04054053
1.0,1,0.974777
0.0,0,0.08715669
0.0,0,0.1401431
1.0,1,0.4916402
0.0,0,0.029287787
0.0,0,0.05210602
1.0,1,0.9640212
0.0,0,0.041422997
0.0,0,0.035491094
0.0,0,0.023610152
0.0,0,0.0086033
0.0,0,0.010737198
1.0,0,0.26273856
1.0,1,0.9661432
0.0,0,0.009775509
0.0,0,0.024346612
0.0,0,0.24336195
0.0,0,0.12592877
1.0,1,0.64399624
0.0,0,0.011021733
1.0,1,0.91560113
0.0,0,0.08518522
1.0,1,0.9809362
1.0,1,0.7740948
1.0,0,0.14288475
1.0,0,0.19502035
0.0,0,0.039348077
1.0,1,0.8463599
0.0,0,0.028792288
1.0,1,0.92247444
0.0,0,0.03398785
0.0,0,0.007284283
0.0,0,0.005084163
1.0,1,0.79178214
0.0,0,0.008339011
0.0,1,0.9087746
0.0,0,0.059892226
1.0,1,0.9875771
0.0,0,0.012651057
0.0,0,0.053922758
0.0,0,0.03968635
0.0,0,0.0024573107
1.0,1,0.51152325
0.0,0,0.01956885
1.0,1,0.8008011
0.0,0,0.03371502
0.0,0,0.0047237934
0.0,0,0.042279694
1.0,1,0.9791222
1.0,1,0.9377783
0.0,0,0.023400819
1.0,1,0.96047634
0.0,0,0.014865487
0.0,0,0.017127631
1.0,1,0.34213996
0.0,1,0.56814075
0.0,0,0.027239652
1.0,1,0.9261383
0.0,0,0.038084034
0.0,1,0.33069396
0.0,0,0.011638704
0.0,0,0.0030879946
0.0,0,0.105654
1.0,1,0.64828235
1.0,1,0.87569004
0.0,1,0.35196847
1.0,1,0.8074061
0.0,0,0.038108636
1.0,1,0.96583116
0.0,0,0.019623538
1.0,1,0.98961717
0.0,1,0.80201805
1.0,1,0.93406034
1.0,1,0.73344237
0.0,0,0.08388921
1.0,1,0.78661615
0.0,0,0.004000322
0.0,0,0.069625944
1.0,1,0.58058536
0.0,0,0.0042445483
1.0,0,0.17054272
0.0,1,0.53786063
0.0,0,0.02266296
1.0,1,0.9607771
1.0,1,0.69217515
1.0,1,0.6262935
0.0,0,0.0036671879
0.0,0,0.09987083
1.0,1,0.90023094
1.0,1,0.9768114
0.0,0,0.09182441
1.0,1,0.7111802
0.0,0,0.0697332
0.0,0,0.008326154
1.0,1,0.8786209
0.0,0,0.0055225296
0.0,0,0.007567953
0.0,0,0.022244383
1.0,1,0.96781147
1.0,1,0.97882617
0.0,0,0.15986502
1.0,1,0.95467913
0.0,0,0.14107072
0.0,0,0.19646972
1.0,1,0.46687996
0.0,0,0.028715529
0.0,0,0.017224638
0.0,0,0.023736449
1.0,0,0.22440678
1.0,1,0.98416734
1.0,1,0.98242146
1.0,1,0.92450213
1.0,1,0.9781619
0.0,0,0.0036040891
1.0,0,0.042981032
0.0,0,0.10053381
1.0,1,0.51317286
0.0,0,0.0059307967
1.0,1,0.9902959
0.0,0,0.009982024
1.0,1,0.9660524
1.0,0,0.25298294
1.0,1,0.8500667
1.0,1,0.79071105
0.0,0,0.0046536676
0.0,0,0.015565254
0.0,0,0.016249066
0.0,0,0.027362145
0.0,0,0.011420881
1.0,1,0.91059375
1.0,1,0.6652845
0.0,0,0.15201035
0.0,0,0.022210065
1.0,1,0.9553873
0.0,0,0.0034831658
1.0,1,0.72442645
1.0,1,0.92410296
0.0,1,0.7930718
1.0,1,0.9589005
0.0,0,0.24588476
0.0,0,0.019325849
0.0,0,0.021197733
0.0,0,0.039207116
1.0,1,0.8885365
0.0,0,0.0012824723
0.0,0,0.04900646
1.0,1,0.98887056
1.0,1,0.9506267
0.0,0,0.19963998
0.0,0,0.0027026
0.0,1,0.43514106
0.0,0,0.029697787
0.0,0,0.0054947305
0.0,0,0.11871849
1.0,1,0.851628
0.0,0,0.0067849425
0.0,0,0.054742754
1.0,1,0.8639142
1.0,1,0.96807307
1.0,1,0.9454524
1.0,1,0.9845562
1.0,1,0.49020264
1.0,1,0.73877096
1.0,1,0.67740387
1.0,0,0.24634089
0.0,1,0.8803073
1.0,1,0.84350425
0.0,0,0.011036488
0.0,0,0.017858671
0.0,0,0.031806048
1.0,1,0.7402861
1.0,1,0.7179837
0.0,0,0.020029895
0.0,0,0.013037757
1.0,1,0.6712159
0.0,0,0.036490034
0.0,0,0.010568086
1.0,1,0.88318604
0.0,0,0.0043826713
1.0,1,0.8053106
1.0,1,0.9795459
0.0,0,0.017480334
1.0,1,0.8625883
0.0,0,0.08679965
0.0,0,0.01661836
1.0,1,0.6069944
1.0,1,0.5219743
0.0,0,0.022465384
0.0,0,0.03614337
0.0,1,0.3589226
1.0,1,0.98181564
1.0,1,0.825229
1.0,1,0.8289943
0.0,1,0.52696836
1.0,1,0.67187977
0.0,0,0.0050901356
0.0,0,0.0125268875
1.0,1,0.9417083
0.0,0,0.042821795
0.0,0,0.00595895
0.0,0,0.14993471
1.0,1,0.6722503
1.0,1,0.9756801
1.0,1,0.36737263
1.0,1,0.8002468
0.0,0,0.010367057
1.0,1,0.9718703
0.0,0,0.017571343
1.0,1,0.51055586
1.0,1,0.9724317
1.0,1,0.66634697
1.0,1,0.9312909
1.0,1,0.98216486
0.0,1,0.39291158
0.0,0,0.008177701
0.0,0,0.009379825
0.0,1,0.44708762
0.0,0,0.0015160925
0.0,0,0.028222157
0.0,0,0.005966146
0.0,0,0.053795706
1.0,1,0.9682824
1.0,1,0.9795943
0.0,0,0.13157834
0.0,0,0.1699725
0.0,0,0.00694688
1.0,1,0.75316334
1.0,1,0.8214358
1.0,1,0.5492964
0.0,0,0.023358332
1.0,1,0.93276197
0.0,0,0.029882904
1.0,1,0.8135786
1.0,1,0.9807422
0.0,0,0.043909658
1.0,1,0.81716645
0.0,1,0.6700198
0.0,0,0.00079946086
1.0,1,0.9496131
1.0,1,0.86586136
1.0,1,0.5547205
1.0,1,0.96755946
0.0,0,0.009640187
1.0,1,0.98059696
1.0,1,0.98356926
1.0,1,0.93308854
1.0,1,0.50593317
0.0,0,0.08581688
1.0,1,0.7522409
1.0,1,0.9766768
0.0,0,0.018127643
1.0,1,0.72062516
0.0,0,0.008859887
1.0,1,0.99009633
0.0,0,0.020456476
1.0,1,0.83247304
1.0,1,0.7396912
1.0,1,0.97545725
0.0,0,0.008363558
1.0,1,0.93993455
1.0,1,0.37628525
0.0,0,0.0070771053
0.0,0,0.07557152
0.0,0,0.03579526
0.0,0,0.05500825
0.0,0,0.15115179
0.0,0,0.03825548
0.0,0,0.104164794
0.0,0,0.0011638673
0.0,0,0.008860791
0.0,0,0.023238469
0.0,0,0.14209118
1.0,1,0.6976948
0.0,0,0.0035380456
0.0,0,0.011485781
1.0,1,0.91242373
0.0,0,0.032222964
1.0,1,0.98202324
0.0,0,0.06051118
1.0,1,0.98239124
0.0,0,0.008776685
1.0,1,0.8434446
1.0,1,0.78176737
0.0,0,0.018762993
1.0,1,0.9337011
1.0,1,0.97520393
1.0,1,0.9618733
0.0,0,0.010272437
0.0,0,0.002075567
0.0,0,0.0042581577
1.0,1,0.7729477
1.0,1,0.9725316
0.0,1,0.44121307
0.0,0,0.008086808
0.0,0,0.009998611
1.0,0,0.2124598
0.0,0,0.0015734236
1.0,1,0.9315052
1.0,1,0.9621478
0.0,0,0.03260533
1.0,1,0.98150337
0.0,0,0.016380422
1.0,1,0.87525725
0.0,0,0.005223307
1.0,1,0.31269354
0.0,0,0.08289316
1.0,1,0.61915183
0.0,0,0.0114019085
1.0,1,0.32383993
0.0,0,0.007679471
0.0,0,0.029925862
1.0,1,0.40031078
1.0,1,0.95870584
0.0,0,0.005655772
0.0,0,0.04572603
1.0,1,0.86744213
1.0,1,0.49671766
1.0,1,0.59383345
1.0,1,0.9598912
0.0,0,0.0038368276
1.0,1,0.9730533
1.0,1,0.93091655
0.0,0,0.25756076
1.0,1,0.93703425
1.0,0,0.26604572
0.0,0,0.016957594
0.0,0,0.09783588
1.0,1,0.9700397
1.0,1,0.9679654
1.0,1,0.9644856
0.0,0,0.024936283
1.0,1,0.9502896
0.0,1,0.4308516
0.0,0,0.06115916
1.0,1,0.9825935
1.0,1,0.95781237
1.0,1,0.95941997
0.0,0,0.2547272
1.0,1,0.8619238
0.0,0,0.03735617
0.0,0,0.0009791758
1.0,1,0.6907591
1.0,1,0.987212
0.0,0,0.0646841
1.0,1,0.9598957
1.0,1,0.8239118
0.0,0,0.033196025
0.0,1,0.5485981
0.0,0,0.016737912
0.0,1,0.63740444
0.0,0,0.048030857
0.0,0,0.0014553687
1.0,1,0.641444
1.0,1,0.3467294
1.0,1,0.7188239
1.0,1,0.9830912
0.0,0,0.014706859
0.0,0,0.013700246
1.0,1,0.71057445
0.0,0,0.030216517
1.0,1,0.9630491
1.0,1,0.58840585
0.0,0,0.021354537
0.0,0,0.013093168
0.0,0,0.009839695
0.0,1,0.58469534
1.0,1,0.9494046
0.0,0,0.07660961
1.0,1,0.4810488
0.0,0,0.0068908124
1.0,1,0.8930229
0.0,0,0.0126261255
1.0,1,0.74843884
0.0,0,0.031290077
0.0,0,0.16737778
1.0,1,0.97093815
1.0,1,0.7982567
1.0,0,0.014492747
0.0,1,0.6501369
1.0,1,0.7246976
1.0,1,0.94982594
1.0,1,0.6927065
1.0,1,0.29614037
1.0,1,0.976863
0.0,0,0.016224716
1.0,1,0.8606583
1.0,1,0.4911826
1.0,1,0.50961876
1.0,1,0.8226029
0.0,0,0.02200506
0.0,1,0.5991136
0.0,0,0.048090503
0.0,0,0.009082229
1.0,1,0.7659134
0.0,0,0.063415974
0.0,0,0.030373763
1.0,1,0.7768889
1.0,0,0.100675605
1.0,1,0.97397155
1.0,1,0.47513962
0.0,0,0.0299756
0.0,0,0.011044793
1.0,1,0.6865911
1.0,1,0.9813549
1.0,1,0.95721656
1.0,1,0.83537054
1.0,1,0.79977214
1.0,1,0.86562616
0.0,0,0.009152347
1.0,1,0.95956135
1.0,1,0.98700464
1.0,1,0.69624233
0.0,0,0.022982057
1.0,1,0.8858274
0.0,0,0.0054513244
0.0,0,0.20020136
1.0,1,0.3486138
1.0,1,0.3737186
1.0,1,0.92126507
0.0,0,0.02304457
0.0,0,0.017388027
1.0,1,0.9774265
1.0,1,0.92210144
1.0,1,0.82605827
0.0,0,0.009380179
0.0,0,0.009900467
0.0,0,0.09029758
1.0,1,0.86555064
1.0,0,0.23071194
0.0,0,0.014325747
1.0,1,0.93061644
1.0,1,0.38849598
1.0,1,0.977636
1.0,1,0.9011581
1.0,1,0.6572374
1.0,1,0.4832465
1.0,1,0.61603135
1.0,1,0.7915504
0.0,0,0.19816707
1.0,1,0.66603625
0.0,0,0.08561339
0.0,0,0.04439399
1.0,1,0.97717726
0.0,0,0.10945096
1.0,0,0.17334886
0.0,0,0.020798843
1.0,1,0.95054483
0.0,0,0.012904148
1.0,1,0.95288444
0.0,0,0.0033717165
0.0,0,0.25971657
1.0,1,0.9741629
0.0,0,0.057345334
1.0,1,0.93938196
1.0,1,0.80209225
1.0,1,0.7492018
0.0,0,0.018844698
0.0,0,0.0077367495
0.0,0,0.2512802
1.0,1,0.95608926
0.0,0,0.02898481
0.0,0,0.052273583
0.0,0,0.038594868
0.0,1,0.43803126
0.0,0,0.05854666
0.0,0,0.14918901
1.0,1,0.7487031
1.0,1,0.5828793
1.0,1,0.88769233
1.0,1,0.33274668
1.0,1,0.59746325
0.0,0,0.017926048
0.0,0,0.038391452
0.0,0,0.09357565
1.0,1,0.9115017
0.0,0,0.009405771
0.0,0,0.033731792
0.0,0,0.046548616
0.0,0,0.0008308003
0.0,0,0.03484994
0.0,0,0.1973366
0.0,0,0.007216129
0.0,0,0.118131585
1.0,1,0.90542215
1.0,1,0.79106426
0.0,0,0.0046426253
0.0,1,0.8886038
1.0,1,0.94830537
1.0,1,0.77638113
0.0,0,0.0015872106
0.0,0,0.11283084
0.0,0,0.22572258
1.0,0,0.13263808
0.0,0,0.01279044
1.0,1,0.90706164
1.0,1,0.86551523
1.0,1,0.9583621
0.0,0,0.08984692
0.0,0,0.07928689
1.0,1,0.9517593
1.0,1,0.8295252
1.0,1,0.6843228
0.0,0,0.11173476
0.0,0,0.013126007
0.0,0,0.13324364
1.0,1,0.38748285
1.0,1,0.95035905
0.0,1,0.67298555
1.0,1,0.4891836
1.0,1,0.7076713
1.0,1,0.77078104
1.0,1,0.8766607
1.0,1,0.28172466
0.0,0,0.010472046
0.0,1,0.2724791
0.0,0,0.014081058
1.0,1,0.8927618
1.0,0,0.26172248
0.0,0,0.08521536
1.0,1,0.9051103
0.0,0,0.03174519
0.0,1,0.41044092
0.0,0,0.01138374
1.0,1,0.9301945
1.0,1,0.9270985
0.0,0,0.02572367
0.0,0,0.052256763
0.0,0,0.14714578
1.0,1,0.9856293
1.0,1,0.82435095
1.0,1,0.98430896
0.0,0,0.16018303
0.0,0,0.0350357
1.0,1,0.9436719
1.0,1,0.9535957
0.0,0,0.0052029453
0.0,0,0.06926353
1.0,1,0.35441262
0.0,0,0.034234058
0.0,0,0.026378585
0.0,0,0.006036131
0.0,0,0.2221594
1.0,1,0.9559186
0.0,0,0.0069197416
1.0,1,0.9526714
1.0,1,0.8742876
1.0,1,0.4855486
0.0,0,0.026956273
1.0,0,0.1866517
1.0,1,0.8796428
0.0,0,0.014545371
1.0,1,0.57068324
0.0,0,0.08343457
0.0,0,0.120941594
0.0,0,0.08405016
1.0,0,0.032931495
1.0,1,0.95777696
0.0,0,0.02731768
0.0,0,0.0064985002
0.0,0,0.09855475
0.0,0,0.017089827
0.0,1,0.2857807
1.0,1,0.9392987
0.0,0,0.09370656
1.0,1,0.5666983
1.0,1,0.43840727
0.0,0,0.026682215
1.0,1,0.82596165
0.0,0,0.17292124
1.0,1,0.62409896
0.0,0,0.016204301
1.0,1,0.6933875
0.0,0,0.026629474
1.0,1,0.7703732
1.0,1,0.4526696
0.0,0,0.0012472598
1.0,1,0.55717295
1.0,1,0.9698024
0.0,1,0.44340423
1.0,0,0.13652575
0.0,0,0.01833358
1.0,1,0.3459925
1.0,1,0.98498714
1.0,1,0.9867294
0.0,1,0.5773295
0.0,0,0.032733105
1.0,1,0.8462811
0.0,0,0.0027758055
0.0,0,0.010685498
1.0,1,0.7363639
0.0,0,0.06907846
1.0,1,0.46170616
1.0,1,0.92313534
1.0,1,0.5909798
1.0,1,0.4883074
0.0,0,0.045481615
0.0,1,0.9624111
1.0,1,0.9659822
0.0,0,0.04091366
1.0,1,0.9327029
1.0,1,0.9396524
0.0,0,0.006378274
1.0,1,0.9245892
0.0,0,0.005678682
0.0,0,0.17279415
0.0,0,0.025104083
0.0,0,0.029591087
0.0,0,0.021311829
1.0,1,0.9773377
0.0,0,0.024430623
0.0,0,0.009443798
1.0,1,0.47711852
0.0,0,0.17943478
0.0,0,0.032076858
0.0,0,0.05501762
0.0,0,0.14570312
1.0,1,0.36172935
0.0,0,0.20184602
1.0,1,0.96977824
0.0,1,0.45887733
0.0,0,0.24203476
1.0,0,0.23701292
1.0,1,0.7704958
0.0,0,0.14722155
1.0,1,0.94021416
1.0,1,0.5521974
0.0,0,0.021268226
0.0,0,0.0037091556
0.0,0,0.2443718
1.0,1,0.64472973
1.0,1,0.96689963
1.0,1,0.7436312
1.0,1,0.78859675
1.0,1,0.9804193
0.0,0,0.01541148
1.0,1,0.98163706
1.0,1,0.77715623
1.0,1,0.41870767
0.0,0,0.020633223
0.0,0,0.073853664
1.0,1,0.71861184
0.0,0,0.010555419
1.0,1,0.9257478
0.0,0,0.020302083
1.0,1,0.9472503
1.0,1,0.91137505
0.0,0,0.008766263
1.0,1,0.9607734
0.0,0,0.004190957
0.0,0,0.0798085
1.0,1,0.9883404
0.0,0,0.05262172
1.0,1,0.77168477
1.0,1,0.83387315
0.0,0,0.015899027
1.0,1,0.9735894
1.0,0,0.18688545
1.0,1,0.62935835
0.0,0,0.0041903425
1.0,1,0.5564383
0.0,0,0.17202586
0.0,0,0.13339622
1.0,1,0.9185473
0.0,0,0.0114464285
0.0,0,0.13332663
0.0,0,0.019689292
0.0,0,0.018309884
1.0,1,0.3292028
0.0,0,0.006799666
1.0,1,0.58191806
1.0,1,0.93216985
1.0,1,0.9642646
0.0,1,0.4823082
0.0,0,0.024067733
0.0,0,0.0062103732
0.0,0,0.0042854454
1.0,1,0.49451366
0.0,1,0.62652874
0.0,0,0.22796743
1.0,1,0.61031246
0.0,0,0.033561382
1.0,1,0.44591054
1.0,0,0.12310879
0.0,0,0.01518189
1.0,1,0.8049745
1.0,1,0.86330974
0.0,0,0.03332268
0.0,0,0.031452797
0.0,0,0.025883144
1.0,0,0.10278619
1.0,1,0.9673922
1.0,1,0.8476778
0.0,0,0.0044338494
0.0,0,0.010625669
0.0,0,0.022536144
1.0,1,0.95083046
1.0,1,0.31443954
1.0,0,0.12018596
1.0,1,0.9558329
0.0,1,0.39676267
0.0,0,0.027950834
1.0,1,0.97632337
0.0,0,0.045334928
0.0,0,0.0075441166
0.0,0,0.16286622
1.0,1,0.8637935
0.0,0,0.064365566
0.0,0,0.18749212
1.0,1,0.3755716
1.0,1,0.636725
1.0,0,0.23207352
0.0,0,0.09206488
0.0,0,0.014328313
0.0,0,0.011205884
0.0,0,0.17872754
1.0,1,0.94743687
1.0,1,0.95152533
0.0,0,0.013245069
1.0,1,0.7282096
0.0,0,0.0060841045
1.0,1,0.9748202
0.0,0,0.012694362
1.0,1,0.96144855
0.0,0,0.01733403
1.0,1,0.36542526
1.0,1,0.88372
1.0,1,0.97258884
1.0,1,0.52012765
0.0,0,0.04185171
1.0,1,0.9333435
0.0,0,0.03440522
0.0,1,0.721729
0.0,0,0.077297404
1.0,1,0.54524696
0.0,1,0.57411724
0.0,0,0.014891414
1.0,1,0.8650373
1.0,1,0.5373529
1.0,1,0.9021592
0.0,1,0.46416685
0.0,0,0.008567783
1.0,1,0.92396265
0.0,0,0.012940823
1.0,1,0.95487565
1.0,1,0.65960526
1.0,1,0.8886591
1.0,1,0.7844811
0.0,0,0.0076300832
0.0,0,0.020805798
0.0,0,0.016296102
1.0,1,0.8345492
1.0,1,0.9737681
0.0,0,0.008812871
1.0,1,0.48898208
0.0,0,0.029743055
0.0,0,0.041619632
0.0,0,0.035169616
1.0,1,0.8976461
1.0,1,0.96910185
1.0,1,0.96719444
1.0,1,0.93997455
1.0,1,0.97315097
0.0,0,0.008525091
1.0,1,0.36118704
0.0,0,0.0050901216
0.0,0,0.017307747
1.0,1,0.77210355
0.0,0,0.041695416
0.0,0,0.0884062
1.0,1,0.77592885
1.0,0,0.1385111
1.0,1,0.8203726
0.0,0,0.07289804
1.0,1,0.5209267
1.0,1,0.97376263
0.0,0,0.04744398
1.0,1,0.96930236
0.0,0,0.079643264
0.0,0,0.044361915
1.0,1,0.7733921
0.0,0,0.018531982
0.0,0,0.021006579
0.0,0,0.005641989
1.0,0,0.20969903
0.0,0,0.027489971
1.0,1,0.9831201
0.0,0,0.01719291
0.0,0,0.020560794
0.0,0,0.18813615
0.0,0,0.037079178
1.0,1,0.8337074
0.0,0,0.025005592
0.0,1,0.30643794
0.0,0,0.0038834033
0.0,0,0.11233221
0.0,0,0.026216816
1.0,1,0.59571457
1.0,1,0.45198655
0.0,0,0.0009738834
0.0,0,0.009699359
0.0,0,0.02788752
0.0,0,0.008967133
0.0,0,0.014587404
0.0,0,0.0082498
0.0,0,0.14121966
1.0,1,0.9100064
1.0,1,0.9351429
1.0,0,0.19337845
0.0,0,0.04154053
1.0,1,0.35101238
0.0,0,0.009378217
1.0,1,0.889532
1.0,1,0.58610153
1.0,1,0.62793165
0.0,1,0.38871878
1.0,1,0.9858006
0.0,0,0.013620169
1.0,0,0.14218558
0.0,0,0.018003799
0.0,0,0.011214234
1.0,1,0.4270861
0.0,0,0.008333815
0.0,0,0.019046057
1.0,1,0.85762703
0.0,0,0.014130994
0.0,0,0.020534549
0.0,0,0.004759916
0.0,1,0.51898885
0.0,0,0.0020977687
0.0,1,0.44696835
0.0,0,0.00906577
0.0,0,0.014696575
0.0,0,0.008157206
0.0,0,0.019593168
1.0,1,0.97488844
0.0,1,0.44143587
1.0,1,0.7249224
0.0,0,0.039756585
1.0,1,0.9838811
1.0,1,0.8055719
1.0,1,0.75578046
1.0,1,0.92017764
0.0,0,0.020644221
0.0,0,0.01115397
0.0,1,0.28779685
0.0,1,0.9501613
1.0,0,0.062942125
1.0,1,0.8670481
1.0,1,0.58235204
1.0,1,0.41477382
1.0,1,0.98165613
1.0,1,0.591018
1.0,1,0.91939616
1.0,1,0.6729531
0.0,0,0.01418183
0.0,0,0.04198077
1.0,1,0.92931944
0.0,0,0.016631596
1.0,1,0.96858305
1.0,1,0.7931286
1.0,1,0.9803843
1.0,1,0.94868976
0.0,0,0.04475313
0.0,0,0.029505258
1.0,1,0.8646178
0.0,0,0.25790498
1.0,1,0.3254705
1.0,1,0.29139864
1.0,1,0.691827
1.0,1,0.7818625
1.0,0,0.105269305
0.0,0,0.006131504
0.0,0,0.0042398735
0.0,0,0.0050578024
1.0,1,0.7446511
1.0,1,0.7668086
1.0,1,0.940401
1.0,1,0.4729559
1.0,1,0.41988495
0.0,0,0.00796797
0.0,0,0.038386196
1.0,1,0.96366024
1.0,1,0.9175241
0.0,1,0.3844983
1.0,1,0.92170113
1.0,1,0.58744776
0.0,0,0.14773697
0.0,0,0.0046207565
1.0,0,0.14287846
1.0,1,0.98521364
0.0,0,0.026204597
1.0,1,0.48550373
0.0,0,0.18853982
0.0,1,0.33866656
0.0,0,0.023028232
0.0,0,0.047917195
1.0,1,0.93107635
1.0,1,0.84458303
0.0,1,0.36679852
0.0,0,0.053883616
0.0,0,0.0021033138
1.0,1,0.44817218
0.0,1,0.6502208
1.0,1,0.975245
0.0,0,0.14250235
0.0,1,0.93197024
0.0,0,0.034732025
1.0,1,0.98342144
1.0,1,0.971956
0.0,1,0.39531964
1.0,1,0.7887794
1.0,1,0.96412575
1.0,1,0.5763087
0.0,0,0.17280263
0.0,0,0.20928574
0.0,0,0.0069748997
1.0,1,0.6991077
0.0,0,0.013209606
0.0,0,0.20477715
0.0,0,0.013847685
0.0,0,0.006347228
1.0,1,0.9683864
0.0,0,0.17493911
1.0,1,0.81420153
1.0,1,0.6939683
1.0,1,0.9807189
1.0,1,0.7805965
1.0,1,0.7232838
0.0,0,0.031925842
0.0,0,0.016093682
0.0,0,0.06956166
1.0,1,0.9779604
1.0,1,0.9580593
0.0,0,0.0016765686
0.0,0,0.024085453
0.0,0,0.02818201
0.0,0,0.0026731282
0.0,0,0.05722961
1.0,1,0.95574045
0.0,0,0.23076758
0.0,0,0.08030669
0.0,0,0.019579245
0.0,1,0.5396498
0.0,1,0.97984535
0.0,0,0.023741234
0.0,1,0.53588396
1.0,1,0.9569397
0.0,0,0.08656413
1.0,1,0.9730909
0.0,1,0.589414
0.0,0,0.0077358866
0.0,0,0.001817592
0.0,0,0.012038037
1.0,1,0.90843654
0.0,0,0.0329762
0.0,0,0.014485381
0.0,1,0.3690319
1.0,1,0.6369292
0.0,0,0.041500002
0.0,0,0.0049870047
1.0,1,0.7056545
1.0,1,0.8886928
0.0,0,0.21791656
1.0,1,0.88209146
0.0,0,0.005715492
0.0,0,0.1924499
0.0,0,0.13254216
0.0,0,0.100448556
1.0,1,0.8510212
0.0,0,0.0068877656
0.0,0,0.036191624
1.0,0,0.24643037
1.0,1,0.977248
0.0,0,0.0067577637
0.0,0,0.004171401
0.0,0,0.0044613685
1.0,1,0.885034
0.0,0,0.021413187
0.0,0,0.1342595
0.0,0,0.018893056
1.0,1,0.9336581
1.0,1,0.723048
0.0,0,0.0044623935
0.0,1,0.44321185
1.0,1,0.94027495
1.0,1,0.8723789
1.0,1,0.8639386
1.0,1,0.43334985
1.0,1,0.5399548
0.0,0,0.19233525
1.0,1,0.38767886
0.0,0,0.001886795
1.0,1,0.9178674
1.0,1,0.9457924
1.0,1,0.9200004
0.0,0,0.027221778
1.0,1,0.32468623
0.0,0,0.12272894
1.0,1,0.75556386
0.0,0,0.008624683
1.0,1,0.9681294
1.0,0,0.2687241
1.0,1,0.36069065
1.0,1,0.96132886
0.0,0,0.033663906
1.0,1,0.96765506
1.0,0,0.03435648
0.0,0,0.009010183
1.0,1,0.56719434
1.0,1,0.31242424
1.0,1,0.94202286
1.0,1,0.29104444
1.0,1,0.87868196
0.0,0,0.0068051913
1.0,1,0.9487602
1.0,1,0.7213576
0.0,0,0.046646852
0.0,0,0.12332107
0.0,0,0.12562132
1.0,1,0.92102236
1.0,1,0.5016037
0.0,0,0.17223595
0.0,0,0.26720557
1.0,1,0.92380774
0.0,0,0.009412163
1.0,0,0.14192753
1.0,1,0.53875697
0.0,0,0.10276735
0.0,0,0.015583675
1.0,1,0.9243574
0.0,0,0.039464902
1.0,1,0.9365568
0.0,0,0.039436508
1.0,0,0.14839667
1.0,1,0.38375294
1.0,1,0.96239656
0.0,0,0.12834878
1.0,1,0.80438066
1.0,1,0.7396592
1.0,1,0.74397457
1.0,1,0.8503324
1.0,1,0.9880203
0.0,0,0.1068623
1.0,1,0.96066034
0.0,0,0.029748347
1.0,1,0.9772021
0.0,0,0.069291085
1.0,1,0.5376952
0.0,0,0.035801493
0.0,0,0.17987363
1.0,1,0.33987388
1.0,1,0.9832288
1.0,1,0.46130452
0.0,0,0.008732822
1.0,1,0.59213376
1.0,1,0.78538316
1.0,1,0.9045262
0.0,0,0.0014028877
1.0,0,0.19665504
0.0,0,0.005090778
1.0,1,0.5533591
1.0,1,0.45059136
1.0,1,0.9826989
1.0,1,0.97772264
1.0,1,0.4841354
0.0,1,0.40081495
0.0,0,0.048068557
0.0,0,0.018973442
0.0,0,0.13810246
1.0,1,0.6109526
1.0,1,0.8980464
1.0,1,0.93486303
1.0,1,0.91372186
0.0,0,0.014958196
0.0,0,0.23602597
1.0,1,0.9799418
0.0,0,0.040708438
1.0,1,0.33536285
1.0,1,0.9098078
0.0,0,0.024736304
1.0,1,0.9686097
0.0,1,0.7733697
0.0,1,0.28111762
0.0,0,0.044915494
1.0,1,0.8879436
1.0,1,0.98470557
1.0,1,0.95342404
0.0,0,0.009184063
0.0,0,0.023568539
1.0,1,0.98226357
1.0,1,0.89280105
0.0,0,0.015525898
1.0,1,0.84493464
1.0,1,0.71947455
0.0,0,0.0043308972
0.0,0,0.037033904
0.0,0,0.033439543
1.0,1,0.83882326
1.0,1,0.6673544
0.0,0,0.015526526
1.0,0,0.10035062
0.0,0,0.24730213
0.0,0,0.20286487
1.0,1,0.9707957
1.0,1,0.7819257
0.0,1,0.8383597
0.0,0,0.14648025
0.0,0,0.028537652
0.0,0,0.05176503
1.0,1,0.917064
0.0,0,0.018825382
0.0,0,0.23728925
1.0,1,0.86054826
0.0,0,0.016806608
1.0,1,0.9027948
0.0,0,0.006684126
0.0,0,0.017246824
1.0,1,0.97671705
0.0,0,0.057499845
0.0,0,0.10903771
1.0,1,0.72394586
0.0,0,0.21986273
1.0,1,0.86604744
1.0,1,0.621721
1.0,1,0.98441637
0.0,0,0.102401614
0.0,1,0.50717545
0.0,0,0.010438924
1.0,1,0.5695421
0.0,0,0.0037558526
0.0,1,0.28589132
1.0,1,0.84284353
0.0,0,0.11562266
1.0,1,0.80776215
1.0,1,0.66280437
1.0,1,0.98360574
0.0,0,0.0051730927
0.0,0,0.06887452
1.0,1,0.66555977
0.0,0,0.1844972
0.0,0,0.02703027
0.0,0,0.010283855
0.0,0,0.15079884
1.0,1,0.87362945
1.0,1,0.97977906
0.0,0,0.0038641747
1.0,1,0.90164834
1.0,1,0.97916913
1.0,1,0.86619794
1.0,1,0.36022702
0.0,0,0.049887028
1.0,1,0.8525265
1.0,1,0.69250965
0.0,0,0.011350538
0.0,0,0.016785717
0.0,0,0.028352499
0.0,0,0.01653154
1.0,1,0.8193124
1.0,1,0.7121835
0.0,0,0.0017649593
1.0,1,0.8330913
0.0,0,0.24655433
0.0,0,0.020897418
0.0,1,0.7140172
1.0,1,0.8402307
0.0,0,0.1862702
1.0,1,0.97708344
1.0,1,0.57148993
0.0,0,0.016265003
1.0,1,0.9876481
1.0,1,0.7291563
0.0,0,0.057175905
0.0,0,0.020561771
1.0,1,0.62751395
0.0,0,0.016699737
1.0,1,0.81221217
0.0,0,0.027332399
0.0,0,0.008287922
1.0,1,0.77935994
0.0,0,0.02243212
1.0,1,0.7472625
1.0,0,0.036701836
0.0,0,0.025657356
0.0,0,0.016009778
0.0,0,0.013479252
1.0,1,0.97080964
0.0,0,0.009752723
0.0,0,0.043309074
1.0,1,0.94770586
1.0,1,0.9843588
0.0,0,0.009099351
1.0,1,0.95150584
0.0,0,0.061110236
1.0,1,0.75850666
1.0,1,0.98120207
0.0,0,0.024919214
1.0,1,0.9722795
1.0,1,0.4561935
0.0,0,0.056154776
1.0,1,0.35788873
1.0,1,0.98009783
0.0,0,0.0045057223
1.0,1,0.30231103
1.0,1,0.8427522
0.0,0,0.005734177
1.0,1,0.9831299
1.0,1,0.9804804
0.0,0,0.22231369
0.0,0,0.00090427446
0.0,0,0.17605269
1.0,1,0.44442415
1.0,1,0.94592166
1.0,1,0.5213492
1.0,1,0.9738415
1.0,1,0.3904849
0.0,0,0.016047312
0.0,1,0.2731255
1.0,1,0.97311115
0.0,0,0.007876393
0.0,0,0.16332734
1.0,1,0.98437035
0.0,1,0.41943657
0.0,0,0.06999709
1.0,1,0.9728122
1.0,1,0.9865244
0.0,0,0.037454665
0.0,0,0.024051785
1.0,1,0.930969
0.0,0,0.15076907
1.0,1,0.9242703
1.0,1,0.97480386
1.0,1,0.5668545
0.0,0,0.12372458
0.0,0,0.010347375
1.0,1,0.62826693
1.0,1,0.6613717
1.0,1,0.9679149
1.0,1,0.716399
1.0,1,0.95985705
0.0,0,0.069802955
1.0,1,0.976741
1.0,1,0.7123237
0.0,0,0.037105974
1.0,1,0.95266575
1.0,1,0.9714416
1.0,1,0.74361295
1.0,1,0.2927129
0.0,0,0.03727075
1.0,1,0.52175874
0.0,0,0.074050695
0.0,0,0.111546
1.0,1,0.98392195
0.0,0,0.0051446175
0.0,0,0.031051757
0.0,0,0.010721539
0.0,0,0.011762159
0.0,0,0.015890568
0.0,0,0.0028969022
0.0,0,0.07959194
1.0,1,0.65921617
1.0,1,0.9831227
0.0,0,0.18824771
1.0,1,0.88429075
1.0,1,0.9629996
0.0,0,0.047863517
0.0,0,0.035427894
0.0,1,0.6348263
0.0,0,0.1876419
0.0,0,0.13695686
0.0,0,0.2475269
0.0,0,0.03563911
1.0,1,0.86710316
1.0,1,0.58905876
0.0,0,0.043081082
0.0,1,0.61881304
0.0,0,0.011766144
0.0,0,0.012800897
1.0,1,0.51663697
0.0,0,0.044380076
0.0,0,0.16504021
1.0,1,0.97056353
0.0,0,0.0051661045
1.0,1,0.90879077
0.0,0,0.018583816
0.0,0,0.19691408
0.0,0,0.017557396
1.0,1,0.96121836
0.0,0,0.067843154
1.0,1,0.96598685
1.0,1,0.7915404
1.0,1,0.9789941
0.0,0,0.029212775
0.0,0,0.006465774
0.0,0,0.035955712
1.0,1,0.9679993
0.0,0,0.07456463
0.0,0,0.07534214
0.0,0,0.010326058
0.0,0,0.05127709
1.0,1,0.88667303
0.0,0,0.024615617
0.0,0,0.008752301
0.0,0,0.027823051
0.0,0,0.002814807
1.0,1,0.9152281
1.0,1,0.9678282
0.0,0,0.039877877
1.0,1,0.73575985
0.0,0,0.0134140905
0.0,1,0.4767884
0.0,0,0.18816403
0.0,0,0.012739333
1.0,0,0.11580908
1.0,1,0.8603159
1.0,1,0.9192336
1.0,1,0.941425
0.0,0,0.02470549
0.0,0,0.012744017
1.0,1,0.4975842
1.0,1,0.7847271
0.0,0,0.038927652
0.0,0,0.016681626
1.0,1,0.9064083
0.0,0,0.12742399
0.0,0,0.004249822
1.0,1,0.61195326
1.0,1,0.72216964
0.0,0,0.006672213
0.0,0,0.00927651
0.0,0,0.08452279
0.0,0,0.018049506
1.0,1,0.9069519
1.0,1,0.9192815
0.0,0,0.057716843
0.0,0,0.024951916
1.0,1,0.9758308
0.0,0,0.016509399
1.0,1,0.60039806
1.0,1,0.9758646
1.0,1,0.94435847
0.0,0,0.2476595
1.0,0,0.16265075
0.0,1,0.3139232
0.0,0,0.057145845
1.0,1,0.91266257
1.0,1,0.79023325
0.0,0,0.006205734
0.0,0,0.12608233
0.0,0,0.079802275
0.0,0,0.01633389
1.0,1,0.5316137
1.0,1,0.5805682
1.0,1,0.969887
1.0,1,0.8178058
0.0,0,0.0020693918
0.0,0,0.016552873
0.0,0,0.02553434
1.0,1,0.6872902
0.0,0,0.1900758
1.0,1,0.9806218
0.0,0,0.0069448473
0.0,0,0.012495141
1.0,1,0.9846891
1.0,1,0.66489744
0.0,0,0.015544116
1.0,0,0.07908982
0.0,0,0.07122053
0.0,0,0.06419144
1.0,1,0.9195753
0.0,1,0.887088
0.0,0,0.049340542
0.0,0,0.04495693
1.0,1,0.8393799
1.0,1,0.802616
1.0,1,0.98507744
1.0,1,0.96644986
0.0,0,0.0318016
1.0,1,0.93355656
0.0,1,0.68256265
1.0,1,0.9638554
0.0,0,0.029336248
1.0,1,0.77765584
1.0,1,0.7241781
0.0,0,0.08388082
1.0,1,0.97703534
1.0,1,0.9870232
0.0,0,0.02766968
1.0,1,0.44713336
1.0,1,0.9350448
0.0,0,0.0057567307
0.0,0,0.0180999
1.0,1,0.9745376
1.0,1,0.96227425
1.0,1,0.9241011
0.0,1,0.62236965
0.0,0,0.00038437653
1.0,1,0.70564944
0.0,0,0.194606
1.0,1,0.955424
0.0,0,0.009136052
0.0,0,0.047605257
0.0,0,0.03420916
0.0,0,0.05011481
0.0,0,0.008418851
1.0,1,0.54874194
1.0,1,0.95777994
1.0,1,0.57162946
1.0,1,0.27698082
0.0,0,0.0033313448
0.0,0,0.0022685304
1.0,1,0.9663966
1.0,1,0.90503055
1.0,1,0.3808723
1.0,1,0.6567538
1.0,1,0.8770059
1.0,1,0.65692836
0.0,0,0.00061293424
0.0,0,0.028175574
0.0,0,0.024606641
1.0,1,0.97903854
1.0,1,0.9657063
0.0,0,0.012744029
0.0,0,0.16520908
0.0,0,0.0028971105
1.0,1,0.66400385
0.0,0,0.067539565
1.0,1,0.9793296
1.0,1,0.97857696
0.0,0,0.19463843
0.0,1,0.7611501
0.0,0,0.013563929
1.0,1,0.980083
0.0,0,0.01640028
1.0,1,0.7870198
1.0,1,0.94479066
1.0,1,0.65908396
1.0,1,0.98166776
0.0,1,0.3456191
1.0,1,0.9850437
1.0,1,0.79644907
0.0,0,0.26710385
0.0,0,0.08372359
0.0,0,0.005293357
1.0,1,0.8717223
1.0,1,0.9546142
1.0,1,0.7043065
0.0,0,0.04255269
1.0,1,0.9057841
1.0,1,0.9727264
1.0,1,0.96582425
0.0,1,0.9755426
0.0,0,0.006200399
1.0,1,0.9800747
0.0,0,0.19022608
1.0,1,0.97752494
1.0,1,0.5874646
0.0,0,0.008668548
0.0,0,0.12213602
1.0,1,0.8702518
1.0,1,0.902572
0.0,0,0.0474012
1.0,1,0.7665794
1.0,1,0.87679094
1.0,1,0.9659168
0.0,0,0.09616831
1.0,1,0.979576
1.0,0,0.100357294
0.0,1,0.73332715
1.0,1,0.29415268
1.0,1,0.9364467
0.0,0,0.0013884861
0.0,0,0.108181894
1.0,1,0.5071139
1.0,1,0.7294145
1.0,1,0.94469166
0.0,0,0.1558024
0.0,0,0.011343011
1.0,1,0.6264211
1.0,1,0.97690827
1.0,1,0.52073544
1.0,1,0.7719367
1.0,1,0.6904646
1.0,1,0.97820365
1.0,1,0.6774454
1.0,1,0.8668091
0.0,0,0.015173607
0.0,0,0.043092556
1.0,1,0.652321
1.0,1,0.7246679
0.0,0,0.14354254
0.0,0,0.019613577
1.0,1,0.33687228
1.0,1,0.9880247
1.0,1,0.79020464
0.0,0,0.10580886
0.0,0,0.0534528
0.0,0,0.013738172
0.0,0,0.008013957
1.0,0,0.14213923
0.0,1,0.8495373
1.0,1,0.9739152
0.0,0,0.12390946
1.0,1,0.698364
0.0,0,0.01902078
1.0,1,0.91610783
1.0,0,0.24552105
0.0,0,0.05542329
1.0,1,0.80873644
0.0,0,0.011043981
1.0,1,0.8451364
1.0,1,0.5184873
1.0,1,0.97010237
0.0,0,0.031628888
1.0,1,0.42173904
1.0,1,0.97395384
1.0,1,0.96829855
0.0,0,0.008367988
1.0,0,0.25168303
0.0,0,0.094401784
1.0,1,0.6325774
0.0,0,0.037244763
0.0,0,0.15189356
1.0,1,0.9668312
1.0,1,0.43550077
1.0,1,0.9015472
0.0,1,0.3448674
1.0,1,0.5044298
1.0,1,0.95582426
1.0,1,0.7017267
0.0,0,0.009946055
0.0,1,0.49369973
0.0,0,0.12236321
1.0,1,0.8822536
0.0,0,0.02177668
0.0,0,0.06397655
1.0,1,0.97273207
0.0,0,0.020977443
1.0,0,0.055984933
1.0,1,0.9413353
0.0,1,0.60339713
1.0,1,0.9524242
1.0,1,0.7512976
1.0,1,0.8784683
1.0,1,0.9267698
0.0,0,0.031053677
1.0,1,0.8134569
0.0,1,0.786583
0.0,0,0.13814788
1.0,1,0.95191
0.0,0,0.035401054
1.0,1,0.7540927
0.0,1,0.2883815
1.0,0,0.06754035
0.0,0,0.006759355
1.0,1,0.8494028
0.0,0,0.017241338
0.0,0,0.048775863
0.0,1,0.8173606
1.0,1,0.94773126
0.0,0,0.012403559
1.0,1,0.9444284
1.0,1,0.65820074
1.0,1,0.7077625
0.0,0,0.02028536
1.0,1,0.37885937
0.0,0,0.03551133
0.0,0,0.016896186
1.0,1,0.98933655
0.0,0,0.09379634
0.0,1,0.7026638
1.0,1,0.976128
0.0,0,0.1294567
1.0,1,0.5708145
1.0,1,0.98149455
0.0,0,0.0147396
0.0,0,0.07187163
1.0,1,0.41609308
0.0,0,0.019579729
0.0,0,0.004630366
1.0,1,0.72931075
0.0,1,0.63620687
1.0,1,0.97137356
0.0,0,0.073831655
1.0,1,0.94379056
1.0,1,0.9448313
0.0,0,0.028597241
0.0,0,0.0046331845
0.0,1,0.7635145
1.0,1,0.920984
1.0,1,0.52684456
1.0,1,0.56247556
1.0,1,0.9235144
1.0,1,0.8310592
1.0,1,0.96239305
1.0,1,0.978518
1.0,0,0.10931979
0.0,0,0.03288852
1.0,1,0.97979534
1.0,1,0.6215514
0.0,0,0.04807471
0.0,0,0.012473799
0.0,0,0.07585428
0.0,0,0.017442401
1.0,1,0.7419528
0.0,1,0.96235
1.0,1,0.9582586
0.0,1,0.3732529
1.0,1,0.9233125
1.0,1,0.52398086
1.0,1,0.78774905
0.0,0,0.0030106485
0.0,0,0.0050328537
1.0,1,0.8065396
1.0,1,0.9869429
0.0,0,0.02636287
1.0,1,0.42850232
0.0,0,0.052173983
1.0,1,0.8012543
0.0,0,0.011571461
0.0,0,0.26603493
1.0,1,0.9530093
1.0,1,0.9754656
0.0,0,0.0278542
0.0,0,0.004339635
0.0,0,0.03163429
1.0,1,0.6856028
1.0,1,0.86830056
0.0,0,0.010524591
1.0,1,0.73583573
1.0,1,0.9851959
0.0,0,0.027043398
0.0,0,0.029364979
0.0,0,0.145679
1.0,1,0.95338726
1.0,1,0.56754017
1.0,1,0.38080493
1.0,1,0.47678113
1.0,0,0.086082146
0.0,0,0.03628814
0.0,0,0.040813956
0.0,0,0.19792166
1.0,1,0.9665539
1.0,1,0.67653203
0.0,0,0.009704223
1.0,1,0.98177165
1.0,1,0.9790131
0.0,0,0.0022917935
1.0,1,0.8364865
1.0,1,0.7532883
0.0,0,0.013658916
1.0,1,0.6859032
0.0,0,0.0043507186
1.0,1,0.56906796
0.0,0,0.02575911
0.0,0,0.01762425
0.0,0,0.04303051
1.0,1,0.94113463
0.0,0,0.039849833
1.0,1,0.84758735
0.0,0,0.22809193
0.0,0,0.0541031
1.0,1,0.9778966
1.0,1,0.4201296
0.0,0,0.01705142
0.0,0,0.032346517
0.0,0,0.012395652
0.0,1,0.7362027
1.0,1,0.9404975
0.0,0,0.021897014
1.0,1,0.66593254
0.0,0,0.03763492
0.0,0,0.025655545
1.0,1,0.9571585
1.0,1,0.4724973
1.0,1,0.8511376
0.0,0,0.053957555
1.0,1,0.30341557
0.0,0,0.022987187
0.0,1,0.32000348
1.0,0,0.114873365
0.0,0,0.015895482
1.0,1,0.65517515
1.0,1,0.6338453
1.0,1,0.98111725
0.0,0,0.07201378
1.0,1,0.92733574
1.0,1,0.86542726
0.0,0,0.0054815146
1.0,1,0.98040277
0.0,0,0.077710964
0.0,0,0.015614929
0.0,0,0.03177176
1.0,1,0.97868896
0.0,0,0.01992751
1.0,1,0.75004077
0.0,0,0.012715516
0.0,1,0.41546455
1.0,1,0.5954678
1.0,1,0.9119102
1.0,1,0.29685345
0.0,0,0.0102353785
1.0,1,0.27965403
0.0,0,0.004055287
1.0,1,0.8569107
1.0,1,0.7246666
0.0,0,0.0054534525
1.0,1,0.4187475
0.0,0,0.023356246
1.0,1,0.9838546
0.0,1,0.7506324
0.0,0,0.041868553
0.0,0,0.012689504
1.0,1,0.6784816
1.0,1,0.9765778
1.0,1,0.8112491
1.0,1,0.74099106
0.0,0,0.02586472
1.0,1,0.4265954
1.0,1,0.9197374
1.0,1,0.95523965
0.0,0,0.00459832
0.0,0,0.031369604
0.0,0,0.0069452776
0.0,0,0.00855837
1.0,1,0.56564915
1.0,1,0.66399676
0.0,0,0.011957526
1.0,1,0.94249964
0.0,0,0.0040694866
1.0,1,0.87021095
1.0,0,0.17780873
1.0,1,0.5127673
1.0,0,0.06816549
1.0,1,0.5491316
0.0,0,0.018243244
1.0,1,0.76804936
0.0,0,0.12125011
1.0,1,0.9621095
0.0,0,0.008143559
0.0,0,0.016390419
0.0,0,0.0411129
0.0,1,0.9679746
1.0,1,0.49847716
0.0,0,0.14518934
1.0,1,0.76930314
1.0,1,0.9444376
0.0,0,0.0013866402
0.0,0,0.009758823
0.0,0,0.015804723
1.0,1,0.9718677
1.0,1,0.78727055
1.0,1,0.9544975
0.0,0,0.0056716725
0.0,1,0.9546574
0.0,0,0.054221224
0.0,0,0.012747468
1.0,1,0.8690901
0.0,0,0.11633881
0.0,0,0.06121962
0.0,0,0.07211417
1.0,1,0.31458816
1.0,1,0.5531264
1.0,1,0.9260503
0.0,0,0.040697675
1.0,1,0.8595752
0.0,0,0.023557164
0.0,0,0.023269758
0.0,0,0.0051795216
0.0,0,0.23074162
1.0,1,0.39292118
0.0,0,0.008623786
0.0,1,0.5044824
0.0,0,0.04671676
1.0,1,0.82170665
0.0,0,0.0050561116
0.0,0,0.011181791
0.0,0,0.03419978
0.0,0,0.011459633
1.0,1,0.38141644
1.0,1,0.9238391
1.0,1,0.9441321
1.0,1,0.94620204
0.0,0,0.004344555
0.0,1,0.35923472
1.0,1,0.96151894
0.0,0,0.1495243
0.0,1,0.3569144
1.0,1,0.7208797
1.0,1,0.31720105
1.0,1,0.8779217
0.0,0,0.13176982
1.0,1,0.978388
1.0,1,0.9725573
1.0,1,0.63036567
0.0,0,0.0012957269
0.0,0,0.079047546
0.0,0,0.123899736
0.0,0,0.0092033595
0.0,1,0.35014343
0.0,0,0.004223466
0.0,0,0.0017974518
1.0,1,0.5370186
1.0,1,0.9794572
1.0,0,0.24741314
0.0,0,0.02153235
0.0,0,0.07022355
0.0,0,0.0053734295
0.0,0,0.048512362
0.0,0,0.027916325
0.0,0,0.003314835
0.0,0,0.23618805
0.0,1,0.8416285
1.0,1,0.7291641
1.0,1,0.4123029
1.0,0,0.08183502
0.0,0,0.0709121
0.0,0,0.14518589
1.0,1,0.8901179
1.0,1,0.8330805
0.0,0,0.08195852
0.0,1,0.52289426
0.0,0,0.21075144
0.0,0,0.028712476
0.0,0,0.07972915
0.0,0,0.01241023
0.0,0,0.015978994
0.0,0,0.025257718
1.0,0,0.11721456
0.0,0,0.034780186
0.0,0,0.02767159
0.0,0,0.036142256
0.0,0,0.011360554
1.0,1,0.73251474
0.0,0,0.14655094
0.0,0,0.010897242
0.0,0,0.000714057
0.0,0,0.019269044
1.0,1,0.9766333
0.0,0,0.0031809546
1.0,1,0.33640572
1.0,1,0.49627763
0.0,0,0.041819572
1.0,1,0.9005334
0.0,0,0.058509823
1.0,1,0.94737214
0.0,0,0.24098311
0.0,0,0.0031993478
1.0,1,0.96123594
1.0,1,0.9377253
0.0,0,0.21831284
0.0,0,0.020226495
1.0,1,0.33565772
1.0,1,0.5913099
1.0,0,0.15661538
0.0,0,0.028636483
1.0,1,0.9498132
0.0,0,0.07831021
0.0,0,0.25498176
0.0,0,0.042527247
1.0,1,0.85626835
0.0,1,0.3775249
1.0,1,0.9178261
1.0,1,0.95568323
1.0,1,0.59909046
0.0,0,0.0033615476
1.0,1,0.9234066
0.0,0,0.0095458375
0.0,0,0.019006152
1.0,1,0.8816775
0.0,0,0.009142845
0.0,0,0.05669024
0.0,0,0.09563713
1.0,1,0.55366564
1.0,1,0.7200689
1.0,1,0.89255196
0.0,0,0.11238368
1.0,1,0.48543227
0.0,0,0.04789733
0.0,0,0.0059038615
1.0,1,0.929672
0.0,1,0.53955585
1.0,1,0.9389296
0.0,0,0.009497727
1.0,1,0.953508
0.0,0,0.0285764
1.0,1,0.41799888
1.0,1,0.8429969
1.0,1,0.699529
0.0,0,0.14780968
1.0,1,0.9675855
0.0,0,0.007559491
1.0,1,0.87205464
0.0,0,0.0039900374
0.0,0,0.08332046
0.0,0,0.02784947
1.0,1,0.973492
0.0,0,0.027587686
0.0,0,0.040928654
1.0,1,0.98051256
0.0,0,0.015324909
0.0,0,0.0037053532
0.0,1,0.75677013
0.0,0,0.006014582
0.0,0,0.007131662
1.0,1,0.8920494
0.0,0,0.019503156
1.0,1,0.97185266
0.0,1,0.5328981
0.0,0,0.00814871
1.0,1,0.98179436
1.0,1,0.934326
1.0,1,0.89078623
1.0,1,0.79052615
1.0,1,0.96345
1.0,1,0.92410934
1.0,1,0.6858589
1.0,1,0.96923876
0.0,0,0.009132962
0.0,0,0.17857766
1.0,1,0.4312025
0.0,0,0.030518202
1.0,1,0.7313807
1.0,1,0.8881756
0.0,0,0.017507497
1.0,1,0.73949814
1.0,1,0.98618555
1.0,1,0.9716115
1.0,1,0.92218494
0.0,0,0.03693338
0.0,0,0.09877966
1.0,1,0.7751769
0.0,0,0.01916766
1.0,1,0.39950034
0.0,0,0.005949575
0.0,0,0.08372887
1.0,1,0.96693
1.0,1,0.97587454
1.0,1,0.76841944
1.0,1,0.9634564
1.0,1,0.84871143
0.0,0,0.068315074
0.0,0,0.022764143
0.0,0,0.0054725534
0.0,0,0.0011841469
0.0,0,0.19683678
0.0,0,0.011999371
0.0,0,0.010142369
0.0,0,0.2376968
1.0,0,0.033641044
0.0,0,0.11924682
1.0,1,0.44093597
0.0,0,0.004342268
0.0,0,0.11913532
0.0,0,0.09159967
0.0,0,0.028510101
0.0,0,0.012586839
1.0,1,0.6502464
1.0,1,0.54023707
1.0,1,0.83245957
1.0,1,0.7416351
1.0,1,0.6372509
1.0,0,0.2069435
0.0,0,0.074893385
1.0,1,0.7766947
1.0,1,0.6631088
1.0,1,0.54461133
1.0,1,0.969342
1.0,1,0.95748603
1.0,0,0.26993307
0.0,1,0.9825264
1.0,1,0.98305154
1.0,1,0.9737018
0.0,0,0.13812561
0.0,0,0.06382591
0.0,1,0.6361288
0.0,0,0.0027965768
1.0,0,0.057748877
0.0,0,0.18980147
1.0,1,0.9824228
1.0,1,0.98040897
0.0,0,0.039291043
0.0,0,0.1927492
0.0,0,0.037291393
1.0,0,0.054343384
0.0,0,0.09578603
0.0,0,0.12555712
1.0,1,0.96527636
1.0,1,0.40214807
0.0,1,0.48321056
1.0,1,0.86177903
1.0,1,0.8089024
0.0,0,0.022015119
0.0,0,0.005915201
0.0,0,0.062668756
0.0,0,0.02831839
0.0,0,0.028160535
1.0,1,0.8498571
1.0,1,0.9822929
1.0,1,0.5279888
1.0,1,0.6244036
0.0,0,0.040586386
1.0,1,0.8949999
1.0,1,0.96066856
1.0,1,0.8413365
0.0,0,0.005267362
1.0,1,0.5294125
1.0,1,0.9504566
1.0,1,0.8749041
1.0,1,0.9719453
0.0,0,0.23423569
1.0,1,0.8395488
1.0,1,0.9856698
0.0,1,0.96044403
0.0,0,0.14890075
1.0,0,0.20899883
0.0,0,0.037003007
0.0,0,0.029159706
0.0,0,0.10799473
0.0,0,0.008609754
1.0,1,0.9795995
0.0,0,0.009164126
1.0,0,0.20597294
0.0,0,0.009811657
0.0,0,0.018582396
0.0,1,0.4349441
0.0,1,0.6655164
1.0,1,0.66513294
1.0,1,0.92511284
1.0,1,0.965476
1.0,1,0.9799145
0.0,0,0.031096166
1.0,1,0.97446835
0.0,0,0.017608728
1.0,1,0.4241175
1.0,1,0.96405953
1.0,1,0.5256109
1.0,1,0.8906512
1.0,1,0.41652754
0.0,0,0.019090163
1.0,1,0.39045015
1.0,1,0.3153209
0.0,0,0.026256708
1.0,1,0.98302823
1.0,1,0.97391874
1.0,1,0.9857389
1.0,1,0.9593475
1.0,1,0.58933187
0.0,0,0.038269747
0.0,0,0.14414874
0.0,0,0.08437298
0.0,0,0.0038490985
1.0,1,0.9210727
0.0,0,0.034429215
0.0,0,0.0013210753
0.0,0,0.03629004
0.0,0,0.018474292
1.0,1,0.7680624
1.0,1,0.4907475
1.0,1,0.79107106
0.0,0,0.018295413
1.0,1,0.97494054
0.0,0,0.0030208132
1.0,1,0.98461366
0.0,1,0.40699223
1.0,1,0.6751302
0.0,1,0.32209954
0.0,0,0.03091338
0.0,0,0.017181136
0.0,0,0.0025121197
0.0,0,0.14561798
0.0,0,0.01307466
0.0,0,0.047835067
0.0,0,0.057090595
0.0,0,0.016373577
1.0,0,0.029796856
1.0,1,0.9415474
0.0,0,0.006487378
1.0,1,0.58595365
0.0,0,0.04329815
0.0,0,0.08100798
0.0,0,0.034406647
0.0,0,0.0037419365
1.0,1,0.96358687
1.0,1,0.89434946
1.0,0,0.08608609
0.0,0,0.04762495
0.0,0,0.25162882
1.0,1,0.9816838
1.0,1,0.49968627
1.0,1,0.5902867
0.0,0,0.028980583
0.0,0,0.0016681235
1.0,1,0.9013033
1.0,1,0.9429641
0.0,0,0.09880122
0.0,0,0.0731975
1.0,1,0.97152317
0.0,0,0.011902958
0.0,0,0.037020314
1.0,1,0.5961436
0.0,0,0.14643443
0.0,0,0.05641624
0.0,0,0.03627285
1.0,1,0.9719857
1.0,1,0.9707138
0.0,0,0.03585872
1.0,1,0.9326129
0.0,0,0.045391485
0.0,0,0.031333316
0.0,0,0.06755751
1.0,1,0.5273136
1.0,1,0.84973955
0.0,0,0.016467765
1.0,1,0.9691627
0.0,0,0.008213767
0.0,0,0.0011903294
0.0,0,0.046927404
1.0,1,0.9663214
0.0,0,0.035310935
0.0,1,0.31723556
1.0,1,0.98378456
0.0,0,0.1307674
1.0,1,0.71643597
0.0,0,0.00079859863
0.0,0,0.009968256
1.0,1,0.72738135
0.0,0,0.019958666
0.0,0,0.008559095
0.0,1,0.36045802
1.0,1,0.9580738
1.0,1,0.5637017
1.0,1,0.9316888
1.0,1,0.8261367
1.0,1,0.32123834
1.0,1,0.7768387
1.0,1,0.76896685
0.0,0,0.043279823
1.0,1,0.9276617
1.0,1,0.62204456
1.0,1,0.9721026
1.0,1,0.9861272
1.0,1,0.8574358
0.0,0,0.010924717
1.0,1,0.9011719
0.0,0,0.007960646
1.0,1,0.80682015
0.0,1,0.55834484
0.0,0,0.021257674
0.0,1,0.5779687
0.0,0,0.01856213
0.0,0,0.08182109
1.0,1,0.9045723
1.0,1,0.8939424
0.0,0,0.049267642
1.0,1,0.98074025
0.0,0,0.0031036588
0.0,1,0.29861355
1.0,1,0.9439148
0.0,0,0.003001422
0.0,0,0.014251556
1.0,1,0.9718343
0.0,0,0.014189238
0.0,0,0.00030665533
1.0,1,0.62879
0.0,0,0.053037867
1.0,1,0.9277328
1.0,1,0.9411287
0.0,0,0.11656207
0.0,1,0.28463572
0.0,1,0.50512934
1.0,1,0.7435579
0.0,1,0.31405923
0.0,0,0.0045367237
1.0,1,0.46693093
1.0,1,0.9805229
0.0,0,0.035249017
0.0,0,0.20976251
1.0,1,0.9747651
1.0,1,0.98163474
0.0,0,0.016332494
1.0,0,0.19249953
1.0,1,0.9634467
0.0,0,0.00044916852
0.0,0,0.047189966
0.0,0,0.20349203
1.0,1,0.92714703
0.0,0,0.18246835
0.0,0,0.14029546
1.0,1,0.88987035
1.0,1,0.27692032
1.0,1,0.7859937
0.0,0,0.2526556
0.0,0,0.008311536
0.0,0,0.021553647
0.0,0,0.020457683
1.0,1,0.9865038
1.0,1,0.6347381
1.0,1,0.96020955
0.0,0,0.09485586
0.0,1,0.8272783
0.0,0,0.03521992
1.0,1,0.8748566
0.0,0,0.016468715
1.0,0,0.26114324
1.0,1,0.93415976
0.0,0,0.0018111599
1.0,0,0.053294394
0.0,0,0.043574076
0.0,0,0.0075334636
1.0,1,0.91984165
1.0,1,0.91236097
1.0,1,0.6550562
0.0,0,0.017193854
1.0,1,0.9747323
0.0,1,0.95462984
1.0,1,0.9126353
1.0,1,0.72393036
0.0,1,0.59574986
1.0,1,0.5158744
1.0,1,0.9541811
0.0,0,0.02176049
1.0,1,0.8191879
0.0,0,0.08064411
1.0,1,0.94463813
1.0,1,0.9849444
0.0,0,0.04714596
1.0,1,0.9674949
0.0,0,0.05489486
0.0,0,0.0072412603
0.0,0,0.062274788
1.0,0,0.10543637
0.0,0,0.027741008
1.0,1,0.9589885
0.0,0,0.006413039
1.0,1,0.3416374
1.0,1,0.9715908
1.0,1,0.8096111
1.0,1,0.96563834
1.0,1,0.9771322
0.0,0,0.04887475
0.0,0,0.0071786083
1.0,1,0.6770096
0.0,1,0.3382472
0.0,0,0.0018146815
0.0,0,0.02906828
1.0,0,0.008206098
0.0,0,0.019929834
1.0,1,0.6064086
0.0,0,0.005220233
0.0,0,0.0009170723
0.0,0,0.004789024
0.0,0,0.015954921
0.0,0,0.19674863
0.0,0,0.02082476
1.0,1,0.82865727
0.0,0,0.14366652
1.0,1,0.9181583
1.0,1,0.9799349
1.0,1,0.29244256
1.0,1,0.94516885
0.0,0,0.08440754
0.0,0,0.019478425
0.0,0,0.026915008
0.0,1,0.29986715
0.0,0,0.048923064
0.0,0,0.014220948
0.0,0,0.01395785
1.0,1,0.6628576
0.0,0,0.010844351
1.0,0,0.23077074
1.0,1,0.95450103
0.0,0,0.004475774
1.0,1,0.9397975
0.0,0,0.104440615
0.0,0,0.07781398
1.0,1,0.72725075
1.0,1,0.66663086
1.0,1,0.9106676
0.0,0,0.122222155
0.0,0,0.04555256
0.0,0,0.23894021
0.0,0,0.038530353
0.0,0,0.009351886
0.0,0,0.0816647
0.0,0,0.115782626
0.0,0,0.031758122
0.0,0,0.075561196
0.0,0,0.013922384
1.0,1,0.9430968
0.0,0,0.019600103
1.0,0,0.16881397
1.0,1,0.92612594
0.0,0,0.2625701
1.0,1,0.97060734
0.0,0,0.06707196
1.0,1,0.9853457
0.0,0,0.08421195
1.0,1,0.9559632
1.0,1,0.9302999
0.0,0,0.045058757
1.0,1,0.9781313
1.0,1,0.8306948
0.0,0,0.0103039
1.0,1,0.9192724
1.0,1,0.9757417
1.0,1,0.7753688
0.0,1,0.8384406
0.0,0,0.1643002
0.0,0,0.010235184
1.0,1,0.37253118
1.0,1,0.6142825
1.0,1,0.9751216
0.0,1,0.33802953
0.0,0,0.0043515777
1.0,0,0.16687986
0.0,0,0.032978233
1.0,1,0.6524307
1.0,1,0.90336573
1.0,1,0.97259253
1.0,1,0.5852965
0.0,0,0.041628286
1.0,1,0.8947851
1.0,1,0.49350134
0.0,1,0.37485245
0.0,0,0.00047557752
1.0,1,0.9551278
0.0,0,0.0025743372
1.0,1,0.881822
1.0,1,0.98741084
0.0,0,0.0066830427
0.0,0,0.010314233
0.0,0,0.060852762
0.0,0,0.028896539
0.0,0,0.052930906
0.0,1,0.35587737
1.0,1,0.2820744
0.0,1,0.84060585
0.0,0,0.081109665
0.0,0,0.00096804474
1.0,1,0.9758706
0.0,0,0.015909638
1.0,1,0.9699244
0.0,0,0.024379019
0.0,0,0.045539
1.0,1,0.96557707
1.0,1,0.44324723
0.0,0,0.03698157
0.0,0,0.100346506
0.0,0,0.026000516
0.0,0,0.009772869
1.0,1,0.6290304
1.0,1,0.92761207
0.0,0,0.120967396
0.0,0,0.009285017
1.0,0,0.24729905
0.0,0,0.034083206
0.0,0,0.039004616
1.0,1,0.9872357
1.0,1,0.7616896
0.0,0,0.0037709468
0.0,0,0.026842374
0.0,0,0.13826366
0.0,0,0.039940927
0.0,0,0.030743996
0.0,0,0.0025909117
0.0,0,0.05254723
1.0,1,0.75061166
0.0,1,0.42173845
1.0,1,0.9345519
0.0,0,0.023784198
1.0,1,0.7935315
0.0,0,0.00998408
0.0,0,0.1688471
1.0,1,0.9592754
1.0,1,0.8085239
1.0,1,0.7121879
1.0,0,0.25735867
0.0,0,0.106037796
1.0,1,0.8081599
0.0,0,0.018897926
0.0,0,0.01037035
0.0,0,0.017086102
0.0,0,0.030392224
0.0,0,0.129625
1.0,1,0.95518005
0.0,0,0.026737876
1.0,1,0.74302846
1.0,1,0.51463735
0.0,0,0.07767423
1.0,1,0.8556254
0.0,0,0.008776964
0.0,0,0.002075639
0.0,0,0.012766889
1.0,1,0.9177882
1.0,1,0.46174073
1.0,1,0.9830426
0.0,0,0.027925247
0.0,0,0.014815111
1.0,1,0.98013306
0.0,1,0.37933007
0.0,0,0.016878
0.0,0,0.0088076815
0.0,0,0.24242656
1.0,1,0.8769746
0.0,1,0.70576525
1.0,1,0.87836945
0.0,0,0.037966058
1.0,1,0.98600847
1.0,1,0.893152
1.0,1,0.8556551
1.0,1,0.9771309
0.0,0,0.019781504
1.0,1,0.7661421
0.0,0,0.022534065
0.0,0,0.108045585
0.0,1,0.6484133
0.0,0,0.0073708654
0.0,0,0.011099061
1.0,1,0.6980364
0.0,0,0.028005475
0.0,0,0.14461507
1.0,1,0.49246785
0.0,0,0.019447807
1.0,1,0.8326603
1.0,1,0.95263386
1.0,1,0.3272695
0.0,0,0.010918876
0.0,0,0.025302963
0.0,0,0.0026014159
1.0,1,0.85632443
0.0,0,0.17489922
1.0,1,0.8762495
1.0,1,0.9367769
1.0,1,0.9819056
1.0,1,0.7313517
0.0,0,0.0041265073
0.0,0,0.11496287
1.0,1,0.98354757
0.0,0,0.013344345
1.0,1,0.9238462
0.0,0,0.036573965
1.0,1,0.9712446
1.0,1,0.9694571
0.0,0,0.03905794
0.0,0,0.008384524
1.0,1,0.97203153
1.0,1,0.9382271
0.0,0,0.014240031
0.0,0,0.023883477
1.0,1,0.96513265
1.0,1,0.81114805
1.0,1,0.83908117
0.0,1,0.65007585
0.0,0,0.0058738394
1.0,1,0.749586
1.0,1,0.9595486
1.0,1,0.9780588
1.0,1,0.971267
1.0,1,0.8430732
0.0,0,0.11248668
0.0,1,0.71103656
1.0,1,0.91816336
0.0,0,0.007673086
0.0,0,0.05275725
1.0,1,0.982085
1.0,1,0.97070277
0.0,0,0.04052609
1.0,1,0.9269103
0.0,0,0.02808879
0.0,0,0.006011432
0.0,0,0.016366722
0.0,0,0.0027206684
1.0,1,0.90598
1.0,1,0.9519782
1.0,1,0.33587253
0.0,1,0.3345411
0.0,0,0.25506365
0.0,1,0.3309118
1.0,1,0.9739544
0.0,0,0.07951486
0.0,0,0.013981252
0.0,0,0.014844398
1.0,1,0.95022607
0.0,0,0.02307447
0.0,0,0.0073267003
1.0,1,0.6949538
1.0,1,0.73375154
0.0,1,0.75750303
0.0,0,0.02488406
1.0,1,0.9756753
1.0,1,0.9678042
1.0,1,0.9386666
1.0,1,0.9828811
0.0,0,0.006157686
0.0,0,0.013260192
1.0,1,0.47849497
1.0,0,0.21802151
0.0,1,0.34845918
1.0,1,0.6055372
0.0,0,0.05155597
0.0,0,0.015778147
1.0,1,0.5626384
1.0,1,0.94915897
1.0,1,0.98141974
0.0,0,0.003263727
1.0,1,0.90328586
0.0,0,0.011721633
1.0,1,0.83771664
0.0,0,0.0036985239
0.0,0,0.022383766
0.0,0,0.011033766
0.0,0,0.016383672
1.0,1,0.48797032
1.0,1,0.99017453
1.0,1,0.62590665
1.0,0,0.08308625
0.0,0,0.008289135
0.0,0,0.019515974
1.0,1,0.630071
1.0,1,0.97816473
1.0,1,0.7474557
1.0,1,0.82001865
1.0,1,0.89716494
1.0,1,0.9855051
0.0,0,0.049058706
1.0,1,0.6312889
0.0,1,0.29544863
0.0,0,0.13939705
0.0,1,0.3136135
0.0,0,0.041102752
1.0,1,0.457386
1.0,1,0.85536814
1.0,1,0.9528092
1.0,1,0.85390353
1.0,1,0.9299993
0.0,0,0.0025953134
1.0,1,0.97029346
1.0,1,0.59501433
0.0,0,0.009818158
1.0,1,0.44853348
1.0,1,0.64007354
0.0,1,0.39080968
0.0,0,0.040638518
1.0,1,0.85581934
1.0,1,0.7577012
1.0,1,0.7406688
0.0,0,0.033192016
1.0,1,0.9200945
0.0,1,0.46771437
1.0,1,0.8241248
0.0,0,0.0054964297
0.0,0,0.029131668
0.0,0,0.014225093
1.0,1,0.9456386
0.0,1,0.29181042
1.0,1,0.8082053
0.0,0,0.0075889044
1.0,1,0.80575025
1.0,1,0.91117406
1.0,1,0.98083323
0.0,0,0.026967619
1.0,1,0.9854275
0.0,0,0.025987338
1.0,1,0.82868147
0.0,0,0.0052761114
0.0,1,0.7548775
1.0,1,0.5904342
1.0,1,0.9870796
1.0,1,0.4087452
0.0,0,0.006021738
1.0,1,0.9357
0.0,0,0.0025002277
1.0,1,0.97156817
0.0,0,0.016727839
1.0,1,0.5363669
0.0,0,0.037387405
1.0,1,0.98843646
1.0,1,0.9820814
0.0,0,0.0133433025
1.0,1,0.9544391
0.0,0,0.10023763
1.0,1,0.55874336
0.0,0,0.009326731
0.0,0,0.13705544
0.0,1,0.66218925
0.0,0,0.039213035
1.0,1,0.984583
1.0,1,0.92587256
0.0,0,0.0330721
1.0,1,0.9724816
1.0,1,0.69477856
1.0,1,0.9222731
1.0,1,0.9311414
1.0,1,0.97167724
0.0,0,0.046025537
1.0,1,0.98049915
1.0,1,0.76856625
0.0,0,0.03856659
0.0,0,0.0066729654
0.0,0,0.0100668855
1.0,1,0.9292107
0.0,0,0.0037212507
0.0,1,0.332003
1.0,1,0.43316162
0.0,0,0.0076473104
0.0,0,0.0015382263
1.0,1,0.9036662
0.0,0,0.101092175
1.0,1,0.98037523
1.0,1,0.46775517
0.0,0,0.07826016
0.0,0,0.0077930326
0.0,1,0.3765991
1.0,1,0.93086004
1.0,1,0.5322722
1.0,1,0.617808
0.0,0,0.028502868
1.0,1,0.70792425
1.0,1,0.9505394
0.0,0,0.014144293
0.0,0,0.009322806
1.0,1,0.9699931
1.0,1,0.97423655
1.0,1,0.93644416
0.0,0,0.014442335
1.0,1,0.9836676
0.0,0,0.015061349
0.0,0,0.06857796
0.0,0,0.02034572
0.0,0,0.13337365
1.0,0,0.2261878
1.0,1,0.41845274
0.0,0,0.008257794
0.0,0,0.000978103
0.0,0,0.0049778935
0.0,0,0.009452701
1.0,1,0.90593904
1.0,1,0.85839635
0.0,0,0.03678182
1.0,1,0.96208894
0.0,0,0.005373203
0.0,0,0.014301871
0.0,0,0.032146957
0.0,0,0.02667601
1.0,1,0.94812626
1.0,1,0.8712358
0.0,0,0.15742424
0.0,0,0.060673006
0.0,0,0.02949201
1.0,1,0.8038975
1.0,1,0.9547788
1.0,1,0.9327435
0.0,0,0.02150048
0.0,0,0.052348047
1.0,1,0.8471432
1.0,1,0.9729667
0.0,0,0.008856767
1.0,0,0.18942085
1.0,1,0.82620096
1.0,1,0.5752568
0.0,0,0.01489431
0.0,0,0.024378344
0.0,0,0.023668796
0.0,0,0.049786918
1.0,1,0.8948318
1.0,1,0.5831653
0.0,0,0.03187585
0.0,0,0.11288921
1.0,1,0.98023367
0.0,0,0.011934147
0.0,0,0.05958259
0.0,0,0.014460642
1.0,1,0.47324237
1.0,1,0.6898124
0.0,0,0.02524271
1.0,1,0.95581084
0.0,0,0.02384915
1.0,1,0.72193325
1.0,1,0.6485237
1.0,1,0.9838518
1.0,1,0.44141936
0.0,0,0.2275172
1.0,1,0.9011314
0.0,1,0.6047784
0.0,0,0.0037912526
0.0,0,0.058520958
1.0,1,0.97215027
1.0,1,0.94371384
0.0,0,0.028472258
0.0,1,0.3904834
1.0,1,0.97149575
1.0,1,0.9256968
0.0,0,0.02987701
1.0,1,0.7713214
1.0,1,0.9382376
1.0,1,0.61622584
0.0,0,0.0017512783
1.0,1,0.92101824
1.0,1,0.95180017
0.0,0,0.0074171904
0.0,0,0.0025540837
1.0,1,0.41698158
0.0,0,0.017566724
1.0,1,0.92047036
1.0,1,0.7509557
0.0,0,0.032348875
0.0,0,0.026287086
0.0,0,0.009616962
1.0,1,0.69659364
0.0,0,0.036310114
1.0,1,0.6054951
0.0,0,0.18636173
1.0,1,0.9114033
1.0,1,0.9793872
1.0,1,0.9276772
1.0,1,0.601825
0.0,1,0.57006145
1.0,1,0.9734534
0.0,0,0.2665459
0.0,0,0.01691921
0.0,1,0.73940814
0.0,0,0.113079645
1.0,1,0.9760834
1.0,1,0.64210784
1.0,1,0.9671469
1.0,1,0.911996
1.0,1,0.8310098
1.0,1,0.7818347
0.0,0,0.0036749125
1.0,1,0.8687413
0.0,0,0.03287393
0.0,0,0.014067119
1.0,1,0.94693136
1.0,1,0.9823337
1.0,1,0.95375454
1.0,1,0.8397261
1.0,1,0.890746
1.0,1,0.9575695
0.0,0,0.007164749
0.0,0,0.07415902
0.0,0,0.026516814
0.0,0,0.017779864
0.0,0,0.08043995
1.0,1,0.38632882
0.0,0,0.19724251
1.0,1,0.9774761
0.0,0,0.015221924
0.0,0,0.015828833
1.0,1,0.97973
1.0,1,0.9841263
0.0,0,0.03128235
0.0,0,0.025020849
0.0,0,0.1940486
1.0,0,0.16645856
0.0,0,0.017328642
1.0,1,0.8784369
0.0,1,0.64032936
0.0,0,0.0045132
1.0,0,0.12758812
0.0,0,0.18845397
1.0,1,0.9728725
0.0,0,0.031117052
0.0,1,0.66635513
1.0,1,0.92649865
1.0,1,0.9722656
0.0,0,0.0068276334
1.0,1,0.6461318
1.0,1,0.96374816
1.0,1,0.813719
1.0,1,0.31418824
0.0,0,0.0052297525
1.0,1,0.95714074
1.0,1,0.9745185
0.0,0,0.24879353
1.0,1,0.5448226
1.0,1,0.5518477
0.0,0,0.02538977
0.0,1,0.32840803
1.0,1,0.9805332
0.0,0,0.050078053
0.0,0,0.0135688735
0.0,1,0.341746
0.0,0,0.0049779313
0.0,0,0.05167997
0.0,0,0.018373819
0.0,0,0.1041155
1.0,1,0.9650292
0.0,0,0.019799555
1.0,0,0.08758599
1.0,1,0.9848959
0.0,0,0.031498864
1.0,1,0.8173027
0.0,0,0.012216071
0.0,0,0.07290886
1.0,1,0.9889081
1.0,1,0.9148752
0.0,0,0.039637126
1.0,1,0.9791783
0.0,0,0.09373712
1.0,1,0.9799105
0.0,0,0.1013995
1.0,1,0.7801082
1.0,1,0.9570583
1.0,1,0.7783667
1.0,1,0.94317997
0.0,0,0.03194809
0.0,0,0.019264836
0.0,0,0.010243662
0.0,0,0.0063951104
0.0,0,0.00877627
1.0,1,0.60438645
1.0,1,0.9797619
0.0,0,0.17950575
0.0,0,0.12699348
0.0,0,0.06794326
1.0,1,0.8867593
1.0,1,0.6780188
0.0,0,0.056993607
0.0,1,0.7936418
1.0,1,0.7701125
0.0,0,0.013884151
0.0,0,0.02833527
0.0,0,0.022293748
1.0,0,0.21942592
0.0,0,0.015028938
0.0,0,0.04385822
0.0,0,0.013663241
1.0,1,0.91926944
0.0,0,0.018811235
1.0,1,0.36671677
1.0,1,0.9285479
1.0,1,0.9846594
1.0,0,0.23967385
0.0,0,0.044176154
1.0,1,0.8643956
1.0,1,0.8245152
0.0,1,0.8167882
0.0,1,0.28916928
0.0,0,0.010684853
1.0,1,0.40212524
1.0,1,0.93126124
1.0,1,0.95190924
1.0,1,0.9782776
1.0,1,0.86343884
0.0,0,0.024887303
0.0,0,0.05225321
1.0,1,0.91273993
1.0,1,0.97635126
0.0,0,0.004251892
1.0,1,0.9792825
0.0,0,0.05458028
1.0,1,0.84230286
1.0,1,0.9544437
0.0,0,0.071441315
0.0,0,0.10433088
0.0,0,0.03767013
1.0,1,0.407067
1.0,1,0.9604429
0.0,0,0.022576999
1.0,1,0.9299496
1.0,1,0.9454895
0.0,0,0.0133320885
1.0,0,0.12055026
0.0,0,0.021256244
0.0,0,0.17163056
0.0,0,0.03274196
0.0,0,0.013177975
1.0,1,0.9866274
1.0,1,0.31612378
0.0,0,0.047122907
1.0,1,0.9452808
0.0,0,0.024730353
1.0,1,0.972441
1.0,1,0.84008557
1.0,1,0.9533863
1.0,1,0.8698862
0.0,0,0.04005709
1.0,1,0.753201
0.0,0,0.18005215
1.0,1,0.9655774
1.0,1,0.43540406
0.0,1,0.6359216
1.0,1,0.98165035
1.0,1,0.76768684
0.0,0,0.017771265
1.0,1,0.9718325
1.0,1,0.97442025
0.0,0,0.007487037
1.0,1,0.9412332
1.0,1,0.9772721
0.0,0,0.05987746
1.0,1,0.7755466
0.0,0,0.028471367
1.0,1,0.9322626
1.0,1,0.9416396
1.0,1,0.83315504
1.0,1,0.7392018
1.0,1,0.65455055
1.0,1,0.9452282
1.0,1,0.72726744
1.0,1,0.9720199
1.0,1,0.93685764
0.0,0,0.060985625
0.0,0,0.028948903
0.0,0,0.029888192
0.0,0,0.099842235
0.0,0,0.05479244
1.0,1,0.8502381
0.0,0,0.028809298
0.0,0,0.19626284
1.0,1,0.88331574
1.0,1,0.92003095
1.0,1,0.85485107
1.0,0,0.057835575
1.0,1,0.98489916
0.0,0,0.118775435
0.0,0,0.15988392
1.0,1,0.646322
0.0,0,0.0014835884
1.0,1,0.8120889
1.0,1,0.923437
0.0,0,0.24777418
1.0,1,0.91094935
0.0,0,0.018912574
0.0,0,0.025220564
1.0,1,0.34722686
1.0,1,0.9620869
1.0,1,0.6919395
0.0,0,0.01785117
1.0,0,0.19279434
1.0,1,0.60843384
0.0,0,0.007194061
0.0,0,0.0016759605
0.0,0,0.014917333
1.0,1,0.983062
1.0,1,0.9796752
0.0,0,0.08594855
0.0,0,0.014682233
1.0,1,0.5329692
0.0,0,0.03469499
1.0,1,0.30027625
0.0,0,0.008292496
0.0,0,0.076045
1.0,1,0.98578507
1.0,1,0.9091705
0.0,0,0.031179879
0.0,1,0.3653078
0.0,0,0.036038883
1.0,1,0.6065508
0.0,0,0.02574217
0.0,0,0.025144564
1.0,1,0.9329059
1.0,1,0.8143395
1.0,1,0.85267913
0.0,0,0.03195851
0.0,0,0.08702135
0.0,0,0.052984748
1.0,1,0.533007
1.0,1,0.9791856
0.0,0,0.22908475
0.0,0,0.14171912
1.0,1,0.5294417
0.0,0,0.02486596
0.0,0,0.1979982
1.0,1,0.8124405
0.0,0,0.17725377
1.0,1,0.7667362
0.0,0,0.08887176
0.0,0,0.10272733
1.0,1,0.98339844
0.0,0,0.035887133
0.0,1,0.57852805
0.0,0,0.009423675
0.0,0,0.17816855
0.0,0,0.012534777
1.0,1,0.98600304
1.0,1,0.957526
0.0,0,0.01648744
1.0,1,0.9187688
0.0,0,0.006636634
1.0,1,0.9826573
0.0,0,0.0026538258
1.0,1,0.42209765
0.0,0,0.022305952
1.0,1,0.8529459
1.0,1,0.7909076
1.0,1,0.4226448
1.0,1,0.6330029
0.0,0,0.031224513
1.0,1,0.96120363
1.0,1,0.8624264
1.0,1,0.89614356
1.0,1,0.9174265
0.0,1,0.43606523
1.0,1,0.9729344
0.0,0,0.01675668
1.0,1,0.96249425
1.0,1,0.97136
0.0,0,0.035457443
0.0,0,0.2486302
0.0,0,0.008870747
0.0,0,0.022961697
1.0,1,0.78211564
1.0,1,0.97877496
1.0,0,0.16658461
0.0,0,0.013958782
1.0,1,0.97626156
1.0,1,0.8910119
1.0,1,0.7484304
1.0,1,0.7680208
0.0,0,0.2329372
1.0,1,0.82409096
1.0,1,0.91192245
0.0,0,0.019420415
1.0,1,0.98774135
1.0,1,0.96511316
0.0,0,0.014794864
1.0,1,0.47386307
0.0,0,0.0030701128
0.0,0,0.009059355
1.0,1,0.9778734
1.0,1,0.98357284
1.0,1,0.6481495
0.0,0,0.042823065
1.0,1,0.89106107
1.0,1,0.7646816
0.0,0,0.03183694
1.0,1,0.89922035
1.0,1,0.9023055
0.0,0,0.04166454
0.0,0,0.025439039
0.0,0,0.023547824
1.0,1,0.98225266
1.0,1,0.87084675
1.0,1,0.44991243
1.0,1,0.6841463
0.0,0,0.005551091
0.0,0,0.019375565
1.0,1,0.5841546
0.0,0,0.1345895
0.0,0,0.0738594
1.0,0,0.21621108
1.0,1,0.82630396
1.0,1,0.98453
1.0,1,0.56272733
0.0,0,0.03666308
1.0,1,0.9781339
1.0,1,0.790646
1.0,1,0.91871184
1.0,1,0.84877795
0.0,0,0.005287491
0.0,0,0.02922129
1.0,1,0.73347765
1.0,1,0.43834513
0.0,0,0.016521217
0.0,0,0.1169911
0.0,0,0.06569096
0.0,1,0.28987652
1.0,0,0.057797484
1.0,1,0.8377155
0.0,0,0.006106551
0.0,1,0.30485347
0.0,0,0.008251742
0.0,0,0.006771485
1.0,1,0.30752125
0.0,0,0.051170893
0.0,0,0.057171915
0.0,0,0.03915059
1.0,1,0.93181825
0.0,0,0.025677808
1.0,1,0.7821765
1.0,1,0.8061112
1.0,1,0.9393719
1.0,1,0.771869
0.0,0,0.20503587
1.0,1,0.97417057
0.0,1,0.32707465
0.0,0,0.07219156
0.0,0,0.029908849
1.0,1,0.6877197
1.0,1,0.9746054
1.0,1,0.9538321
1.0,1,0.95640385
0.0,1,0.6646197
1.0,1,0.96370316
1.0,1,0.712327
1.0,1,0.45764968
0.0,0,0.042343408
1.0,1,0.88778824
0.0,0,0.0037678687
0.0,0,0.011963376
0.0,0,0.047647726
1.0,1,0.97619426
1.0,1,0.7415134
0.0,0,0.23737304
0.0,0,0.022209445
1.0,1,0.9641715
1.0,1,0.96530485
0.0,0,0.045495696
1.0,1,0.68866795
0.0,0,0.010954264
0.0,0,0.05994952
1.0,1,0.31401402
0.0,0,0.22872137
0.0,0,0.013327579
1.0,1,0.5478087
0.0,0,0.005326081
0.0,1,0.40472627
0.0,0,0.049350727
1.0,1,0.7406137
1.0,1,0.8951654
1.0,1,0.88100344
0.0,1,0.8632981
1.0,1,0.91788375
1.0,1,0.73510504
1.0,1,0.965901
1.0,1,0.80506796
0.0,1,0.38865277
1.0,1,0.9734171
0.0,0,0.059375204
0.0,0,0.012269986
0.0,0,0.017059479
0.0,0,0.017721318
0.0,0,0.027906444
1.0,1,0.8370453
0.0,0,0.026360411
1.0,1,0.8711322
0.0,0,0.0052322163
0.0,0,0.20034857
1.0,1,0.34366512
0.0,0,0.052238278
0.0,0,0.012727895
1.0,1,0.9784472
1.0,1,0.9816866
1.0,1,0.9876448
1.0,1,0.7488791
1.0,1,0.90137917
0.0,0,0.107541166
1.0,1,0.4600099
1.0,0,0.15929498
1.0,1,0.82811177
1.0,1,0.917698
0.0,0,0.2438268
1.0,1,0.5158814
1.0,1,0.5778632
1.0,1,0.6909364
1.0,1,0.68227875
0.0,0,0.00405012
0.0,0,0.009288176
1.0,1,0.81725395
0.0,0,0.022949118
1.0,0,0.19623351
1.0,1,0.98475033
1.0,1,0.9692328
1.0,1,0.39522225
1.0,1,0.9354953
0.0,0,0.051583815
0.0,0,0.013306621
0.0,0,0.010687711
1.0,1,0.870758
0.0,0,0.021683546
1.0,1,0.9807085
1.0,1,0.8940164
1.0,1,0.71559185
1.0,1,0.32266867
1.0,1,0.80828404
1.0,1,0.9350256
0.0,0,0.07211765
1.0,1,0.9202716
1.0,1,0.8555988
1.0,1,0.6641949
1.0,1,0.79522985
0.0,0,0.09399539
0.0,0,0.021190297
0.0,0,0.01832843
1.0,1,0.64142525
0.0,0,0.02262072
1.0,1,0.3126168
1.0,1,0.86815673
0.0,0,0.003019059
1.0,1,0.8760648
0.0,0,0.082008086
1.0,1,0.95157707
1.0,1,0.9072475
1.0,1,0.95259476
1.0,1,0.9816478
0.0,0,0.0033677404
0.0,0,0.036430266
0.0,0,0.0066935383
0.0,1,0.34209552
1.0,1,0.8676095
0.0,1,0.2905774
1.0,1,0.84332174
0.0,0,0.019978156
1.0,1,0.9765874
1.0,1,0.9085612
0.0,0,0.11851813
0.0,0,0.15209153
1.0,1,0.9132478
1.0,1,0.96679264
1.0,1,0.8665136
1.0,0,0.23234852
0.0,0,0.006464699
0.0,0,0.008678368
0.0,0,0.009715975
1.0,1,0.7820878
1.0,1,0.98030895
0.0,0,0.016261196
0.0,1,0.36172935
1.0,1,0.9709562
1.0,1,0.959857
1.0,1,0.77451026
0.0,0,0.20939094
1.0,1,0.9872458
0.0,0,0.0055491487
1.0,1,0.88497186
1.0,1,0.8352163
1.0,1,0.5336498
1.0,0,0.027491182
0.0,0,0.06966768
0.0,0,0.014752256
0.0,1,0.857784
1.0,1,0.7088478
0.0,0,0.007994383
0.0,0,0.060289446
0.0,0,0.024442002
1.0,1,0.654446
0.0,0,0.02348788
1.0,1,0.6842707
1.0,0,0.16465223
0.0,0,0.010664528
0.0,0,0.02531619
1.0,0,0.18419215
1.0,1,0.6081129
1.0,1,0.58309245
1.0,1,0.6795385
1.0,1,0.86571634
1.0,1,0.9335486
1.0,1,0.61516434
0.0,0,0.0103514
1.0,1,0.6814543
1.0,1,0.5099884
0.0,0,0.016630178
0.0,0,0.009861514
0.0,0,0.07438059
1.0,1,0.9759467
0.0,0,0.003945049
0.0,0,0.01881265
1.0,1,0.9749824
0.0,0,0.0031419725
1.0,1,0.6176387
1.0,1,0.8335295
1.0,1,0.86390465
0.0,0,0.05254033
1.0,1,0.7180581
0.0,0,0.02847502
1.0,1,0.9498978
0.0,0,0.0006179264
0.0,0,0.043751474
0.0,0,0.035524
1.0,1,0.8630061
0.0,0,0.027008152
1.0,1,0.78158534
0.0,0,0.10664781
1.0,1,0.87491524
0.0,0,0.06273581
1.0,1,0.8071906
0.0,0,0.0019208064
1.0,0,0.1970898
1.0,1,0.42802918
0.0,0,0.033311225
0.0,0,0.020447081
1.0,1,0.85586965
1.0,1,0.5938717
1.0,1,0.836946
0.0,0,0.02044268
0.0,0,0.08335697
1.0,1,0.984122
1.0,0,0.18030946
1.0,1,0.94584304
0.0,0,0.24685241
0.0,0,0.028031748
1.0,1,0.7322617
0.0,1,0.49492398
0.0,1,0.33983353
1.0,1,0.9873341
0.0,0,0.12285973
1.0,0,0.1201638
0.0,0,0.017992808
1.0,1,0.8629442
1.0,1,0.76776844
0.0,0,0.02208604
0.0,0,0.09947363
0.0,0,0.09523419
1.0,1,0.6590047
1.0,1,0.970428
0.0,0,0.0075640786
1.0,1,0.86023974
0.0,0,0.020497482
0.0,0,0.05165762
0.0,0,0.014555785
1.0,1,0.9904595
0.0,1,0.6118126
1.0,1,0.34703654
0.0,0,0.26474053
1.0,1,0.84952724
0.0,0,0.1550758
0.0,0,0.1414528
0.0,0,0.011212173
0.0,0,0.028045261
1.0,1,0.9784152
1.0,1,0.9040497
1.0,1,0.6786169
0.0,0,0.0093186805
0.0,0,0.018272663
1.0,1,0.36079204
0.0,0,0.13909411
0.0,0,0.0028675064
0.0,0,0.02964878
0.0,0,0.030098395
1.0,1,0.9456028
1.0,1,0.5926223
0.0,0,0.11735686
1.0,1,0.8625932
0.0,0,0.06492775
0.0,0,0.01804295
0.0,0,0.0031813553
0.0,1,0.8984273
0.0,0,0.0036811733
0.0,0,0.1029268
0.0,0,0.0063586095
0.0,1,0.9769015
1.0,1,0.76739025
0.0,0,0.03651229
1.0,1,0.7837415
1.0,0,0.23341498
1.0,1,0.95125216
0.0,0,0.0036336605
1.0,1,0.89546454
0.0,0,0.019013816
0.0,0,0.0011716813
0.0,0,0.011415547
0.0,0,0.0076914974
0.0,0,0.029881828
1.0,1,0.4046644
1.0,1,0.9572065
1.0,1,0.96868676
0.0,0,0.10367706
0.0,0,0.013236454
1.0,1,0.5305767
0.0,0,0.004934812
1.0,1,0.8179715
0.0,0,0.046021096
1.0,1,0.8795854
0.0,0,0.011566974
1.0,1,0.78338224
1.0,1,0.27772275
1.0,1,0.80236274
1.0,1,0.90911824
1.0,1,0.6930214
0.0,0,0.05693431
1.0,1,0.9789909
1.0,0,0.13698724
1.0,1,0.9798355
0.0,0,0.21955483
0.0,0,0.0264498
0.0,0,0.007116285
0.0,0,0.22355862
1.0,1,0.9228135
1.0,1,0.52665114
0.0,1,0.38176224
0.0,0,0.0064653577
0.0,0,0.008593907
1.0,1,0.34543413
1.0,1,0.9090335
0.0,0,0.01876107
1.0,1,0.57792455
1.0,1,0.81151927
0.0,0,0.022616493
0.0,0,0.24011223
0.0,0,0.0033121267
0.0,0,0.17887478
0.0,0,0.018000342
0.0,1,0.6828034
0.0,1,0.5847289
1.0,1,0.97707033
0.0,0,0.014632903
1.0,1,0.7825465
0.0,0,0.08033631
1.0,1,0.9348231
0.0,0,0.03452868
0.0,1,0.31585506
0.0,0,0.004511651
0.0,0,0.03890967
0.0,0,0.02951556
0.0,0,0.00894272
0.0,0,0.13551466
0.0,0,0.028629044
1.0,1,0.98856044
1.0,1,0.88332963
1.0,1,0.2915523
1.0,0,0.15971655
1.0,1,0.9803102
0.0,0,0.11578574
0.0,0,0.027288258
1.0,1,0.97024536
1.0,1,0.2804716
1.0,1,0.9767709
0.0,0,0.021070557
0.0,0,0.033074543
1.0,1,0.6805398
1.0,1,0.7579808
0.0,0,0.0048753456
1.0,0,0.17157194
0.0,0,0.008481946
1.0,1,0.47849143
0.0,0,0.12215324
1.0,1,0.8074149
0.0,0,0.006048766
1.0,1,0.9717625
0.0,0,0.013877233
0.0,1,0.8633935
1.0,1,0.46832022
1.0,1,0.7828982
1.0,1,0.8860945
0.0,0,0.029785158
0.0,0,0.0472124
0.0,1,0.5061228
1.0,1,0.5325753
0.0,0,0.05669502
0.0,0,0.0149503155
1.0,1,0.70951575
0.0,0,0.12956312
1.0,1,0.97948694
1.0,0,0.15704143
1.0,1,0.92510426
1.0,1,0.98146963
1.0,1,0.29442018
1.0,1,0.5165758
1.0,1,0.64444745
1.0,1,0.8160513
0.0,0,0.0019283053
1.0,1,0.89988315
0.0,0,0.040669892
1.0,1,0.3530026
0.0,0,0.1464625
0.0,0,0.029509962
1.0,1,0.96412563
1.0,1,0.96880007
0.0,0,0.1875745
0.0,0,0.056257028
1.0,1,0.9284968
0.0,0,0.031374946
1.0,1,0.9747747
1.0,1,0.8513849
1.0,1,0.8028659
0.0,0,0.009993251
0.0,0,0.0029356973
1.0,1,0.7930199
1.0,1,0.9644098
0.0,0,0.05033701
0.0,0,0.038008645
0.0,0,0.0043158904
1.0,1,0.97611666
0.0,0,0.12506181
0.0,0,0.0275905
0.0,0,0.0928831
1.0,1,0.8185317
1.0,1,0.9060945
0.0,0,0.15319058
1.0,1,0.95726514
1.0,1,0.95074975
0.0,0,0.010950122
1.0,1,0.84531224
1.0,1,0.9370524
1.0,1,0.8451106
1.0,1,0.70950097
1.0,1,0.8505067
0.0,0,0.018939655
1.0,1,0.95730436
1.0,1,0.37978727
1.0,1,0.80157626
1.0,0,0.2238672
1.0,1,0.9720115
1.0,1,0.7502726
1.0,1,0.9328247
1.0,1,0.58363605
0.0,0,0.078688055
1.0,1,0.970013
1.0,1,0.937975
0.0,0,0.038034495
0.0,0,0.042978834
0.0,0,0.00829063
1.0,1,0.74849844
0.0,0,0.010890353
0.0,0,0.012400708
1.0,1,0.8135261
1.0,1,0.81594306
0.0,0,0.013073399
1.0,1,0.29805854
0.0,0,0.036778122
0.0,0,0.0012636551
0.0,0,0.027853496
0.0,0,0.008028193
0.0,0,0.017210629
0.0,0,0.0812534
1.0,1,0.95587075
0.0,0,0.013629627
1.0,1,0.97770286
0.0,0,0.012780486
0.0,0,0.009640789
1.0,0,0.04998453
0.0,0,0.03944589
1.0,1,0.9837679
0.0,0,0.013564841
0.0,0,0.0031934148
1.0,1,0.9743571
0.0,0,0.00538394
1.0,1,0.39702693
0.0,0,0.04152303
0.0,0,0.2283414
0.0,0,0.038669057
0.0,0,0.05440036
1.0,1,0.6160718
0.0,0,0.017227788
1.0,0,0.11471275
0.0,0,0.1843946
1.0,1,0.95304894
0.0,0,0.0016655138
1.0,1,0.93783164
1.0,1,0.9824849
1.0,1,0.92264247
1.0,1,0.9405057
0.0,0,0.0025477672
0.0,0,0.16465792
1.0,1,0.9541042
0.0,1,0.29106918
1.0,1,0.9444027
0.0,0,0.026071426
1.0,1,0.9625845
1.0,1,0.45551082
0.0,0,0.025394034
1.0,0,0.24770877
0.0,0,0.015062381
0.0,0,0.0037036971
1.0,1,0.96581453
0.0,0,0.044542085
1.0,1,0.7673603
0.0,0,0.027328592
0.0,0,0.02985347
1.0,1,0.9675467
0.0,0,0.06515493
0.0,0,0.023396503
0.0,0,0.008437644
1.0,0,0.071153216
0.0,0,0.045080695
1.0,1,0.6132367
0.0,0,0.045561183
1.0,1,0.92952967
1.0,1,0.35275894
1.0,1,0.98037475
0.0,0,0.076904446
1.0,1,0.38995957
1.0,1,0.98010546
0.0,0,0.053818524
0.0,0,0.26490545
1.0,1,0.69161737
0.0,0,0.0100131845
1.0,1,0.72365594
0.0,0,0.018129323
0.0,0,0.04906847
1.0,1,0.98623735
0.0,0,0.0029500257
0.0,0,0.06299436
0.0,0,0.004446154
0.0,0,0.079913944
0.0,0,0.13991724
1.0,0,0.21937105
1.0,1,0.44406122
0.0,0,0.025497988
1.0,1,0.60212123
1.0,1,0.9348962
1.0,1,0.60058725
0.0,0,0.01589816
0.0,0,0.007362375
1.0,1,0.5371283
0.0,0,0.01809509
0.0,0,0.0137884375
1.0,1,0.6708188
1.0,1,0.9604324
1.0,1,0.9651572
1.0,1,0.81664115
1.0,1,0.9169899
1.0,1,0.6858872
1.0,1,0.7301165
0.0,0,0.12669505
1.0,1,0.9688931
0.0,0,0.007441836
0.0,0,0.18063949
0.0,1,0.32326537
1.0,1,0.67880213
1.0,1,0.73030734
0.0,1,0.41393092
0.0,0,0.008157251
1.0,1,0.66639996
0.0,0,0.2608373
0.0,0,0.09858731
1.0,1,0.773662
0.0,0,0.03482366
1.0,1,0.86710435
1.0,1,0.9751911
1.0,1,0.81606823
1.0,1,0.7148379
0.0,0,0.04046681
0.0,0,0.033967536
0.0,0,0.013737189
1.0,1,0.9472071
1.0,1,0.8638879
0.0,0,0.008842861
1.0,1,0.74569905
1.0,1,0.98337114
0.0,0,0.02270617
0.0,0,0.014519632
0.0,0,0.023920601
1.0,1,0.97466266
1.0,1,0.9788628
1.0,0,0.1867598
0.0,0,0.134999
0.0,0,0.0011611914
0.0,0,0.2433376
1.0,1,0.9813547
1.0,1,0.92883617
1.0,1,0.8247047
1.0,1,0.98140484
1.0,0,0.087140985
0.0,0,0.099539064
0.0,0,0.0071605784
1.0,1,0.4253092
0.0,0,0.16889217
1.0,1,0.7053652
0.0,0,0.2060586
1.0,1,0.8712411
0.0,0,0.040293954
0.0,1,0.42113122
0.0,0,0.050557137
1.0,1,0.94550145
0.0,0,0.03742891
0.0,0,0.06497504
0.0,0,0.028163146
0.0,0,0.017508851
0.0,0,0.044942547
1.0,1,0.78958505
1.0,1,0.9792042
1.0,1,0.9510339
0.0,0,0.012370052
1.0,1,0.66218436
0.0,0,0.0048302487
1.0,1,0.8527563
0.0,0,0.0052725715
1.0,1,0.98598635
1.0,1,0.5951187
0.0,1,0.31514418
0.0,0,0.008402382
1.0,0,0.25509822
0.0,0,0.04197295
0.0,0,0.032665905
1.0,1,0.82567424
0.0,0,0.09876235
1.0,1,0.938576
1.0,1,0.6491877
1.0,1,0.67245495
0.0,1,0.6218251
0.0,0,0.0047274763
0.0,0,0.03650937
1.0,1,0.77549267
1.0,1,0.8250403
1.0,0,0.029445546
1.0,1,0.886261
0.0,0,0.070342354
0.0,1,0.9398555
0.0,0,0.05564915
1.0,1,0.897954
1.0,1,0.9186517
0.0,0,0.10505839
0.0,0,0.04311352
1.0,1,0.930194
1.0,1,0.9859457
1.0,1,0.7746272
1.0,1,0.98313737
1.0,1,0.42638174
0.0,0,0.045531977
0.0,0,0.015433673
0.0,0,0.012773929
0.0,0,0.003472038
0.0,0,0.0051027206
1.0,0,0.08303238
1.0,1,0.926465
0.0,0,0.00554007
1.0,0,0.1912547
0.0,1,0.45590296
0.0,0,0.010385179
0.0,0,0.017779121
0.0,0,0.027505688
1.0,1,0.36549807
0.0,0,0.06236584
0.0,0,0.026222885
0.0,0,0.008871422
0.0,0,0.21975835
0.0,1,0.3138584
1.0,1,0.9600799
1.0,1,0.9776917
0.0,0,0.013475157
1.0,1,0.9823443
1.0,1,0.33272353
0.0,0,0.013751514
1.0,1,0.94285166
0.0,0,0.029421033
1.0,1,0.95209235
0.0,1,0.28634298
1.0,1,0.67781204
1.0,1,0.8388125
0.0,0,0.09399563
1.0,1,0.8094579
0.0,0,0.03136347
0.0,0,0.010005222
1.0,1,0.92054635
1.0,1,0.97513646
1.0,1,0.85806733
1.0,1,0.9331435
0.0,1,0.5033937
1.0,1,0.42911
0.0,0,0.14690214
1.0,1,0.79498595
1.0,1,0.7989068
1.0,1,0.90167767
1.0,1,0.7334781
1.0,1,0.982509
0.0,0,0.024652433
0.0,1,0.77843463
0.0,0,0.0033770006
0.0,1,0.56362724
1.0,1,0.8309089
0.0,0,0.022512995
1.0,1,0.91158503
1.0,1,0.9788799
0.0,0,0.15152758
0.0,0,0.06068852
1.0,1,0.7827213
1.0,1,0.72488064
1.0,1,0.98150367
1.0,1,0.7320918
1.0,1,0.9681669
1.0,1,0.7803744
0.0,0,0.10120554
1.0,1,0.75876594
1.0,1,0.86068875
1.0,1,0.8222994
0.0,0,0.051564157
1.0,1,0.8551254
1.0,1,0.9805484
1.0,1,0.85147524
1.0,1,0.33468264
0.0,0,0.14958222
1.0,0,0.2645565
1.0,1,0.49577838
0.0,0,0.052418485
0.0,0,0.0380193
1.0,1,0.98567766
1.0,1,0.7077365
1.0,1,0.9525042
0.0,0,0.008166751
1.0,1,0.3325339
1.0,1,0.8429747
0.0,0,0.06386978
1.0,1,0.90121496
0.0,0,0.026673745
1.0,1,0.93060815
0.0,0,0.007549306
0.0,0,0.03984465
1.0,1,0.9092976
0.0,0,0.2521525
1.0,1,0.97737944
1.0,1,0.80472237
0.0,1,0.41089106
1.0,1,0.98004144
0.0,0,0.013701689
0.0,0,0.24870494
0.0,0,0.16293424
1.0,1,0.8734155
0.0,0,0.009037118
0.0,0,0.008542634
0.0,0,0.008018193
1.0,1,0.65342927
1.0,1,0.7535102
1.0,1,0.69048876
1.0,1,0.96445704
0.0,0,0.010523554
0.0,0,0.00083421334
1.0,1,0.96284187
0.0,0,0.017118195
0.0,0,0.002630175
0.0,0,0.07464474
0.0,0,0.01574656
1.0,1,0.9698784
1.0,1,0.9878964
0.0,0,0.0151613215
1.0,1,0.9806639
0.0,1,0.74080527
1.0,1,0.9136235
0.0,0,0.029517036
0.0,0,0.009001328
1.0,1,0.89100504
1.0,1,0.82942414
0.0,0,0.0028873454
1.0,1,0.70646155
0.0,0,0.09071207
0.0,0,0.012255564
0.0,1,0.6675313
0.0,0,0.013939991
0.0,0,0.019393463
0.0,0,0.017428678
0.0,0,0.26597676
0.0,0,0.09460209
1.0,1,0.83957756
1.0,1,0.9459431
0.0,1,0.5861493
1.0,1,0.27004847
0.0,0,0.0063021034
1.0,1,0.66909033
0.0,0,0.0017486728
1.0,1,0.917266
1.0,1,0.9851655
1.0,1,0.92389375
1.0,1,0.97550106
0.0,0,0.06577021
0.0,0,0.022816813
1.0,1,0.95734704
1.0,1,0.66066676
1.0,1,0.8075545
1.0,1,0.6178714
0.0,0,0.0059594675
1.0,1,0.80027366
1.0,1,0.94174427
0.0,0,0.0033389404
1.0,1,0.9490286
1.0,0,0.17642552
1.0,0,0.08760827
1.0,1,0.9619925
0.0,0,0.002581684
0.0,0,0.0063678743
0.0,0,0.05776803
0.0,0,0.017116606
0.0,1,0.46680203
1.0,1,0.9706803
0.0,0,0.043306693
1.0,1,0.9711374
0.0,0,0.040119126
1.0,1,0.9262885
0.0,0,0.039827853
0.0,0,0.024478024
1.0,1,0.9437281
0.0,0,0.008346025
1.0,1,0.94699174
1.0,0,0.19224195
0.0,0,0.054005608
1.0,1,0.9530944
0.0,0,0.037513733
0.0,1,0.60184985
0.0,0,0.011557137
0.0,0,0.061697517
0.0,0,0.015800348
1.0,1,0.48805296
1.0,0,0.20626727
0.0,0,0.012477149
1.0,1,0.41927657
0.0,0,0.021746678
1.0,1,0.9529859
1.0,1,0.9026984
1.0,1,0.59953296
1.0,0,0.018424546
1.0,1,0.7161284
1.0,1,0.8915831
0.0,0,0.009539677
1.0,1,0.9559418
1.0,1,0.77616763
0.0,1,0.7221843
0.0,0,0.092575096
1.0,1,0.5103752
1.0,1,0.422058
0.0,0,0.07261081
1.0,1,0.912327
0.0,0,0.012795349
1.0,1,0.9262431
1.0,1,0.70335096
1.0,1,0.98389524
0.0,1,0.60094213
0.0,0,0.09158873
0.0,0,0.08552957
0.0,0,0.008852349
1.0,1,0.94840133
0.0,1,0.38636762
1.0,1,0.97902274
0.0,0,0.033868935
0.0,0,0.10112604
1.0,1,0.39889762
0.0,0,0.0056478665
1.0,1,0.9087028
1.0,1,0.6558558
1.0,0,0.12920354
0.0,0,0.024109546
0.0,0,0.02198109
1.0,1,0.47469878
1.0,1,0.9702378
1.0,1,0.85523105
1.0,1,0.80361354
0.0,0,0.022156194
1.0,1,0.7427069
0.0,0,0.18930942
0.0,0,0.027666893
1.0,1,0.5433457
1.0,1,0.827188
1.0,1,0.7483393
1.0,0,0.20752211
1.0,1,0.90959555
1.0,1,0.92424935
1.0,1,0.8228364
0.0,0,0.04902989
0.0,0,0.029684398
1.0,1,0.97153306
0.0,0,0.07013054
1.0,1,0.41513443
1.0,1,0.6195469
1.0,1,0.83503234
0.0,0,0.042574875
0.0,0,0.027640063
0.0,0,0.0041339146
1.0,1,0.5796436
0.0,0,0.086522326
1.0,1,0.96850526
0.0,0,0.009066001
1.0,0,0.16284236
1.0,1,0.841432
1.0,1,0.6930169
0.0,1,0.6260753
0.0,0,0.0070669595
1.0,1,0.8806921
0.0,0,0.011619094
0.0,1,0.6638249
0.0,0,0.01764833
1.0,1,0.92536604
1.0,1,0.986033
0.0,1,0.63577586
1.0,1,0.72638094
1.0,1,0.94767475
0.0,0,0.030384718
0.0,0,0.01769016
0.0,0,0.06123578
0.0,0,0.04393614
1.0,1,0.9859218
0.0,0,0.019865781
1.0,1,0.63940024
1.0,1,0.96675885
0.0,0,0.0271452
1.0,1,0.52396333
0.0,0,0.0515086
0.0,0,0.03264974
1.0,1,0.77373147
0.0,0,0.05509771
1.0,1,0.9272502
1.0,1,0.6925988
0.0,0,0.025878299
0.0,0,0.01533258
1.0,1,0.9511725
1.0,1,0.93377113
1.0,1,0.6965833
1.0,1,0.28526974
0.0,0,0.0016251898
0.0,1,0.39408025
1.0,1,0.7782173
1.0,1,0.96481067
0.0,0,0.030430071
0.0,0,0.019717319
0.0,0,0.11748706
1.0,1,0.5918603
0.0,0,0.022030955
1.0,1,0.59276277
1.0,1,0.97739005
0.0,0,0.03794493
0.0,0,0.020496326
1.0,1,0.89197254
0.0,0,0.03209996
0.0,0,0.0218194
0.0,0,0.013718351
0.0,0,0.010222546
0.0,0,0.005592306
0.0,0,0.01369966
0.0,0,0.004451204
1.0,1,0.7953389
0.0,0,0.027082106
1.0,0,0.13804504
0.0,0,0.011593412
1.0,1,0.70847833
0.0,0,0.19141002
0.0,0,0.067392915
0.0,0,0.007582898
0.0,0,0.01887286
0.0,0,0.020805739
0.0,0,0.018289838
1.0,1,0.9722713
1.0,1,0.95093673
1.0,1,0.9484963
0.0,0,0.014877167
0.0,0,0.2474979
1.0,1,0.97887284
0.0,0,0.024600018
1.0,1,0.9496301
0.0,0,0.04285299
1.0,0,0.24589068
0.0,0,0.18173818
0.0,0,0.007953133
1.0,1,0.5657796
1.0,1,0.8695632
1.0,1,0.9007745
0.0,0,0.004044303
1.0,1,0.33927205
1.0,1,0.961744
0.0,0,0.008094599
1.0,1,0.9413777
1.0,1,0.9255345
0.0,0,0.02419108
0.0,1,0.90512043
0.0,0,0.013196714
0.0,1,0.46790951
1.0,1,0.87099993
1.0,1,0.89957
0.0,0,0.012588232
0.0,0,0.12579747
1.0,1,0.8452493
0.0,0,0.008997759
0.0,0,0.16526617
0.0,0,0.0131921945
0.0,1,0.8905243
1.0,0,0.19338974
1.0,1,0.9636663
0.0,1,0.83332485
1.0,1,0.6862782
0.0,0,0.012621013
1.0,1,0.98019356
1.0,1,0.7332063
1.0,1,0.8789219
0.0,0,0.013083511
1.0,1,0.6626152
1.0,1,0.5901009
0.0,0,0.024433732
0.0,1,0.53288543
1.0,1,0.46244338
0.0,0,0.022319185
1.0,1,0.7465848
0.0,0,0.15221915
1.0,1,0.9601767
0.0,0,0.0036779356
0.0,0,0.1406477
1.0,1,0.9804021
0.0,0,0.03104517
0.0,0,0.21195927
1.0,1,0.6539201
0.0,0,0.026517835
1.0,1,0.49503046
1.0,1,0.41875625
0.0,0,0.042071898
1.0,1,0.6613952
1.0,1,0.9712217
0.0,0,0.09822247
1.0,1,0.82802755
0.0,0,0.04049731
1.0,0,0.1470953
0.0,0,0.014317091
0.0,1,0.8734493
0.0,0,0.18340644
0.0,0,0.000680568
1.0,1,0.9232544
1.0,1,0.37829858
0.0,0,0.005354995
0.0,0,0.0142919
0.0,0,0.0030349356
0.0,0,0.013764823
1.0,1,0.601517
0.0,0,0.03322091
1.0,1,0.39420703
0.0,1,0.5531854
1.0,1,0.97849596
0.0,1,0.47073588
0.0,1,0.5371493
0.0,0,0.17915706
1.0,1,0.796784
1.0,1,0.8209873
1.0,1,0.7161609
1.0,1,0.8092853
1.0,1,0.75391626
0.0,0,0.02374513
0.0,1,0.8419863
0.0,0,0.042639315
0.0,0,0.011073111
0.0,0,0.18829668
0.0,0,0.022133088
1.0,1,0.81306654
0.0,1,0.66645217
1.0,1,0.46174476
1.0,1,0.8438305
1.0,1,0.9778863
0.0,0,0.012871724
1.0,1,0.97216266
1.0,1,0.6252699
1.0,1,0.89776146
1.0,1,0.8322017
0.0,0,0.002704535
1.0,1,0.9836879
0.0,0,0.076011114
0.0,1,0.75758094
1.0,1,0.97479343
1.0,1,0.8887645
1.0,0,0.12235408
1.0,1,0.981032
0.0,0,0.11859922
0.0,1,0.72544837
1.0,1,0.97655904
0.0,0,0.010146444
0.0,0,0.043041438
1.0,1,0.48626626
1.0,1,0.8974688
1.0,1,0.9573821
0.0,0,0.024179135
0.0,0,0.0054474534
1.0,1,0.9002526
0.0,0,0.00097568316
1.0,1,0.47129878
1.0,1,0.61831164
1.0,1,0.7517887
1.0,1,0.9730577
1.0,1,0.39222485
1.0,0,0.09869131
0.0,0,0.03276474
1.0,1,0.9137788
1.0,1,0.8040018
1.0,1,0.98477376
1.0,1,0.81033784
1.0,1,0.9166174
0.0,0,0.0256906
1.0,1,0.96127224
0.0,0,0.0087601775
0.0,0,0.05855206
1.0,1,0.97818685
0.0,1,0.37634918
0.0,0,0.19355372
0.0,1,0.2990963
0.0,1,0.27752206
0.0,0,0.07734897
1.0,1,0.95284253
0.0,0,0.017752837
1.0,1,0.98833376
1.0,1,0.9194149
0.0,0,0.027340723
0.0,0,0.00084527914
0.0,1,0.85348105
0.0,0,0.012320517
1.0,1,0.6795901
1.0,1,0.9153807
1.0,1,0.9679866
1.0,1,0.92925537
0.0,0,0.073194295
0.0,0,0.038610693
1.0,1,0.73070145
1.0,1,0.97949976
1.0,1,0.97535545
0.0,1,0.7228732
0.0,0,0.012531276
1.0,1,0.55552256
1.0,1,0.9690582
0.0,1,0.31978765
1.0,1,0.9074056
0.0,0,0.0091302255
0.0,0,0.010306132
1.0,1,0.9868981
1.0,0,0.030240286
1.0,1,0.9831656
1.0,1,0.97071266
1.0,1,0.94801897
1.0,1,0.972617
0.0,0,0.05212451
1.0,1,0.8188519
0.0,0,0.045129966
0.0,0,0.014952704
1.0,1,0.9739719
1.0,0,0.06960029
0.0,0,0.010959612
1.0,1,0.29300714
0.0,0,0.07854584
1.0,1,0.969613
1.0,1,0.98709774
0.0,1,0.38253263
0.0,0,0.021050256
1.0,1,0.3214742
1.0,1,0.9319737
0.0,0,0.01639634
0.0,0,0.037790727
0.0,0,0.25611588
0.0,0,0.066483796
1.0,1,0.82825035
0.0,0,0.024280306
0.0,0,0.01687392
0.0,0,0.0200863
1.0,1,0.7484449
1.0,1,0.8845869
1.0,1,0.51563215
0.0,0,0.029882262
1.0,1,0.9022891
1.0,1,0.68333757
1.0,1,0.609102
1.0,1,0.98762524
1.0,1,0.8874606
1.0,1,0.69696593
1.0,1,0.9756838
1.0,1,0.9373673
0.0,0,0.041961115
0.0,0,0.014064737
0.0,1,0.37293166
0.0,0,0.01913566
0.0,0,0.0051174774
0.0,0,0.025839958
1.0,1,0.95242023
1.0,1,0.7475165
0.0,0,0.00884365
0.0,0,0.06114121
1.0,1,0.8845829
1.0,1,0.73506963
1.0,1,0.97584903
0.0,0,0.006077678
0.0,0,0.23462151
1.0,1,0.9797262
0.0,0,0.012091635
1.0,1,0.95363164
0.0,1,0.3842106
0.0,0,0.032180198
0.0,0,0.005112158
1.0,0,0.043838803
1.0,1,0.7400085
0.0,1,0.860891
0.0,0,0.16447233
0.0,0,0.22403958
1.0,1,0.87360334
1.0,1,0.9289426
0.0,0,0.006749713
1.0,1,0.97239053
0.0,0,0.0017828548
0.0,1,0.42097235
1.0,1,0.78482175
0.0,0,0.013811851
0.0,0,0.007953864
0.0,0,0.012182456
1.0,1,0.8475191
1.0,1,0.8317725
1.0,1,0.5779992
1.0,1,0.75641006
1.0,1,0.91823417
0.0,0,0.0052643497
1.0,1,0.92882735
1.0,1,0.95591575
0.0,0,0.07476667
0.0,0,0.0063774753
0.0,0,0.039416958
0.0,1,0.38348386
0.0,0,0.025547009
1.0,1,0.96429497
1.0,1,0.6747799
0.0,0,0.031961106
0.0,0,0.12503539
1.0,1,0.7094041
1.0,1,0.63856506
0.0,0,0.048636697
1.0,1,0.5522129
0.0,0,0.03301235
1.0,0,0.14473023
0.0,0,0.09942966
0.0,0,0.013327518
1.0,1,0.8436003
1.0,1,0.8601249
0.0,0,0.0485308
0.0,0,0.004624867
0.0,0,0.01692221
0.0,0,0.041094653
1.0,1,0.9084513
0.0,0,0.022061305
0.0,0,0.09662013
1.0,1,0.85819614
1.0,1,0.9787721
1.0,1,0.2726649
1.0,1,0.80871254
1.0,1,0.972315
1.0,1,0.55575496
0.0,0,0.017463423
0.0,0,0.0073000025
1.0,1,0.79894733
1.0,1,0.9784121
0.0,0,0.0072606364
0.0,0,0.043618403
1.0,1,0.9882581
1.0,1,0.4643564
0.0,0,0.021303363
1.0,0,0.11931082
1.0,1,0.95052224
0.0,0,0.008087803
0.0,0,0.06528186
0.0,0,0.0040804567
0.0,0,0.017737694
0.0,0,0.03633023
0.0,0,0.03161822
0.0,0,0.002960033
1.0,1,0.5575192
0.0,0,0.0734121
1.0,1,0.7697443
1.0,1,0.584929
1.0,0,0.0072302376
1.0,1,0.6588852
0.0,0,0.14548612
0.0,0,0.02254769
1.0,1,0.72818196
1.0,1,0.8060667
0.0,0,0.041598577
0.0,0,0.026014453
1.0,1,0.97617507
0.0,1,0.68621993
1.0,1,0.9390244
1.0,1,0.873075
1.0,1,0.2793444
0.0,0,0.015545699
1.0,1,0.9183955
0.0,0,0.01117993
1.0,1,0.748376
0.0,0,0.0034074197
0.0,0,0.0065306886
1.0,1,0.7521897
0.0,0,0.024650384
0.0,0,0.010523252
1.0,1,0.9691212
1.0,0,0.1204102
1.0,1,0.9715021
1.0,1,0.96032214
1.0,1,0.79958254
1.0,1,0.8204084
1.0,1,0.9723589
0.0,0,0.0017616632
1.0,1,0.63134205
0.0,0,0.007709088
1.0,1,0.8113233
1.0,1,0.7780124
0.0,0,0.0036538648
0.0,0,0.020305699
0.0,1,0.30718258
0.0,0,0.013119905
0.0,0,0.052907623
1.0,1,0.65958357
1.0,1,0.854558
1.0,1,0.9560205
0.0,0,0.024257742
0.0,0,0.0036994398
0.0,0,0.027655467
1.0,1,0.83469296
1.0,1,0.5647314
0.0,0,0.11149088
0.0,0,0.01965095
0.0,0,0.036677457
0.0,0,0.019096458
1.0,1,0.8254442
0.0,0,0.053639866
0.0,0,0.1770864
0.0,0,0.002395983
0.0,0,0.10504822
1.0,1,0.98252034
1.0,0,0.059971426
1.0,1,0.8519976
0.0,0,0.022919804
0.0,0,0.24611454
1.0,1,0.8697804
1.0,1,0.42935836
0.0,0,0.033405486
1.0,1,0.9793974
1.0,1,0.5587683
1.0,1,0.83939075
0.0,0,0.15722981
1.0,1,0.4240624
0.0,0,0.006827895
0.0,0,0.01136562
1.0,1,0.30569232
1.0,0,0.2174854
0.0,0,0.025322152
1.0,1,0.87794656
0.0,0,0.008470428
0.0,1,0.29490462
1.0,1,0.577334
1.0,1,0.9434736
0.0,0,0.021027464
1.0,1,0.9616918
0.0,0,0.008593098
1.0,1,0.9373233
1.0,1,0.82314277
0.0,0,0.022229493
0.0,0,0.013806897
0.0,0,0.2478815
1.0,1,0.61233616
0.0,0,0.015905617
0.0,0,0.010736906
1.0,1,0.9718437
1.0,1,0.6110531
1.0,1,0.96258366
1.0,1,0.7993402
1.0,1,0.98183596
0.0,0,0.0024471553
1.0,1,0.9854866
0.0,0,0.20142788
1.0,1,0.90796065
0.0,0,0.13472624
1.0,1,0.8355866
1.0,1,0.7302505
0.0,0,0.008714814
0.0,0,0.012169454
1.0,1,0.77349484
0.0,0,0.041214593
1.0,1,0.9347017
1.0,1,0.98492515
1.0,1,0.78286886
0.0,0,0.0075177685
1.0,1,0.54224634
1.0,1,0.44584286
1.0,1,0.37948814
1.0,1,0.9596591
1.0,1,0.73233235
0.0,0,0.075559735
1.0,1,0.9448565
1.0,1,0.8770395
0.0,0,0.0066472804
0.0,0,0.031198831
1.0,1,0.8021623
0.0,0,0.05420571
1.0,0,0.14188994
1.0,1,0.65341574
0.0,0,0.024343714
0.0,0,0.074076526
0.0,0,0.013510287
0.0,0,0.016656587
0.0,0,0.028713116
0.0,0,0.0021226124
0.0,1,0.40429604
0.0,0,0.008899703
0.0,1,0.34260783
0.0,0,0.02170681
0.0,1,0.66238177
1.0,1,0.8280362
1.0,1,0.9047478
1.0,1,0.8854681
0.0,0,0.112316065
1.0,0,0.009886491
1.0,1,0.8246941
0.0,0,0.008365641
1.0,1,0.98326904
1.0,1,0.9729257
0.0,0,0.0068220804
0.0,0,0.066995606
1.0,1,0.33941317
0.0,0,0.023513487
1.0,1,0.7075058
0.0,0,0.006522212
1.0,0,0.16842175
0.0,0,0.030263241
1.0,1,0.9455143
0.0,1,0.36151063
0.0,0,0.0006749222
1.0,0,0.14834717
1.0,1,0.943836
1.0,1,0.9846245
0.0,1,0.32461914
0.0,0,0.08767062
0.0,0,0.00541114
1.0,1,0.9848389
0.0,0,0.08973889
0.0,0,0.017293585
0.0,0,0.262605
1.0,1,0.6216388
0.0,0,0.17870641
0.0,0,0.01943594
0.0,0,0.099189274
0.0,0,0.014999749
1.0,1,0.96745974
1.0,1,0.81828964
1.0,1,0.96881104
1.0,1,0.9684179
1.0,1,0.76402164
0.0,1,0.6324422
1.0,1,0.9113728
0.0,0,0.049650844
0.0,0,0.003779492
1.0,1,0.71694434
0.0,0,0.0044719274
0.0,0,0.032520033
0.0,0,0.051391654
1.0,1,0.73814726
1.0,0,0.1819904
0.0,1,0.4739145
1.0,1,0.9271903
1.0,1,0.79557496
1.0,1,0.9813671
1.0,1,0.47153118
0.0,0,0.019287083
1.0,1,0.8085005
0.0,0,0.0031938243
0.0,1,0.5711516
1.0,1,0.62639236
0.0,0,0.029050367
0.0,1,0.5161043
1.0,1,0.98770475
0.0,0,0.009388708
0.0,0,0.0005630645
1.0,1,0.87026054
1.0,1,0.322141
0.0,1,0.7208012
0.0,0,0.07727178
1.0,1,0.6589122
1.0,1,0.964139
0.0,0,0.002183032
1.0,1,0.7950046
0.0,0,0.062781505
0.0,0,0.0091967955
1.0,0,0.13089336
0.0,0,0.032256022
0.0,0,0.120401554
0.0,0,0.14272359
1.0,1,0.8165725
1.0,1,0.5230228
0.0,0,0.007217417
1.0,1,0.8618387
0.0,0,0.15353698
1.0,1,0.93655497
1.0,1,0.974296
0.0,0,0.004482057
1.0,1,0.9458841
0.0,0,0.0008512231
0.0,0,0.03025787
0.0,1,0.28313023
1.0,1,0.9535071
1.0,1,0.54258615
0.0,0,0.0701604
1.0,1,0.9810695
1.0,1,0.9807591
0.0,0,0.16368748
1.0,1,0.9836288
1.0,1,0.8696401
1.0,1,0.98388517
1.0,1,0.9803306
0.0,0,0.20355344
1.0,1,0.9861996
0.0,0,0.009585137
0.0,0,0.08598446
1.0,1,0.97281075
1.0,1,0.4534642
1.0,1,0.93031794
1.0,0,0.13143761
0.0,0,0.046924684
0.0,0,0.036102522
1.0,1,0.95708746
0.0,0,0.066906095
0.0,0,0.2485673
0.0,0,0.014580304
1.0,0,0.10467948
1.0,1,0.8815824
0.0,0,0.038165174
0.0,0,0.0346886
0.0,0,0.17320538
1.0,1,0.96734375
1.0,1,0.5951029
1.0,1,0.9107656
0.0,0,0.07006133
1.0,1,0.31698856
0.0,0,0.07163484
1.0,1,0.982957
1.0,1,0.93152314
0.0,0,0.16046281
0.0,0,0.15565269
1.0,1,0.682998
1.0,1,0.6941005
0.0,0,0.011451943
0.0,0,0.038020167
0.0,1,0.36091304
1.0,1,0.96581334
1.0,1,0.9012979
0.0,0,0.024261303
1.0,1,0.9239571
0.0,0,0.1592765
0.0,0,0.009269747
0.0,0,0.03363081
0.0,0,0.04030701
1.0,1,0.9479355
1.0,1,0.9419523
0.0,0,0.008755313
1.0,1,0.34975684
1.0,1,0.93791896
0.0,0,0.009548444
0.0,0,0.017336214
1.0,1,0.89376223
0.0,0,0.093748055
1.0,1,0.83180815
0.0,0,0.025350964
1.0,1,0.9103446
0.0,0,0.015402099
1.0,1,0.7089765
0.0,0,0.024110632
1.0,1,0.5669142
0.0,1,0.6136745
0.0,1,0.57016873
1.0,0,0.16109301
1.0,1,0.8246227
0.0,0,0.028572863
1.0,1,0.9715798
1.0,1,0.68526244
1.0,1,0.46744055
0.0,0,0.022656629
1.0,1,0.46299386
0.0,0,0.18655334
0.0,0,0.031504024
0.0,0,0.0062037576
1.0,1,0.41436437
1.0,1,0.98541445
1.0,1,0.7035304
1.0,1,0.44233242
0.0,0,0.024887107
1.0,1,0.93516994
0.0,0,0.058574174
1.0,1,0.84913087
0.0,1,0.5314026
0.0,0,0.029503543
1.0,1,0.83162796
1.0,1,0.7232745
0.0,0,0.0041320147
1.0,1,0.63314337
1.0,1,0.8098939
1.0,1,0.9198892
0.0,0,0.032200035
1.0,1,0.5997058
0.0,0,0.022855306
0.0,0,0.04917622
0.0,0,0.0070925886
0.0,0,0.25692025
0.0,0,0.02565228
1.0,1,0.92242247
1.0,1,0.81459916
1.0,1,0.32482958
1.0,1,0.5582605
1.0,1,0.61332786
0.0,0,0.041162934
1.0,1,0.32013845
1.0,1,0.72486496
0.0,1,0.35473126
1.0,1,0.9774901
1.0,1,0.9358888
1.0,1,0.9571301
1.0,1,0.95333517
0.0,1,0.5630264
0.0,0,0.2004863
0.0,1,0.32772636
1.0,1,0.8152475
1.0,1,0.80846137
1.0,1,0.9166303
1.0,1,0.9697189
1.0,1,0.74831915
1.0,1,0.98627627
1.0,0,0.10382683
0.0,0,0.002636007
0.0,0,0.14328903
1.0,1,0.97508246
0.0,0,0.083989926
1.0,1,0.789161
0.0,0,0.008597942
0.0,0,0.0034337982
0.0,0,0.20044734
1.0,1,0.9430016
1.0,1,0.9893337
1.0,1,0.96180296
1.0,1,0.8486544
0.0,0,0.03825328
0.0,0,0.06396353
0.0,0,0.017568147
1.0,1,0.7896206
1.0,1,0.5142838
1.0,1,0.38244435
0.0,0,0.07228363
0.0,0,0.017698398
1.0,1,0.8637312
1.0,1,0.98370814
0.0,0,0.004062456
1.0,1,0.7326094
1.0,1,0.9559616
1.0,1,0.9580251
0.0,0,0.0015783453
1.0,1,0.91334647
0.0,0,0.008367676
0.0,0,0.265936
1.0,0,0.25234935
0.0,0,0.0616753
0.0,0,0.187716
0.0,0,0.013514058
1.0,1,0.44478634
0.0,0,0.084177956
1.0,1,0.9629211
0.0,0,0.025978938
1.0,1,0.71383077
0.0,0,0.0068821274
1.0,0,0.031223258
0.0,0,0.016666304
0.0,0,0.023004314
1.0,1,0.4935058
1.0,1,0.97385424
1.0,1,0.9752776
1.0,1,0.5950705
1.0,1,0.971513
1.0,1,0.65807474
1.0,1,0.8074784
1.0,1,0.3904606
0.0,0,0.019044437
1.0,0,0.23652436
0.0,0,0.009503381
1.0,1,0.7841501
0.0,0,0.019803174
0.0,0,0.09691999
0.0,0,0.07268508
1.0,1,0.817916
1.0,0,0.2218725
1.0,1,0.95600957
0.0,0,0.13509193
1.0,1,0.877027
0.0,0,0.033896495
0.0,0,0.010862938
1.0,1,0.96111333
0.0,0,0.014032382
0.0,0,0.11454193
0.0,0,0.0958364
0.0,0,0.0026075435
1.0,1,0.95161957
1.0,1,0.39135772
0.0,0,0.012311573
1.0,1,0.95307803
0.0,0,0.025945928
1.0,1,0.873639
1.0,1,0.68683076
1.0,1,0.8694639
1.0,1,0.98420554
0.0,0,0.013145447
0.0,0,0.0075865886
1.0,1,0.5934489
0.0,0,0.04731956
1.0,1,0.9639794
1.0,0,0.16337296
1.0,1,0.9643153
1.0,1,0.9790686
0.0,1,0.92903686
1.0,1,0.9895927
1.0,1,0.90097487
0.0,0,0.023831697
1.0,1,0.42901832
1.0,1,0.93643695
1.0,1,0.9607047
0.0,0,0.04954814
1.0,1,0.43881586
1.0,1,0.96255666
0.0,0,0.2622955
0.0,0,0.00676551
0.0,0,0.007215814
0.0,0,0.06392726
0.0,0,0.01296274
0.0,1,0.38672465
1.0,1,0.8712246
1.0,1,0.98388016
1.0,1,0.72145873
1.0,1,0.93353015
0.0,0,0.07510195
1.0,1,0.7245494
1.0,1,0.8545861
1.0,1,0.52705175
1.0,0,0.18683419
1.0,1,0.9731644
1.0,1,0.7707143
1.0,0,0.12257282
1.0,1,0.7646495
0.0,0,0.083433434
0.0,0,0.034859385
0.0,0,0.1124723
0.0,0,0.033735797
1.0,1,0.48755953
0.0,1,0.4306287
1.0,1,0.9755803
1.0,0,0.20957671
0.0,0,0.0217133
1.0,1,0.6353389
1.0,1,0.9811954
0.0,1,0.6752337
1.0,1,0.9601662
1.0,1,0.843267
0.0,0,0.023577906
1.0,1,0.8638325
1.0,1,0.67903143
1.0,1,0.7840686
0.0,0,0.030891787
0.0,0,0.036187574
1.0,1,0.57431006
0.0,0,0.007926917
0.0,0,0.040619224
1.0,1,0.88703173
1.0,1,0.97999775
1.0,1,0.984465
1.0,1,0.98536503
0.0,0,0.11104307
0.0,1,0.9227565
0.0,1,0.63138676
0.0,0,0.06362001
0.0,0,0.13206148
0.0,0,0.0068781883
1.0,1,0.7235316
0.0,0,0.012080713
1.0,1,0.757314
1.0,1,0.7447625
0.0,0,0.030168785
0.0,0,0.1016469
0.0,0,0.038123604
0.0,0,0.036286637
0.0,0,0.19627778
0.0,0,0.030586656
1.0,1,0.96253276
0.0,0,0.16510357
0.0,0,0.052727748
1.0,1,0.27351147
1.0,1,0.9823851
1.0,1,0.96627754
0.0,0,0.22080733
1.0,1,0.5906627
1.0,1,0.8100287
0.0,0,0.17719117
0.0,0,0.0030053416
1.0,1,0.98712194
0.0,0,0.0904578
0.0,0,0.001594221
0.0,0,0.028573085
0.0,0,0.024994625
1.0,1,0.81758046
1.0,1,0.9809237
1.0,1,0.8990317
1.0,1,0.5457298
0.0,0,0.19556898
1.0,1,0.85724103
1.0,1,0.48667118
0.0,0,0.009515917
1.0,1,0.90146714
1.0,1,0.9325502
0.0,1,0.35998446
0.0,1,0.37331328
1.0,1,0.9509132
0.0,1,0.3824604
0.0,0,0.0076496196
1.0,1,0.98453236
1.0,1,0.93717843
1.0,1,0.34258738
0.0,0,0.0015860058
1.0,1,0.97344124
0.0,0,0.010465349
0.0,0,0.047523607
1.0,1,0.60381424
0.0,0,0.018705288
0.0,0,0.04753011
1.0,1,0.9696224
0.0,0,0.0026556752
1.0,1,0.81707525
1.0,1,0.96673536
0.0,0,0.057380896
1.0,1,0.3854181
1.0,1,0.9626323
1.0,1,0.98745614
0.0,0,0.0076155285
1.0,1,0.9416271
0.0,0,0.027047178
1.0,1,0.66307193
0.0,0,0.010442708
1.0,1,0.7024231
1.0,1,0.2899358
1.0,1,0.6773164
1.0,1,0.98054546
0.0,1,0.46724916
1.0,1,0.96342206
0.0,0,0.014707856
0.0,0,0.01147088
1.0,1,0.9870659
1.0,1,0.8107075
0.0,1,0.7094319
1.0,1,0.92083013
0.0,1,0.59613395
1.0,1,0.8671402
0.0,0,0.17016904
1.0,1,0.9746452
1.0,1,0.7515209
1.0,1,0.8295085
1.0,0,0.17317386
1.0,1,0.9805238
1.0,1,0.38199386
1.0,1,0.7468457
1.0,1,0.9041194
1.0,1,0.97812885
0.0,1,0.5173813
1.0,1,0.7429184
1.0,1,0.9831348
1.0,0,0.21678293
1.0,0,0.20172864
1.0,1,0.87469685
0.0,0,0.013987373
1.0,1,0.94659674
1.0,1,0.74766654
0.0,0,0.02399206
0.0,0,0.12726827
0.0,0,0.006215752
1.0,1,0.98264486
0.0,0,0.02272137
1.0,1,0.85089624
1.0,1,0.9899406
0.0,0,0.046358913
0.0,0,0.0076543773
1.0,1,0.5864792
1.0,1,0.9769797
0.0,0,0.012410412
1.0,1,0.7527206
1.0,0,0.026447367
0.0,0,0.010554278
0.0,1,0.45829168
0.0,0,0.12560026
1.0,1,0.75980973
1.0,1,0.77445084
1.0,1,0.97100127
1.0,1,0.9786579
0.0,0,0.013182646
1.0,1,0.85273165
1.0,1,0.9867416
0.0,0,0.0077119377
0.0,0,0.24712834
0.0,0,0.0055676494
1.0,1,0.92158264
1.0,1,0.95404094
1.0,1,0.9724663
0.0,0,0.025909841
0.0,0,0.1577806
1.0,1,0.7451056
1.0,1,0.8658033
0.0,0,0.24669237
1.0,1,0.90890384
1.0,1,0.9013338
0.0,0,0.011817808
1.0,1,0.4197366
1.0,1,0.95212173
0.0,0,0.09247906
0.0,0,0.027954977
1.0,1,0.96328837
1.0,1,0.4001608
0.0,0,0.20998213
0.0,1,0.52667975
0.0,0,0.010424668
0.0,0,0.016396832
0.0,0,0.18023652
0.0,0,0.055518176
1.0,1,0.9745847
0.0,1,0.79473543
1.0,0,0.018741373
0.0,0,0.039543986
1.0,1,0.96586645
0.0,0,0.0015522955
1.0,1,0.29465365
0.0,0,0.020092985
0.0,0,0.011348252
1.0,1,0.8832369
0.0,0,0.015999377
1.0,1,0.8367327
0.0,0,0.0031934544
0.0,0,0.004705676
1.0,1,0.98261726
0.0,0,0.11168712
0.0,0,0.02739343
0.0,0,0.18288985
0.0,0,0.019915203
1.0,1,0.28690675
0.0,0,0.04587999
0.0,1,0.29398453
1.0,1,0.9800908
1.0,0,0.23691067
0.0,0,0.17775103
1.0,0,0.041581802
1.0,1,0.970229
1.0,1,0.566996
1.0,0,0.10661072
1.0,1,0.9100802
0.0,0,0.03640759
1.0,1,0.90661037
1.0,1,0.95080394
0.0,0,0.0072303093
0.0,0,0.08963325
0.0,0,0.008511227
1.0,1,0.89829457
1.0,1,0.62917936
1.0,1,0.9811103
0.0,0,0.008021117
0.0,0,0.0309352
0.0,0,0.0052663507
1.0,1,0.49539265
0.0,0,0.00802962
0.0,0,0.020868944
1.0,1,0.8224063
0.0,0,0.062897004
0.0,0,0.027447762
0.0,0,0.016645024
1.0,1,0.9229911
0.0,0,0.09033537
0.0,0,0.025487337
0.0,0,0.0222487
0.0,0,0.00499444
1.0,1,0.97504073
1.0,1,0.7438859
0.0,1,0.4276569
0.0,0,0.0041406634
1.0,1,0.29754484
0.0,0,0.026809542
0.0,1,0.57618123
0.0,0,0.004423659
1.0,1,0.9585364
1.0,1,0.7804787
0.0,0,0.016822312
0.0,1,0.28632617
1.0,1,0.57846373
1.0,1,0.98030615
1.0,1,0.71746284
0.0,1,0.27300307
0.0,0,0.14725687
0.0,0,0.019265687
1.0,1,0.7145853
0.0,0,0.006591729
0.0,0,0.04677173
0.0,0,0.0345493
0.0,0,0.013275685
0.0,0,0.012002227
1.0,1,0.92807245
1.0,1,0.678138
1.0,1,0.84004533
1.0,1,0.6416449
0.0,0,0.03236074
0.0,1,0.649404
0.0,0,0.019640144
1.0,1,0.80428934
1.0,1,0.91447645
1.0,1,0.9749028
1.0,1,0.78039634
1.0,1,0.94678336
0.0,0,0.08383217
1.0,1,0.9885121
0.0,0,0.024626346
1.0,1,0.94816625
1.0,1,0.67812693
0.0,0,0.056336723
1.0,1,0.97994184
0.0,0,0.06034339
1.0,1,0.9731568
1.0,1,0.9439609
0.0,0,0.21256195
0.0,0,0.054280438
0.0,0,0.012147364
1.0,1,0.8291446
1.0,1,0.8509084
1.0,1,0.9817758
0.0,0,0.035818633
0.0,1,0.82848006
0.0,0,0.05892397
0.0,0,0.0049417824
1.0,1,0.34580767
1.0,1,0.90322435
0.0,0,0.02306589
1.0,1,0.9319405
0.0,0,0.032887578
0.0,0,0.013799237
0.0,1,0.40023926
0.0,0,0.017962711
0.0,0,0.16394554
1.0,1,0.7590077
1.0,1,0.77032846
1.0,1,0.9737355
1.0,1,0.8558309
1.0,1,0.44133314
1.0,1,0.88785887
0.0,0,0.2043996
0.0,0,0.02206558
1.0,1,0.62107587
1.0,1,0.9027191
1.0,1,0.8516189
1.0,1,0.9457002
0.0,0,0.025940862
1.0,1,0.8120505
0.0,0,0.009378235
0.0,1,0.40106994
0.0,0,0.060844157
1.0,1,0.9144289
0.0,0,0.023723548
0.0,0,0.0039317645
1.0,1,0.9450688
1.0,1,0.9624674
0.0,0,0.054248232
0.0,0,0.030080682
0.0,0,0.22881931
1.0,1,0.5272269
0.0,0,0.011124924
0.0,0,0.031728424
1.0,1,0.8959482
1.0,1,0.8565552
1.0,1,0.30680445
0.0,0,0.20273885
0.0,0,0.024180569
0.0,0,0.0309348
1.0,1,0.9400239
1.0,1,0.43510696
1.0,1,0.9599734
1.0,1,0.34441018
0.0,0,0.00072598865
0.0,0,0.0033015306
1.0,1,0.62627345
0.0,1,0.39067098
0.0,0,0.0214098
0.0,0,0.013354807
1.0,1,0.73696625
1.0,1,0.42392862
0.0,0,0.035153776
0.0,0,0.00084536703
0.0,1,0.42683542
0.0,0,0.033681117
0.0,0,0.004223594
1.0,1,0.9317177
0.0,0,0.0052881446
0.0,0,0.048905272
1.0,0,0.2652341
1.0,1,0.34807625
1.0,1,0.83910775
1.0,1,0.978557
0.0,0,0.020530974
1.0,0,0.12405291
0.0,0,0.02047276
1.0,1,0.8364211
0.0,0,0.08353102
1.0,1,0.97332776
0.0,0,0.028165195
1.0,1,0.92158896
1.0,1,0.95491534
0.0,0,0.012748895
1.0,1,0.53853726
1.0,1,0.9756281
0.0,0,0.0002884972
0.0,0,0.02373436
0.0,0,0.01034841
1.0,1,0.6783942
0.0,0,0.022565426
0.0,0,0.08344825
1.0,1,0.84235126
0.0,0,0.00571772
0.0,0,0.11097608
0.0,0,0.044571325
0.0,0,0.13904075
0.0,0,0.0041953973
0.0,0,0.14255722
0.0,1,0.8828268
0.0,0,0.08928131
0.0,0,0.08999108
1.0,1,0.84611756
1.0,1,0.54637265
0.0,0,0.12627715
0.0,0,0.025996296
0.0,0,0.25743043
0.0,0,0.03472396
0.0,0,0.019301852
0.0,0,0.026240002
0.0,0,0.014811039
0.0,0,0.011973069
1.0,1,0.97012377
1.0,1,0.7942469
0.0,0,0.024667844
0.0,0,0.024162274
0.0,0,0.02010615
1.0,1,0.83924073
0.0,0,0.00034303628
1.0,1,0.38562572
1.0,1,0.7925887
1.0,1,0.8789197
0.0,0,0.24346659
1.0,1,0.93443567
0.0,0,0.00064594165
1.0,1,0.6883626
0.0,0,0.020152604
0.0,0,0.1448795
0.0,1,0.49992117
0.0,0,0.03520194
0.0,0,0.028460262
1.0,1,0.92884827
1.0,1,0.44785285
1.0,1,0.7553238
1.0,1,0.9817428
0.0,0,0.02099014
1.0,1,0.9738221
1.0,1,0.7686726
0.0,0,0.02893529
1.0,1,0.96878195
1.0,1,0.7743084
0.0,1,0.5773289
0.0,0,0.16596729
1.0,1,0.4390064
0.0,0,0.03610437
0.0,0,0.052635636
0.0,0,0.0071183275
0.0,1,0.32843557
0.0,0,0.016129376
0.0,0,0.028654044
1.0,1,0.9834229
1.0,1,0.8695985
1.0,1,0.524333
0.0,1,0.4475874
1.0,1,0.9808872
1.0,1,0.770027
0.0,1,0.5991102
1.0,1,0.9435242
0.0,0,0.0755213
1.0,1,0.9794991
0.0,1,0.41367096
1.0,1,0.86347264
1.0,1,0.7619464
1.0,1,0.9159556
0.0,0,0.14102806
0.0,0,0.0019482485
0.0,0,0.026218299
0.0,0,0.0074759866
1.0,1,0.9579653
0.0,0,0.03714198
0.0,1,0.30302006
1.0,1,0.9615852
1.0,1,0.94113964
0.0,1,0.32933784
1.0,1,0.9446052
1.0,1,0.9473107
0.0,0,0.019297332
0.0,0,0.056222923
0.0,0,0.009293626
1.0,1,0.6390306
1.0,1,0.7637695
1.0,1,0.65602744
0.0,1,0.32124045
1.0,1,0.98633766
0.0,0,0.07336307
1.0,1,0.7473246
0.0,0,0.079796635
0.0,0,0.072162345
0.0,0,0.018287688
1.0,1,0.6850888
1.0,1,0.91413665
1.0,1,0.52129436
1.0,1,0.984984
0.0,0,0.031074213
1.0,1,0.94753766
1.0,1,0.71610653
0.0,0,0.033090804
0.0,1,0.41897073
1.0,1,0.30710563
1.0,1,0.92166877
0.0,0,0.020547666
0.0,0,0.13699521
1.0,1,0.8733352
0.0,1,0.2927715
1.0,1,0.6767544
0.0,0,0.022001449
1.0,1,0.89962596
1.0,1,0.9817977
1.0,1,0.5729122
0.0,0,0.03471191
1.0,1,0.71455383
1.0,1,0.85256994
1.0,1,0.97867215
0.0,0,0.15296263
1.0,1,0.9857135
0.0,0,0.10937359
0.0,0,0.2095347
0.0,0,0.019253157
1.0,1,0.91910404
0.0,1,0.4341101
0.0,0,0.022872137
0.0,0,0.010292906
1.0,1,0.98401344
0.0,0,0.016239328
1.0,1,0.42769855
1.0,1,0.8368083
0.0,0,0.13756086
1.0,1,0.7130418
0.0,0,0.014912954
0.0,0,0.06082281
1.0,1,0.8474759
1.0,1,0.5665042
0.0,0,0.009155229
0.0,0,0.0021667646
0.0,0,0.009534168
0.0,1,0.42677942
0.0,0,0.0008768447
0.0,0,0.122949004
0.0,0,0.01679173
0.0,0,0.016921535
1.0,0,0.06884045
1.0,1,0.8037008
1.0,0,0.21597984
1.0,1,0.80895025
1.0,1,0.98333305
1.0,1,0.97377974
1.0,1,0.6179652
1.0,1,0.6687001
1.0,1,0.9725195
0.0,0,0.014272526
0.0,0,0.074356765
1.0,1,0.7443093
0.0,0,0.002993505
0.0,0,0.025623571
1.0,1,0.931071
1.0,1,0.98614633
1.0,0,0.14084384
0.0,0,0.015429253
0.0,0,0.010788562
1.0,1,0.89352596
0.0,0,0.033066776
0.0,1,0.27039066
1.0,1,0.8974596
1.0,1,0.29533282
1.0,1,0.67377645
0.0,0,0.0027015784
0.0,0,0.15204811
0.0,0,0.04810562
0.0,0,0.013550059
0.0,0,0.0052139047
1.0,1,0.9634243
0.0,0,0.022707105
1.0,1,0.6226934
0.0,0,0.032574773
1.0,1,0.5687341
1.0,1,0.8592903
1.0,1,0.9727313
0.0,1,0.82434934
1.0,1,0.6881976
0.0,0,0.0067420728
0.0,0,0.0477042
1.0,1,0.93106425
1.0,1,0.70800984
1.0,1,0.7879764
0.0,0,0.03892035
1.0,1,0.74895376
1.0,1,0.30668
1.0,1,0.71367234
0.0,0,0.025972232
1.0,1,0.97976696
1.0,1,0.7641708
1.0,1,0.63650084
0.0,0,0.024330117
0.0,0,0.0697264
1.0,1,0.77575535
0.0,1,0.4666891
1.0,1,0.849883
1.0,0,0.24004146
1.0,1,0.6498523
0.0,0,0.0056896824
1.0,1,0.7719829
1.0,1,0.9794675
1.0,1,0.6739531
0.0,1,0.33452144
0.0,0,0.053788174
0.0,1,0.47113964
1.0,1,0.4163716
0.0,0,0.0024408891
1.0,1,0.634821
0.0,0,0.020195903
0.0,0,0.113022305
0.0,0,0.068573
1.0,1,0.98202974
0.0,0,0.21317185
1.0,1,0.711341
0.0,0,0.019822635
1.0,1,0.975029
1.0,1,0.97771907
1.0,1,0.92171764
0.0,0,0.012886363
1.0,1,0.9719371
1.0,1,0.9770475
1.0,1,0.7983283
1.0,1,0.85267794
0.0,0,0.028962046
0.0,0,0.03608378
1.0,1,0.70045245
0.0,0,0.008240507
0.0,0,0.046009388
0.0,0,0.031555265
1.0,1,0.5970681
0.0,0,0.0115372725
1.0,1,0.8503248
0.0,0,0.010913907
1.0,1,0.78717655
0.0,0,0.01742101
0.0,0,0.19142833
1.0,1,0.880109
1.0,1,0.94160044
1.0,1,0.77248424
1.0,1,0.95250607
0.0,0,0.002161536
0.0,0,0.017528426
0.0,0,0.02769933
1.0,1,0.9669421
1.0,1,0.8306189
1.0,1,0.48154297
1.0,1,0.98824614
1.0,1,0.8210329
0.0,0,0.08623939
0.0,1,0.32881758
1.0,1,0.89728063
1.0,1,0.98376185
0.0,0,0.04313267
0.0,0,0.0129509205
0.0,0,0.020956354
1.0,1,0.9316166
0.0,0,0.02748166
0.0,1,0.39122072
0.0,0,0.026482886
0.0,0,0.032683175
1.0,1,0.6207057
1.0,1,0.87530226
0.0,0,0.012290357
1.0,1,0.96316695
1.0,1,0.9841913
0.0,0,0.00257002
1.0,1,0.98193544
0.0,0,0.045321375
1.0,1,0.96988046
0.0,0,0.018900225
0.0,0,0.023115272
0.0,1,0.44637343
1.0,1,0.9705696
0.0,0,0.054378644
0.0,0,0.048495382
0.0,0,0.03710946
0.0,0,0.264493
1.0,1,0.9367019
1.0,1,0.8809064
0.0,0,0.24566376
0.0,0,0.0007716884
0.0,0,0.015718035
0.0,0,0.005516701
0.0,0,0.028100256
0.0,0,0.093779534
1.0,1,0.7530582
0.0,0,0.11636328
1.0,1,0.6778692
1.0,1,0.9482764
1.0,1,0.9705339
0.0,0,0.010538748
0.0,0,0.008816041
1.0,1,0.54308414
0.0,0,0.03787938
1.0,1,0.97059953
0.0,0,0.0041716443
1.0,1,0.37489626
1.0,0,0.2183786
0.0,0,0.038838267
0.0,1,0.44826457
1.0,1,0.96129495
0.0,0,0.03300599
0.0,1,0.6768314
1.0,1,0.97819966
1.0,1,0.8961042
1.0,1,0.7840649
1.0,1,0.6135614
1.0,1,0.95513415
1.0,1,0.97059685
1.0,1,0.8932168
1.0,1,0.7559772
1.0,1,0.4575765
0.0,1,0.7025445
1.0,1,0.54285276
0.0,0,0.019962953
1.0,1,0.48915115
0.0,0,0.02004305
1.0,1,0.98479503
1.0,1,0.97991526
0.0,0,0.24470581
1.0,1,0.9685199
1.0,1,0.93260336
1.0,0,0.23274
1.0,1,0.94509107
1.0,1,0.8183012
0.0,0,0.005293179
1.0,1,0.9804
0.0,1,0.5323007
0.0,0,0.16638562
0.0,0,0.018654643
0.0,0,0.010611992
0.0,1,0.4420035
1.0,1,0.5325353
1.0,1,0.92577267
0.0,0,0.01748566
0.0,0,0.03240272
0.0,0,0.024811452
1.0,1,0.90840113
0.0,0,0.04807729
0.0,0,0.027206214
1.0,1,0.77126133
1.0,1,0.9848509
0.0,0,0.002950765
1.0,1,0.68291
1.0,1,0.7254214
1.0,1,0.86074483
1.0,0,0.19091934
0.0,0,0.03687655
1.0,1,0.9833737
1.0,1,0.7212026
0.0,0,0.00969471
0.0,0,0.02511209
0.0,0,0.26644018
1.0,1,0.6210749
0.0,0,0.0056620347
0.0,1,0.46697184
0.0,0,0.0066881417
1.0,1,0.9609129
0.0,0,0.011496136
0.0,0,0.0057556634
1.0,1,0.76205415
0.0,0,0.034340158
0.0,0,0.029644953
0.0,0,0.22681984
0.0,1,0.8251723
1.0,1,0.54536927
0.0,1,0.41864258
1.0,1,0.610654
1.0,1,0.9454071
0.0,0,0.024094045
0.0,0,0.041580897
0.0,1,0.49335065
1.0,1,0.8964709
1.0,1,0.6263264
0.0,0,0.13892253
1.0,1,0.57938766
1.0,1,0.9051983
0.0,0,0.07684454
0.0,0,0.11668603
1.0,1,0.6393854
0.0,0,0.011673024
1.0,1,0.9646934
1.0,1,0.49119744
0.0,0,0.1568077
1.0,1,0.947433
1.0,1,0.91918176
1.0,1,0.75495934
1.0,1,0.9109941
0.0,0,0.0033131228
0.0,0,0.042157862
1.0,1,0.9439061
0.0,1,0.9422891
1.0,1,0.93562484
1.0,1,0.8734083
0.0,0,0.003943402
1.0,1,0.7314713
1.0,1,0.8911754
1.0,1,0.9578741
0.0,0,0.007920897
1.0,1,0.96970737
0.0,1,0.55451506
1.0,1,0.55273956
0.0,0,0.08369459
0.0,0,0.031757977
1.0,1,0.8699874
1.0,1,0.6235635
0.0,0,0.022245428
0.0,0,0.007927607
1.0,1,0.98658866
0.0,0,0.04988381
1.0,1,0.6587008
1.0,1,0.38561282
1.0,1,0.63534796
1.0,1,0.9740763
0.0,0,0.054270647
1.0,1,0.4640423
0.0,0,0.019102871
1.0,1,0.64432985
1.0,1,0.94906276
0.0,0,0.023679242
1.0,1,0.65322024
1.0,1,0.32385746
1.0,1,0.7576412
1.0,1,0.9276797
0.0,1,0.27142987
1.0,1,0.49546745
0.0,0,0.14856744
0.0,1,0.7339959
1.0,1,0.78103405
0.0,0,0.22526957
1.0,1,0.9401003
0.0,0,0.032154817
0.0,1,0.51890457
1.0,0,0.2517474
1.0,1,0.9712768
0.0,0,0.008808465
0.0,0,0.0064061144
0.0,0,0.008616578
0.0,0,0.0108973
1.0,1,0.55506027
1.0,1,0.8747592
1.0,1,0.9791618
0.0,0,0.025352202
1.0,1,0.9330481
1.0,1,0.42729163
0.0,0,0.031560827
0.0,0,0.021674177
1.0,1,0.9718233
0.0,0,0.0058369585
0.0,0,0.019855956
1.0,1,0.98475665
1.0,1,0.97729987
0.0,0,0.00829548
1.0,1,0.96390724
0.0,0,0.03798041
0.0,1,0.7205839
1.0,0,0.16076164
0.0,0,0.06958046
0.0,0,0.027924413
1.0,1,0.7667849
0.0,0,0.006460388
1.0,1,0.9831949
0.0,0,0.0071227103
0.0,0,0.0013188822
1.0,1,0.7208221
1.0,1,0.98292696
1.0,1,0.98036265
1.0,1,0.8895345
0.0,0,0.005557591
0.0,0,0.13993064
1.0,1,0.98614496
0.0,0,0.045184657
0.0,0,0.0046765595
1.0,1,0.81722194
0.0,0,0.016575709
1.0,1,0.7100444
1.0,1,0.9493517
0.0,1,0.4301525
0.0,1,0.27447635
1.0,1,0.8497608
1.0,1,0.9901896
0.0,0,0.07618009
0.0,1,0.8353118
0.0,0,0.009992558
0.0,0,0.023319475
1.0,1,0.9834673
0.0,1,0.86855626
1.0,1,0.78552663
0.0,0,0.03434103
1.0,1,0.97242767
0.0,0,0.18275753
1.0,1,0.31150594
0.0,0,0.02596931
1.0,1,0.6335192
1.0,0,0.22292422
1.0,1,0.31122717
0.0,0,0.012050447
0.0,0,0.07544197
1.0,1,0.9541325
1.0,1,0.9836728
1.0,1,0.6982708
1.0,1,0.93594176
0.0,1,0.9796973
1.0,1,0.9552042
1.0,1,0.86052793
0.0,0,0.0022022733
1.0,1,0.8478538
0.0,0,0.00079049513
0.0,0,0.12859859
1.0,1,0.5833305
1.0,1,0.96939224
1.0,1,0.9437829
1.0,1,0.7816454
1.0,1,0.9869412
0.0,0,0.027799422
0.0,0,0.18273345
0.0,0,0.0016456632
1.0,1,0.9648939
1.0,1,0.88118184
0.0,0,0.046490844
1.0,1,0.6298448
0.0,0,0.005460157
0.0,0,0.0017963577
1.0,1,0.8738433
0.0,0,0.04770058
0.0,0,0.017368028
0.0,0,0.025477368
0.0,0,0.13303563
0.0,0,0.011457219
0.0,0,0.008722641
0.0,0,0.03699964
0.0,0,0.021214763
0.0,0,0.040935732
0.0,0,0.006430171
0.0,0,0.023041757
1.0,1,0.9627241
0.0,0,0.0013330019
1.0,1,0.979533
0.0,0,0.018149367
0.0,0,0.010720998
0.0,0,0.06691039
0.0,0,0.0158129
1.0,1,0.9427651
1.0,1,0.9745194
0.0,0,0.028780095
0.0,0,0.06505783
1.0,1,0.30132478
0.0,0,0.0042612622
0.0,0,0.025277093
1.0,1,0.9743388
0.0,0,0.0069513354
1.0,1,0.96799755
1.0,1,0.86850476
0.0,0,0.021505764
1.0,1,0.6925584
1.0,0,0.11920754
1.0,1,0.79776967
1.0,1,0.9376341
0.0,0,0.06699931
1.0,1,0.9759221
1.0,1,0.6005728
1.0,1,0.98465204
1.0,1,0.5091966
0.0,0,0.026663102
0.0,0,0.063242875
0.0,0,0.018458154
1.0,1,0.9610128
1.0,1,0.44334173
1.0,1,0.5339686
1.0,0,0.14880727
1.0,0,0.11511054
1.0,1,0.9562233
0.0,0,0.12622349
1.0,1,0.7283598
0.0,0,0.019250767
0.0,0,0.008169211
0.0,0,0.033354465
1.0,0,0.071681574
1.0,1,0.9799328
1.0,1,0.9124412
1.0,1,0.74081695
0.0,0,0.03402965
0.0,0,0.13757698
1.0,1,0.92207605
0.0,0,0.009993436
1.0,1,0.9713125
1.0,0,0.2091605
1.0,1,0.90710294
1.0,1,0.88058424
1.0,1,0.83418113
0.0,0,0.04034025
1.0,1,0.6369145
0.0,0,0.17712992
1.0,1,0.82872236
0.0,0,0.0088502355
1.0,1,0.6099427
1.0,1,0.95818305
1.0,1,0.9816153
0.0,0,0.14248434
1.0,1,0.9854603
1.0,0,0.22543597
1.0,0,0.13853863
1.0,1,0.97737443
1.0,1,0.7244796
1.0,1,0.3452608
1.0,1,0.5753418
1.0,1,0.958717
0.0,1,0.63926667
0.0,0,0.052902643
0.0,0,0.030288512
0.0,0,0.010978173
0.0,0,0.1926852
1.0,1,0.88782847
1.0,1,0.9848248
1.0,1,0.9498102
1.0,1,0.9698853
1.0,1,0.64838123
0.0,0,0.046836473
0.0,0,0.03386346
1.0,1,0.8933626
1.0,1,0.7514164
0.0,0,0.008702013
1.0,1,0.9739238
0.0,0,0.15804978
0.0,0,0.018229261
0.0,1,0.68733454
1.0,1,0.98379004
0.0,0,0.262671
1.0,1,0.8979606
1.0,1,0.3839463
1.0,1,0.9185181
0.0,0,0.023640007
0.0,0,0.009305968
0.0,0,0.011034714
1.0,1,0.40324357
0.0,0,0.013372362
1.0,1,0.37907454
1.0,1,0.9613467
0.0,0,0.0028108482
0.0,0,0.008983093
0.0,0,0.008320998
0.0,1,0.7346672
1.0,1,0.8830832
1.0,1,0.74929404
1.0,1,0.7489611
1.0,1,0.9582312
0.0,0,0.013803444
1.0,1,0.8227627
1.0,1,0.98106974
0.0,1,0.97254765
1.0,0,0.10272357
0.0,1,0.5932945
1.0,1,0.85365856
0.0,1,0.86412245
1.0,1,0.39550957
1.0,0,0.19554713
1.0,1,0.6341468
0.0,0,0.1353068
1.0,1,0.9452489
1.0,1,0.982141
1.0,1,0.38433143
0.0,1,0.6649567
1.0,1,0.8648138
0.0,1,0.53146386
0.0,0,0.09766079
0.0,0,0.022445183
1.0,1,0.9633953
1.0,1,0.9028044
1.0,1,0.80078065
0.0,0,0.01632019
1.0,1,0.97536975
0.0,0,0.027144974
0.0,1,0.4231593
1.0,1,0.98230237
1.0,1,0.3287275
1.0,1,0.82840633
0.0,0,0.0110643525
0.0,1,0.9572669
0.0,0,0.0036562213
1.0,1,0.60039806
0.0,0,0.12840776
0.0,0,0.1368387
1.0,1,0.9763869
0.0,0,0.23281181
0.0,1,0.39029717
1.0,1,0.95861554
0.0,0,0.15738088
1.0,1,0.97384435
0.0,0,0.04736302
0.0,0,0.0047766273
0.0,0,0.15801968
1.0,1,0.95725006
0.0,0,0.022589788
1.0,1,0.59978193
1.0,1,0.8114517
0.0,0,0.0795064
1.0,1,0.47050002
1.0,1,0.8907589
0.0,0,0.2388326
0.0,0,0.05751036
1.0,1,0.5973524
0.0,0,0.0020285693
1.0,1,0.4957246
0.0,0,0.18157235
1.0,1,0.7552319
1.0,1,0.8975543
0.0,0,0.001902764
0.0,0,0.013648884
1.0,1,0.92344487
0.0,0,0.016133796
1.0,1,0.9387706
1.0,1,0.96556294
0.0,0,0.046973083
1.0,1,0.5141683
1.0,1,0.85281104
1.0,1,0.8363552
0.0,1,0.33514675
0.0,0,0.01352051
1.0,1,0.9560664
1.0,1,0.98717624
1.0,1,0.75166446
0.0,1,0.53731215
1.0,1,0.9538845
0.0,0,0.09407511
0.0,0,0.110120006
1.0,1,0.93206793
0.0,0,0.013558507
0.0,0,0.0035485395
1.0,1,0.8398323
0.0,0,0.015188607
0.0,0,0.051674206
1.0,1,0.9645342
0.0,0,0.14889267
1.0,1,0.55483603
1.0,1,0.9242738
0.0,1,0.64171004
1.0,1,0.3851694
0.0,1,0.41970903
0.0,0,0.08277653
0.0,0,0.08371332
0.0,0,0.065768495
1.0,1,0.91791093
0.0,0,0.10451743
0.0,1,0.84394646
1.0,1,0.8820472
0.0,0,0.006660003
0.0,0,0.04404755
1.0,1,0.74924767
1.0,1,0.88782936
0.0,1,0.27477977
0.0,0,0.005710709
0.0,0,0.22751915
0.0,0,0.14581406
1.0,1,0.9807481
1.0,1,0.710997
1.0,1,0.45446765
1.0,1,0.57485193
1.0,1,0.9784884
0.0,0,0.1038307
0.0,0,0.15188013
0.0,0,0.044044416
1.0,1,0.9765265
0.0,0,0.0050725043
0.0,0,0.011298905
1.0,1,0.88262945
0.0,0,0.012446159
1.0,1,0.9803583
1.0,1,0.8961139
0.0,0,0.03314268
1.0,1,0.9839881
0.0,0,0.034646805
1.0,1,0.83981156
1.0,1,0.687465
1.0,1,0.9262522
0.0,0,0.023828823
1.0,1,0.5282849
0.0,0,0.01949602
1.0,1,0.73293644
1.0,1,0.3967401
1.0,1,0.7639245
0.0,0,0.012983163
1.0,1,0.89242566
1.0,1,0.78889805
1.0,1,0.69816417
0.0,1,0.34807298
0.0,0,0.05148645
1.0,1,0.64662147
0.0,0,0.017868392
1.0,1,0.94185245
0.0,0,0.06038667
1.0,1,0.9073984
0.0,0,0.03415997
0.0,0,0.020047734
0.0,1,0.40092874
1.0,0,0.14616972
0.0,0,0.02048796
1.0,1,0.9612799
0.0,0,0.027851557
0.0,0,0.009955925
1.0,1,0.8767412
1.0,1,0.9323501
1.0,1,0.8666291
0.0,1,0.30807507
0.0,1,0.35771817
0.0,0,0.02540464
0.0,0,0.20823382
1.0,1,0.47709936
1.0,1,0.61983836
1.0,1,0.6170769
0.0,0,0.001899485
1.0,1,0.9250939
1.0,1,0.82278323
1.0,1,0.9767756
1.0,1,0.98552996
0.0,0,0.018548895
0.0,0,0.051024526
1.0,1,0.5966042
1.0,1,0.9800528
0.0,0,0.034956355
1.0,1,0.78653425
0.0,0,0.0040739975
1.0,1,0.9693394
0.0,0,0.036256485
1.0,1,0.63470995
1.0,1,0.97505313
1.0,1,0.98549545
0.0,0,0.034591094
0.0,0,0.08274208
0.0,1,0.60890263
1.0,1,0.97374475
1.0,1,0.98093677
0.0,0,0.0057259346
1.0,1,0.97099054
0.0,0,0.19024368
1.0,1,0.8698179
1.0,1,0.7375229
0.0,0,0.054743145
0.0,0,0.035737112
1.0,1,0.94697016
1.0,1,0.98659015
1.0,1,0.58961976
1.0,1,0.8380634
0.0,0,0.0074763163
0.0,0,0.009415115
0.0,0,0.052378897
1.0,1,0.942887
0.0,0,0.13505247
1.0,1,0.73348105
1.0,0,0.14980055
1.0,1,0.9387319
0.0,0,0.023229238
0.0,0,0.017146885
1.0,1,0.97424597
0.0,0,0.05182534
0.0,0,0.043573715
1.0,1,0.96958494
0.0,0,0.024121137
1.0,1,0.61223006
0.0,0,0.009503345
0.0,0,0.027207198
1.0,1,0.6049665
0.0,0,0.038189035
1.0,1,0.9842663
0.0,0,0.022495108
0.0,0,0.0109172175
1.0,1,0.43313387
1.0,1,0.9523905
1.0,1,0.97159773
1.0,1,0.88755643
0.0,0,0.0026511226
0.0,0,0.004588082
0.0,1,0.32237917
0.0,0,0.22355717
0.0,1,0.3476206
1.0,1,0.8111915
1.0,1,0.98066366
0.0,0,0.04753726
0.0,1,0.48068666
1.0,1,0.9083361
0.0,0,0.12982029
1.0,1,0.8468077
1.0,1,0.8452974
1.0,1,0.9442681
0.0,0,0.027392292
0.0,0,0.007822148
0.0,0,0.013778455
0.0,1,0.38970745
1.0,1,0.7377149
0.0,1,0.8353989
0.0,0,0.02331646
0.0,0,0.056165777
1.0,1,0.7435581
0.0,0,0.18702713
0.0,0,0.053788174
0.0,0,0.009294839
1.0,1,0.81027746
1.0,1,0.62241936
1.0,1,0.86281204
1.0,1,0.9425718
0.0,0,0.0029187212
0.0,0,0.029857652
1.0,1,0.6502297
0.0,0,0.17650282
1.0,1,0.8970116
0.0,0,0.03490643
1.0,0,0.15176615
1.0,1,0.627406
0.0,0,0.08203392
0.0,0,0.028435664
0.0,0,0.06261301
0.0,0,0.011034817
1.0,1,0.89988196
0.0,1,0.35967487
1.0,0,0.103687406
1.0,1,0.6548441
1.0,0,0.17990611
0.0,0,0.004147116
1.0,1,0.7700684
1.0,1,0.95081824
0.0,0,0.0064700334
0.0,0,0.006711332
1.0,1,0.97708297
0.0,1,0.8775476
1.0,1,0.96129686
1.0,1,0.98141956
1.0,1,0.75281286
1.0,1,0.972524
1.0,1,0.9841175
0.0,0,0.048563495
1.0,1,0.6471405
1.0,1,0.57946646
0.0,0,0.006487962
1.0,1,0.48140618
1.0,1,0.9769953
0.0,0,0.062017392
0.0,0,0.012820888
1.0,1,0.9277676
1.0,1,0.90852815
1.0,1,0.96939284
0.0,0,0.02551965
0.0,0,0.2399084
1.0,1,0.56035966
0.0,0,0.006925101
0.0,0,0.013775721
1.0,1,0.7313664
0.0,0,0.020565445
0.0,0,0.016129103
1.0,1,0.7268734
1.0,1,0.97488
1.0,1,0.9023851
1.0,1,0.8796868
1.0,1,0.83883524
0.0,0,0.050024226
1.0,1,0.98234576
0.0,0,0.015974624
1.0,1,0.9857597
1.0,1,0.90803283
0.0,1,0.5911733
1.0,1,0.45343024
1.0,1,0.8538957
0.0,0,0.0023472
1.0,1,0.88048047
0.0,0,0.079519324
0.0,0,0.10968447
0.0,0,0.045132134
1.0,1,0.87706566
0.0,0,0.013937486
0.0,0,0.017060343
1.0,1,0.43623248
1.0,1,0.9050038
0.0,0,0.0038532254
1.0,1,0.9732254
1.0,1,0.6888908
1.0,1,0.9760116
1.0,0,0.21319956
1.0,1,0.7813033
0.0,0,0.03479738
0.0,0,0.023284437
0.0,0,0.15962715
0.0,0,0.012980828
0.0,0,0.045176446
0.0,0,0.012989403
0.0,0,0.001448419
0.0,1,0.2771689
0.0,0,0.1513741
1.0,1,0.7300123
0.0,0,0.044967253
0.0,1,0.33789694
0.0,1,0.49525487
0.0,0,0.026303537
1.0,1,0.74306506
0.0,0,0.022752568
0.0,0,0.115911454
0.0,1,0.68200326
0.0,0,0.06105409
0.0,0,0.021720758
0.0,0,0.098567866
0.0,0,0.008960453
1.0,0,0.053999655
0.0,0,0.12898031
0.0,0,0.028921142
1.0,1,0.6875459
1.0,1,0.9729775
0.0,0,0.013462194
1.0,1,0.9714784
1.0,1,0.7677321
1.0,1,0.9600996
1.0,1,0.88274044
1.0,1,0.8960649
0.0,0,0.0058842315
1.0,1,0.9854481
1.0,1,0.72214174
1.0,1,0.65600824
1.0,1,0.96172106
1.0,1,0.94541883
1.0,1,0.953724
1.0,1,0.9470995
0.0,0,0.018763212
0.0,0,0.037752517
0.0,0,0.18243207
1.0,1,0.9221793
0.0,0,0.03463294
0.0,0,0.022256931
1.0,1,0.5247127
1.0,1,0.82794726
1.0,1,0.98109066
1.0,1,0.9689707
0.0,0,0.035794564
1.0,1,0.9721354
0.0,0,0.0035822832
1.0,1,0.9323383
1.0,1,0.5930047
0.0,0,0.055122938
0.0,0,0.049157783
0.0,0,0.019365482
1.0,1,0.96436983
1.0,0,0.26918975
1.0,1,0.714579
0.0,1,0.36525708
0.0,0,0.020079713
0.0,0,0.04567895
0.0,0,0.0538355
0.0,0,0.23533082
1.0,1,0.895501
1.0,1,0.9851773
0.0,0,0.050684188
1.0,1,0.6734849
0.0,1,0.47397384
1.0,1,0.7228385
0.0,0,0.0141601665
0.0,0,0.062170155
0.0,0,0.028686617
0.0,1,0.75269645
1.0,1,0.6697977
1.0,1,0.9671829
0.0,0,0.019546118
1.0,1,0.38908255
1.0,1,0.54349196
0.0,0,0.017672239
0.0,0,0.012679506
0.0,1,0.34775442
1.0,1,0.88574404
1.0,1,0.60182333
1.0,1,0.9452884
1.0,1,0.5622427
1.0,1,0.89800406
1.0,1,0.6477059
1.0,1,0.98828906
1.0,1,0.98340195
1.0,1,0.60490525
0.0,0,0.009593183
1.0,1,0.9268123
1.0,1,0.9614277
1.0,1,0.826161
0.0,0,0.010040243
0.0,0,0.22681868
0.0,0,0.007592611
1.0,1,0.96060544
1.0,1,0.8423585
0.0,0,0.013668067
1.0,1,0.80201024
0.0,0,0.031172417
0.0,0,0.038888782
1.0,1,0.98412234
0.0,0,0.0787685
0.0,0,0.0980408
0.0,0,0.037075315
1.0,1,0.9503977
0.0,0,0.010920467
0.0,0,0.029958993
0.0,0,0.09193809
1.0,1,0.89885616
1.0,1,0.96925503
0.0,1,0.5102362
0.0,0,0.025430573
0.0,0,0.043363433
1.0,1,0.4441155
1.0,1,0.9827345
0.0,0,0.204395
0.0,1,0.5267855
1.0,0,0.26575437
1.0,1,0.95173985
0.0,0,0.019506946
0.0,0,0.019068226
1.0,1,0.9547258
0.0,0,0.031261943
0.0,0,0.043187767
1.0,1,0.82016975
1.0,1,0.9848323
1.0,1,0.7784979
1.0,1,0.9558405
1.0,1,0.8386009
1.0,1,0.98461276
1.0,1,0.9657557
0.0,0,0.005147764
0.0,0,0.01872756
0.0,0,0.028452089
0.0,0,0.01712334
0.0,0,0.25493136
0.0,0,0.0061763194
0.0,0,0.01084525
1.0,1,0.7399483
1.0,1,0.95725614
1.0,1,0.458422
1.0,1,0.8717478
1.0,1,0.9811668
1.0,1,0.6542407
0.0,0,0.030189805
0.0,1,0.3952633
1.0,1,0.8736384
1.0,1,0.7788749
0.0,1,0.5103269
0.0,0,0.04539663
1.0,0,0.20593141
1.0,1,0.8010123
0.0,1,0.6187868
1.0,1,0.80441976
0.0,0,0.0032915834
0.0,0,0.096293315
0.0,0,0.05263342
0.0,0,0.009957485
1.0,1,0.8278977
1.0,1,0.95363295
1.0,1,0.9325133
1.0,1,0.9642033
1.0,1,0.96954787
0.0,0,0.012550497
0.0,0,0.038132437
1.0,1,0.9798291
1.0,1,0.50201595
0.0,0,0.006912213
1.0,1,0.9371376
0.0,0,0.005061783
1.0,1,0.9844549
0.0,0,0.040491555
0.0,0,0.12882026
0.0,0,0.10475436
1.0,1,0.8283774
0.0,0,0.009747789
0.0,0,0.018228525
0.0,1,0.2757506
0.0,0,0.01763126
1.0,1,0.7348341
1.0,1,0.86643255
1.0,1,0.8951489
1.0,0,0.15108147
0.0,0,0.03391547
0.0,0,0.116557166
1.0,1,0.75169885
0.0,0,0.00083653093
0.0,0,0.001420527
1.0,1,0.76778924
0.0,0,0.0076615997
1.0,1,0.29255685
0.0,0,0.22979221
0.0,0,0.010688363
1.0,1,0.98609257
0.0,0,0.012663392
0.0,0,0.061440203
1.0,1,0.95199955
0.0,0,0.0053432207
1.0,1,0.5966909
0.0,0,0.19920397
0.0,0,0.007488108
0.0,0,0.008387433
1.0,1,0.8490876
0.0,0,0.019596947
1.0,1,0.6683929
1.0,1,0.9770255
0.0,0,0.055345032
1.0,1,0.81518227
1.0,1,0.50701857
0.0,1,0.45024425
1.0,1,0.93164134
1.0,1,0.92160064
0.0,0,0.26659152
1.0,1,0.886105
1.0,1,0.9058699
0.0,0,0.012636409
0.0,1,0.74077165
0.0,1,0.3771723
1.0,1,0.96846944
0.0,0,0.090034395
0.0,1,0.35783273
1.0,1,0.9379328
0.0,0,0.031793267
0.0,1,0.27128386
0.0,0,0.036625117
0.0,1,0.35755765
1.0,1,0.77872247
0.0,1,0.4350251
1.0,1,0.9002548
1.0,1,0.9106023
1.0,1,0.9502866
1.0,1,0.98611486
1.0,1,0.980848
0.0,0,0.012798119
0.0,0,0.038413547
0.0,0,0.008423828
1.0,1,0.9348099
1.0,1,0.9021977
0.0,0,0.027296307
1.0,1,0.86984646
0.0,0,0.010880577
1.0,1,0.98090804
0.0,0,0.021818124
0.0,0,0.02126443
1.0,1,0.8155158
1.0,1,0.97627455
0.0,0,0.009430755
1.0,1,0.50373536
1.0,1,0.9550995
0.0,0,0.016025838
1.0,1,0.98478985
0.0,0,0.007037116
1.0,1,0.9665645
1.0,1,0.92418647
0.0,0,0.048661232
1.0,1,0.9711904
1.0,1,0.9475675
1.0,1,0.7108769
1.0,1,0.5541473
0.0,1,0.30815798
1.0,1,0.78733784
0.0,1,0.8218646
0.0,0,0.019433605
1.0,1,0.3355979
1.0,1,0.9483235
1.0,1,0.901016
1.0,1,0.78211737
0.0,0,0.05241839
1.0,0,0.04188421
1.0,1,0.562564
1.0,1,0.56760097
0.0,0,0.15211499
1.0,1,0.37085629
1.0,1,0.79592824
1.0,1,0.9164675
0.0,1,0.96868044
0.0,0,0.122067206
0.0,1,0.35005048
1.0,1,0.97805285
1.0,1,0.9614378
1.0,1,0.9444268
0.0,0,0.03211735
0.0,0,0.0641355
1.0,0,0.23847231
0.0,0,0.042529326
1.0,1,0.48708925
1.0,1,0.3790955
0.0,0,0.018939115
1.0,1,0.9652732
0.0,0,0.25433943
1.0,1,0.83742756
0.0,0,0.13805269
0.0,0,0.012471239
0.0,0,0.056018528
0.0,0,0.006004273
1.0,1,0.73755586
1.0,1,0.84972346
1.0,1,0.7959429
1.0,1,0.5796154
0.0,0,0.03802515
1.0,1,0.98074204
1.0,1,0.9564323
0.0,0,0.026669808
0.0,0,0.03962297
1.0,1,0.94023997
1.0,1,0.9777045
1.0,1,0.7105272
1.0,1,0.97607994
1.0,1,0.42507178
1.0,1,0.9724256
0.0,0,0.013363964
1.0,1,0.28030914
0.0,0,0.046409987
0.0,1,0.2946286
0.0,0,0.01967973
1.0,1,0.7760871
0.0,0,0.22355062
0.0,0,0.041208386
1.0,1,0.82954174
0.0,0,0.025859682
1.0,1,0.9293899
0.0,0,0.001661748
1.0,1,0.6724489
1.0,1,0.7632508
0.0,0,0.019318964
1.0,1,0.5844127
1.0,1,0.97248465
0.0,0,0.0032887452
0.0,0,0.04920601
1.0,0,0.013717699
1.0,1,0.6875338
0.0,0,0.2694738
1.0,1,0.8279595
1.0,1,0.86724937
0.0,0,0.003037769
0.0,0,0.026671
1.0,1,0.9675928
0.0,0,0.006113071
1.0,1,0.9346708
0.0,0,0.050615683
1.0,1,0.97007865
1.0,1,0.9837511
0.0,0,0.18572165
1.0,1,0.87468934
0.0,1,0.42717883
0.0,0,0.004906328
1.0,1,0.9275041
0.0,0,0.026648404
0.0,0,0.040952224
0.0,0,0.004791371
0.0,0,0.032510787
0.0,0,0.0011762707
0.0,0,0.038062204
0.0,0,0.12418128
0.0,0,0.0029855135
1.0,1,0.95028955
0.0,0,0.02770712
0.0,0,0.0072647342
0.0,0,0.0034013155
0.0,0,0.015438035
0.0,0,0.034195248
0.0,0,0.018976398
0.0,0,0.018818453
0.0,0,0.020159768
1.0,1,0.983443
1.0,1,0.5834863
0.0,0,0.035131853
1.0,1,0.79947966
0.0,0,0.048898242
1.0,1,0.92996466
1.0,1,0.64893866
0.0,0,0.040802617
0.0,0,0.02075239
0.0,0,0.008391318
1.0,1,0.93159854
1.0,1,0.8580164
1.0,0,0.030742705
1.0,1,0.94024646
0.0,0,0.021307763
0.0,1,0.96289957
1.0,1,0.96736693
1.0,1,0.9048817
1.0,1,0.9892538
1.0,1,0.41183603
1.0,1,0.98307043
1.0,1,0.70454884
0.0,0,0.07515389
1.0,0,0.18519545
0.0,0,0.1777497
0.0,0,0.054293852
1.0,1,0.47882605
1.0,0,0.1293113
0.0,0,0.012490081
0.0,0,0.040765606
0.0,1,0.8839811
1.0,1,0.838822
0.0,0,0.09899731
1.0,1,0.9565521
0.0,0,0.0074366853
0.0,0,0.0048834174
0.0,0,0.116010725
1.0,1,0.961471
0.0,0,0.032639883
1.0,1,0.8074275
1.0,1,0.9765434
1.0,1,0.8741475
0.0,0,0.028239882
1.0,1,0.9618602
0.0,0,0.037358586
1.0,1,0.9869282
0.0,0,0.03212246
0.0,0,0.0015430718
1.0,1,0.9852538
0.0,0,0.016103305
0.0,0,0.001619399
0.0,0,0.013341581
1.0,1,0.9417682
0.0,0,0.040972613
1.0,1,0.840362
1.0,0,0.016594958
1.0,1,0.95897436
1.0,1,0.9751173
0.0,0,0.033313297
0.0,0,0.028457731
1.0,1,0.9816707
0.0,0,0.009893219
1.0,1,0.9765797
0.0,0,0.044166204
0.0,0,0.025143716
0.0,0,0.0027839374
1.0,1,0.8491028
0.0,0,0.020258317
1.0,1,0.97169036
1.0,0,0.062448427
1.0,1,0.9015254
1.0,1,0.96640944
1.0,1,0.89995337
0.0,0,0.025163097
1.0,1,0.60570765
1.0,1,0.95448184
1.0,1,0.77384096
1.0,1,0.9677886
1.0,1,0.47215587
0.0,1,0.39849675
0.0,0,0.022577288
1.0,1,0.87553555
0.0,0,0.011601758
0.0,0,0.20426801
1.0,0,0.21699244
0.0,0,0.0143960565
1.0,1,0.88565063
0.0,0,0.002178933
1.0,1,0.29744154
0.0,0,0.02581324
0.0,0,0.005354058
1.0,1,0.39913663
0.0,0,0.0064235358
0.0,1,0.31123587
1.0,1,0.971801
0.0,0,0.0017097219
1.0,1,0.95894724
1.0,1,0.9495828
0.0,0,0.038952228
0.0,0,0.20827053
0.0,0,0.028009623
0.0,0,0.034416717
1.0,1,0.8715249
0.0,0,0.24686812
0.0,0,0.030919606
1.0,1,0.709482
1.0,1,0.8905322
0.0,0,0.030767549
0.0,0,0.09564345
0.0,1,0.36168787
1.0,1,0.98101467
0.0,0,0.038951892
0.0,1,0.33408996
0.0,1,0.8326205
0.0,0,0.13695249
0.0,0,0.029053332
0.0,0,0.0053032483
0.0,0,0.031327445
1.0,1,0.97327197
0.0,0,0.029387373
0.0,0,0.012421632
1.0,1,0.9382332
1.0,0,0.028395912
1.0,1,0.7865423
0.0,0,0.24355172
0.0,0,0.053516578
0.0,0,0.0033481964
1.0,1,0.9812417
1.0,1,0.43178242
1.0,1,0.8099111
1.0,1,0.7760761
1.0,1,0.9723874
1.0,1,0.9793438
1.0,1,0.9842746
1.0,1,0.44507614
0.0,0,0.03506232
0.0,0,0.025757298
0.0,0,0.047915414
0.0,0,0.10507802
0.0,0,0.0059746974
1.0,1,0.88547206
0.0,0,0.004471603
1.0,1,0.940472
1.0,1,0.72699654
1.0,1,0.96318036
1.0,1,0.95847285
1.0,1,0.8302642
1.0,1,0.6035774
0.0,0,0.0218756
0.0,0,0.04409339
0.0,0,0.16029541
0.0,0,0.03702372
1.0,1,0.98396504
1.0,1,0.7952394
0.0,0,0.0027477238
0.0,0,0.012130537
0.0,0,0.041107222
1.0,1,0.90723145
0.0,0,0.01933301
0.0,0,0.025029382
0.0,0,0.04372827
0.0,1,0.27879348
0.0,0,0.04959447
1.0,0,0.095608875
1.0,1,0.9692374
0.0,0,0.011013088
0.0,0,0.012081727
0.0,1,0.7260885
0.0,0,0.015169846
1.0,1,0.98370516
1.0,1,0.44617078
1.0,1,0.6935367
0.0,0,0.10609409
0.0,0,0.07111646
1.0,1,0.924256
0.0,0,0.18287812
1.0,1,0.57672083
1.0,1,0.7559652
1.0,1,0.9855541
0.0,0,0.027532255
1.0,1,0.58986557
0.0,0,0.015895937
1.0,1,0.628658
1.0,0,0.08425852
1.0,1,0.80902296
1.0,1,0.97349066
1.0,1,0.4996266
1.0,1,0.928323
0.0,0,0.011583619
1.0,1,0.976639
1.0,1,0.93982464
1.0,1,0.75215447
1.0,1,0.5542828
1.0,1,0.71714556
1.0,1,0.68020993
1.0,0,0.20677662
0.0,0,0.048860468
1.0,1,0.9860795
0.0,0,0.0034598242
1.0,1,0.98002
1.0,1,0.81717235
0.0,0,0.011948831
1.0,1,0.97403204
1.0,1,0.45552218
1.0,1,0.93255323
1.0,1,0.875096
0.0,0,0.007579716
0.0,0,0.010807962
1.0,1,0.66163754
1.0,1,0.79534864
0.0,0,0.10231591
1.0,1,0.98042774
0.0,0,0.039348572
0.0,0,0.003437158
1.0,1,0.358362
0.0,0,0.045488488
0.0,0,0.025385745
1.0,1,0.9652825
1.0,0,0.0074266046
1.0,1,0.5202023
1.0,1,0.87978286
1.0,1,0.9830689
1.0,1,0.5205335
0.0,0,0.024464495
1.0,1,0.91530764
0.0,0,0.0071519455
0.0,0,0.044491675
1.0,1,0.6927482
1.0,1,0.7732683
1.0,1,0.9808419
1.0,1,0.9817039
0.0,1,0.34181944
0.0,0,0.017480968
0.0,0,0.030802093
1.0,1,0.9788468
0.0,0,0.013783756
1.0,1,0.6929829
0.0,1,0.30081916
1.0,1,0.72226405
0.0,0,0.03478242
0.0,0,0.04557872
0.0,1,0.61131454
1.0,1,0.98370445
0.0,0,0.17644444
0.0,0,0.01242369
1.0,1,0.9695368
0.0,0,0.0029658591
0.0,0,0.04103768
0.0,0,0.024102112
1.0,1,0.8801414
1.0,1,0.8636431
0.0,0,0.029404446
0.0,0,0.0061461176
1.0,1,0.8326414
0.0,0,0.2589788
1.0,1,0.9224266
1.0,1,0.8292026
0.0,0,0.0023578159
0.0,0,0.0024991257
1.0,1,0.93186635
1.0,1,0.9561267
1.0,1,0.6548882
0.0,0,0.026344152
0.0,0,0.16306801
0.0,0,0.0039214375
0.0,0,0.007942193
0.0,0,0.02494027
1.0,1,0.990163
0.0,0,0.03244894
1.0,1,0.7208939
1.0,1,0.57091206
1.0,1,0.933461
0.0,0,0.084768
1.0,0,0.24667172
1.0,1,0.5878037
0.0,1,0.7052995
1.0,0,0.24418166
1.0,0,0.21970412
0.0,0,0.20578825
0.0,0,0.019236786
0.0,0,0.062421408
0.0,0,0.0027206503
0.0,0,0.0014619138
1.0,1,0.7466655
0.0,0,0.010226754
1.0,1,0.9326858
1.0,1,0.5988239
1.0,1,0.7071953
0.0,0,0.038467396
1.0,1,0.941942
0.0,0,0.12399508
0.0,0,0.00730691
0.0,0,0.03793878
0.0,0,0.0020643105
1.0,0,0.20930453
0.0,0,0.019393869
1.0,1,0.97036594
1.0,1,0.84361786
1.0,1,0.8945687
1.0,1,0.38426703
1.0,1,0.39266062
1.0,1,0.49705175
0.0,0,0.0018207844
1.0,1,0.82918257
0.0,0,0.030855205
0.0,0,0.047888275
0.0,1,0.48326463
0.0,1,0.38978693
0.0,1,0.97727
1.0,1,0.95975286
0.0,0,0.058739223
1.0,1,0.8041725
1.0,1,0.9653261
0.0,0,0.031896535
0.0,0,0.00640736
1.0,1,0.9113777
0.0,0,0.17622148
0.0,0,0.011993714
0.0,0,0.025635755
1.0,1,0.3848481
1.0,1,0.7362753
0.0,0,0.22887124
1.0,1,0.37735903
1.0,1,0.98475355
1.0,1,0.97352374
0.0,0,0.009262515
0.0,1,0.28989413
1.0,0,0.21298546
0.0,0,0.026187288
0.0,0,0.010869811
0.0,0,0.042580247
1.0,1,0.8986518
0.0,1,0.5556911
0.0,0,0.015824597
0.0,0,0.017729862
1.0,1,0.94859105
1.0,1,0.5099844
1.0,1,0.5873789
0.0,1,0.9213823
1.0,1,0.40556124
1.0,1,0.92879206
0.0,0,0.04298344
0.0,0,0.0015441683
1.0,1,0.7300352
1.0,0,0.06928816
0.0,0,0.035561603
1.0,1,0.98541266
0.0,0,0.04902698
0.0,1,0.34199807
0.0,0,0.027891831
1.0,1,0.4502875
1.0,1,0.964147
0.0,1,0.67586386
0.0,0,0.056071177
1.0,1,0.8259217
0.0,0,0.01811321
0.0,0,0.054724436
1.0,1,0.48661083
0.0,0,0.004028462
0.0,0,0.0075960034
1.0,1,0.73364997
0.0,0,0.0022998606
0.0,0,0.008727524
0.0,1,0.7869894
0.0,0,0.07568342
1.0,1,0.5692427
1.0,1,0.95574045
1.0,0,0.26609036
0.0,1,0.78147876
1.0,1,0.9727312
0.0,0,0.017995818
0.0,0,0.0068673505
1.0,1,0.96954864
0.0,1,0.42280385
0.0,1,0.39534396
0.0,1,0.27142742
1.0,1,0.31677237
0.0,0,0.02247834
1.0,1,0.7461326
0.0,0,0.021229655
0.0,0,0.05572384
0.0,0,0.19402048
0.0,0,0.013452419
0.0,0,0.038553588
0.0,0,0.009653166
0.0,0,0.007691301
1.0,1,0.97365785
1.0,1,0.8783303
1.0,1,0.9803112
0.0,0,0.019801559
1.0,0,0.15281981
1.0,1,0.8326844
0.0,1,0.46754614
1.0,1,0.34809372
1.0,1,0.7363242
1.0,0,0.14766054
0.0,0,0.10503481
1.0,1,0.9875451
1.0,1,0.9280064
0.0,1,0.47733384
0.0,0,0.17266378
0.0,0,0.1021312
0.0,0,0.02409204
1.0,1,0.9828177
1.0,1,0.6309358
1.0,1,0.98377126
1.0,1,0.7725555
0.0,0,0.04410358
1.0,1,0.45358652
0.0,1,0.68317354
1.0,1,0.86311185
1.0,1,0.824849
0.0,0,0.05250408
1.0,1,0.8072375
0.0,0,0.019841705
0.0,1,0.8006279
1.0,1,0.75783473
1.0,1,0.8840664
1.0,1,0.8583566
1.0,1,0.8927635
1.0,1,0.9731009
1.0,1,0.955018
1.0,1,0.64676976
0.0,0,0.013851358
0.0,1,0.31107974
1.0,1,0.8890354
0.0,0,0.12711453
1.0,1,0.9792857
1.0,1,0.55362576
1.0,1,0.89286304
1.0,1,0.9246931
0.0,1,0.4648259
1.0,1,0.9631751
1.0,1,0.44396853
0.0,0,0.013834811
0.0,0,0.050983127
0.0,0,0.015488523
1.0,1,0.98772025
0.0,0,0.0029749917
0.0,0,0.0044623157
1.0,1,0.79171383
1.0,1,0.7098711
1.0,1,0.84943765
1.0,1,0.77846324
1.0,1,0.8716994
0.0,0,0.0016765614
1.0,1,0.8868708
1.0,1,0.9809746
0.0,0,0.041564986
0.0,0,0.0012143442
1.0,0,0.14257224
1.0,1,0.53127503
0.0,0,0.008820458
0.0,0,0.041779973
0.0,0,0.0044496506
1.0,1,0.8284072
1.0,1,0.9528203
1.0,1,0.9811445
0.0,0,0.07810359
0.0,0,0.0026271488
1.0,1,0.7973827
1.0,1,0.5526197
0.0,0,0.05196583
1.0,0,0.18526164
0.0,0,0.0076036383
1.0,1,0.6164901
1.0,1,0.5052965
0.0,0,0.036101863
0.0,0,0.011583957
0.0,0,0.04332176
1.0,1,0.5349308
0.0,0,0.0067797517
1.0,1,0.6097357
1.0,1,0.34619477
1.0,1,0.9762387
1.0,1,0.9606374
1.0,1,0.98337924
0.0,1,0.94319385
1.0,1,0.9150587
1.0,1,0.89336467
0.0,1,0.52561766
1.0,1,0.97696066
0.0,0,0.0058095427
1.0,1,0.6663497
1.0,1,0.971501
0.0,1,0.28630018
1.0,1,0.97531176
1.0,1,0.40890843
0.0,0,0.0029989418
0.0,0,0.07238437
1.0,1,0.97024214
1.0,1,0.64449346
1.0,1,0.9793481
0.0,0,0.1460972
0.0,0,0.1677924
0.0,0,0.011660537
0.0,0,0.01616877
0.0,0,0.06316971
0.0,0,0.008183469
1.0,1,0.9664722
1.0,1,0.9328632
1.0,1,0.9859373
1.0,1,0.6234944
0.0,0,0.097739294
1.0,1,0.5914401
0.0,0,0.005834186
1.0,1,0.97004706
1.0,1,0.9650223
0.0,0,0.1915843
0.0,0,0.18273373
0.0,0,0.0143855335
1.0,0,0.15108825
0.0,0,0.03355362
0.0,1,0.30849808
1.0,1,0.4757679
0.0,0,0.025254505
0.0,0,0.0012381008
1.0,1,0.9855175
1.0,1,0.8261523
0.0,0,0.009228455
1.0,1,0.8436198
1.0,0,0.08313109
1.0,1,0.97498417
1.0,1,0.53535664
1.0,1,0.97415495
0.0,0,0.013524104
1.0,1,0.9516359
1.0,1,0.764082
0.0,0,0.02696169
1.0,1,0.81589913
0.0,0,0.13203461
1.0,1,0.9208664
0.0,0,0.13863538
1.0,1,0.9391342
1.0,1,0.7778232
1.0,1,0.82905895
1.0,1,0.62494195
1.0,1,0.93980944
1.0,1,0.97695917
1.0,1,0.82041144
0.0,0,0.025382012
0.0,0,0.022588853
0.0,1,0.38358763
1.0,1,0.9731128
1.0,1,0.8124567
1.0,1,0.9746929
0.0,0,0.037251815
0.0,0,0.013181349
1.0,1,0.58522856
0.0,0,0.018325377
1.0,0,0.24669772
0.0,0,0.02015677
0.0,0,0.004455269
0.0,0,0.18488356
0.0,0,0.01285099
0.0,0,0.030782541
0.0,1,0.48530215
1.0,1,0.42040056
1.0,1,0.66892815
1.0,0,0.046653707
0.0,0,0.00635479
1.0,1,0.938199
1.0,1,0.84428227
1.0,0,0.25675735
0.0,0,0.11879194
0.0,0,0.007213786
1.0,1,0.7797735
0.0,0,0.029293785
0.0,0,0.050378744
1.0,1,0.87965965
0.0,0,0.007307256
0.0,0,0.041131966
0.0,0,0.052729875
1.0,1,0.98146236
0.0,0,0.03391937
0.0,0,0.03491399
1.0,1,0.90907776
0.0,0,0.03489232
1.0,1,0.84523857
1.0,1,0.9712483
0.0,0,0.18552622
0.0,0,0.021848215
0.0,0,0.029351678
1.0,1,0.9765913
1.0,1,0.86685747
1.0,1,0.9713524
0.0,0,0.13628887
1.0,1,0.7444103
0.0,0,0.0035693978
1.0,1,0.97651166
1.0,1,0.9766111
0.0,1,0.30997956
0.0,0,0.0072605982
1.0,1,0.44996983
1.0,1,0.96366566
0.0,0,0.003937737
0.0,0,0.16565418
0.0,0,0.020102223
0.0,0,0.027675293
1.0,1,0.56653905
0.0,1,0.82112455
1.0,1,0.9782361
0.0,0,0.0032208136
0.0,0,0.008151077
1.0,1,0.41319898
0.0,1,0.49503204
0.0,0,0.026759636
1.0,1,0.9824552
0.0,1,0.558471
0.0,0,0.034335025
1.0,1,0.8577763
0.0,0,0.012847754
1.0,1,0.9566889
1.0,1,0.71809524
1.0,1,0.79570043
1.0,1,0.9777628
0.0,0,0.007619129
1.0,1,0.97833997
0.0,0,0.06013136
0.0,0,0.03562848
1.0,1,0.97913116
0.0,0,0.029651433
1.0,1,0.77627856
0.0,0,0.05861602
1.0,1,0.79403174
1.0,0,0.1103683
0.0,0,0.031493023
0.0,0,0.008988427
0.0,0,0.051068116
0.0,0,0.21836817
1.0,1,0.30307245
0.0,0,0.13603501
0.0,0,0.012523685
1.0,1,0.9405224
0.0,1,0.30255294
1.0,1,0.48410603
1.0,1,0.7802474
0.0,0,0.109111436
1.0,1,0.96677464
1.0,1,0.9170156
0.0,0,0.008571173
1.0,1,0.67714626
1.0,1,0.9530834
0.0,0,0.020560408
0.0,0,0.016531238
1.0,1,0.93580395
0.0,0,0.015862176
0.0,0,0.03505435
1.0,1,0.96407306
0.0,0,0.094915606
0.0,0,0.20435098
1.0,1,0.9110555
0.0,0,0.032545988
0.0,0,0.11246369
1.0,1,0.8348968
0.0,0,0.047233403
0.0,0,0.0015850924
0.0,0,0.026568528
0.0,0,0.036080234
1.0,1,0.7955575
1.0,1,0.9522856
1.0,1,0.77008873
1.0,1,0.9815682
0.0,0,0.0045995624
0.0,0,0.034753118
1.0,1,0.9911319
0.0,1,0.6171099
0.0,0,0.23896024
1.0,0,0.2446883
1.0,1,0.84375334
0.0,0,0.003945092
0.0,0,0.01851701
0.0,0,0.021611752
0.0,1,0.31969368
1.0,1,0.5472481
0.0,1,0.52293754
1.0,1,0.932176
0.0,0,0.103730716
1.0,1,0.9718669
1.0,1,0.9373823
0.0,0,0.013785832
0.0,1,0.54645
1.0,0,0.1602286
0.0,1,0.7120766
0.0,0,0.009675195
0.0,1,0.64275885
1.0,1,0.9826321
0.0,0,0.0370711
0.0,1,0.36196333
0.0,0,0.036829602
1.0,1,0.984669
1.0,1,0.87274075
1.0,1,0.9720034
0.0,0,0.009937485
1.0,1,0.7830511
0.0,0,0.021002607
0.0,1,0.28962776
1.0,1,0.5603579
0.0,0,0.032545175
1.0,1,0.77715683
0.0,0,0.24798524
0.0,0,0.06416044
0.0,1,0.59392583
0.0,0,0.010496385
0.0,0,0.13451616
1.0,1,0.76155365
1.0,1,0.59907275
0.0,0,0.007803459
1.0,1,0.91547525
1.0,1,0.7571047
1.0,1,0.9771163
0.0,0,0.014629693
0.0,0,0.0995686
0.0,0,0.014928077
1.0,1,0.6159545
0.0,0,0.022688132
0.0,0,0.010404878
1.0,1,0.84626794
1.0,1,0.8899035
1.0,1,0.8842678
1.0,1,0.8429607
0.0,0,0.049648326
0.0,0,0.025967743
1.0,1,0.9273376
0.0,0,0.02082758
1.0,1,0.74599624
1.0,1,0.92574334
1.0,1,0.88958895
1.0,1,0.52272797
0.0,0,0.02092701
1.0,1,0.90730953
0.0,0,0.014572509
1.0,1,0.72163427
0.0,1,0.5287032
0.0,0,0.016283968
1.0,1,0.9051937
1.0,1,0.8754085
1.0,0,0.17107628
0.0,0,0.026801046
0.0,0,0.16072372
1.0,1,0.6892307
1.0,1,0.9523739
0.0,0,0.05281997
0.0,0,0.00825975
0.0,1,0.639605
0.0,1,0.33640915
1.0,1,0.90978587
1.0,1,0.9707414
0.0,0,0.04480547
0.0,0,0.26911393
1.0,1,0.783115
1.0,1,0.9710517
1.0,0,0.19492838
0.0,0,0.14072487
0.0,0,0.010645528
0.0,0,0.03348661
0.0,0,0.037999336
1.0,1,0.7435206
0.0,0,0.2004726
1.0,1,0.7466577
1.0,1,0.84817195
0.0,0,0.12336958
1.0,1,0.6988883
1.0,1,0.9340795
1.0,1,0.60875475
0.0,0,0.20593317
0.0,0,0.16417474
1.0,1,0.91116494
0.0,0,0.07310155
1.0,1,0.45073208
1.0,1,0.728444
1.0,1,0.9097914
1.0,1,0.70144254
0.0,0,0.0009820323
0.0,0,0.0032993942
1.0,0,0.1561092
1.0,1,0.9713805
1.0,1,0.98428684
0.0,0,0.044117395
1.0,1,0.94646907
0.0,1,0.95547646
1.0,1,0.98771983
0.0,0,0.02826528
1.0,1,0.33321655
1.0,1,0.4554283
1.0,1,0.8588174
1.0,1,0.7686292
0.0,0,0.020195583
0.0,0,0.004079267
1.0,1,0.979842
1.0,1,0.93160254
0.0,1,0.28212517
1.0,1,0.7955611
1.0,1,0.9616673
1.0,1,0.3310173
1.0,1,0.98501945
1.0,1,0.96164423
1.0,1,0.8670864
0.0,0,0.050520625
1.0,1,0.6288769
1.0,1,0.9718451
0.0,0,0.00898367
0.0,0,0.025187062
1.0,1,0.98139143
0.0,0,0.14731452
1.0,1,0.89391685
1.0,1,0.752993
1.0,1,0.58310425
0.0,0,0.019722478
0.0,0,0.00763991
1.0,1,0.8551216
1.0,1,0.49173534
1.0,1,0.89324933
0.0,0,0.2566901
1.0,1,0.40254876
1.0,1,0.9072077
0.0,0,0.047565736
0.0,0,0.024265373
1.0,1,0.55947644
0.0,0,0.0051747086
0.0,0,0.02104867
1.0,1,0.40943262
1.0,1,0.9278102
1.0,1,0.8841365
1.0,1,0.9661963
0.0,0,0.13990314
0.0,0,0.01909933
1.0,1,0.91254354
0.0,0,0.0020611864
0.0,1,0.3232493
1.0,1,0.9333473
1.0,1,0.82240295
0.0,0,0.037409518
0.0,0,0.032182
0.0,0,0.18298534
0.0,1,0.35933712
1.0,1,0.96399355
1.0,0,0.26902902
0.0,0,0.009046367
1.0,1,0.39427432
0.0,0,0.025421925
1.0,1,0.8187041
0.0,0,0.011960603
0.0,0,0.1357012
1.0,1,0.9363643
1.0,1,0.799049
0.0,0,0.018034926
0.0,0,0.005086768
1.0,1,0.9685039
0.0,0,0.011632793
0.0,1,0.52123547
1.0,1,0.96427923
1.0,1,0.7524569
0.0,0,0.15846613
0.0,0,0.051540643
1.0,1,0.8675336
0.0,0,0.05707803
0.0,1,0.86375856
1.0,1,0.44767264
1.0,1,0.6521229
0.0,0,0.2280579
1.0,1,0.9670731
1.0,1,0.62884384
1.0,1,0.33054563
1.0,1,0.9524208
0.0,0,0.011100699
0.0,0,0.0198074
0.0,0,0.02110462
1.0,1,0.9455592
0.0,0,0.006937235
0.0,0,0.012572392
0.0,1,0.6686951
0.0,0,0.047722947
0.0,0,0.02678569
0.0,0,0.07995463
0.0,0,0.032615755
0.0,0,0.01830859
1.0,1,0.3811436
1.0,1,0.9523609
1.0,1,0.97145045
1.0,1,0.8040234
1.0,1,0.3492031
1.0,1,0.6590953
1.0,0,0.22538437
1.0,1,0.9737339
1.0,1,0.98470765
0.0,0,0.008383275
0.0,0,0.21049438
1.0,1,0.9302684
1.0,1,0.5348923
0.0,0,0.008611085
1.0,0,0.12000771
1.0,1,0.91242117
0.0,0,0.015563829
0.0,0,0.09742345
0.0,0,0.039820805
1.0,1,0.28202116
1.0,1,0.6099818
0.0,0,0.02108526
0.0,1,0.4719475
1.0,1,0.89349425
0.0,1,0.301087
0.0,0,0.12266642
0.0,0,0.016219929
1.0,1,0.9328573
0.0,0,0.008200093
1.0,1,0.77224374
0.0,0,0.0012765173
0.0,0,0.047428824
1.0,1,0.7297932
1.0,0,0.032482073
0.0,0,0.12907583
0.0,0,0.016786275
0.0,0,0.059048798
1.0,1,0.90163076
0.0,0,0.019742584
1.0,1,0.6189345
1.0,1,0.9656162
1.0,1,0.9716006
0.0,1,0.6533666
0.0,0,0.016953459
0.0,0,0.027921248
0.0,0,0.16534236
1.0,1,0.8253278
1.0,1,0.9884278
1.0,1,0.9726278
0.0,1,0.3849801
1.0,1,0.97896385
0.0,0,0.039778184
0.0,0,0.01235644
0.0,0,0.03290557
1.0,1,0.88973844
1.0,1,0.97918475
0.0,0,0.019865204
0.0,1,0.7290767
0.0,0,0.04684779
1.0,1,0.9833069
0.0,0,0.028677184
1.0,1,0.87217224
1.0,1,0.3597946
1.0,1,0.9737591
1.0,0,0.259885
0.0,0,0.03354392
0.0,0,0.12498808
0.0,0,0.0055974154
1.0,1,0.9708757
1.0,1,0.9700628
1.0,1,0.3416049
0.0,1,0.9102883
0.0,0,0.011686444
1.0,1,0.6010052
1.0,1,0.69109684
1.0,1,0.8697947
1.0,1,0.9088467
1.0,1,0.9149385
0.0,0,0.020843962
0.0,0,0.0033896123
1.0,1,0.9088477
1.0,1,0.9537598
0.0,0,0.075371556
1.0,1,0.47241038
1.0,1,0.8155613
0.0,0,0.08615914
1.0,0,0.1617825
1.0,0,0.046983544
1.0,1,0.975702
1.0,1,0.983992
1.0,0,0.15035386
1.0,1,0.80591387
0.0,0,0.14865953
1.0,1,0.6944889
1.0,1,0.97467655
1.0,1,0.96288204
1.0,0,0.22281942
1.0,1,0.30091044
0.0,0,0.021273457
1.0,1,0.7295072
0.0,0,0.03379272
0.0,0,0.014693766
0.0,0,0.011020038
1.0,1,0.77841586
0.0,0,0.027754
0.0,0,0.17477871
0.0,1,0.5420772
0.0,0,0.08404934
0.0,0,0.04069572
1.0,1,0.77731806
1.0,1,0.78168726
0.0,1,0.3753359
0.0,0,0.1789947
1.0,1,0.34463733
1.0,1,0.9593287
1.0,1,0.7331488
1.0,1,0.6713389
0.0,1,0.82554644
1.0,1,0.91300964
0.0,0,0.0036994468
0.0,0,0.0037457854
0.0,0,0.24723524
0.0,0,0.01259391
0.0,0,0.07263917
0.0,0,0.02158998
1.0,1,0.70183915
1.0,1,0.93589795
1.0,1,0.9755447
0.0,0,0.01747255
0.0,0,0.11228399
1.0,1,0.8657641
1.0,1,0.8830005
1.0,1,0.9781421
1.0,1,0.8813471
0.0,0,0.013926814
1.0,1,0.95965177
1.0,1,0.96960664
0.0,0,0.20382987
1.0,1,0.96914005
1.0,1,0.95067817
1.0,1,0.9621395
1.0,1,0.70127714
0.0,0,0.13632293
1.0,1,0.9032564
1.0,1,0.7337342
0.0,0,0.0082680425
1.0,1,0.6463957
0.0,0,0.005054881
0.0,0,0.013582068
1.0,1,0.9637284
0.0,0,0.1891895
0.0,0,0.020708017
0.0,0,0.02925734
0.0,0,0.028998695
1.0,1,0.861684
0.0,0,0.0015148176
0.0,0,0.06511458
0.0,0,0.022243178
0.0,0,0.0022301818
1.0,1,0.7695334
0.0,0,0.014146049
0.0,0,0.015958471
0.0,0,0.011904786
1.0,1,0.78781044
1.0,1,0.39750236
1.0,1,0.967567
0.0,0,0.050448302
1.0,1,0.785802
1.0,1,0.71856534
0.0,1,0.7179159
0.0,1,0.29036978
1.0,1,0.9713947
0.0,0,0.00109512
0.0,1,0.7325465
0.0,0,0.020585004
0.0,0,0.20184153
1.0,1,0.6826125
0.0,0,0.07943046
0.0,0,0.17033058
1.0,1,0.9779757
1.0,1,0.97688603
1.0,1,0.9650475
1.0,1,0.9493986
0.0,0,0.023648446
0.0,0,0.0111513
1.0,1,0.8731319
1.0,0,0.18024111
0.0,1,0.92175055
1.0,1,0.96993417
0.0,0,0.00619552
1.0,1,0.650103
0.0,0,0.03588154
1.0,1,0.90393317
0.0,0,0.0067741126
1.0,1,0.74287164
0.0,0,0.01060394
0.0,0,0.030242845
0.0,0,0.011287809
0.0,0,0.061636373
0.0,0,0.03381902
1.0,1,0.93597656
1.0,1,0.6996745
0.0,0,0.07766798
1.0,0,0.18137653
0.0,0,0.10949877
1.0,1,0.9364337
1.0,1,0.91682196
0.0,0,0.02742189
1.0,0,0.14827804
1.0,1,0.88490176
1.0,1,0.96972024
0.0,0,0.11631671
0.0,0,0.0167118
0.0,0,0.05939627
1.0,1,0.9781137
0.0,0,0.008984278
1.0,1,0.9348673
1.0,1,0.9568018
0.0,0,0.23953597
1.0,1,0.9469278
1.0,1,0.9893372
1.0,1,0.70470285
1.0,1,0.46041188
1.0,1,0.8269854
0.0,0,0.0029992799
0.0,1,0.69077516
0.0,0,0.0021459276
0.0,0,0.016826697
0.0,0,0.015145466
0.0,0,0.0056461794
1.0,1,0.9808827
1.0,1,0.85302174
0.0,0,0.05993132
1.0,1,0.8792974
0.0,0,0.047280535
1.0,1,0.93829143
1.0,1,0.6316884
0.0,1,0.27951002
1.0,1,0.9122418
1.0,1,0.70768905
0.0,0,0.024512963
0.0,1,0.79278624
0.0,0,0.04781959
0.0,0,0.042871915
1.0,1,0.61024904
1.0,1,0.39208972
1.0,1,0.56187177
1.0,1,0.96608967
1.0,1,0.9557185
1.0,1,0.6252614
1.0,1,0.8778312
0.0,0,0.0300451
1.0,1,0.9087956
0.0,0,0.010400009
1.0,1,0.5866784
0.0,0,0.022268986
0.0,0,0.023550395
0.0,0,0.0428396
1.0,1,0.9581351
0.0,0,0.107451215
1.0,1,0.3096434
1.0,1,0.91231227
1.0,1,0.27373928
0.0,0,0.0027949123
0.0,1,0.81620467
0.0,0,0.029971093
1.0,1,0.55334914
0.0,1,0.33107305
1.0,1,0.7635916
1.0,1,0.27201566
0.0,0,0.009931514
0.0,0,0.06566368
1.0,1,0.9073777
1.0,1,0.93444407
0.0,0,0.033014476
0.0,0,0.002291268
0.0,0,0.0044814292
0.0,0,0.014222786
0.0,0,0.02343482
1.0,1,0.9616634
1.0,1,0.9772672
1.0,0,0.1770714
0.0,0,0.0256386
1.0,1,0.8862724
1.0,1,0.8730771
0.0,0,0.14465232
0.0,0,0.01921549
1.0,0,0.11505711
0.0,0,0.011619713
0.0,0,0.13303289
1.0,1,0.95696604
0.0,0,0.0094215125
1.0,1,0.9833743
1.0,1,0.35871416
1.0,1,0.7769296
0.0,0,0.008325437
0.0,0,0.0052999593
0.0,0,0.06941358
1.0,1,0.9737391
1.0,1,0.71847177
0.0,0,0.24808265
1.0,1,0.94970506
0.0,0,0.01771054
1.0,1,0.97270703
1.0,1,0.9811454
1.0,1,0.96317416
0.0,0,0.0683955
0.0,0,0.030439889
1.0,1,0.8433233
1.0,1,0.55728465
1.0,1,0.43593207
1.0,1,0.9739048
0.0,0,0.030847808
1.0,1,0.9751514
0.0,0,0.019457068
1.0,1,0.7376957
1.0,1,0.914393
1.0,1,0.81748915
1.0,1,0.641546
0.0,0,0.025943693
1.0,1,0.77723324
1.0,1,0.8506713
1.0,1,0.9804009
0.0,0,0.043100752
1.0,1,0.95189893
1.0,1,0.98489183
1.0,1,0.9798784
0.0,0,0.031223452
1.0,1,0.95301837
0.0,0,0.23320018
1.0,1,0.9804754
0.0,0,0.02769675
0.0,0,0.012860072
0.0,0,0.020690084
1.0,1,0.9145021
1.0,1,0.5541016
0.0,0,0.014015785
1.0,0,0.14155142
1.0,1,0.6679139
0.0,0,0.006718049
0.0,0,0.08003484
0.0,0,0.035520438
1.0,1,0.94207084
0.0,0,0.18715091
0.0,1,0.8864225
1.0,1,0.5761465
0.0,0,0.031438675
0.0,0,0.01369186
0.0,0,0.16621725
0.0,0,0.07268601
1.0,1,0.9638708
0.0,0,0.0075426786
1.0,1,0.9738606
0.0,0,0.0027740293
0.0,0,0.009281833
1.0,1,0.96560395
0.0,1,0.7458482
0.0,0,0.009334536
0.0,0,0.06626295
1.0,1,0.82738346
0.0,1,0.37284252
1.0,1,0.97037965
1.0,1,0.9814373
0.0,0,0.017359812
1.0,1,0.75939804
1.0,1,0.5486914
0.0,0,0.18447962
0.0,0,0.07649255
1.0,1,0.93736273
1.0,1,0.77823955
1.0,1,0.91561866
0.0,0,0.0006111165
0.0,0,0.10701424
0.0,0,0.041324914
0.0,0,0.031094093
0.0,0,0.019033037
1.0,1,0.7437775
1.0,1,0.97444403
0.0,1,0.3802588
0.0,0,0.01767631
0.0,0,0.0026407978
0.0,1,0.60853577
1.0,1,0.5770589
0.0,0,0.0041407696
0.0,0,0.15604855
1.0,1,0.6132133
0.0,0,0.067674726
1.0,1,0.7263665
0.0,1,0.7255473
1.0,1,0.8709631
0.0,0,0.08994886
1.0,1,0.9445344
1.0,1,0.98338026
1.0,1,0.84714776
0.0,0,0.05676055
0.0,0,0.2426694
0.0,1,0.45766845
0.0,0,0.03211137
1.0,1,0.7949388
0.0,0,0.011274469
0.0,0,0.015400745
1.0,1,0.93439555
0.0,0,0.05229941
1.0,1,0.9456594
1.0,1,0.97649056
1.0,1,0.9689575
1.0,1,0.9568077
1.0,1,0.73005265
0.0,0,0.028117971
0.0,0,0.018230984
1.0,1,0.95240885
0.0,0,0.0763786
1.0,1,0.7767775
0.0,0,0.08953262
1.0,1,0.6014931
1.0,1,0.27152964
0.0,0,0.006511129
1.0,1,0.93683934
1.0,1,0.93695366
0.0,0,0.12877697
1.0,1,0.98471165
1.0,1,0.8208636
1.0,1,0.38378266
1.0,1,0.97690207
0.0,0,0.04376766
1.0,1,0.7920218
0.0,0,0.019441865
1.0,1,0.9616809
0.0,0,0.032213934
0.0,0,0.027433174
0.0,0,0.037272986
0.0,0,0.039007805
1.0,1,0.862083
1.0,1,0.7523488
0.0,0,0.20899637
1.0,1,0.82566684
1.0,1,0.94826484
1.0,1,0.9210825
0.0,0,0.08784921
1.0,1,0.8775542
1.0,1,0.90357804
0.0,0,0.048476227
0.0,0,0.033108447
0.0,0,0.05593776
0.0,0,0.025682317
0.0,0,0.007977324
1.0,1,0.7872379
0.0,1,0.4104643
0.0,0,0.02726564
1.0,1,0.8369873
1.0,1,0.9814935
1.0,1,0.799121
1.0,1,0.85949886
1.0,1,0.9701987
1.0,1,0.7529136
1.0,1,0.9688365
0.0,0,0.046598118
1.0,1,0.76726174
1.0,1,0.79529285
0.0,0,0.031871308
1.0,1,0.2756778
1.0,1,0.9390448
1.0,1,0.9620211
0.0,0,0.02976738
0.0,0,0.031425558
0.0,0,0.24346526
0.0,1,0.6060561
0.0,0,0.007032386
0.0,0,0.025784915
1.0,1,0.810212
1.0,1,0.79426455
0.0,0,0.016518135
1.0,1,0.9176139
1.0,1,0.9694788
1.0,1,0.47306395
0.0,1,0.5842003
0.0,1,0.50316495
0.0,0,0.18908514
1.0,1,0.9122319
0.0,0,0.037938565
1.0,1,0.97353554
0.0,0,0.031957757
0.0,0,0.015002743
0.0,0,0.009587223
1.0,1,0.5849104
0.0,1,0.49081028
1.0,1,0.943959
1.0,0,0.21576047
0.0,0,0.012357551
0.0,0,0.0030517813
1.0,1,0.8132924
1.0,1,0.7957852
1.0,1,0.7818513
1.0,1,0.8730536
0.0,0,0.034706023
1.0,1,0.94774866
0.0,0,0.037862923
0.0,0,0.004860096
1.0,1,0.8980171
1.0,0,0.020500842
0.0,0,0.016083093
1.0,1,0.33005756
1.0,1,0.94808805
1.0,1,0.32770154
1.0,1,0.90037185
0.0,0,0.004563879
0.0,0,0.17191331
1.0,1,0.74494827
0.0,0,0.047663376
0.0,0,0.16553852
1.0,1,0.74732363
0.0,0,0.21529518
1.0,1,0.9639884
1.0,1,0.7951337
0.0,0,0.23112968
0.0,0,0.018297913
1.0,1,0.7022984
0.0,0,0.03282673
1.0,1,0.45947292
0.0,1,0.8609209
0.0,1,0.67896163
0.0,0,0.0030497916
1.0,1,0.98239255
1.0,1,0.9610908
1.0,1,0.98461574
0.0,0,0.010197527
1.0,1,0.6403688
1.0,1,0.5607333
1.0,1,0.91788304
1.0,1,0.8890779
0.0,0,0.015575077
1.0,1,0.588205
1.0,1,0.62910855
0.0,0,0.026822211
1.0,1,0.97859085
1.0,1,0.9740694
1.0,1,0.8254514
0.0,0,0.13538222
1.0,1,0.9453895
1.0,1,0.9673287
0.0,0,0.024987834
0.0,0,0.17355728
0.0,0,0.14828725
1.0,1,0.9620734
0.0,0,0.08583988
0.0,1,0.68398213
0.0,0,0.08509484
0.0,0,0.010189367
1.0,1,0.85800093
0.0,0,0.012124442
1.0,1,0.8027666
1.0,1,0.94817203
1.0,1,0.8343152
1.0,1,0.76124114
1.0,1,0.98209554
1.0,1,0.656137
0.0,0,0.011145943
1.0,0,0.24528432
0.0,0,0.06045266
0.0,0,0.08228259
1.0,1,0.58767956
1.0,1,0.96920574
0.0,0,0.002640469
1.0,1,0.64267486
1.0,1,0.7714669
1.0,1,0.9730697
1.0,1,0.978055
1.0,1,0.83836204
1.0,1,0.62669545
0.0,0,0.027102726
0.0,0,0.11131351
1.0,1,0.95627016
1.0,1,0.7595538
0.0,0,0.012661115
0.0,0,0.04490385
0.0,0,0.06971391
0.0,0,0.07850027
1.0,1,0.9527686
0.0,0,0.043934334
1.0,1,0.9087838
0.0,0,0.027374063
0.0,0,0.0117132785
1.0,1,0.91419816
1.0,1,0.95660114
0.0,1,0.60554284
1.0,1,0.9749709
1.0,1,0.9735447
0.0,0,0.006914572
0.0,0,0.01746335
1.0,1,0.985054
1.0,1,0.75099945
1.0,1,0.7534116
0.0,0,0.0072996016
0.0,0,0.06028766
1.0,1,0.9164436
0.0,0,0.00564303
1.0,1,0.57184863
0.0,0,0.008547062
0.0,0,0.03518815
1.0,1,0.9365891
1.0,1,0.9848576
0.0,0,0.030513704
1.0,1,0.77527195
0.0,0,0.016414752
1.0,1,0.44443747
1.0,1,0.707852
0.0,0,0.008905494
0.0,0,0.112951346
0.0,0,0.21088503
0.0,0,0.0033767566
1.0,1,0.8519589
1.0,1,0.9517795
1.0,1,0.87199825
0.0,0,0.04269454
0.0,0,0.008741304
0.0,0,0.021220552
1.0,1,0.7988948
0.0,0,0.051602952
0.0,0,0.022397941
0.0,0,0.026749069
0.0,0,0.009968337
0.0,0,0.009396313
0.0,0,0.0152312685
0.0,0,0.013871812
1.0,1,0.9331381
1.0,1,0.8698472
0.0,0,0.0033606992
0.0,0,0.005266538
1.0,1,0.9732453
1.0,0,0.19258079
0.0,0,0.016667979
1.0,1,0.7938462
1.0,1,0.7847483
1.0,1,0.84882176
0.0,0,0.027061408
1.0,1,0.55033845
1.0,1,0.9129151
0.0,0,0.01647098
0.0,0,0.005440534
0.0,1,0.29172203
0.0,0,0.038903758
0.0,0,0.0072244485
0.0,0,0.024114145
1.0,1,0.71202993
1.0,1,0.8542415
0.0,0,0.025726454
0.0,0,0.0013194967
0.0,0,0.008199232
1.0,1,0.92560846
1.0,1,0.7958063
0.0,0,0.122547776
0.0,0,0.014427768
0.0,0,0.12610886
0.0,0,0.0024203188
0.0,0,0.032820538
0.0,0,0.11138988
1.0,1,0.9687947
1.0,1,0.91607565
0.0,1,0.38538414
1.0,1,0.9586254
1.0,1,0.7812271
1.0,1,0.97043836
0.0,1,0.336514
0.0,0,0.17547369
1.0,1,0.92710614
0.0,0,0.04814745
1.0,1,0.856109
1.0,1,0.51856977
1.0,1,0.86463964
1.0,1,0.7010896
1.0,1,0.8937446
1.0,1,0.7631884
1.0,1,0.97889864
0.0,0,0.0062214336
1.0,1,0.8033169
1.0,1,0.9545856
0.0,0,0.028138138
0.0,0,0.060309496
0.0,0,0.11852116
0.0,0,0.058102686
0.0,1,0.30332202
1.0,1,0.72962207
0.0,0,0.01638244
0.0,0,0.0059275758
1.0,1,0.5220645
0.0,0,0.022810262
0.0,0,0.007750438
1.0,1,0.75655156
1.0,1,0.92382616
1.0,1,0.9861275
1.0,1,0.9723327
1.0,1,0.9250112
0.0,0,0.016019342
1.0,1,0.9683339
1.0,1,0.9196662
1.0,1,0.94142616
1.0,1,0.9826063
1.0,1,0.6005626
0.0,0,0.021728888
1.0,1,0.97143424
0.0,0,0.045278065
1.0,1,0.7365793
0.0,0,0.017413693
1.0,1,0.8129748
0.0,0,0.053056624
1.0,1,0.7917305
0.0,0,0.010003154
1.0,1,0.87918055
0.0,0,0.0096203545
0.0,0,0.21495043
0.0,0,0.06691045
1.0,1,0.9863941
1.0,1,0.8714467
0.0,0,0.0025896789
1.0,1,0.922644
1.0,1,0.8238212
0.0,0,0.025156617
0.0,0,0.010363383
1.0,1,0.96972525
0.0,0,0.007569822
1.0,1,0.87213266
1.0,1,0.98657596
0.0,0,0.003312586
0.0,0,0.0120110335
1.0,1,0.32215542
0.0,0,0.034414727
1.0,1,0.98691285
0.0,0,0.017935602
0.0,0,0.09291593
0.0,0,0.0187847
0.0,0,0.01069038
1.0,1,0.9311865
1.0,1,0.93012094
1.0,1,0.9167725
1.0,1,0.5736541
1.0,1,0.9900872
0.0,0,0.020641744
0.0,0,0.0055653495
1.0,1,0.9539819
1.0,1,0.46980172
0.0,0,0.16910395
0.0,1,0.41877136
0.0,0,0.014582408
1.0,1,0.57938755
1.0,0,0.16041028
0.0,0,0.031122005
1.0,1,0.90091217
0.0,0,0.16099231
1.0,1,0.89692247
0.0,0,0.094885215
1.0,1,0.6133276
0.0,0,0.0060327104
0.0,1,0.39932218
1.0,1,0.95858395
1.0,1,0.9624614
0.0,0,0.004997275
0.0,0,0.025883067
0.0,0,0.0072881184
1.0,1,0.60134935
1.0,1,0.9869328
0.0,1,0.50833714
1.0,1,0.9451372
0.0,0,0.22890012
0.0,0,0.0069480543
1.0,1,0.9844947
0.0,0,0.014316426
1.0,1,0.94259125
1.0,0,0.15506004
0.0,0,0.03496359
1.0,1,0.97758377
1.0,1,0.94471514
1.0,1,0.97802323
0.0,0,0.017579732
0.0,0,0.08264547
1.0,1,0.7510214
0.0,0,0.065405294
0.0,0,0.013212459
1.0,1,0.7342797
0.0,0,0.0073449328
0.0,0,0.046628334
0.0,1,0.2786683
0.0,0,0.014932727
0.0,0,0.031010592
0.0,0,0.007764305
1.0,1,0.9740872
0.0,0,0.0065261116
0.0,0,0.052311223
0.0,0,0.02691029
0.0,0,0.007663474
0.0,0,0.01424216
1.0,1,0.85382766
1.0,1,0.97073716
0.0,0,0.0291003
1.0,1,0.94218415
0.0,0,0.028638944
1.0,1,0.9108613
1.0,1,0.2704842
0.0,0,0.05493542
1.0,1,0.9725412
1.0,1,0.9726726
0.0,0,0.0028152703
0.0,0,0.23796217
1.0,1,0.9817229
1.0,1,0.6541991
1.0,1,0.94365394
0.0,0,0.0503293
0.0,0,0.031000772
1.0,1,0.89506555
0.0,0,0.0068697254
0.0,0,0.049122658
1.0,1,0.729216
0.0,0,0.10895303
0.0,1,0.45419863
1.0,1,0.98947215
1.0,1,0.44803774
1.0,1,0.5828903
1.0,1,0.34144482
1.0,1,0.5908518
0.0,1,0.9219529
0.0,0,0.0036829049
0.0,1,0.35989046
0.0,0,0.025910947
1.0,1,0.29061177
0.0,0,0.018876817
0.0,0,0.008417119
0.0,0,0.025410904
0.0,0,0.0036021
0.0,0,0.022553777
1.0,1,0.66965115
0.0,0,0.17483677
1.0,1,0.51849
0.0,0,0.016015088
1.0,1,0.886
0.0,0,0.018778784
1.0,1,0.97641146
0.0,0,0.0612887
0.0,0,0.02717946
1.0,1,0.9806387
0.0,0,0.0489913
1.0,1,0.775669
1.0,1,0.97923064
0.0,0,0.023801563
0.0,0,0.16894516
1.0,1,0.48196465
0.0,0,0.01310979
0.0,1,0.61228
0.0,0,0.018882291
1.0,1,0.9845403
1.0,1,0.9466032
0.0,0,0.04393822
0.0,0,0.0037226882
0.0,0,0.032573484
1.0,1,0.97806495
0.0,0,0.04568034
0.0,0,0.0048996275
0.0,0,0.053487092
1.0,1,0.9734779
1.0,1,0.9696161
0.0,0,0.027165733
0.0,0,0.029237878
1.0,1,0.9839054
1.0,1,0.87962884
1.0,1,0.78374493
0.0,0,0.15946649
0.0,1,0.4102849
0.0,0,0.03161497
0.0,0,0.07322895
1.0,1,0.9781547
0.0,0,0.16119231
1.0,1,0.9769279
1.0,1,0.86175674
0.0,0,0.12475003
0.0,0,0.030223187
1.0,1,0.9132374
1.0,1,0.69559294
0.0,0,0.00254325
0.0,0,0.019774562
1.0,1,0.7048845
1.0,1,0.8838312
0.0,0,0.06883362
1.0,1,0.8287927
1.0,1,0.87667793
1.0,1,0.7105454
1.0,1,0.98295796
1.0,1,0.9637553
0.0,0,0.016032185
1.0,1,0.90802974
0.0,0,0.03165649
0.0,0,0.0153731145
1.0,0,0.18642047
0.0,0,0.231234
0.0,0,0.005484414
1.0,1,0.9896713
1.0,1,0.6738942
1.0,1,0.9040046
1.0,1,0.97930837
1.0,1,0.94085646
1.0,1,0.9793162
1.0,1,0.8044815
1.0,1,0.89442056
0.0,0,0.0070664845
0.0,0,0.049879573
0.0,0,0.04428745
1.0,1,0.8819816
1.0,1,0.92562604
0.0,0,0.014976785
1.0,1,0.41911125
0.0,0,0.0072230017
0.0,0,0.012236168
0.0,0,0.018204816
0.0,0,0.0042264434
0.0,0,0.17328346
0.0,0,0.019314587
0.0,1,0.55949855
0.0,0,0.0053407606
0.0,0,0.042399645
1.0,1,0.9705489
0.0,0,0.030009964
1.0,0,0.06753718
1.0,1,0.9212505
0.0,0,0.012177133
1.0,1,0.9782048
1.0,1,0.89736974
0.0,0,0.0024311615
0.0,0,0.037573054
1.0,1,0.67887986
0.0,0,0.16914305
1.0,1,0.5006237
1.0,1,0.52567035
1.0,1,0.98317087
0.0,0,0.07381504
0.0,0,0.007424341
1.0,1,0.8242967
0.0,0,0.018834367
1.0,1,0.8454379
0.0,0,0.026644953
1.0,1,0.8266919
1.0,0,0.2476044
0.0,0,0.017252741
0.0,0,0.034520272
1.0,1,0.7880591
1.0,1,0.9267595
0.0,0,0.025410868
1.0,0,0.10744248
0.0,0,0.004729
0.0,0,0.03413052
0.0,0,0.006517461
0.0,0,0.0056673093
0.0,0,0.039365146
1.0,0,0.058247633
1.0,1,0.97395515
1.0,1,0.6837616
0.0,0,0.035549182
1.0,1,0.5909112
1.0,0,0.1969799
0.0,0,0.004039234
1.0,1,0.96428
0.0,1,0.36476263
0.0,0,0.03064201
0.0,0,0.06308575
1.0,1,0.7382645
0.0,1,0.69671965
0.0,0,0.0710112
1.0,1,0.9561995
0.0,0,0.0226622
0.0,0,0.06392669
1.0,1,0.8841626
0.0,0,0.11127749
0.0,0,0.13657914
1.0,1,0.7083671
0.0,0,0.010228728
1.0,1,0.588723
1.0,1,0.8206365
1.0,1,0.9567262
1.0,1,0.9231633
0.0,0,0.011457181
1.0,1,0.9062473
1.0,1,0.46695486
0.0,0,0.035694867
0.0,0,0.07647083
0.0,0,0.07216051
0.0,0,0.0016644335
1.0,1,0.54340446
0.0,1,0.9405562
1.0,1,0.9681561
0.0,0,0.003269259
1.0,1,0.9772939
0.0,0,0.16652438
1.0,1,0.86204875
0.0,0,0.088958524
1.0,1,0.70545185
1.0,1,0.7578641
1.0,1,0.79199064
1.0,1,0.9596149
1.0,1,0.9844121
1.0,1,0.8869407
0.0,0,0.049279336
1.0,1,0.702942
1.0,1,0.7927471
1.0,1,0.9635305
1.0,1,0.57108444
0.0,0,0.0061166296
0.0,0,0.01103843
0.0,0,0.17640695
1.0,1,0.32419842
0.0,0,0.024317589
1.0,1,0.96750504
0.0,1,0.5350546
1.0,1,0.98490286
0.0,0,0.03951128
1.0,1,0.971291
0.0,0,0.0053272964
0.0,0,0.10022402
0.0,1,0.5137023
1.0,1,0.9701571
0.0,0,0.09172327
1.0,1,0.970351
1.0,1,0.60653156
1.0,1,0.95039016
1.0,1,0.9072493
1.0,1,0.9660676
1.0,1,0.84411323
1.0,1,0.9070271
1.0,1,0.49835485
1.0,1,0.97142303
1.0,1,0.30975643
0.0,0,0.018933844
1.0,1,0.9738731
1.0,1,0.70563656
1.0,1,0.9721296
0.0,0,0.22776823
1.0,1,0.87727726
0.0,0,0.04913347
1.0,1,0.9874274
1.0,1,0.73827684
1.0,1,0.3255731
1.0,1,0.5775074
1.0,1,0.9105113
0.0,0,0.020463672
1.0,1,0.9752199
0.0,0,0.057859246
1.0,0,0.027037077
0.0,0,0.04481837
0.0,0,0.025661385
1.0,1,0.9683907
1.0,1,0.8148136
0.0,0,0.011655324
1.0,1,0.97423893
1.0,1,0.9362978
0.0,0,0.021302706
1.0,0,0.21189152
1.0,1,0.63839984
0.0,1,0.7282083
1.0,1,0.6935874
0.0,0,0.07053874
1.0,0,0.25274354
1.0,1,0.78803563
1.0,1,0.905849
1.0,1,0.84948456
0.0,0,0.022746572
0.0,1,0.52857924
0.0,0,0.077778116
1.0,1,0.97797257
1.0,1,0.9851116
1.0,1,0.60905755
1.0,1,0.9777342
0.0,0,0.02992351
1.0,1,0.90390724
0.0,1,0.6650755
1.0,1,0.7025277
0.0,0,0.0046299943
0.0,0,0.26122794
0.0,0,0.008517687
1.0,1,0.9790903
0.0,0,0.01897552
0.0,1,0.78702855
0.0,0,0.04086737
0.0,0,0.017184356
0.0,0,0.03125748
0.0,1,0.35646737
1.0,1,0.9605773
1.0,1,0.7919586
1.0,0,0.061018128
1.0,1,0.8348702
1.0,1,0.9350145
1.0,1,0.78480417
0.0,0,0.0009238877
1.0,1,0.6184845
0.0,0,0.02243377
1.0,1,0.84181046
1.0,1,0.9771722
0.0,0,0.011771606
1.0,1,0.7920947
0.0,0,0.091414385
0.0,0,0.015376253
0.0,0,0.21616465
0.0,0,0.03635591
1.0,1,0.9813294
0.0,0,0.04297362
0.0,1,0.65445167
1.0,1,0.9748831
0.0,0,0.016357843
0.0,0,0.0051710713
1.0,1,0.9523616
0.0,0,0.003988768
0.0,1,0.41998434
1.0,0,0.24907869
1.0,1,0.43371007
0.0,0,0.019077184
1.0,1,0.86729234
0.0,0,0.037880823
1.0,1,0.6398293
0.0,0,0.008166918
1.0,1,0.85794604
0.0,0,0.17102805
0.0,0,0.007916028
0.0,1,0.5888994
0.0,0,0.020805616
1.0,1,0.5782523
0.0,1,0.8817289
0.0,0,0.017740427
1.0,1,0.81698245
1.0,1,0.91538984
0.0,1,0.4907508
0.0,0,0.019830603
0.0,1,0.36883152
0.0,0,0.2405864
0.0,0,0.015002151
1.0,0,0.1787352
1.0,1,0.95423704
0.0,0,0.017099496
1.0,1,0.49497873
1.0,1,0.85982656
0.0,0,0.02508908
1.0,1,0.9582633
0.0,0,0.020804074
0.0,0,0.033208385
1.0,1,0.9651596
0.0,0,0.007357101
1.0,1,0.9572915
0.0,0,0.080857836
0.0,0,0.024917895
1.0,1,0.91932994
1.0,1,0.46584746
0.0,0,0.06723196
0.0,0,0.18353705
1.0,1,0.9838053
1.0,1,0.9848799
1.0,1,0.8721318
0.0,0,0.047613114
1.0,1,0.97792935
0.0,0,0.00364695
1.0,1,0.4504422
0.0,1,0.30400875
1.0,1,0.67478555
0.0,0,0.005060306
0.0,0,0.14755467
0.0,0,0.043093245
0.0,0,0.039137065
1.0,1,0.6892372
0.0,1,0.54560995
0.0,0,0.018564414
1.0,0,0.11130696
1.0,1,0.91934615
1.0,1,0.9258047
0.0,0,0.014415894
0.0,0,0.02673617
1.0,0,0.23178077
1.0,1,0.41806933
1.0,1,0.978636
0.0,0,0.004686435
1.0,1,0.57356703
1.0,1,0.6688135
1.0,1,0.98184276
1.0,1,0.97550476
1.0,1,0.6647277
0.0,0,0.005668043
1.0,1,0.9614217
0.0,0,0.013706691
1.0,1,0.46000144
1.0,1,0.9223115
0.0,0,0.012449998
1.0,1,0.9074955
0.0,0,0.23637402
1.0,1,0.95836246
1.0,1,0.79684764
1.0,0,0.07167664
0.0,1,0.5813352
0.0,1,0.44568035
1.0,1,0.69493103
1.0,1,0.9295569
0.0,0,0.0038929528
0.0,0,0.033378042
0.0,0,0.06596154
1.0,1,0.6411197
0.0,0,0.04764515
0.0,0,0.025496282
0.0,1,0.30126303
0.0,0,0.039279945
1.0,1,0.81810826
1.0,1,0.9818857
0.0,0,0.1932347
1.0,1,0.4273095
0.0,1,0.5506619
1.0,0,0.026946764
0.0,1,0.3278716
1.0,1,0.97322184
1.0,1,0.95431817
1.0,1,0.9603609
0.0,0,0.047844116
0.0,0,0.010271167
1.0,1,0.6471913
0.0,0,0.14843847
0.0,0,0.03084879
1.0,1,0.8572498
1.0,1,0.87205505
1.0,1,0.9869709
1.0,1,0.9714202
1.0,1,0.92785776
1.0,1,0.7669182
1.0,1,0.6507727
1.0,1,0.8367715
1.0,1,0.9820243
1.0,1,0.86627334
1.0,1,0.9825916
0.0,0,0.038391702
0.0,0,0.03816343
1.0,1,0.90630823
1.0,0,0.19840303
1.0,1,0.9670465
0.0,0,0.015007599
1.0,1,0.81527257
0.0,0,0.25095406
1.0,1,0.8929857
1.0,1,0.40687567
1.0,1,0.45592988
0.0,0,0.08252232
0.0,0,0.007454555
1.0,0,0.2004869
0.0,0,0.035385024
0.0,0,0.004657138
1.0,1,0.94632846
1.0,1,0.7815659
0.0,1,0.28568238
0.0,0,0.054425705
1.0,1,0.75805116
0.0,0,0.052409373
0.0,0,0.007576087
0.0,0,0.03495782
0.0,0,0.018692635
0.0,0,0.012599805
0.0,0,0.14224847
1.0,1,0.9647016
1.0,1,0.84780747
1.0,1,0.9685836
1.0,1,0.97335756
0.0,0,0.027276408
1.0,1,0.96730125
0.0,0,0.010437234
0.0,0,0.037659526
0.0,0,0.007838701
0.0,0,0.013941228
1.0,1,0.9712795
0.0,0,0.038615562
0.0,0,0.06706777
1.0,1,0.9458791
0.0,0,0.020778028
0.0,0,0.006554759
0.0,0,0.25545645
1.0,1,0.83128667
0.0,0,0.011852551
0.0,0,0.010805413
0.0,0,0.010663925
0.0,0,0.050205126
0.0,0,0.008784371
0.0,0,0.06676101
0.0,1,0.54787064
0.0,1,0.43225792
0.0,0,0.02326621
0.0,0,0.03214863
0.0,0,0.014102079
1.0,1,0.8021941
0.0,0,0.00041697774
0.0,0,0.042005304
1.0,1,0.7750977
1.0,1,0.881854
1.0,1,0.971225
0.0,0,0.016072184
0.0,0,0.03353969
1.0,1,0.66288996
1.0,1,0.8443203
1.0,1,0.927345
0.0,0,0.023362083
0.0,0,0.1983639
1.0,1,0.921898
0.0,0,0.086940676
0.0,1,0.5060084
1.0,1,0.55271053
0.0,0,0.05246936
1.0,1,0.9861366
0.0,0,0.0449313
0.0,0,0.032817736
0.0,0,0.02134818
1.0,1,0.4187832
1.0,1,0.97975665
0.0,0,0.26731178
1.0,1,0.9729767
1.0,1,0.9767001
1.0,0,0.26954964
1.0,1,0.9623391
1.0,1,0.9338195
1.0,1,0.7670345
0.0,0,0.08719538
0.0,0,0.034201603
1.0,1,0.9288076
1.0,1,0.94929355
1.0,0,0.23948583
0.0,0,0.009390687
1.0,1,0.9839772
1.0,1,0.36186728
1.0,0,0.216303
0.0,0,0.013560962
0.0,0,0.087847225
0.0,0,0.0047217896
1.0,1,0.7749437
0.0,0,0.071397856
0.0,0,0.01634787
0.0,0,0.10913618
1.0,1,0.97561324
0.0,0,0.021350363
0.0,0,0.041943252
1.0,1,0.9383263
0.0,0,0.025511155
0.0,0,0.074494675
1.0,1,0.9608344
0.0,0,0.009430622
1.0,1,0.62497246
1.0,1,0.9856636
1.0,1,0.9062637
1.0,0,0.2116126
0.0,0,0.04576573
0.0,0,0.23404045
0.0,0,0.01046323
1.0,1,0.9796223
0.0,0,0.065485165
1.0,1,0.9804365
0.0,0,0.2551424
1.0,1,0.94732916
1.0,1,0.52066517
0.0,0,0.02083753
0.0,0,0.04762232
1.0,1,0.554353
1.0,1,0.98242
1.0,0,0.1690237
0.0,0,0.22025439
0.0,1,0.62178737
1.0,1,0.86649907
0.0,0,0.033331607
1.0,1,0.7493969
0.0,0,0.00333776
1.0,1,0.69833565
1.0,1,0.9842793
1.0,1,0.972803
1.0,1,0.6929954
0.0,0,0.040023744
0.0,0,0.010256127
1.0,1,0.9574435
0.0,0,0.035118133
0.0,1,0.6663164
0.0,0,0.010397761
0.0,0,0.033113837
1.0,1,0.97076476
0.0,0,0.009418594
1.0,1,0.85193
0.0,1,0.28447244
0.0,0,0.030142749
1.0,1,0.9653382
1.0,1,0.58321637
0.0,0,0.022991115
1.0,1,0.9428249
0.0,0,0.0073307897
1.0,1,0.96472484
0.0,0,0.0050347354
1.0,1,0.8233477
0.0,0,0.03061299
1.0,1,0.95766973
0.0,0,0.038696684
0.0,0,0.0042838776
0.0,0,0.006411344
1.0,1,0.77940416
1.0,0,0.04382346
1.0,1,0.94262767
0.0,0,0.007844094
0.0,0,0.050300043
0.0,0,0.046621334
1.0,1,0.82166827
1.0,1,0.71277446
1.0,0,0.08752417
0.0,0,0.12869371
1.0,1,0.9627016
1.0,1,0.9756247
0.0,0,0.015856698
0.0,0,0.0065258183
1.0,1,0.42514065
1.0,1,0.29764578
1.0,1,0.7264105
1.0,1,0.95808166
0.0,0,0.017461872
1.0,1,0.28407043
1.0,1,0.93980527
0.0,0,0.0047224085
1.0,1,0.64268446
0.0,0,0.020012213
1.0,1,0.86757207
1.0,1,0.8077159
0.0,0,0.011623382
1.0,1,0.84625614
0.0,0,0.0049662613
0.0,0,0.04551494
0.0,0,0.0015644901
0.0,0,0.023881584
1.0,1,0.9457975
0.0,0,0.030837258
1.0,1,0.37488958
0.0,0,0.0017847379
1.0,1,0.901202
1.0,1,0.9363648
1.0,1,0.3275805
1.0,1,0.95740056
0.0,0,0.02046422
0.0,0,0.0029994524
1.0,1,0.64134276
0.0,0,0.013961336
1.0,1,0.5506538
0.0,0,0.024193468
1.0,1,0.80768824
1.0,1,0.8735576
1.0,1,0.98153496
0.0,0,0.005721544
1.0,1,0.89991254
1.0,1,0.73914254
1.0,1,0.98717445
1.0,1,0.97284305
1.0,1,0.7065702
0.0,0,0.025023285
1.0,1,0.96823865
1.0,1,0.966869
1.0,1,0.57321846
0.0,0,0.009026529
0.0,0,0.0017799063
0.0,0,0.02279935
1.0,0,0.13303195
1.0,1,0.8298855
0.0,0,0.061272044
0.0,0,0.12466833
1.0,1,0.97568876
0.0,0,0.0519572
1.0,1,0.96648777
0.0,1,0.33824688
0.0,0,0.04019074
0.0,0,0.1434493
0.0,0,0.016125962
1.0,1,0.9847419
1.0,1,0.92490125
0.0,0,0.06359387
1.0,0,0.10897021
1.0,1,0.9083138
1.0,1,0.83531404
0.0,0,0.054076802
0.0,0,0.16402845
1.0,1,0.5297818
0.0,1,0.596383
1.0,1,0.8964122
0.0,0,0.046721593
1.0,1,0.8388384
0.0,0,0.17966044
0.0,0,0.00560041
1.0,1,0.93347555
0.0,1,0.38784504
1.0,1,0.98890716
0.0,0,0.0020156347
1.0,1,0.8706862
0.0,0,0.020621914
1.0,1,0.9413034
0.0,1,0.43954182
0.0,0,0.003251468
0.0,0,0.04343633
0.0,0,0.0035541398
1.0,1,0.9756544
0.0,1,0.33605346
1.0,1,0.8814819
1.0,1,0.3082389
0.0,0,0.036687527
0.0,0,0.08416513
1.0,1,0.9821665
1.0,1,0.8235744
1.0,1,0.97303456
1.0,1,0.82782066
0.0,0,0.03534132
1.0,1,0.9786739
0.0,0,0.026676223
0.0,0,0.0014403008
0.0,0,0.044439364
0.0,0,0.118829444
1.0,0,0.12013091
1.0,1,0.7788706
1.0,1,0.55837226
0.0,1,0.7090509
0.0,0,0.00953796
0.0,1,0.43026754
0.0,0,0.011886145
0.0,0,0.084273025
1.0,0,0.20355467
0.0,0,0.050961807
0.0,0,0.014005496
0.0,0,0.23828988
1.0,1,0.6108829
0.0,0,0.014038392
0.0,0,0.04323984
1.0,1,0.93699753
1.0,1,0.9483508
1.0,1,0.92232054
1.0,1,0.90274036
0.0,0,0.020960586
0.0,0,0.0049139066
1.0,1,0.90775526
1.0,1,0.98036885
1.0,1,0.7723397
0.0,0,0.08528092
1.0,1,0.97371906
0.0,0,0.013214175
1.0,1,0.8368648
0.0,0,0.04755776
0.0,1,0.68813336
1.0,1,0.9220738
1.0,1,0.9422238
1.0,1,0.7843918
0.0,0,0.0049399403
1.0,1,0.85705036
1.0,1,0.35138875
1.0,1,0.87309706
0.0,1,0.6099899
0.0,0,0.007369257
0.0,0,0.0122979935
0.0,0,0.02099478
0.0,0,0.020897701
0.0,0,0.031164907
0.0,0,0.0029832476
1.0,0,0.071637675
1.0,1,0.97605497
0.0,0,0.0019075323
1.0,1,0.47528267
0.0,0,0.0071260966
0.0,0,0.08288836
1.0,1,0.58928645
0.0,0,0.009972596
0.0,0,0.01908165
1.0,1,0.95985186
0.0,1,0.5902488
0.0,0,0.036458597
0.0,0,0.022415197
0.0,0,0.0078063393
0.0,0,0.005729182
0.0,1,0.83368945
0.0,0,0.017228737
1.0,1,0.4338045
0.0,0,0.038569704
0.0,0,0.027297854
1.0,1,0.84413487
0.0,1,0.8165861
0.0,1,0.9559391
0.0,0,0.0040547657
1.0,1,0.7667882
1.0,1,0.4610568
1.0,1,0.98328495
0.0,0,0.011289751
1.0,1,0.97431105
0.0,0,0.087883815
0.0,0,0.12889035
0.0,0,0.058503974
0.0,0,0.06529452
1.0,1,0.84578705
1.0,1,0.964244
0.0,0,0.06833273
1.0,1,0.91500354
1.0,1,0.872394
0.0,0,0.00913989
1.0,1,0.97755724
0.0,0,0.08984264
0.0,0,0.041090384
0.0,0,0.005252049
0.0,0,0.0074711237
0.0,0,0.030522978
0.0,0,0.008419961
0.0,0,0.02723619
1.0,0,0.16727898
1.0,0,0.14811249
0.0,0,0.019949418
0.0,0,0.05797068
1.0,1,0.6668776
1.0,1,0.9379478
1.0,1,0.8808284
0.0,0,0.019292712
1.0,1,0.45759967
1.0,1,0.9272634
1.0,1,0.96424764
0.0,0,0.09957078
1.0,1,0.9787247
1.0,1,0.9834508
1.0,1,0.97741205
0.0,0,0.006712355
1.0,1,0.30094045
0.0,0,0.031043027
1.0,1,0.87681556
1.0,1,0.9397864
1.0,1,0.91294587
1.0,1,0.6188626
1.0,1,0.9333415
0.0,0,0.15939215
1.0,1,0.63718724
0.0,0,0.0077997977
0.0,0,0.17775676
1.0,1,0.9356948
1.0,1,0.89877075
1.0,1,0.9019917
0.0,0,0.014792661
1.0,1,0.8724429
0.0,0,0.044128895
0.0,0,0.0042309803
0.0,1,0.28031328
1.0,1,0.9594105
1.0,1,0.41824707
0.0,0,0.0022775547
0.0,0,0.028226113
1.0,1,0.3118068
0.0,0,0.04871916
1.0,1,0.9323458
0.0,0,0.014912596
1.0,1,0.6454334
1.0,1,0.94548446
1.0,1,0.5784186
1.0,1,0.8168566
0.0,0,0.014925561
1.0,1,0.7568829
1.0,1,0.98565835
1.0,1,0.77239835
1.0,1,0.9375918
0.0,0,0.059757937
1.0,1,0.9719255
1.0,1,0.587653
0.0,0,0.00057901395
0.0,0,0.017272327
0.0,0,0.043512553
1.0,1,0.95758975
1.0,1,0.92982006
1.0,1,0.8743955
1.0,1,0.5557004
1.0,1,0.49115437
0.0,0,0.0017393435
0.0,0,0.02651986
0.0,0,0.034929276
1.0,1,0.96882415
0.0,0,0.01678829
0.0,0,0.007129971
0.0,1,0.45984074
0.0,0,0.0014990582
1.0,0,0.1440866
1.0,1,0.43032038
1.0,1,0.983862
1.0,1,0.9434912
1.0,0,0.1752078
0.0,0,0.0069047404
0.0,0,0.0026703484
1.0,1,0.89815646
0.0,0,0.035320845
1.0,1,0.9816579
1.0,1,0.89967287
0.0,0,0.01262209
1.0,1,0.9824702
1.0,1,0.9802934
0.0,0,0.016732687
0.0,0,0.0137279285
1.0,1,0.764628
1.0,1,0.7991406
0.0,0,0.020172583
1.0,1,0.96721864
1.0,1,0.8412507
0.0,0,0.027959604
1.0,1,0.9642034
0.0,0,0.007238603
1.0,1,0.9796881
0.0,1,0.43316674
1.0,1,0.7852204
1.0,1,0.5819005
1.0,1,0.81426746
1.0,1,0.7091758
1.0,1,0.96677023
0.0,0,0.031872857
0.0,0,0.0043240353
1.0,1,0.8946278
0.0,1,0.57140183
0.0,0,0.12183473
0.0,0,0.013446207
0.0,0,0.0023527525
0.0,0,0.021273652
1.0,1,0.9829316
1.0,1,0.748984
1.0,1,0.9835385
1.0,1,0.9710018
0.0,0,0.0011920563
0.0,0,0.24417703
0.0,0,0.04066491
1.0,1,0.28904095
1.0,1,0.32095715
0.0,0,0.080368064
0.0,0,0.015520032
0.0,0,0.0009997969
0.0,0,0.01763402
0.0,1,0.46511638
1.0,1,0.97192246
0.0,0,0.203392
1.0,1,0.965527
1.0,0,0.08353423
1.0,1,0.43474916
1.0,1,0.85964406
0.0,1,0.33435327
0.0,0,0.054198626
0.0,0,0.056714933
1.0,1,0.67556584
1.0,1,0.798949
0.0,0,0.046196222
1.0,1,0.8354397
0.0,0,0.0033888891
1.0,1,0.72376704
1.0,1,0.7409034
1.0,0,0.033776887
0.0,0,0.042893227
1.0,1,0.81745607
0.0,0,0.03828624
0.0,0,0.0056103426
1.0,1,0.4262723
1.0,1,0.9576863
0.0,0,0.16818322
0.0,0,0.007298164
0.0,0,0.058024034
0.0,0,0.005836576
0.0,0,0.045208104
0.0,0,0.013266942
0.0,1,0.9241152
0.0,0,0.015757672
1.0,1,0.9863038
1.0,1,0.73415965
0.0,0,0.016911257
1.0,1,0.58099604
0.0,0,0.010073836
1.0,1,0.70515716
1.0,1,0.95826375
0.0,0,0.16926324
0.0,0,0.013770771
1.0,1,0.9588052
0.0,0,0.012988657
1.0,0,0.23652701
0.0,0,0.06274428
0.0,0,0.04619536
1.0,1,0.7189208
0.0,0,0.048326958
1.0,1,0.93579584
0.0,0,0.028752353
1.0,1,0.9745742
0.0,0,0.25231904
0.0,0,0.0017024429
1.0,1,0.9150212
1.0,1,0.97989744
0.0,0,0.013882057
0.0,1,0.32051587
0.0,0,0.00830868
0.0,0,0.111947514
1.0,0,0.02230786
0.0,0,0.060834356
0.0,0,0.016254075
0.0,0,0.0069091814
1.0,1,0.562587
1.0,1,0.7269013
1.0,1,0.90433466
0.0,0,0.0007889869
1.0,1,0.71818435
1.0,1,0.95423657
1.0,1,0.5325936
1.0,1,0.5675527
0.0,0,0.16811453
0.0,0,0.026339686
1.0,1,0.9294306
1.0,1,0.9307221
1.0,1,0.48017982
0.0,0,0.025317311
1.0,1,0.4902778
1.0,0,0.20910041
0.0,1,0.5520114
0.0,0,0.017175002
1.0,1,0.84615356
1.0,1,0.6928821
0.0,0,0.0076305275
0.0,0,0.0011169842
0.0,0,0.068766885
1.0,1,0.30906546
0.0,0,0.019540345
1.0,1,0.9826722
1.0,1,0.88023186
1.0,1,0.9749713
1.0,1,0.6914699
1.0,1,0.96784574
0.0,0,0.012075332
1.0,1,0.28258243
0.0,0,0.0040373835
0.0,0,0.003411908
1.0,1,0.9852914
1.0,0,0.11640215
0.0,0,0.1060677
0.0,0,0.02360596
0.0,0,0.00968457
0.0,0,0.012894798
1.0,1,0.8345765
0.0,0,0.0058519435
1.0,1,0.9766292
1.0,1,0.31551188
1.0,1,0.8557038
1.0,1,0.9055314
0.0,0,0.17103215
0.0,0,0.011057421
1.0,1,0.8437017
1.0,1,0.9551791
1.0,1,0.98669475
1.0,1,0.8720772
0.0,0,0.010376356
0.0,0,0.036254566
1.0,1,0.4977132
1.0,1,0.5738191
0.0,0,0.007986445
0.0,1,0.47392416
1.0,1,0.9612761
0.0,0,0.12343132
1.0,1,0.8226225
1.0,1,0.60884243
1.0,1,0.9092159
1.0,1,0.95846146
0.0,0,0.14247611
0.0,0,0.07005606
0.0,0,0.10565472
0.0,0,0.001820787
0.0,0,0.09525648
1.0,1,0.9839356
0.0,0,0.027714062
0.0,0,0.018013123
0.0,0,0.0010750592
0.0,0,0.0034906685
0.0,0,0.028026743
0.0,0,0.0056767114
1.0,0,0.014356078
0.0,0,0.04101302
1.0,1,0.8380176
1.0,1,0.9643299
0.0,0,0.07019843
1.0,1,0.9811783
0.0,0,0.009195926
0.0,0,0.022859951
0.0,0,0.029568188
1.0,1,0.63844913
1.0,1,0.36619163
1.0,1,0.9840756
1.0,1,0.8679647
1.0,1,0.3202339
0.0,0,0.04008808
1.0,1,0.2949311
0.0,0,0.023985103
0.0,0,0.0019237467
1.0,1,0.90901935
0.0,0,0.017763691
1.0,1,0.82873416
1.0,1,0.96033657
0.0,0,0.11618814
0.0,0,0.09385883
1.0,1,0.7024981
1.0,1,0.7399483
0.0,0,0.0053029815
0.0,0,0.22037725
0.0,0,0.021344595
0.0,1,0.45642033
0.0,0,0.03532799
0.0,0,0.003887419
1.0,1,0.9683385
1.0,1,0.7435113
1.0,1,0.97710866
1.0,1,0.9274019
1.0,1,0.40121788
0.0,0,0.0038301158
0.0,0,0.11431331
1.0,1,0.9810792
1.0,1,0.80390763
1.0,1,0.98469573
0.0,0,0.03832829
1.0,1,0.9849899
1.0,1,0.9384299
0.0,0,0.004043781
1.0,1,0.40414026
1.0,1,0.78758186
1.0,1,0.6964252
1.0,0,0.011445214
0.0,0,0.010273455
0.0,0,0.01206396
0.0,0,0.13925175
1.0,1,0.9820672
0.0,0,0.010572395
0.0,0,0.019468801
1.0,1,0.50836945
0.0,0,0.002810037
0.0,0,0.009530458
0.0,0,0.0020905333
1.0,1,0.302604
1.0,0,0.16715439
1.0,1,0.9793225
0.0,0,0.041515134
1.0,1,0.8536213
1.0,1,0.9549235
1.0,1,0.98886687
0.0,0,0.016897159
0.0,0,0.012100751
0.0,0,0.01690464
1.0,1,0.5609959
1.0,1,0.444312
0.0,0,0.019523785
0.0,0,0.10448454
1.0,1,0.6539035
1.0,1,0.7798129
0.0,0,0.028164567
0.0,0,0.015841391
1.0,1,0.7260515
0.0,1,0.88549733
1.0,1,0.92932767
1.0,1,0.48254317
0.0,0,0.02439809
1.0,1,0.9334033
0.0,0,0.008064394
0.0,0,0.069683716
0.0,0,0.009811328
0.0,1,0.691035
0.0,0,0.21024273
1.0,1,0.97340363
1.0,1,0.7466823
1.0,1,0.93358684
0.0,0,0.08223597
1.0,1,0.95086676
1.0,1,0.6713156
0.0,0,0.04369555
0.0,0,0.00941346
0.0,0,0.013369562
0.0,0,0.018878812
1.0,1,0.8105304
0.0,0,0.10699701
1.0,1,0.9117047
0.0,0,0.0700999
0.0,0,0.22791678
1.0,1,0.96087587
0.0,0,0.007420726
1.0,1,0.98150736
1.0,1,0.9662455
0.0,0,0.019717272
0.0,1,0.70130086
1.0,1,0.6896909
0.0,0,0.03285302
0.0,0,0.057495218
0.0,0,0.006501663
0.0,1,0.93688464
1.0,1,0.9341297
0.0,0,0.03164247
1.0,1,0.6644769
0.0,0,0.041091632
1.0,1,0.9744522
1.0,1,0.8807536
1.0,1,0.93888515
1.0,1,0.54613155
0.0,0,0.028430535
0.0,0,0.047486696
0.0,0,0.024648331
0.0,0,0.008534108
1.0,1,0.8040099
0.0,0,0.060242914
1.0,1,0.42419395
1.0,1,0.9674342
1.0,0,0.18103573
0.0,0,0.032866474
0.0,0,0.032893207
0.0,0,0.008702272
1.0,0,0.076566555
0.0,0,0.020094937
1.0,1,0.6153046
1.0,1,0.78369105
0.0,0,0.015022408
0.0,0,0.002974167
0.0,0,0.11381037
1.0,1,0.4816018
1.0,1,0.9152863
1.0,1,0.8649734
1.0,0,0.2364268
0.0,0,0.033636987
0.0,0,0.05529685
1.0,1,0.42690292
1.0,1,0.8019345
0.0,0,0.003306246
1.0,1,0.9188815
0.0,0,0.0057148095
1.0,0,0.12965004
1.0,1,0.9757105
0.0,0,0.037119575
0.0,1,0.8652405
0.0,0,0.001846249
0.0,0,0.023955446
1.0,1,0.9762969
1.0,0,0.21106604
1.0,1,0.83977723
1.0,0,0.116794035
1.0,0,0.057942227
1.0,1,0.98345983
1.0,1,0.80425465
0.0,0,0.07361311
1.0,1,0.9710902
1.0,1,0.9444897
0.0,0,0.26776147
0.0,0,0.04188884
0.0,0,0.06755478
1.0,1,0.9283368
0.0,0,0.010780829
0.0,1,0.2923111
1.0,1,0.78478366
0.0,0,0.014851734
0.0,0,0.06821278
0.0,0,0.05223612
0.0,0,0.023256117
0.0,0,0.04377814
0.0,0,0.049284533
0.0,0,0.20251381
1.0,1,0.70030695
1.0,1,0.9820203
1.0,1,0.9743221
1.0,1,0.9565718
1.0,1,0.650918
1.0,1,0.9668068
1.0,1,0.8832005
0.0,1,0.4625439
1.0,1,0.79565704
1.0,1,0.29241443
0.0,0,0.0056493427
0.0,0,0.032330774
0.0,0,0.1852536
0.0,0,0.027347205
1.0,1,0.8888949
1.0,1,0.96016175
1.0,1,0.34790254
0.0,0,0.04696134
1.0,1,0.8813608
0.0,0,0.020326976
0.0,0,0.042073246
1.0,1,0.92527485
1.0,0,0.21707764
1.0,1,0.9732804
1.0,1,0.9724905
0.0,1,0.48210377
1.0,1,0.9854327
1.0,0,0.06647034
0.0,0,0.002106957
0.0,0,0.017369043
1.0,1,0.6121187
1.0,1,0.84969795
1.0,1,0.9535211
0.0,0,0.020351952
0.0,0,0.022148939
1.0,1,0.9858348
0.0,0,0.009413611
0.0,1,0.81617785
1.0,1,0.9760694
0.0,0,0.011895597
1.0,0,0.15069363
1.0,1,0.5439605
0.0,0,0.015384687
0.0,0,0.045414746
0.0,1,0.5611416
1.0,1,0.9610918
1.0,1,0.7209707
0.0,0,0.009325393
0.0,0,0.025212206
1.0,1,0.97089726
1.0,1,0.9862964
0.0,0,0.024187358
1.0,1,0.42912567
1.0,1,0.9023592
0.0,0,0.16376969
1.0,1,0.97405434
0.0,1,0.565257
0.0,0,0.2082508
0.0,0,0.008907379
0.0,0,0.0020562478
0.0,0,0.02450889
0.0,0,0.008252394
1.0,1,0.9807711
0.0,0,0.009993794
1.0,1,0.98022443
0.0,0,0.0060901744
1.0,1,0.5675657
1.0,1,0.97648156
1.0,1,0.8690537
0.0,0,0.14018904
0.0,0,0.021514079
0.0,0,0.004931219
0.0,0,0.00916908
1.0,1,0.9625329
1.0,1,0.68363535
0.0,0,0.00904004
1.0,1,0.70892644
1.0,1,0.97213626
1.0,1,0.4111845
0.0,0,0.05608787
0.0,0,0.032703143
0.0,0,0.01693412
1.0,1,0.9588548
0.0,1,0.37723136
0.0,0,0.00391721
1.0,1,0.90022874
0.0,0,0.036636125
1.0,1,0.6823565
1.0,1,0.80862236
1.0,1,0.97460353
1.0,1,0.682914
1.0,1,0.9658103
0.0,0,0.056710076
0.0,0,0.019385114
1.0,1,0.5313617
1.0,1,0.9529476
1.0,1,0.69139194
0.0,0,0.0010901069
0.0,0,0.032902613
1.0,1,0.7942813
0.0,0,0.0074314144
0.0,0,0.0077763926
1.0,1,0.7618568
1.0,1,0.9699778
1.0,1,0.94139725
0.0,0,0.003506981
1.0,1,0.96921456
0.0,0,0.01902263
1.0,1,0.97426367
0.0,0,0.0054003554
1.0,1,0.97020787
1.0,1,0.9462923
1.0,1,0.7187555
0.0,0,0.06176629
0.0,0,0.006977354
1.0,1,0.6476391
1.0,1,0.98678863
1.0,1,0.9814086
1.0,1,0.9845695
0.0,0,0.038004123
0.0,0,0.028372573
1.0,1,0.8350922
0.0,0,0.046369042
0.0,1,0.31009737
0.0,1,0.4855096
0.0,0,0.004202218
0.0,0,0.025611492
0.0,0,0.032444045
0.0,0,0.032760076
1.0,1,0.8988286
0.0,1,0.48546353
0.0,0,0.01588058
1.0,1,0.8736683
1.0,1,0.8963191
1.0,1,0.9597336
0.0,0,0.023576798
1.0,1,0.6176345
1.0,1,0.48287588
1.0,1,0.98621285
0.0,0,0.03321778
0.0,0,0.11550626
0.0,0,0.010950257
0.0,0,0.04738546
1.0,1,0.48734114
0.0,0,0.14896199
0.0,0,0.1282904
1.0,1,0.9540533
0.0,1,0.28628287
1.0,1,0.8654922
1.0,1,0.96094275
1.0,1,0.87725234
0.0,0,0.00071353087
1.0,1,0.72673154
1.0,0,0.15580197
1.0,1,0.8260557
0.0,0,0.0063647763
1.0,1,0.5835233
1.0,1,0.91417074
0.0,0,0.032728963
1.0,1,0.96329004
0.0,0,0.016732303
0.0,0,0.0058863624
1.0,1,0.97792727
1.0,1,0.9630356
0.0,0,0.02945765
0.0,0,0.0067952136
0.0,0,0.009283837
1.0,1,0.4882044
1.0,1,0.51230705
0.0,0,0.03983565
0.0,0,0.02312897
0.0,0,0.0022326366
0.0,0,0.0011129014
0.0,0,0.018121015
0.0,1,0.38674873
0.0,0,0.19751751
1.0,1,0.30912876
0.0,0,0.11518742
1.0,1,0.78364867
1.0,1,0.8476177
1.0,0,0.052230485
1.0,1,0.94892573
0.0,0,0.03829819
1.0,1,0.77247787
1.0,1,0.7294682
0.0,0,0.054730948
1.0,1,0.98670477
0.0,0,0.010372915
0.0,0,0.0051024514
0.0,0,0.12742442
1.0,1,0.98468536
0.0,0,0.025352174
1.0,1,0.98403454
0.0,0,0.020910703
1.0,1,0.830679
0.0,0,0.035826463
1.0,1,0.27579963
0.0,0,0.021682326
1.0,0,0.18345635
0.0,0,0.10022197
0.0,0,0.026858477
1.0,1,0.77196395
0.0,0,0.0045063426
0.0,0,0.04628582
0.0,0,0.01013764
0.0,0,0.020198377
1.0,1,0.97897387
1.0,1,0.9818658
1.0,1,0.5987861
1.0,1,0.27413097
1.0,1,0.69836843
1.0,1,0.98491883
0.0,0,0.026806904
1.0,1,0.7134595
0.0,0,0.0005468857
1.0,1,0.57041764
0.0,0,0.013794072
0.0,0,0.020829935
1.0,1,0.6702832
0.0,0,0.0075818324
1.0,1,0.8146571
0.0,0,0.016300106
1.0,1,0.8204807
1.0,1,0.6160228
0.0,0,0.110643774
0.0,0,0.021030204
0.0,0,0.0021398927
1.0,1,0.30099076
0.0,0,0.07173214
0.0,0,0.0055151395
1.0,1,0.76238555
0.0,0,0.059241142
0.0,0,0.020576144
0.0,0,0.11622547
0.0,1,0.39632398
1.0,1,0.50467557
0.0,0,0.057873026
1.0,1,0.9767152
1.0,1,0.7889689
0.0,0,0.0047783027
0.0,1,0.7165477
0.0,1,0.31227297
1.0,1,0.9403463
1.0,1,0.94018453
1.0,1,0.9822497
0.0,0,0.015786555
1.0,1,0.65756917
1.0,1,0.97824335
1.0,1,0.65592575
1.0,1,0.8488345
1.0,0,0.1075632
0.0,0,0.00999671
1.0,1,0.9306649
1.0,1,0.67223126
1.0,1,0.7968677
1.0,1,0.98051715
1.0,1,0.9024762
1.0,1,0.61885506
0.0,0,0.26490116
0.0,0,0.015407332
1.0,1,0.90301824
1.0,1,0.9271846
1.0,0,0.12649883
0.0,0,0.04923418
1.0,1,0.827104
0.0,0,0.031443056
0.0,0,0.1027135
0.0,1,0.7583634
0.0,0,0.0090370625
0.0,0,0.001397703
1.0,1,0.5656843
0.0,0,0.027168851
0.0,0,0.039732095
1.0,1,0.64938
0.0,0,0.07848963
0.0,0,0.0002842335
0.0,0,0.0810482
0.0,0,0.045828324
0.0,0,0.07522421
1.0,1,0.9263142
1.0,1,0.51614565
0.0,0,0.033129107
0.0,0,0.0135516
1.0,1,0.95842206
0.0,0,0.041660212
1.0,1,0.9570922
1.0,1,0.74006283
1.0,1,0.93744487
1.0,1,0.3797277
0.0,1,0.6345774
1.0,0,0.051239014
0.0,0,0.004529461
1.0,1,0.78521556
0.0,0,0.010872087
0.0,0,0.02164021
1.0,1,0.9280633
1.0,1,0.9830519
0.0,1,0.3318037
0.0,0,0.025275301
1.0,1,0.7933218
0.0,0,0.0037161047
0.0,0,0.086364955
0.0,0,0.07897767
0.0,0,0.21507339
1.0,1,0.62690806
0.0,0,0.022447595
1.0,1,0.5434647
0.0,0,0.10205463
0.0,0,0.007305471
1.0,1,0.6589446
0.0,1,0.6178072
0.0,0,0.01611734
1.0,0,0.13578352
0.0,0,0.023735294
1.0,1,0.91267645
0.0,0,0.067547046
1.0,1,0.52290726
0.0,0,0.0007388555
1.0,1,0.65580356
0.0,0,0.003955599
1.0,1,0.95688367
1.0,1,0.799924
0.0,0,0.022046175
1.0,1,0.97959214
1.0,1,0.49845076
0.0,0,0.18800735
1.0,1,0.9823515
1.0,1,0.7188264
0.0,0,0.011131857
1.0,1,0.62309563
1.0,1,0.97685707
0.0,0,0.02209193
0.0,0,0.029465025
1.0,1,0.804393
1.0,1,0.97470456
1.0,1,0.8963735
0.0,0,0.008055226
1.0,1,0.8155434
1.0,1,0.9253506
1.0,1,0.7585377
1.0,1,0.8589248
0.0,0,0.02108981
0.0,0,0.019920548
0.0,0,0.18161316
0.0,0,0.002978075
0.0,1,0.3761484
1.0,0,0.23116615
1.0,1,0.90705395
0.0,0,0.0054855766
0.0,0,0.011137217
0.0,0,0.12236157
0.0,0,0.0038971726
0.0,0,0.025347067
0.0,0,0.012265058
1.0,1,0.91695493
0.0,0,0.022821017
0.0,0,0.10568232
1.0,1,0.9060378
1.0,0,0.15684542
1.0,1,0.5277493
0.0,0,0.0050686267
0.0,0,0.061241306
0.0,0,0.059312534
0.0,0,0.005082925
1.0,1,0.81828606
1.0,1,0.97801113
1.0,1,0.7120757
0.0,0,0.020009745
0.0,0,0.032014553
0.0,0,0.021820886
0.0,0,0.00194874
0.0,0,0.036876313
0.0,1,0.3304355
1.0,0,0.20202936
0.0,0,0.016216354
0.0,0,0.0075498666
0.0,0,0.22301406
0.0,0,0.0022968447
0.0,0,0.047924977
1.0,1,0.5447364
1.0,1,0.82255095
1.0,1,0.58730614
0.0,0,0.08721666
0.0,0,0.00473212
0.0,0,0.0472201
1.0,0,0.24595113
1.0,0,0.2430772
0.0,0,0.014025752
1.0,0,0.2580439
1.0,1,0.57616234
1.0,0,0.03178075
1.0,1,0.91208804
1.0,1,0.9714321
0.0,0,0.0036537452
0.0,0,0.005221805
0.0,1,0.9775035
0.0,0,0.082114935
1.0,1,0.9044853
1.0,1,0.9583342
0.0,0,0.016785443
0.0,0,0.016136292
1.0,1,0.97778654
1.0,1,0.8666062
0.0,0,0.114716224
0.0,0,0.023134844
0.0,1,0.65937185
0.0,0,0.024743838
1.0,0,0.18475296
0.0,0,0.029214825
0.0,1,0.8740238
1.0,1,0.93051994
0.0,1,0.9314394
0.0,1,0.57006645
0.0,0,0.020305801
0.0,0,0.008742222
0.0,0,0.059093796
1.0,1,0.60900676
1.0,1,0.9337725
1.0,1,0.7624875
1.0,1,0.9478673
1.0,0,0.12850417
1.0,1,0.9874715
1.0,1,0.94014287
0.0,0,0.024150932
1.0,1,0.96675396
1.0,1,0.93214875
0.0,0,0.09434073
1.0,1,0.9797149
0.0,0,0.027841266
0.0,0,0.009170843
1.0,1,0.3489166
1.0,1,0.94595724
1.0,1,0.7767911
0.0,0,0.08579428
1.0,1,0.75363415
1.0,1,0.8251602
1.0,1,0.9760591
1.0,1,0.9740604
1.0,1,0.450182
1.0,1,0.8770573
0.0,0,0.010576036
1.0,1,0.89818406
1.0,1,0.8984654
0.0,0,0.019266512
0.0,0,0.045011528
1.0,1,0.914768
0.0,0,0.1008387
0.0,0,0.011828466
1.0,1,0.88412136
0.0,0,0.03443053
0.0,0,0.15929677
1.0,1,0.8866182
0.0,0,0.010650427
0.0,0,0.043572523
1.0,1,0.7795054
0.0,0,0.007901339
0.0,0,0.057506263
0.0,1,0.5503322
1.0,1,0.9331304
0.0,0,0.05374671
0.0,0,0.028731372
1.0,1,0.9208605
0.0,0,0.029368643
1.0,1,0.8081943
1.0,0,0.15751599
1.0,1,0.97683144
1.0,1,0.71387875
1.0,0,0.1498622
1.0,1,0.9491457
1.0,1,0.9656456
0.0,0,0.120724335
1.0,0,0.12063905
0.0,0,0.0027161632
0.0,0,0.009909239
0.0,1,0.38623697
1.0,1,0.9447371
1.0,1,0.5340786
1.0,1,0.96655136
0.0,0,0.019587701
0.0,0,0.053340726
1.0,1,0.9504199
0.0,0,0.13803355
0.0,0,0.006542223
0.0,0,0.11552954
1.0,1,0.82500386
0.0,0,0.030635126
1.0,1,0.90799725
1.0,1,0.9134819
0.0,0,0.0031669934
1.0,0,0.13415858
0.0,0,0.031786934
0.0,1,0.9330363
1.0,1,0.9272466
1.0,1,0.63539606
1.0,1,0.8768337
0.0,0,0.033529148
1.0,1,0.8935434
0.0,0,0.05117544
0.0,0,0.020242948
1.0,1,0.71164346
0.0,0,0.010687345
0.0,0,0.012829944
0.0,0,0.036112335
1.0,1,0.78521556
1.0,1,0.97257197
1.0,1,0.6348702
1.0,1,0.7988833
1.0,1,0.82771397
1.0,1,0.78769946
0.0,0,0.0046181255
0.0,0,0.019165384
0.0,0,0.012756826
1.0,1,0.6897752
0.0,0,0.05312158
1.0,1,0.7864573
1.0,1,0.9831223
0.0,0,0.0034191632
1.0,1,0.74672467
1.0,1,0.3491195
1.0,1,0.9811289
1.0,1,0.9754067
0.0,0,0.12772179
1.0,1,0.86558974
1.0,1,0.90609896
0.0,0,0.022070931
1.0,1,0.9745058
0.0,0,0.032059748
1.0,1,0.9701678
0.0,0,0.12700778
0.0,0,0.008816779
1.0,1,0.976663
1.0,1,0.6048027
0.0,0,0.012709854
0.0,0,0.0089364685
1.0,1,0.6775942
1.0,1,0.64569426
1.0,1,0.965754
0.0,0,0.001249944
1.0,1,0.98291457
1.0,1,0.8086191
0.0,0,0.0072916453
1.0,1,0.8548729
0.0,0,0.022217361
1.0,1,0.32783237
1.0,1,0.94375086
1.0,1,0.86613554
0.0,0,0.025800383
1.0,1,0.8780117
1.0,1,0.69483554
1.0,1,0.9864438
0.0,0,0.008396588
0.0,0,0.069707565
0.0,0,0.022666328
1.0,1,0.95157737
0.0,0,0.023760019
1.0,1,0.7780007
1.0,1,0.41871968
0.0,1,0.51616305
1.0,1,0.7265291
1.0,1,0.2713823
0.0,0,0.14066604
0.0,1,0.7498002
1.0,1,0.40766886
0.0,0,0.0029182325
0.0,0,0.00401832
0.0,0,0.008310168
0.0,1,0.6608999
0.0,0,0.011149596
1.0,1,0.9618538
0.0,1,0.41385105
1.0,1,0.91041416
0.0,0,0.048538975
1.0,0,0.16846217
1.0,1,0.8407685
0.0,0,0.005709897
1.0,1,0.9748573
0.0,0,0.10270805
0.0,0,0.060848363
0.0,0,0.0028644528
1.0,1,0.87129664
0.0,1,0.6109519
1.0,1,0.60860324
0.0,0,0.14348675
1.0,1,0.64188945
1.0,1,0.9804129
1.0,1,0.83685327
