True Label,Predicted Label,Confidence
1.0,1,0.88375473
0.0,1,0.72592306
0.0,0,0.16646037
1.0,1,0.8890388
1.0,1,0.94430196
0.0,0,0.011566199
0.0,0,0.013376733
0.0,0,0.0613538
1.0,1,0.7395072
0.0,0,0.28028774
0.0,0,0.4038962
0.0,0,0.0051462012
0.0,0,0.42053422
1.0,1,0.95494676
0.0,1,0.81033707
1.0,1,0.7955346
1.0,1,0.9317196
0.0,0,0.06035082
1.0,1,0.98630226
0.0,0,0.071698174
0.0,0,0.0128532825
0.0,0,0.01144338
0.0,0,0.01736963
0.0,0,0.037100475
1.0,1,0.8581109
1.0,0,0.5745179
1.0,1,0.9237413
1.0,1,0.8698009
0.0,0,0.0075363875
0.0,1,0.78417885
0.0,0,0.23238501
0.0,0,0.34339276
0.0,0,0.08923285
1.0,1,0.9833265
0.0,0,0.048677873
0.0,0,0.058110192
0.0,0,0.12526059
0.0,0,0.022907691
0.0,0,0.49085063
1.0,1,0.95555764
1.0,1,0.97645235
0.0,0,0.0066275024
1.0,1,0.8672139
1.0,1,0.8960529
1.0,1,0.9769972
1.0,1,0.89974034
0.0,0,0.35361978
0.0,0,0.58284914
1.0,1,0.90466255
0.0,0,0.005886471
1.0,1,0.9838475
0.0,0,0.010773025
1.0,1,0.8722691
0.0,0,0.0145323835
1.0,1,0.9828161
0.0,0,0.024840323
1.0,1,0.9297703
0.0,0,0.5613551
0.0,0,0.1329962
1.0,0,0.16850409
1.0,1,0.92980206
0.0,0,0.01333742
1.0,1,0.87738067
1.0,1,0.97069645
0.0,0,0.24289398
1.0,1,0.8901408
1.0,1,0.96687776
0.0,0,0.0011040526
0.0,0,0.15405299
1.0,1,0.8511349
0.0,0,0.54134905
1.0,1,0.9755908
1.0,1,0.7096241
0.0,0,0.16306344
1.0,1,0.97544473
1.0,0,0.3119375
0.0,0,0.11509305
1.0,1,0.93256885
0.0,0,0.003147719
1.0,1,0.8866263
0.0,0,0.0012719914
0.0,0,0.0033394939
0.0,0,0.03094018
0.0,1,0.915517
1.0,1,0.79410577
1.0,1,0.9179038
0.0,0,0.07210694
1.0,1,0.7448738
0.0,0,0.21091942
0.0,0,0.080081604
0.0,0,0.055859976
0.0,0,0.014972488
0.0,0,0.40652052
0.0,0,0.410776
1.0,1,0.9769894
0.0,0,0.082237035
1.0,1,0.8387006
0.0,0,0.03446738
1.0,1,0.91761243
0.0,0,0.038676776
1.0,1,0.771073
1.0,0,0.03098471
1.0,1,0.9301788
1.0,1,0.9798369
0.0,0,0.0072066896
1.0,1,0.9873495
1.0,1,0.92073286
1.0,1,0.9852992
0.0,0,0.00560445
0.0,0,0.007842157
0.0,0,0.023659931
0.0,0,0.32034487
0.0,0,0.046134397
0.0,0,0.02471538
1.0,1,0.9092212
1.0,1,0.9174151
0.0,0,0.0068929493
1.0,1,0.8349447
0.0,0,0.47707745
1.0,1,0.9384398
1.0,1,0.93769664
0.0,0,0.47040275
1.0,1,0.97094804
0.0,0,0.13707247
1.0,1,0.9567665
1.0,1,0.9051402
1.0,0,0.5154752
0.0,0,0.016685562
1.0,1,0.9654289
0.0,0,0.44626772
0.0,0,0.08289633
0.0,0,0.010764833
1.0,1,0.9520006
1.0,1,0.9542042
1.0,1,0.9074997
1.0,1,0.8973979
1.0,1,0.9659599
0.0,0,0.0058121025
1.0,1,0.9576423
0.0,0,0.012872608
0.0,0,0.0132033415
0.0,0,0.122113355
0.0,0,0.56458896
1.0,1,0.94601876
0.0,0,0.5412333
0.0,0,0.047617223
0.0,0,0.03227888
1.0,1,0.9822984
1.0,1,0.97740835
0.0,0,0.08937733
1.0,1,0.85965586
1.0,1,0.8699465
1.0,0,0.05752075
0.0,1,0.83857185
0.0,0,0.004889033
1.0,1,0.97304434
0.0,0,0.5313978
0.0,0,0.05549489
1.0,1,0.92083985
0.0,0,0.36717552
0.0,1,0.8330309
1.0,1,0.97822946
0.0,0,0.4111395
1.0,1,0.9868507
0.0,0,0.057697203
0.0,0,0.36485767
1.0,1,0.78000885
1.0,1,0.8724493
1.0,1,0.98164624
1.0,1,0.95613486
1.0,1,0.9670572
0.0,0,0.086988956
1.0,1,0.89304936
0.0,0,0.01501661
0.0,0,0.0015180174
0.0,0,0.007750977
0.0,0,0.015535806
1.0,1,0.9567243
1.0,1,0.9316725
0.0,0,0.20064576
0.0,0,0.05905254
1.0,0,0.3215353
1.0,1,0.96829015
0.0,0,0.017141042
0.0,0,0.06729707
1.0,1,0.9724222
0.0,0,0.6527847
0.0,0,0.35582304
0.0,1,0.8075795
1.0,1,0.97141796
0.0,0,0.34144038
1.0,1,0.6864019
0.0,0,0.39847666
0.0,0,0.40004033
0.0,0,0.6144795
0.0,0,0.59846103
1.0,1,0.8408179
0.0,0,0.60789526
1.0,1,0.79167145
0.0,0,0.4104555
0.0,0,0.25583225
0.0,0,0.022225687
0.0,1,0.75388616
0.0,0,0.012925702
1.0,1,0.96798784
0.0,0,0.018429484
0.0,0,0.32570568
0.0,0,0.14299463
1.0,1,0.92227376
1.0,1,0.9404994
0.0,0,0.23454578
0.0,0,0.06618453
0.0,0,0.035314824
0.0,0,0.0079550985
1.0,1,0.97747004
1.0,1,0.97758824
1.0,1,0.9355382
1.0,1,0.8804915
0.0,0,0.4717608
1.0,1,0.9755107
0.0,0,0.0033881501
0.0,0,0.5233432
0.0,0,0.32817304
0.0,0,0.26761326
1.0,1,0.9479241
1.0,0,0.6479956
0.0,1,0.91499096
0.0,0,0.16684586
0.0,0,0.03338529
1.0,1,0.9705787
0.0,0,0.00047526727
1.0,0,0.57970345
0.0,0,0.13272473
1.0,1,0.7327086
0.0,0,0.054986406
1.0,1,0.94978595
1.0,1,0.95165867
0.0,0,0.023942767
0.0,1,0.6698841
1.0,1,0.71732414
1.0,1,0.93859196
1.0,1,0.8897443
0.0,0,0.008514502
1.0,1,0.93611705
0.0,0,0.10682565
0.0,0,0.011408133
1.0,1,0.8641647
0.0,0,0.15004176
0.0,0,0.026088608
1.0,1,0.9240409
0.0,1,0.7247782
1.0,1,0.927655
1.0,1,0.95209
0.0,1,0.7273659
1.0,0,0.5952753
1.0,0,0.00367394
1.0,1,0.8729151
0.0,1,0.78039
0.0,0,0.27293098
1.0,0,0.2668853
0.0,0,0.011321887
1.0,1,0.9701692
0.0,0,0.0010401852
1.0,1,0.887409
1.0,0,0.5513127
1.0,0,0.32449055
1.0,0,0.5450096
0.0,0,0.16998973
0.0,0,0.62226236
0.0,0,0.37225643
1.0,1,0.7595316
0.0,0,0.06678178
0.0,0,0.06749714
0.0,0,0.01772277
1.0,1,0.97744936
1.0,1,0.8623701
1.0,1,0.95953697
0.0,0,0.08823979
0.0,0,0.009312859
0.0,0,0.29539165
1.0,1,0.88688993
0.0,0,0.061458573
0.0,0,0.021887153
1.0,1,0.9756874
1.0,1,0.9825961
1.0,1,0.92583853
1.0,1,0.9723004
1.0,1,0.97545743
1.0,1,0.7201867
1.0,1,0.9418812
0.0,0,0.1162404
0.0,0,0.0028353797
1.0,1,0.9735731
1.0,1,0.8771457
0.0,0,0.033977114
1.0,1,0.977833
0.0,0,0.014226196
1.0,1,0.9535949
1.0,1,0.910473
0.0,1,0.68022823
1.0,1,0.9758232
0.0,0,0.06302341
1.0,1,0.92952347
1.0,1,0.9864643
0.0,1,0.69721115
0.0,0,0.14903213
0.0,0,0.008796449
0.0,0,0.00022178232
0.0,0,0.078042895
1.0,0,0.5494194
1.0,1,0.86309403
0.0,0,0.22791015
1.0,1,0.9098301
1.0,1,0.7949284
0.0,0,0.046062015
1.0,1,0.83107615
0.0,0,0.012670924
0.0,1,0.842154
1.0,1,0.7500199
0.0,0,0.65804225
1.0,1,0.94303334
0.0,0,0.099484906
0.0,0,0.46684858
0.0,0,0.08384414
0.0,0,0.5679482
1.0,1,0.82947236
0.0,0,0.48881674
1.0,0,0.5548083
1.0,1,0.94836724
1.0,1,0.8639339
1.0,1,0.7373631
1.0,0,0.22229965
1.0,0,0.40403745
1.0,1,0.8137053
1.0,1,0.946764
0.0,0,0.4868435
1.0,1,0.98134404
0.0,0,0.5974783
0.0,0,0.5033859
1.0,1,0.98439425
1.0,1,0.93098724
1.0,1,0.94281757
0.0,0,0.0013193225
0.0,0,0.13250142
1.0,1,0.70874166
0.0,1,0.82295334
0.0,0,0.44796517
0.0,0,0.002035612
0.0,0,0.06979074
1.0,0,0.6568995
0.0,0,0.52305555
0.0,0,0.07133722
0.0,0,0.106054254
1.0,1,0.9640162
0.0,0,0.5882357
1.0,1,0.9768043
1.0,1,0.9850389
0.0,0,0.04749716
1.0,0,0.315188
0.0,0,0.016554402
1.0,1,0.98264796
0.0,1,0.9288725
1.0,1,0.98344934
1.0,1,0.9430212
1.0,1,0.7396722
0.0,0,0.3475131
1.0,1,0.96328735
0.0,0,0.015562032
0.0,0,0.16905853
0.0,0,0.050847255
1.0,1,0.95975804
0.0,0,0.016117048
1.0,1,0.9788586
0.0,0,0.053401086
0.0,0,0.18308683
1.0,1,0.9218678
0.0,0,0.013943267
0.0,0,0.37450498
1.0,1,0.98268116
1.0,1,0.9197868
1.0,1,0.70666647
1.0,1,0.96058244
1.0,1,0.97128576
1.0,1,0.84624666
0.0,0,0.6217473
1.0,1,0.66836697
1.0,1,0.9761415
1.0,1,0.96715343
1.0,1,0.9888512
0.0,0,0.0059017935
1.0,1,0.9572207
1.0,1,0.9816839
0.0,0,0.0119589465
1.0,1,0.89229155
0.0,0,0.097175606
1.0,1,0.9506558
1.0,0,0.19139823
0.0,0,0.016423278
1.0,0,0.47602576
1.0,1,0.9747026
0.0,0,0.18069594
1.0,1,0.96728075
0.0,0,0.061084684
0.0,0,0.592686
1.0,1,0.9803938
1.0,1,0.9440291
1.0,0,0.407675
1.0,1,0.8918084
1.0,1,0.91523415
1.0,1,0.9568842
1.0,1,0.96914184
0.0,0,0.5488415
0.0,0,0.0053079645
1.0,1,0.96215737
1.0,1,0.9616313
0.0,0,0.008601743
1.0,0,0.6398721
0.0,0,0.18794028
1.0,1,0.9457949
1.0,0,0.55159307
0.0,0,0.008271007
1.0,1,0.9635625
1.0,1,0.88146544
0.0,0,0.49176705
1.0,1,0.9707884
1.0,1,0.9541167
1.0,1,0.96888703
0.0,0,0.07523241
0.0,0,0.37876248
0.0,0,0.10727864
0.0,0,0.0869269
1.0,0,0.3603521
1.0,1,0.9744987
1.0,1,0.8848499
1.0,1,0.94958687
1.0,1,0.9768099
1.0,1,0.98002756
1.0,1,0.9796441
1.0,1,0.9726533
1.0,1,0.7536299
0.0,0,0.04364883
0.0,0,0.019361945
0.0,0,0.0145705715
0.0,0,0.016255487
1.0,1,0.94125116
0.0,0,0.13289261
1.0,1,0.9809661
0.0,1,0.8267174
1.0,0,0.3329757
1.0,1,0.93777466
0.0,0,0.0043117325
1.0,1,0.7429575
1.0,1,0.92592865
0.0,0,0.5533043
1.0,1,0.93234885
0.0,0,0.17963205
1.0,1,0.8604076
1.0,1,0.8857723
1.0,1,0.9759216
0.0,0,0.37857795
0.0,0,0.0017758808
1.0,1,0.92334497
1.0,1,0.7028738
0.0,0,0.019530362
1.0,1,0.9720534
0.0,1,0.7364768
1.0,1,0.9499089
0.0,0,0.59266245
1.0,1,0.8924217
1.0,1,0.95014197
1.0,0,0.5450109
0.0,0,0.0075475196
0.0,0,0.010513009
0.0,0,0.063728854
0.0,0,0.1776759
1.0,1,0.98414636
1.0,1,0.7051377
1.0,1,0.6703478
1.0,1,0.7515694
1.0,0,0.2749879
0.0,0,0.5601092
0.0,0,0.017187288
1.0,1,0.925282
0.0,0,0.045544133
0.0,0,0.005522192
0.0,0,0.21591118
1.0,1,0.87537354
0.0,0,0.05934613
1.0,1,0.97458255
1.0,1,0.9508288
1.0,1,0.69676363
0.0,0,0.5266738
1.0,1,0.91184676
0.0,0,0.24491963
0.0,1,0.82183874
0.0,0,0.04001848
0.0,0,0.02944731
0.0,0,0.52753305
0.0,0,0.015570113
1.0,1,0.8871387
0.0,0,0.00023511969
0.0,0,0.3622563
0.0,1,0.919353
0.0,0,0.0048436965
0.0,0,0.23930414
1.0,1,0.9286437
1.0,1,0.9796307
0.0,0,0.12253639
1.0,1,0.92185056
0.0,0,0.008136634
0.0,1,0.7731161
1.0,1,0.69805145
1.0,1,0.9689013
1.0,1,0.9507057
1.0,1,0.86273074
0.0,0,0.1910546
0.0,0,0.3466782
0.0,0,0.3952486
0.0,0,0.008440153
1.0,1,0.84346163
1.0,1,0.96680903
1.0,1,0.9809694
0.0,0,0.02280996
0.0,0,0.51727223
1.0,0,0.10596351
0.0,1,0.9832851
1.0,1,0.9685308
0.0,0,0.107139796
0.0,1,0.9769822
0.0,0,0.180758
0.0,0,0.007178421
0.0,0,0.5619043
1.0,0,0.54396474
1.0,1,0.806529
0.0,0,0.5824824
1.0,1,0.80763394
0.0,0,0.2139296
1.0,1,0.96542346
0.0,0,0.0065094107
1.0,1,0.9622723
1.0,1,0.97064984
0.0,0,0.095007636
1.0,1,0.9832124
1.0,1,0.9344358
0.0,0,0.010737346
1.0,0,0.4821518
1.0,1,0.97228795
0.0,1,0.6624454
0.0,0,0.04882756
1.0,1,0.9388139
0.0,0,0.0020899393
1.0,1,0.9205384
1.0,1,0.9794309
0.0,0,0.006031238
1.0,1,0.94161284
0.0,0,0.030737016
1.0,1,0.96009225
1.0,1,0.8433571
0.0,0,0.22738479
0.0,0,0.4664043
1.0,1,0.75482583
1.0,1,0.9846833
0.0,0,0.621225
0.0,0,0.00018289355
0.0,0,0.001435639
0.0,0,0.29390195
1.0,1,0.94751215
1.0,1,0.9449474
1.0,1,0.9684903
0.0,0,0.10440826
1.0,1,0.84790576
1.0,1,0.9222885
0.0,0,0.4005748
1.0,1,0.98046875
0.0,0,0.008317079
0.0,0,0.0018382847
0.0,1,0.73936445
1.0,1,0.95796216
1.0,1,0.9400888
0.0,0,0.0019340061
0.0,0,0.0075965356
1.0,1,0.8659648
1.0,1,0.686893
1.0,1,0.9526495
1.0,1,0.79084855
1.0,0,0.39226165
1.0,1,0.83030766
0.0,0,0.023466406
1.0,1,0.9698776
1.0,1,0.741459
1.0,1,0.72872895
0.0,0,0.005952917
0.0,0,0.012587366
0.0,0,0.019606818
0.0,0,0.16584638
0.0,0,0.3519968
1.0,1,0.9574668
0.0,0,0.011110933
1.0,1,0.68351626
1.0,1,0.9466844
1.0,0,0.6475386
1.0,1,0.86917865
0.0,0,0.65891623
0.0,0,0.06481186
0.0,0,0.01932112
0.0,0,0.29027754
1.0,1,0.94746906
0.0,0,0.049149692
0.0,0,0.6425184
1.0,1,0.9490566
0.0,0,0.051967524
1.0,0,0.61732197
0.0,0,0.033369966
1.0,1,0.8658355
1.0,1,0.701227
1.0,1,0.9806795
0.0,0,0.0009615165
0.0,0,0.43059352
1.0,0,0.5627991
0.0,0,0.20247088
0.0,1,0.7739985
0.0,0,0.1848467
1.0,1,0.96046156
1.0,1,0.970704
0.0,0,0.047845952
0.0,0,0.028627519
0.0,0,0.01615172
0.0,0,0.009583578
0.0,0,0.15936236
0.0,0,0.07922259
1.0,1,0.75148344
0.0,0,0.019736825
0.0,0,0.10404211
1.0,0,0.54174936
0.0,0,0.007869135
0.0,0,0.012689191
0.0,0,0.051771093
1.0,1,0.6823308
1.0,1,0.6646838
0.0,0,0.051591903
0.0,0,0.22631659
1.0,1,0.9713526
0.0,1,0.80844915
0.0,1,0.86347157
1.0,1,0.9757013
1.0,0,0.22141916
1.0,0,0.307944
0.0,0,0.28385663
1.0,1,0.96773785
0.0,0,0.006809021
0.0,0,0.007942155
0.0,0,0.0063258484
0.0,0,0.27990857
1.0,1,0.9271616
1.0,1,0.9740317
0.0,0,0.1070373
0.0,0,0.008329577
0.0,0,0.34988937
0.0,0,0.13054213
1.0,0,0.6339102
0.0,0,0.125321
0.0,1,0.68059003
0.0,0,0.022181282
1.0,1,0.8877525
1.0,1,0.97710747
1.0,1,0.87394726
1.0,0,0.6505591
1.0,1,0.9853741
1.0,1,0.7269691
1.0,1,0.8027655
0.0,0,0.19238271
0.0,0,0.0060215862
1.0,1,0.9675978
0.0,0,0.021550708
1.0,1,0.9806934
0.0,0,0.005497986
0.0,0,0.47120306
0.0,0,0.010459705
0.0,0,0.0048632296
0.0,0,0.02078341
1.0,1,0.74338865
1.0,1,0.87388766
1.0,1,0.72111505
0.0,0,0.010294548
0.0,0,0.08821854
1.0,1,0.80133605
0.0,0,0.034694627
0.0,0,0.21843046
1.0,1,0.94285804
1.0,1,0.92072743
0.0,0,0.13271216
0.0,0,0.005664277
0.0,0,0.04527387
0.0,0,0.0045564137
0.0,1,0.9318243
0.0,0,0.30726883
0.0,0,0.0038215925
1.0,1,0.8595269
1.0,0,0.0920178
0.0,0,0.062177543
0.0,0,0.0046844203
0.0,0,0.0010194756
1.0,1,0.79402465
0.0,0,0.0009800579
0.0,0,0.20216687
1.0,1,0.9818968
1.0,1,0.82056594
1.0,1,0.9311994
0.0,0,0.12327026
0.0,1,0.8067006
1.0,1,0.97255766
0.0,0,0.014392255
1.0,1,0.9872277
1.0,0,0.48544857
1.0,1,0.9683803
1.0,0,0.44930857
1.0,1,0.9620446
0.0,0,0.0068037147
1.0,0,0.48368225
1.0,1,0.94803524
1.0,1,0.8026377
0.0,0,0.0907301
1.0,1,0.8821524
1.0,1,0.9793697
0.0,0,0.010224053
0.0,0,0.6034125
0.0,0,0.13096036
0.0,0,0.1654972
0.0,0,0.49051827
1.0,1,0.8743426
1.0,1,0.95128757
0.0,0,0.26686007
0.0,0,0.20658825
1.0,1,0.91722095
0.0,0,0.075730175
0.0,0,0.013929874
0.0,0,0.022193767
1.0,1,0.9754767
1.0,1,0.8471806
1.0,1,0.89699405
1.0,0,0.4176784
1.0,1,0.8947538
1.0,1,0.85437167
1.0,0,0.5592635
0.0,0,0.0030264796
1.0,0,0.59741974
0.0,0,0.41210577
0.0,0,0.42289317
1.0,0,0.6254765
1.0,1,0.96847034
1.0,1,0.8892605
1.0,1,0.9857867
1.0,1,0.9180503
0.0,0,0.07517072
0.0,1,0.9646767
0.0,0,0.33546573
0.0,0,0.16705209
1.0,1,0.9389339
1.0,1,0.9155536
0.0,0,0.189742
1.0,1,0.976579
1.0,1,0.8743551
0.0,0,0.01194111
1.0,1,0.82108223
0.0,0,0.13912961
1.0,1,0.96722806
0.0,0,0.39012784
1.0,1,0.9855069
0.0,0,0.47215277
1.0,1,0.77103776
1.0,1,0.81557935
1.0,1,0.97598034
0.0,0,0.6497108
0.0,0,0.42687064
1.0,1,0.98671126
1.0,1,0.80229884
1.0,1,0.97311735
0.0,0,0.31037915
1.0,1,0.81560135
0.0,0,0.081771776
1.0,1,0.92207557
1.0,1,0.96833074
1.0,1,0.92622465
0.0,0,0.14868908
1.0,1,0.9349772
0.0,0,0.022918696
1.0,1,0.9536062
0.0,0,0.05597798
1.0,1,0.88587177
1.0,1,0.95162034
0.0,0,0.018344408
1.0,1,0.9200417
0.0,0,0.009042142
1.0,1,0.6860225
0.0,1,0.8936236
1.0,1,0.95822686
0.0,0,0.23631883
1.0,1,0.8779038
1.0,1,0.82172453
1.0,0,0.6423379
0.0,0,0.2651354
0.0,0,0.13927071
1.0,1,0.8032061
1.0,1,0.9847007
1.0,0,0.22311954
1.0,0,0.6564689
1.0,1,0.95392346
0.0,0,0.24779403
1.0,1,0.98194003
1.0,1,0.9812635
0.0,0,0.028541189
1.0,1,0.7198722
0.0,0,0.013673371
0.0,0,0.053423386
1.0,0,0.6018745
0.0,0,0.04468585
1.0,1,0.96456945
1.0,1,0.9742203
1.0,1,0.98104095
0.0,0,0.0046214345
0.0,0,0.09947269
0.0,0,0.025586294
1.0,1,0.84253216
0.0,0,0.42073536
1.0,1,0.92576504
1.0,1,0.94604033
1.0,1,0.85827094
0.0,0,0.123659454
0.0,0,0.49470982
1.0,1,0.944396
1.0,1,0.97075135
1.0,1,0.9751836
0.0,0,0.6059686
0.0,0,0.009044363
1.0,1,0.9213716
1.0,1,0.9572107
0.0,0,0.015479482
0.0,0,0.051091123
0.0,0,0.14394207
0.0,1,0.91171706
0.0,0,0.18096815
0.0,0,0.004587224
1.0,0,0.59489965
0.0,0,0.0016588917
0.0,0,0.0042182286
0.0,0,0.10477044
0.0,0,0.0068750563
1.0,1,0.8244307
1.0,1,0.9461051
1.0,1,0.9341537
0.0,0,0.13859016
0.0,0,0.0063944524
0.0,0,0.18977545
0.0,0,0.008804943
1.0,1,0.9298529
1.0,1,0.9393105
1.0,1,0.90938735
0.0,1,0.77292836
0.0,0,0.057048894
1.0,1,0.8591373
1.0,1,0.96788
1.0,1,0.97470903
0.0,0,0.09323508
0.0,0,0.06915909
1.0,1,0.8773328
1.0,1,0.9857136
0.0,0,0.008484742
1.0,1,0.759015
1.0,1,0.76923764
0.0,0,0.12526986
1.0,1,0.8412018
0.0,0,0.26120192
0.0,0,0.021245763
1.0,1,0.80222034
0.0,0,0.005967925
1.0,1,0.80981946
0.0,1,0.9491662
1.0,1,0.92032087
1.0,1,0.8932784
1.0,0,0.36488542
1.0,1,0.9848173
0.0,0,0.15650886
0.0,0,0.009989605
1.0,1,0.7433258
0.0,0,0.003052581
0.0,0,0.18385737
0.0,0,0.14334998
0.0,1,0.6957446
0.0,0,0.031562515
1.0,1,0.95295244
0.0,1,0.85695183
1.0,0,0.6124408
0.0,0,0.6538931
1.0,1,0.9791792
0.0,0,0.0059916847
1.0,1,0.9232221
1.0,1,0.9712842
1.0,1,0.9741343
0.0,0,0.011130786
1.0,1,0.967549
1.0,0,0.5661297
1.0,1,0.98192406
0.0,0,0.029067248
0.0,0,0.046221413
0.0,0,0.27298093
1.0,1,0.90199965
1.0,1,0.90900666
1.0,1,0.910625
0.0,0,0.10297129
1.0,1,0.93351984
1.0,1,0.9057515
1.0,1,0.8644917
0.0,0,0.018447425
0.0,0,0.014992219
0.0,0,0.32707414
0.0,0,0.06877873
1.0,1,0.98484397
1.0,1,0.98640937
1.0,1,0.98041373
1.0,1,0.98625654
1.0,1,0.93600917
1.0,1,0.77871156
0.0,0,0.031608433
1.0,0,0.5272435
1.0,1,0.8359207
1.0,1,0.97605485
1.0,1,0.95734376
0.0,0,0.2589502
1.0,1,0.6838292
0.0,0,0.008520241
1.0,1,0.9851456
1.0,1,0.9525581
0.0,1,0.7383618
1.0,1,0.68749845
0.0,0,0.0010403467
1.0,1,0.9672454
0.0,0,0.41727555
0.0,0,0.051061172
0.0,0,0.13350947
0.0,0,0.23064226
1.0,1,0.89852846
0.0,0,0.027079148
0.0,0,0.17968948
1.0,0,0.53901666
1.0,1,0.98165005
0.0,0,0.0065520615
1.0,1,0.9352938
0.0,0,0.0041315285
1.0,0,0.6579093
0.0,0,0.28599846
1.0,1,0.949244
0.0,0,0.64575106
1.0,1,0.77622354
0.0,0,0.0077274097
1.0,1,0.984638
0.0,0,0.053357143
1.0,0,0.0069899326
0.0,0,0.28308523
1.0,1,0.7865399
1.0,1,0.80488014
1.0,1,0.9558115
1.0,1,0.98425466
0.0,0,0.004154618
0.0,0,0.10430684
1.0,1,0.9670324
1.0,1,0.9846644
1.0,1,0.87773573
1.0,1,0.9078171
1.0,0,0.6437336
1.0,1,0.9663097
0.0,0,0.28463528
1.0,1,0.97166586
1.0,1,0.7449348
0.0,0,0.037027065
1.0,1,0.94813865
1.0,1,0.92568666
1.0,1,0.70658505
0.0,0,0.023048017
1.0,1,0.9322963
0.0,0,0.014861442
0.0,0,0.23638667
0.0,0,0.40339828
1.0,1,0.945951
1.0,1,0.81836784
0.0,0,0.065690875
0.0,0,0.0108414
1.0,1,0.9476657
1.0,1,0.93283737
0.0,0,0.15370916
1.0,1,0.9233678
0.0,0,0.057794467
0.0,0,0.4390606
1.0,1,0.90045816
1.0,1,0.9837199
0.0,1,0.8219292
0.0,0,0.02373095
1.0,1,0.7829068
0.0,0,0.014030468
0.0,0,0.04202302
0.0,1,0.81324995
1.0,1,0.9590835
1.0,1,0.7822148
0.0,1,0.90640324
0.0,0,0.0063329507
0.0,0,0.09871406
0.0,0,0.018412849
0.0,0,0.2743087
1.0,1,0.96764964
0.0,0,0.61024356
0.0,0,0.018448971
0.0,0,0.082767025
0.0,0,0.017568707
0.0,0,0.30613154
1.0,1,0.9607843
0.0,0,0.013752942
0.0,0,0.06725774
0.0,0,0.011204082
1.0,1,0.95141226
1.0,1,0.972106
0.0,1,0.93804544
0.0,0,0.024305357
1.0,1,0.96961856
1.0,1,0.9623686
0.0,1,0.71865976
1.0,1,0.8966355
1.0,1,0.97857565
0.0,0,0.045208104
0.0,0,0.29916185
1.0,1,0.95249635
0.0,0,0.58506095
1.0,0,0.3699611
1.0,1,0.98337454
1.0,1,0.92497396
1.0,1,0.9617201
1.0,0,0.47654858
1.0,1,0.9781577
1.0,1,0.9557798
1.0,1,0.73642254
0.0,0,0.03666302
0.0,0,0.005101888
0.0,0,0.02420858
0.0,0,0.019026473
0.0,0,0.007907456
0.0,0,0.009492336
1.0,1,0.9710686
1.0,1,0.933724
1.0,1,0.963156
0.0,0,0.11329196
0.0,0,0.084922224
1.0,1,0.8544656
1.0,0,0.65199137
0.0,0,0.10930547
1.0,0,0.65049887
1.0,1,0.9521233
0.0,1,0.702629
0.0,0,0.009523727
1.0,1,0.93764114
1.0,0,0.34855253
1.0,1,0.9343602
0.0,0,0.028706653
1.0,1,0.6751401
1.0,1,0.95939296
0.0,0,0.0059355386
1.0,0,0.59245205
0.0,0,0.008275936
0.0,0,0.0023508305
0.0,0,0.12130992
1.0,1,0.97582805
0.0,0,0.06814131
1.0,0,0.53072965
1.0,1,0.75116473
1.0,1,0.9524896
0.0,0,0.010321605
1.0,1,0.83968407
0.0,0,0.0029877992
0.0,0,0.13345242
0.0,0,0.17245255
1.0,1,0.9637568
0.0,0,0.031730957
0.0,0,0.63341564
0.0,0,0.5726795
1.0,1,0.8914251
1.0,1,0.91362333
0.0,1,0.7300786
1.0,1,0.9760167
0.0,0,0.15899017
0.0,0,0.012563405
0.0,0,0.4827942
1.0,1,0.90308774
1.0,1,0.7985765
0.0,0,0.3420207
0.0,0,0.031262293
1.0,1,0.9484688
0.0,0,0.18283299
1.0,1,0.96763253
0.0,0,0.04978034
1.0,1,0.75168407
0.0,0,0.05925258
1.0,1,0.92751163
1.0,1,0.9237709
1.0,1,0.853333
0.0,0,0.111659296
0.0,0,0.007909503
1.0,1,0.94555634
0.0,0,0.054057874
0.0,1,0.92511994
0.0,0,0.02697224
1.0,1,0.9794016
1.0,1,0.8396619
0.0,0,0.19106254
1.0,1,0.8893488
0.0,0,0.25294477
0.0,0,0.10917101
1.0,1,0.84381616
1.0,1,0.9031743
0.0,0,0.004853627
1.0,1,0.90111536
1.0,1,0.9162966
1.0,1,0.9460739
1.0,1,0.9276369
1.0,1,0.8592299
1.0,1,0.9739322
1.0,1,0.9417444
0.0,0,0.047952224
1.0,0,0.5911069
1.0,1,0.97139585
1.0,1,0.97203994
1.0,1,0.95906717
0.0,0,0.088532016
0.0,0,0.16402341
0.0,0,0.21228781
1.0,1,0.98085415
0.0,0,0.008273151
0.0,0,0.25275293
1.0,0,0.24352455
0.0,0,0.015075793
0.0,0,0.029116668
1.0,1,0.9518615
1.0,1,0.9606308
1.0,0,0.3619582
1.0,1,0.9637153
0.0,0,0.0036349003
1.0,1,0.97825366
1.0,1,0.96575433
1.0,1,0.97469014
1.0,1,0.96316135
1.0,1,0.9678056
1.0,1,0.90211064
1.0,0,0.27590412
0.0,0,0.027268507
1.0,1,0.95131564
0.0,0,0.20610344
0.0,0,0.06704609
0.0,0,0.05252986
0.0,0,0.123961434
1.0,1,0.9170816
0.0,0,0.27273837
0.0,0,0.010125211
1.0,1,0.86120254
0.0,0,0.02009434
1.0,1,0.9625268
1.0,0,0.4625269
0.0,0,0.00093343115
1.0,1,0.9595527
1.0,0,0.0264585
0.0,0,0.16105796
0.0,0,0.009461658
1.0,1,0.745734
0.0,0,0.09023377
0.0,0,0.56252706
0.0,0,0.22180095
0.0,0,0.026100093
0.0,1,0.7387289
1.0,1,0.7611335
0.0,0,0.25873607
0.0,0,0.0072003705
0.0,0,0.008659833
1.0,1,0.9561895
0.0,0,0.058053635
0.0,0,0.16725786
0.0,0,0.04389341
1.0,1,0.9826885
0.0,0,0.10978363
0.0,0,0.0070278896
1.0,1,0.94706213
1.0,1,0.6785364
0.0,0,0.17641024
0.0,0,0.01551357
0.0,0,0.52141565
0.0,0,0.4686772
1.0,1,0.9510294
1.0,1,0.93763196
0.0,1,0.6878098
0.0,0,0.04766437
0.0,0,0.004758333
0.0,0,0.000272179
0.0,1,0.73909104
0.0,0,0.01079555
1.0,1,0.7614847
1.0,1,0.90298355
0.0,0,0.13432612
0.0,0,0.09120102
1.0,1,0.7248695
1.0,0,0.48063532
1.0,1,0.9756185
1.0,1,0.8086645
0.0,0,0.036288828
1.0,1,0.9492124
0.0,0,0.011348707
0.0,0,0.5533366
0.0,0,0.003681479
0.0,0,0.5550187
0.0,0,0.017153772
0.0,0,0.07752837
0.0,0,0.084980674
1.0,1,0.9538539
0.0,0,0.33635616
0.0,1,0.8556549
1.0,1,0.77117574
0.0,0,0.047045432
0.0,0,0.0063195154
0.0,0,0.0009210071
1.0,1,0.978784
1.0,1,0.9264973
1.0,1,0.92880464
0.0,0,0.055792462
0.0,1,0.7221306
1.0,0,0.071311064
1.0,1,0.9656287
1.0,1,0.96291983
1.0,1,0.84868526
0.0,0,0.0134777995
1.0,1,0.88552403
0.0,0,0.58164394
0.0,0,0.006162797
1.0,1,0.90863097
1.0,1,0.98725283
1.0,0,0.6437853
1.0,1,0.9282146
0.0,0,0.0057728314
1.0,1,0.825153
0.0,0,0.024383735
1.0,1,0.9806649
1.0,1,0.7208359
1.0,1,0.98177946
1.0,1,0.865827
1.0,0,0.08255061
1.0,1,0.93906015
1.0,1,0.81842285
0.0,0,0.08304287
0.0,1,0.6859735
1.0,0,0.015293445
1.0,0,0.266913
1.0,1,0.8831352
1.0,1,0.95030636
1.0,1,0.9637261
0.0,0,0.009047083
1.0,1,0.9082881
0.0,0,0.040706698
1.0,1,0.9835951
1.0,0,0.21262689
1.0,1,0.98507684
0.0,0,0.0009480309
0.0,0,0.4732615
1.0,1,0.94381624
1.0,1,0.78884524
0.0,0,0.049559273
0.0,0,0.03693306
1.0,1,0.92394155
1.0,0,0.51619416
1.0,1,0.9465332
0.0,0,0.12322853
0.0,0,0.15557167
1.0,1,0.9799159
0.0,1,0.7944358
1.0,1,0.92763966
0.0,0,0.010684802
0.0,0,0.0023616327
1.0,1,0.91663414
0.0,0,0.63453496
1.0,1,0.7475202
0.0,0,0.010869847
0.0,1,0.68583333
1.0,1,0.96741825
1.0,1,0.9053725
0.0,0,0.54434574
0.0,0,0.15082961
1.0,0,0.6042086
1.0,1,0.90790594
0.0,0,0.015159328
1.0,1,0.88804245
1.0,1,0.97626287
1.0,1,0.89676255
0.0,0,0.19545774
0.0,0,0.013826636
0.0,0,0.15552543
0.0,0,0.05160077
1.0,1,0.94325733
1.0,1,0.8791909
1.0,1,0.9794505
0.0,0,0.0052706357
1.0,1,0.8047615
0.0,0,0.23945199
1.0,1,0.8658822
0.0,0,0.40264535
1.0,1,0.98203033
0.0,0,0.43946722
0.0,0,0.03673055
1.0,1,0.9416339
0.0,0,0.0050646844
1.0,1,0.97595537
1.0,1,0.96036845
0.0,0,0.0025904067
1.0,1,0.9803655
1.0,0,0.46677125
0.0,0,0.0426251
0.0,0,0.58451533
1.0,1,0.7244798
1.0,1,0.86908275
1.0,1,0.851296
0.0,0,0.5192174
1.0,1,0.98128295
0.0,0,0.08287092
0.0,0,0.0029797547
0.0,0,0.026294656
0.0,0,0.006815302
1.0,1,0.9816337
1.0,1,0.91043735
0.0,0,0.0057179774
0.0,0,0.084046625
0.0,0,0.013367719
0.0,0,0.050883904
1.0,0,0.4353332
0.0,0,0.11317571
0.0,0,0.0083153965
0.0,0,0.016659008
1.0,1,0.90424246
0.0,0,0.65364957
0.0,0,0.06676132
1.0,1,0.67339426
0.0,0,0.08987382
1.0,1,0.9843217
0.0,0,0.016416978
1.0,1,0.9583414
0.0,0,0.0061361785
0.0,1,0.8270878
0.0,0,0.0147259915
1.0,1,0.938747
0.0,0,0.095678
0.0,1,0.7153957
0.0,0,0.47335696
0.0,0,0.09749326
1.0,1,0.68194246
0.0,0,0.22646907
0.0,0,0.007410313
1.0,1,0.7962769
1.0,1,0.9651495
1.0,1,0.9311499
1.0,1,0.83525234
1.0,1,0.7883743
0.0,0,0.29587546
1.0,1,0.9515159
1.0,1,0.95133173
0.0,0,0.007611378
0.0,0,0.24498396
1.0,1,0.88446665
1.0,1,0.98571086
1.0,1,0.9797935
1.0,1,0.9648814
0.0,0,0.42361224
1.0,1,0.8866786
0.0,0,0.019587548
0.0,0,0.31950703
0.0,1,0.88602644
0.0,0,0.0016287481
0.0,1,0.89036494
1.0,1,0.93679136
1.0,1,0.9605399
1.0,1,0.8908942
0.0,0,0.0034026883
0.0,0,0.26465294
0.0,0,0.012706958
1.0,1,0.8654374
1.0,1,0.83791703
1.0,1,0.84379214
1.0,1,0.98491526
0.0,0,0.28441742
1.0,0,0.2287636
0.0,0,0.0077438513
0.0,0,0.012103333
0.0,1,0.73286283
1.0,1,0.9822948
1.0,1,0.9688816
0.0,0,0.08379896
1.0,1,0.76382905
0.0,0,0.27608418
1.0,1,0.9500464
1.0,1,0.9746088
0.0,0,0.4862965
1.0,1,0.933484
1.0,1,0.96121645
1.0,1,0.86891466
1.0,0,0.5732728
1.0,1,0.79222816
0.0,0,0.005229849
0.0,0,0.21007845
1.0,1,0.97685814
0.0,0,0.11745127
0.0,0,0.588755
0.0,0,0.028174188
1.0,1,0.9632924
1.0,1,0.9184574
0.0,0,0.033807397
0.0,0,0.6385474
1.0,1,0.98144764
1.0,1,0.9730032
1.0,1,0.86266017
0.0,0,0.07041809
0.0,0,0.624709
0.0,0,0.01267269
1.0,1,0.80595213
0.0,0,0.07272666
0.0,0,0.020429362
0.0,0,0.0367909
1.0,1,0.9627855
0.0,0,0.28355187
0.0,0,0.56156564
1.0,1,0.9817643
0.0,0,0.009699816
1.0,1,0.95681536
0.0,1,0.892244
1.0,1,0.96720576
0.0,0,0.01965711
0.0,0,0.011174433
0.0,0,0.04777602
0.0,0,0.39860213
1.0,1,0.96685165
1.0,1,0.9531461
1.0,1,0.9662101
1.0,1,0.9580736
1.0,1,0.9818953
1.0,1,0.8744242
0.0,0,0.01022159
0.0,0,0.14694571
0.0,0,0.19135876
1.0,1,0.95312554
1.0,1,0.75200844
1.0,1,0.9481458
0.0,0,0.12672548
0.0,0,0.06867532
0.0,0,0.44074935
0.0,0,0.25378698
0.0,0,0.07568494
1.0,1,0.9673125
1.0,1,0.8622134
1.0,1,0.9395005
0.0,0,0.3360329
1.0,0,0.571614
0.0,0,0.56934106
0.0,1,0.9276442
1.0,1,0.97391814
1.0,0,0.61498
1.0,1,0.952156
0.0,0,0.051484413
1.0,1,0.9707087
1.0,1,0.9785202
0.0,0,0.64264584
1.0,1,0.9842064
1.0,1,0.93851554
0.0,0,0.23986469
0.0,0,0.16665317
0.0,0,0.23889719
1.0,1,0.6903525
0.0,0,0.20479321
1.0,1,0.91552263
0.0,0,0.004996149
0.0,0,0.0064397366
1.0,1,0.9224453
1.0,1,0.94563526
0.0,0,0.0071183243
0.0,0,0.03949967
0.0,0,0.26005733
1.0,1,0.7259592
0.0,0,0.013657195
1.0,1,0.7682087
1.0,1,0.87273544
0.0,0,0.06692393
0.0,0,0.0032196438
0.0,0,0.4379851
0.0,0,0.041781574
0.0,0,0.08238601
1.0,1,0.8689964
0.0,0,0.0651949
0.0,0,0.025960093
0.0,0,0.014705983
0.0,0,0.12047106
1.0,1,0.9466661
1.0,1,0.8793438
0.0,0,0.011414088
0.0,0,0.031593096
1.0,1,0.95419025
0.0,1,0.7629871
1.0,0,0.20136549
1.0,1,0.78332716
0.0,0,0.4008027
1.0,1,0.8354624
1.0,1,0.8626909
0.0,0,0.21568802
1.0,1,0.9881402
1.0,1,0.9706163
0.0,0,0.37494048
1.0,1,0.9715488
1.0,1,0.9481181
0.0,0,0.026415711
1.0,1,0.7275721
0.0,0,0.0030345947
0.0,1,0.78678083
1.0,1,0.9819826
1.0,1,0.98072815
0.0,0,0.05375523
0.0,0,0.05500308
0.0,0,0.09306206
1.0,0,0.22016105
0.0,0,0.0794495
1.0,1,0.8397713
1.0,1,0.95247084
1.0,0,0.6080234
1.0,1,0.77148074
1.0,1,0.97909915
1.0,1,0.960597
1.0,1,0.7479312
1.0,0,0.61125576
0.0,1,0.66792077
1.0,0,0.520018
1.0,1,0.95455545
0.0,0,0.002396855
1.0,1,0.9818265
0.0,0,0.45337516
0.0,0,0.26332006
0.0,0,0.0023592361
1.0,1,0.9670011
1.0,1,0.96560055
0.0,0,0.119086966
0.0,0,0.0045751836
1.0,1,0.6758059
1.0,1,0.86359346
1.0,0,0.38473886
1.0,1,0.9832375
0.0,0,0.17085962
0.0,0,0.09729583
0.0,0,0.012781743
0.0,0,0.13700962
0.0,0,0.16415468
0.0,0,0.23738213
0.0,0,0.039374545
1.0,0,0.6271671
1.0,1,0.7964586
1.0,1,0.93811005
1.0,0,0.28487906
0.0,0,0.14589918
0.0,1,0.8540174
0.0,0,0.026434587
0.0,0,0.5264437
1.0,0,0.25854373
1.0,1,0.9855084
1.0,1,0.9777691
1.0,1,0.9827965
1.0,1,0.9689975
1.0,1,0.843381
0.0,0,0.069613
1.0,1,0.97710586
0.0,0,0.1507893
1.0,1,0.9804282
0.0,0,0.44205126
1.0,1,0.91525745
1.0,1,0.9780337
1.0,1,0.9390564
1.0,1,0.9645995
1.0,1,0.97533804
0.0,0,0.0028606977
1.0,1,0.855139
1.0,1,0.94267493
1.0,1,0.92715025
1.0,1,0.97787416
1.0,1,0.9860075
1.0,1,0.8456753
0.0,0,0.47687283
0.0,0,0.008267167
1.0,1,0.98236454
1.0,0,0.4089943
1.0,0,0.3854633
1.0,1,0.66522074
0.0,0,0.41118068
0.0,0,0.002081424
1.0,1,0.96991163
0.0,0,0.010466957
0.0,0,0.31368148
1.0,1,0.9131997
0.0,0,0.007977817
1.0,1,0.7465274
0.0,0,0.050643507
1.0,1,0.6686866
0.0,0,0.019884752
0.0,0,0.010558952
1.0,1,0.9487208
0.0,0,0.36660028
1.0,1,0.9841444
0.0,0,0.529742
0.0,0,0.07692041
1.0,1,0.85245323
0.0,0,0.08625886
1.0,1,0.9414046
0.0,0,0.036170427
1.0,0,0.27125758
1.0,1,0.97485733
1.0,1,0.977454
0.0,0,0.14698716
1.0,1,0.8661828
0.0,0,0.001131981
0.0,0,0.035183948
0.0,0,0.083704166
0.0,0,0.029698769
1.0,1,0.945254
1.0,1,0.8270856
0.0,0,0.120451525
0.0,0,0.0020002888
0.0,0,0.29702008
1.0,1,0.974081
0.0,0,0.018819124
0.0,0,0.2367182
1.0,1,0.9747685
1.0,1,0.96426755
1.0,1,0.91644365
1.0,1,0.8427038
1.0,1,0.98710185
1.0,1,0.96788615
1.0,1,0.9668129
0.0,0,0.09617476
0.0,0,0.011585263
1.0,1,0.894928
1.0,1,0.9086523
1.0,1,0.9188338
1.0,1,0.8867443
1.0,1,0.97162986
1.0,1,0.9405706
1.0,0,0.625953
0.0,0,0.6209749
1.0,1,0.9747883
0.0,0,0.00544288
1.0,1,0.9734151
0.0,0,0.02031724
1.0,1,0.9552036
1.0,1,0.8338302
1.0,1,0.8277714
1.0,1,0.7649829
1.0,1,0.90507305
0.0,0,0.17006797
1.0,1,0.97806185
0.0,0,0.2861798
1.0,1,0.6825487
1.0,1,0.9626974
0.0,0,0.0063738446
0.0,1,0.74665296
1.0,1,0.87241036
0.0,0,0.008225935
1.0,1,0.9830594
0.0,0,0.004185947
1.0,1,0.9202582
0.0,0,0.0026639542
1.0,1,0.8607799
1.0,0,0.19044489
0.0,0,0.10395136
1.0,0,0.4218998
1.0,1,0.7485634
0.0,0,0.008179674
1.0,1,0.8680939
0.0,0,0.45179328
1.0,1,0.9239577
1.0,1,0.96143126
1.0,1,0.97249365
1.0,1,0.88341796
1.0,1,0.76407826
1.0,1,0.9781849
1.0,0,0.013051538
1.0,1,0.98455274
1.0,1,0.90782094
1.0,1,0.8743388
1.0,1,0.7221165
0.0,0,0.07825101
1.0,0,0.11111878
0.0,1,0.78510046
0.0,0,0.0009977977
0.0,1,0.8883708
1.0,1,0.90889984
1.0,1,0.98409086
1.0,1,0.6679025
0.0,1,0.7438369
1.0,1,0.9343369
1.0,1,0.75819
0.0,1,0.7461344
0.0,0,0.019325763
0.0,0,0.28122482
0.0,0,0.012488323
1.0,1,0.9824039
0.0,0,0.016348744
0.0,1,0.93923426
0.0,0,0.4944817
0.0,1,0.8156285
1.0,1,0.911151
0.0,0,0.0025360934
1.0,1,0.882029
0.0,0,0.0007140043
1.0,1,0.9516511
1.0,1,0.70668936
1.0,1,0.963239
0.0,1,0.6717002
0.0,1,0.75035393
1.0,1,0.98524535
1.0,1,0.90410274
0.0,1,0.68950117
1.0,1,0.96517664
0.0,0,0.017542096
0.0,0,0.16891843
1.0,1,0.9862882
0.0,0,0.54092324
0.0,0,0.06262475
1.0,0,0.6294986
0.0,0,0.029876577
0.0,1,0.969012
0.0,0,0.066604406
0.0,0,0.17574044
1.0,1,0.9157252
0.0,1,0.75009495
1.0,1,0.9754644
1.0,1,0.95753187
0.0,0,0.0073677995
0.0,0,0.48790684
1.0,1,0.9805965
1.0,1,0.96813345
0.0,0,0.06944705
0.0,1,0.66470826
0.0,0,0.0128490655
0.0,1,0.9163859
1.0,1,0.93901706
0.0,1,0.97059643
1.0,1,0.97037786
0.0,0,0.39024088
0.0,0,0.05031978
1.0,0,0.46501327
0.0,1,0.67294085
1.0,1,0.6618154
1.0,1,0.97508836
0.0,0,0.16331385
1.0,1,0.98481363
1.0,0,0.19821227
1.0,0,0.5475211
0.0,0,0.21183734
1.0,1,0.6765157
0.0,0,0.0102644265
0.0,0,0.12515764
0.0,0,0.029231932
1.0,1,0.98122483
1.0,1,0.8281496
1.0,1,0.95671767
1.0,0,0.47799364
0.0,0,0.10084398
0.0,0,0.0043485663
1.0,0,0.6526092
1.0,1,0.82199514
0.0,0,0.13167195
1.0,0,0.65123093
0.0,0,0.0040302705
1.0,1,0.9306654
1.0,1,0.9766609
1.0,1,0.9404414
0.0,0,0.01718095
0.0,0,0.012009523
1.0,1,0.88109756
1.0,1,0.9126531
0.0,0,0.07300573
0.0,0,0.4130188
0.0,0,0.032451157
1.0,1,0.72010183
0.0,0,0.012582033
0.0,0,0.50387967
0.0,1,0.67054987
1.0,1,0.8584336
1.0,1,0.92350566
1.0,1,0.81747144
0.0,0,0.4254084
0.0,0,0.017933805
1.0,1,0.98335874
0.0,0,0.34267068
0.0,0,0.0030386297
1.0,1,0.87576526
1.0,1,0.8098317
0.0,0,0.19384378
0.0,0,0.04385107
1.0,1,0.9448766
1.0,1,0.95583856
1.0,1,0.9548679
1.0,1,0.94940704
1.0,1,0.9094097
1.0,0,0.52542996
1.0,1,0.9015797
1.0,0,0.6585841
0.0,0,0.1902483
1.0,1,0.9454324
0.0,0,0.036317132
0.0,0,0.039697625
0.0,0,0.0529728
1.0,1,0.9148731
1.0,1,0.88717693
0.0,0,0.01342322
0.0,0,0.015360358
1.0,1,0.7584035
1.0,1,0.6954924
1.0,1,0.98322296
0.0,0,0.5377606
0.0,1,0.69642615
1.0,1,0.83316827
1.0,1,0.9477419
0.0,0,0.030507635
0.0,0,0.028879413
1.0,1,0.9611436
1.0,1,0.9441028
1.0,1,0.9757174
1.0,1,0.9420846
1.0,1,0.9869913
1.0,1,0.9538425
1.0,1,0.8466254
0.0,1,0.90394986
1.0,1,0.97090226
0.0,0,0.07130118
1.0,1,0.9597715
0.0,0,0.09514154
0.0,0,0.064543225
1.0,1,0.92112356
0.0,0,0.0067024943
0.0,0,0.21836427
1.0,1,0.859914
0.0,0,0.57075226
1.0,1,0.9864858
0.0,0,0.105045676
1.0,1,0.9856142
1.0,1,0.9634588
0.0,0,0.28408456
0.0,0,0.007759185
1.0,1,0.847389
1.0,1,0.9704767
1.0,0,0.29513872
1.0,1,0.96062857
0.0,0,0.015545684
1.0,1,0.9773847
0.0,0,0.085217126
1.0,1,0.94978917
0.0,0,0.039679434
1.0,1,0.883125
1.0,1,0.91845536
0.0,0,0.64721894
0.0,0,0.30784783
0.0,0,0.12562622
1.0,1,0.7205169
0.0,1,0.8902041
0.0,0,0.021644646
1.0,1,0.9744078
1.0,1,0.9134258
1.0,1,0.89929503
1.0,1,0.9681627
0.0,0,0.012077146
0.0,0,0.0020440375
1.0,1,0.967557
0.0,0,0.064809985
1.0,1,0.94580376
0.0,0,0.0072561246
1.0,0,0.41250473
1.0,1,0.81405497
1.0,1,0.9123245
1.0,0,0.26761347
1.0,1,0.83651006
0.0,0,0.17380147
0.0,0,0.003370435
1.0,1,0.66089803
1.0,1,0.7878639
0.0,0,0.028976912
0.0,0,0.08385865
1.0,1,0.85315645
0.0,0,0.0011960901
0.0,0,0.01080469
0.0,0,0.004517066
0.0,0,0.1366514
1.0,1,0.8597011
0.0,0,0.025043963
0.0,0,0.010650617
1.0,1,0.9848698
0.0,0,0.17348911
0.0,0,0.025373762
0.0,0,0.4525048
0.0,0,0.031768676
1.0,1,0.83032817
0.0,0,0.005426933
1.0,0,0.52422273
1.0,1,0.74657625
1.0,1,0.9689564
0.0,0,0.07304635
1.0,1,0.9765612
1.0,0,0.62810147
0.0,0,0.0005179516
0.0,0,0.08136176
0.0,0,0.0027759415
1.0,1,0.9856565
0.0,0,0.313852
1.0,1,0.7562636
0.0,0,0.011381593
1.0,1,0.91733736
1.0,1,0.9840975
0.0,0,0.07697951
0.0,0,0.20697689
0.0,0,0.5896955
1.0,1,0.90986836
1.0,1,0.8223965
1.0,1,0.9747792
1.0,1,0.9746127
0.0,0,0.199127
0.0,0,0.13351488
1.0,1,0.6653862
1.0,1,0.8863807
1.0,1,0.95316607
1.0,1,0.93741024
0.0,0,0.005374373
1.0,1,0.9690919
1.0,1,0.87693685
0.0,0,0.008043967
0.0,0,0.010057518
0.0,0,0.010331464
1.0,1,0.97626007
1.0,1,0.98156255
0.0,0,0.008699249
1.0,1,0.9377187
0.0,1,0.682227
0.0,1,0.7485869
1.0,1,0.947155
0.0,0,0.04342136
1.0,1,0.69686246
0.0,0,0.022893693
1.0,1,0.953634
1.0,1,0.8349719
0.0,0,0.31439573
0.0,0,0.006334802
0.0,0,0.5841654
0.0,1,0.9213525
1.0,1,0.9596257
0.0,0,0.08880193
0.0,0,0.10166201
1.0,1,0.89810896
0.0,0,0.023143364
1.0,0,0.34469143
1.0,1,0.70369315
1.0,0,0.5757284
0.0,0,0.3952975
1.0,1,0.97496027
1.0,1,0.799855
0.0,1,0.84792805
0.0,0,0.070075706
0.0,0,0.027676832
1.0,1,0.94200975
1.0,1,0.97471106
0.0,0,0.006269923
0.0,1,0.7771315
0.0,0,0.0011471644
1.0,0,0.35869533
1.0,1,0.8378115
1.0,1,0.95256364
1.0,0,0.49255165
0.0,1,0.6671818
0.0,0,0.19016099
1.0,1,0.6868992
1.0,1,0.9742766
1.0,1,0.8809464
0.0,0,0.24945545
1.0,1,0.96756405
0.0,0,0.01072802
0.0,0,0.4919635
1.0,1,0.8534564
0.0,0,0.4198152
1.0,1,0.84045756
0.0,0,0.31685403
1.0,1,0.93108517
0.0,0,0.04152477
0.0,1,0.80521804
0.0,0,0.007905695
1.0,1,0.9512559
1.0,1,0.7483617
0.0,0,0.0029624584
0.0,0,0.09022667
0.0,0,0.015351756
0.0,0,0.023828754
1.0,1,0.98449814
0.0,1,0.8232191
0.0,0,0.015748106
0.0,0,0.028844783
1.0,1,0.9216459
1.0,1,0.98289907
1.0,1,0.83245176
0.0,0,0.016177239
0.0,0,0.62420905
0.0,0,0.45317733
0.0,0,0.022557553
1.0,1,0.8662834
1.0,1,0.91726536
1.0,1,0.98456174
1.0,1,0.93439585
0.0,0,0.020976989
0.0,0,0.3572245
0.0,0,0.029822128
0.0,0,0.007032276
1.0,1,0.78762376
1.0,1,0.9592128
0.0,0,0.19919024
1.0,1,0.8771145
1.0,0,0.5477746
0.0,0,0.0010633979
1.0,1,0.83866036
0.0,0,0.41204447
1.0,1,0.98227155
0.0,0,0.30845383
1.0,0,0.33495852
0.0,0,0.1275958
0.0,0,0.008729442
1.0,1,0.9598901
0.0,0,0.009869785
1.0,1,0.7293363
0.0,0,0.051919904
1.0,1,0.9696454
0.0,0,0.03558754
1.0,1,0.94594854
0.0,1,0.8398955
1.0,1,0.95366126
0.0,0,0.034046583
0.0,0,0.012181118
0.0,0,0.623231
1.0,1,0.9155305
1.0,1,0.9813283
0.0,0,0.0038457373
1.0,1,0.9428757
1.0,1,0.90891564
0.0,1,0.9062894
1.0,1,0.94894445
1.0,1,0.88109756
0.0,1,0.6701056
1.0,1,0.9429626
0.0,1,0.91581863
0.0,0,0.34254023
1.0,1,0.7529676
1.0,1,0.7868623
1.0,1,0.9777753
0.0,0,0.62415504
1.0,1,0.93005145
1.0,0,0.16197467
0.0,0,0.04039316
0.0,0,0.00065401476
1.0,1,0.7650279
1.0,1,0.9334591
1.0,0,0.65923655
1.0,0,0.56506693
1.0,1,0.922922
1.0,1,0.7641005
1.0,1,0.9823553
1.0,1,0.98332584
0.0,0,0.016563589
1.0,1,0.9491133
1.0,1,0.9666011
1.0,1,0.97585815
1.0,1,0.9157157
0.0,1,0.8542909
1.0,1,0.82389575
0.0,0,0.30432624
0.0,0,0.30459422
0.0,1,0.86096483
1.0,0,0.5704452
1.0,1,0.8779771
0.0,0,0.11206685
0.0,0,0.17302738
0.0,0,0.20951739
1.0,0,0.53188753
0.0,0,0.013558832
1.0,1,0.98014957
1.0,1,0.9730305
0.0,0,0.22581631
0.0,0,0.0050800135
0.0,0,0.01276972
1.0,1,0.87394726
0.0,0,0.008769159
0.0,0,0.010237587
1.0,1,0.98470634
1.0,1,0.74446225
0.0,0,0.20156156
0.0,0,0.115079306
1.0,1,0.8972076
1.0,1,0.98420674
1.0,1,0.8262012
0.0,0,0.015416161
0.0,1,0.7019527
1.0,1,0.9349078
0.0,0,0.35734022
0.0,0,0.07467573
1.0,1,0.96703446
0.0,0,0.035575286
0.0,0,0.53390044
1.0,1,0.7532276
0.0,0,0.08939186
1.0,1,0.94499344
1.0,0,0.3205978
0.0,0,0.22875541
1.0,0,0.49847806
0.0,0,0.020231314
1.0,1,0.9830167
1.0,1,0.78288054
0.0,1,0.86068106
0.0,0,0.006018488
0.0,0,0.4649361
0.0,0,0.029428346
0.0,1,0.88076967
0.0,0,0.3840207
1.0,1,0.9716749
0.0,0,0.03520908
1.0,1,0.9563731
1.0,1,0.8150303
1.0,1,0.9038827
0.0,0,0.013653027
1.0,1,0.8549551
1.0,1,0.9458748
1.0,1,0.96497357
0.0,0,0.19714957
0.0,0,0.34010446
1.0,1,0.850076
0.0,0,0.0054728263
0.0,0,0.11277675
0.0,0,0.008227304
1.0,1,0.9848248
1.0,1,0.9656174
1.0,0,0.28037313
1.0,1,0.92267025
1.0,0,0.62762606
0.0,0,0.1244586
0.0,0,0.022681883
1.0,1,0.9304925
0.0,0,0.017971797
0.0,0,0.008452031
0.0,0,0.6242361
1.0,1,0.6878342
0.0,0,0.6074028
0.0,0,0.13730794
1.0,1,0.9837519
1.0,1,0.98070127
1.0,1,0.847238
1.0,1,0.8885651
1.0,1,0.96510744
1.0,1,0.9730156
0.0,0,0.37540972
0.0,0,0.007424401
1.0,1,0.7816304
1.0,1,0.97624326
1.0,1,0.9071438
1.0,1,0.9845587
0.0,0,0.005064999
1.0,1,0.93599087
1.0,1,0.8828274
0.0,0,0.022360442
1.0,1,0.9210319
1.0,1,0.9733097
0.0,0,0.026436536
0.0,0,0.2986203
1.0,1,0.94184285
1.0,0,0.5759975
1.0,1,0.97786283
0.0,0,0.23626763
0.0,0,0.0045188544
1.0,1,0.9824715
1.0,0,0.5916842
0.0,0,0.0006528091
0.0,0,0.0005663791
1.0,1,0.7813329
0.0,0,0.34046674
1.0,1,0.8820461
0.0,0,0.30323327
0.0,1,0.6642921
1.0,1,0.9653141
0.0,0,0.015317433
1.0,1,0.9780997
0.0,1,0.8597483
1.0,1,0.8489464
1.0,1,0.98254734
0.0,0,0.0061596264
0.0,0,0.046500433
0.0,0,0.4718136
1.0,1,0.9251345
1.0,1,0.9842125
1.0,1,0.95187813
0.0,0,0.007369749
1.0,1,0.9819533
1.0,1,0.96660256
1.0,1,0.98342574
0.0,0,0.019277882
0.0,0,0.09771722
0.0,0,0.012717659
1.0,1,0.8041097
1.0,1,0.84891725
0.0,0,0.39201045
1.0,1,0.9578812
0.0,0,0.17513302
1.0,1,0.89653677
1.0,1,0.97403216
0.0,0,0.2123611
1.0,0,0.57988036
1.0,1,0.9766788
1.0,1,0.7718333
0.0,0,0.005849132
0.0,1,0.8036699
0.0,0,0.27968597
1.0,1,0.9143868
1.0,1,0.98026943
1.0,1,0.9602783
1.0,1,0.83002317
1.0,1,0.8867738
1.0,1,0.9054854
0.0,0,0.06359474
0.0,0,0.0058890553
0.0,1,0.74337125
1.0,0,0.43135375
0.0,0,0.116899446
0.0,0,0.0035418924
1.0,1,0.9076916
0.0,0,0.26786023
0.0,0,0.09623276
0.0,0,0.2607593
0.0,0,0.31615806
0.0,0,0.18502568
0.0,0,0.0071436176
1.0,1,0.9496638
0.0,0,0.009578556
1.0,1,0.9818238
1.0,1,0.97413015
0.0,0,0.10468701
0.0,0,0.027337845
0.0,0,0.49069172
0.0,0,0.17165154
0.0,0,0.000751745
1.0,1,0.9570984
1.0,1,0.979045
0.0,0,0.16528536
1.0,1,0.96093893
1.0,1,0.79043365
1.0,1,0.8045073
0.0,0,0.45958352
1.0,1,0.98385054
0.0,0,0.6078959
0.0,0,0.0725905
1.0,1,0.7475635
1.0,0,0.12036555
0.0,0,0.013780237
0.0,0,0.009743196
0.0,0,0.033090234
1.0,1,0.97966284
0.0,0,0.073761426
0.0,0,0.17942284
1.0,0,0.47687337
0.0,0,0.16752967
0.0,0,0.23891667
0.0,0,0.0050596534
1.0,1,0.8835838
1.0,1,0.9852687
1.0,0,0.5834818
0.0,0,0.021475088
1.0,1,0.8606345
0.0,0,0.2591377
1.0,1,0.81703866
0.0,0,0.32858512
1.0,1,0.75408393
0.0,0,0.5386705
0.0,1,0.81176054
0.0,0,0.009116427
1.0,1,0.6978346
0.0,0,0.036988378
1.0,1,0.94385284
1.0,1,0.975811
0.0,0,0.0016771953
1.0,1,0.95585346
1.0,1,0.95516616
0.0,0,0.002507099
1.0,1,0.9563447
0.0,0,0.007606547
1.0,0,0.6544856
1.0,1,0.88095224
1.0,1,0.8989553
0.0,0,0.30596247
0.0,1,0.79475033
0.0,0,0.062937446
0.0,0,0.4603913
1.0,0,0.64242625
0.0,0,0.0024021708
0.0,0,0.010611341
1.0,1,0.7869554
1.0,1,0.79452926
1.0,1,0.88566005
1.0,1,0.8473024
1.0,1,0.87860465
1.0,1,0.9587889
1.0,1,0.96715343
0.0,0,0.0057067033
0.0,0,0.44724545
1.0,1,0.92433935
0.0,0,0.2203268
1.0,0,0.64741635
0.0,0,0.054446056
0.0,0,0.011970925
1.0,1,0.88011074
0.0,0,0.012177378
0.0,0,0.3435418
0.0,0,0.53381544
0.0,0,0.26383874
0.0,0,0.017144289
0.0,0,0.008121489
0.0,0,0.014354715
0.0,0,0.30707026
0.0,0,0.014435419
0.0,0,0.18815641
1.0,1,0.8769524
0.0,0,0.25826
0.0,0,0.020261826
1.0,1,0.7243365
0.0,0,0.056914072
0.0,0,0.1123298
1.0,1,0.83886015
1.0,1,0.84489363
1.0,1,0.81699646
0.0,0,0.012630586
0.0,0,0.2949332
1.0,1,0.8537534
0.0,0,0.008718124
1.0,1,0.8871778
0.0,0,0.09521237
1.0,1,0.8627714
0.0,0,0.49819568
0.0,0,0.050139215
0.0,0,0.012467452
1.0,1,0.94778085
0.0,0,0.1538837
0.0,0,0.0649874
1.0,1,0.9829844
1.0,1,0.6870941
1.0,1,0.9817483
0.0,0,0.011287175
0.0,0,0.020812932
1.0,1,0.740677
1.0,1,0.8908612
0.0,0,0.0053526564
0.0,0,0.084120505
0.0,0,0.053216428
0.0,0,0.008768185
1.0,1,0.969522
1.0,1,0.85188323
1.0,1,0.87448364
0.0,0,0.30092147
0.0,0,0.011793988
0.0,0,0.002194292
0.0,0,0.20626183
0.0,0,0.06862406
1.0,0,0.4901926
0.0,0,0.005544293
0.0,0,0.004485277
1.0,1,0.83987314
0.0,0,0.43381774
1.0,1,0.8268049
0.0,0,0.002103292
0.0,0,0.04150471
1.0,1,0.9813422
1.0,1,0.8411139
1.0,0,0.5891878
0.0,0,0.28450665
1.0,0,0.27603546
0.0,0,0.0052700364
1.0,1,0.9663207
0.0,0,0.012115494
1.0,1,0.9823523
1.0,1,0.8774317
1.0,1,0.9082626
1.0,0,0.38901734
0.0,0,0.00052726956
1.0,0,0.40869626
1.0,1,0.96452814
1.0,1,0.9302845
0.0,0,0.013160549
1.0,1,0.96516746
0.0,0,0.072415456
1.0,0,0.04556444
0.0,0,0.22933497
1.0,0,0.5284675
0.0,0,0.16497055
0.0,1,0.88867456
1.0,1,0.9241816
1.0,1,0.967771
1.0,1,0.87926704
0.0,0,0.029712792
0.0,0,0.048545375
0.0,0,0.102652945
0.0,0,0.025795123
0.0,0,0.012885666
0.0,0,0.07565216
1.0,1,0.8900661
1.0,1,0.9861988
0.0,0,0.0074671507
1.0,1,0.94758147
0.0,0,0.02007316
1.0,1,0.7454285
0.0,0,0.24480684
0.0,0,0.02198497
1.0,1,0.977119
0.0,0,0.005823335
0.0,0,0.22220173
1.0,1,0.98522246
0.0,0,0.0025973718
0.0,0,0.020456217
0.0,1,0.81256264
0.0,0,0.191214
0.0,0,0.0017597373
0.0,0,0.038559422
0.0,0,0.032551613
1.0,1,0.6906879
0.0,0,0.3634387
0.0,0,0.033712868
1.0,1,0.96383333
0.0,0,0.23513144
1.0,1,0.9325253
0.0,0,0.42099714
0.0,0,0.049600203
0.0,0,0.20060135
0.0,0,0.010343377
1.0,1,0.95964986
0.0,1,0.7926907
0.0,1,0.7395451
1.0,1,0.9560611
0.0,0,0.10296535
0.0,0,0.010627027
1.0,1,0.9577211
1.0,1,0.83326447
0.0,0,0.008381139
1.0,1,0.91173875
0.0,0,0.07456049
1.0,1,0.842069
0.0,0,0.029726876
1.0,1,0.80384195
0.0,0,0.0461503
1.0,1,0.9615907
1.0,1,0.9581874
1.0,1,0.9603733
0.0,0,0.010764579
1.0,1,0.8046417
1.0,1,0.98550683
1.0,1,0.8254969
1.0,1,0.9827839
1.0,1,0.9846843
1.0,1,0.9034192
1.0,1,0.84023774
0.0,0,0.013003091
1.0,1,0.89007443
0.0,0,0.027956024
0.0,0,0.011479939
0.0,0,0.29081008
1.0,1,0.8843537
1.0,1,0.9737746
1.0,1,0.67406034
1.0,1,0.98474294
1.0,1,0.8883506
0.0,0,0.5436642
0.0,0,0.06107072
1.0,1,0.73478675
0.0,0,0.0045895353
1.0,1,0.93292844
1.0,1,0.910946
0.0,0,0.22336753
1.0,1,0.75321954
1.0,1,0.8440479
0.0,0,0.020920673
1.0,1,0.97802806
0.0,1,0.821356
1.0,1,0.9798189
1.0,1,0.96730787
0.0,0,0.20321359
0.0,0,0.0038463222
0.0,1,0.7676299
0.0,0,0.17184043
0.0,0,0.014236123
1.0,1,0.7926809
1.0,1,0.9644988
1.0,1,0.935205
0.0,0,0.005201961
0.0,0,0.6513585
0.0,0,0.2841915
0.0,0,0.15580945
1.0,1,0.97241175
1.0,1,0.8380628
0.0,0,0.14406157
1.0,1,0.93873245
0.0,1,0.88812554
1.0,1,0.7433712
1.0,1,0.9749584
0.0,0,0.07445181
0.0,0,0.0028120154
1.0,1,0.7146085
0.0,0,0.17732987
0.0,0,0.56240433
0.0,0,0.074833415
1.0,1,0.7592287
1.0,1,0.9816533
1.0,1,0.68057925
0.0,0,0.015425762
0.0,1,0.66116786
0.0,0,0.23751865
0.0,0,0.05764649
1.0,1,0.9306748
1.0,1,0.91279465
0.0,0,0.030430783
0.0,0,0.33995128
1.0,1,0.9400162
1.0,1,0.97616386
0.0,0,0.016063891
1.0,1,0.91954875
1.0,1,0.93207
0.0,0,0.010727301
1.0,1,0.98385096
0.0,0,0.33671358
1.0,1,0.9677231
0.0,0,0.29366595
1.0,0,0.59858286
0.0,0,0.0226822
1.0,1,0.77816147
1.0,1,0.8338395
1.0,0,0.40003106
0.0,0,0.45300046
1.0,1,0.9633149
1.0,1,0.8546033
0.0,0,0.032408867
1.0,1,0.9106771
1.0,1,0.9746971
1.0,1,0.92791027
1.0,1,0.9813838
1.0,1,0.95152974
0.0,0,0.51930153
1.0,1,0.9847198
1.0,1,0.9654451
1.0,1,0.8995589
1.0,1,0.87943476
1.0,1,0.8877206
1.0,1,0.9717908
1.0,1,0.94434816
0.0,0,0.014137519
1.0,1,0.98108983
1.0,1,0.92412865
1.0,1,0.8943725
1.0,1,0.9851921
1.0,1,0.7062103
1.0,1,0.81866014
1.0,1,0.9612195
1.0,1,0.96503097
0.0,0,0.12063298
0.0,0,0.09130059
0.0,0,0.39616013
1.0,1,0.9635611
1.0,1,0.9808036
1.0,1,0.97873336
0.0,0,0.016753843
1.0,1,0.8566833
0.0,0,0.56667984
0.0,0,0.014350844
0.0,1,0.83752894
0.0,0,0.5883312
1.0,1,0.8591775
1.0,1,0.97773224
0.0,0,0.08380647
1.0,1,0.8908458
0.0,0,0.007573581
0.0,0,0.011842379
1.0,1,0.73203075
1.0,1,0.96640456
1.0,1,0.947561
1.0,1,0.80287355
0.0,0,0.37700188
1.0,0,0.3924418
0.0,0,0.06276252
1.0,0,0.6467966
1.0,1,0.9877805
1.0,0,0.6286492
1.0,1,0.89478195
1.0,1,0.9590919
0.0,0,0.30567718
1.0,1,0.97801405
0.0,0,0.010203635
1.0,1,0.8007146
0.0,1,0.9284693
1.0,1,0.87340176
0.0,0,0.014288272
0.0,0,0.0016258522
1.0,0,0.48163167
0.0,0,0.0028190599
1.0,1,0.73495746
0.0,0,0.19899602
1.0,1,0.8188264
0.0,0,0.55529267
1.0,1,0.8267148
1.0,1,0.97859704
0.0,0,0.39557707
0.0,0,0.021741703
1.0,1,0.83495444
1.0,1,0.97345865
1.0,1,0.94399774
1.0,1,0.91677785
0.0,0,0.02005247
1.0,0,0.5169673
0.0,0,0.041584454
1.0,1,0.9821848
0.0,0,0.019457594
1.0,0,0.51015884
1.0,1,0.9801358
1.0,1,0.9336402
0.0,1,0.68150747
1.0,1,0.8231536
1.0,1,0.8611742
1.0,1,0.88203496
0.0,0,0.08874544
1.0,1,0.915982
1.0,1,0.9698752
0.0,0,0.008651361
1.0,1,0.85269904
0.0,1,0.8458296
0.0,1,0.85985845
0.0,0,0.037605964
1.0,1,0.9388226
1.0,1,0.8233149
0.0,0,0.027100595
1.0,1,0.97866356
0.0,0,0.02230105
0.0,0,0.12829769
0.0,0,0.16082503
0.0,0,0.05351949
0.0,0,0.25621465
1.0,1,0.7048272
1.0,1,0.9694025
0.0,0,0.041106377
1.0,1,0.7772502
0.0,0,0.008780647
1.0,1,0.93306786
1.0,1,0.90296257
1.0,0,0.2595602
1.0,1,0.8892871
1.0,1,0.90461993
1.0,1,0.9739201
0.0,0,0.009812074
1.0,1,0.86377573
0.0,0,0.1703656
0.0,0,0.5896691
1.0,1,0.9826489
1.0,1,0.75224984
1.0,1,0.7360665
1.0,1,0.9832726
0.0,0,0.010137095
0.0,0,0.32915106
1.0,1,0.9818506
1.0,1,0.7747103
1.0,1,0.8754818
1.0,1,0.98121405
1.0,1,0.97614086
1.0,1,0.91999567
1.0,1,0.74497336
0.0,0,0.089770615
0.0,1,0.89758456
1.0,1,0.8867295
1.0,1,0.9671339
1.0,1,0.95995146
1.0,1,0.91202855
0.0,0,0.0052584354
0.0,0,0.042218685
0.0,0,0.15537566
0.0,0,0.12007179
0.0,0,0.42657775
0.0,0,0.022316864
0.0,0,0.022910584
0.0,0,0.014034729
0.0,0,0.37369338
0.0,0,0.55482113
1.0,1,0.95586455
1.0,1,0.95689386
1.0,1,0.73213065
0.0,0,0.46808308
1.0,1,0.87056875
0.0,0,0.0033574668
1.0,1,0.94458544
0.0,0,0.00444114
1.0,1,0.7143831
1.0,1,0.8686091
0.0,0,0.022580637
0.0,0,0.029657843
0.0,0,0.011037415
0.0,0,0.07200893
0.0,0,0.07394155
1.0,1,0.9831245
0.0,0,0.20806503
0.0,0,0.12191084
1.0,1,0.91783434
1.0,0,0.046466224
1.0,0,0.27126572
1.0,1,0.8327444
1.0,1,0.938128
1.0,0,0.57187784
0.0,0,0.38444167
1.0,1,0.89003146
0.0,0,0.015795039
1.0,1,0.8799322
0.0,0,0.07898428
0.0,0,0.004524036
0.0,0,0.009896143
0.0,0,0.011212406
1.0,1,0.94719964
0.0,0,0.52866554
0.0,0,0.3997205
0.0,0,0.0012961002
1.0,0,0.3510074
0.0,0,0.0051134825
1.0,1,0.979389
0.0,0,0.06506556
1.0,1,0.82306963
0.0,0,0.041464128
0.0,0,0.17267199
0.0,1,0.7959563
0.0,1,0.72406834
1.0,1,0.9108324
1.0,1,0.9769415
1.0,1,0.8162776
1.0,1,0.9050125
0.0,0,0.0010980263
0.0,0,0.0120369885
1.0,1,0.8063826
0.0,0,0.34422806
1.0,1,0.9354478
0.0,0,0.096598454
0.0,0,0.2611329
1.0,1,0.8767157
0.0,0,0.50895196
1.0,1,0.9369405
1.0,1,0.7913524
1.0,0,0.53974473
1.0,1,0.9746287
1.0,1,0.98352975
0.0,0,0.020364711
1.0,1,0.9597641
0.0,0,0.015259452
0.0,0,0.6303359
1.0,1,0.75807035
0.0,0,0.043481275
0.0,0,0.0009547781
1.0,1,0.97190714
1.0,1,0.9396292
1.0,1,0.98215824
0.0,0,0.0043899305
0.0,0,0.028610088
0.0,0,0.00073820486
0.0,0,0.054973003
1.0,0,0.48059812
0.0,1,0.8283981
1.0,1,0.9850587
1.0,1,0.90023506
1.0,1,0.96627146
0.0,1,0.8666396
1.0,1,0.9542232
1.0,1,0.8217082
0.0,0,0.005932166
1.0,1,0.9770316
0.0,0,0.47039226
1.0,1,0.7750163
1.0,1,0.9667528
1.0,1,0.85458755
1.0,1,0.97719127
1.0,1,0.9826282
1.0,1,0.8889245
1.0,1,0.71390796
0.0,0,0.0039531896
1.0,1,0.74699616
0.0,0,0.022693316
0.0,1,0.81913185
0.0,0,0.1106748
1.0,1,0.9807773
1.0,1,0.84085417
0.0,0,0.123021975
0.0,0,0.0162654
1.0,1,0.9462546
0.0,0,0.05346864
1.0,1,0.9393457
1.0,1,0.8640432
0.0,0,0.40838665
0.0,0,0.010586894
1.0,1,0.773037
1.0,1,0.6895492
0.0,0,0.013951531
1.0,1,0.92060125
1.0,1,0.9540077
0.0,0,0.056544077
1.0,1,0.9660844
1.0,1,0.9607904
0.0,0,0.010817086
0.0,0,0.031677295
0.0,0,0.12329716
1.0,1,0.95006454
0.0,0,0.0589479
1.0,1,0.973103
1.0,1,0.8385328
0.0,1,0.9833991
1.0,1,0.95965195
0.0,0,0.019688321
0.0,1,0.8029148
0.0,0,0.41176897
0.0,0,0.00515159
1.0,1,0.81858087
0.0,0,0.07804564
0.0,0,0.5735425
0.0,0,0.34888592
0.0,0,0.033653133
0.0,0,0.0677042
0.0,0,0.119249046
0.0,0,0.08090295
1.0,1,0.9344088
0.0,0,0.38626087
1.0,1,0.9479543
0.0,0,0.6085304
0.0,0,0.01181341
0.0,0,0.33452183
1.0,1,0.96296173
0.0,0,0.17523605
0.0,0,0.3807955
0.0,0,0.028870571
0.0,0,0.10222635
0.0,0,0.03902511
1.0,1,0.94072235
0.0,0,0.092105515
0.0,0,0.02914194
0.0,0,0.008453269
1.0,1,0.8904602
0.0,0,0.009282622
0.0,0,0.5323274
1.0,1,0.90406585
0.0,0,0.041169625
1.0,1,0.7243825
1.0,1,0.9680734
0.0,0,0.03216604
1.0,1,0.79958314
1.0,1,0.98329675
1.0,1,0.973971
1.0,1,0.7761023
1.0,1,0.93783927
0.0,0,0.020719133
0.0,0,0.078536205
1.0,1,0.7683321
0.0,0,0.5278193
1.0,1,0.89564085
0.0,0,0.08773665
1.0,1,0.8720355
0.0,0,0.08538308
1.0,1,0.67236245
0.0,0,0.020868143
1.0,1,0.975089
0.0,0,0.05306183
1.0,1,0.7520349
0.0,0,0.4611002
1.0,1,0.98664045
1.0,0,0.50085354
0.0,0,0.24891628
1.0,1,0.9650802
1.0,1,0.9587589
1.0,1,0.80267596
1.0,1,0.949673
1.0,1,0.7369847
1.0,1,0.9521181
1.0,1,0.9207298
1.0,1,0.91050196
1.0,1,0.7637477
0.0,0,0.033817817
1.0,1,0.9233682
0.0,0,0.45705426
0.0,1,0.88410044
0.0,0,0.007215613
1.0,1,0.94451904
0.0,0,0.57758385
0.0,0,0.33372375
0.0,1,0.67462796
0.0,0,0.047678884
1.0,1,0.93424165
0.0,0,0.0052378783
1.0,0,0.62570727
1.0,1,0.9515138
0.0,0,0.16693322
0.0,0,0.23194444
0.0,0,0.041913766
1.0,1,0.8039879
0.0,0,0.4270538
1.0,1,0.91060525
0.0,0,0.04104849
1.0,1,0.8850596
1.0,1,0.9087614
1.0,1,0.8977613
1.0,1,0.8880954
0.0,0,0.18074782
1.0,1,0.8763345
0.0,0,0.06559109
0.0,0,0.38730916
0.0,0,0.0061807525
0.0,0,0.18331107
0.0,0,0.009845775
1.0,1,0.8967234
0.0,0,0.015823923
0.0,0,0.07944001
1.0,1,0.9545493
1.0,1,0.87466115
1.0,1,0.958829
0.0,0,0.04577644
0.0,0,0.04053198
1.0,1,0.9849606
0.0,0,0.09121891
0.0,0,0.0107687125
0.0,0,0.16223402
0.0,0,0.44351766
0.0,0,0.051174078
0.0,0,0.23596391
1.0,1,0.9742689
1.0,1,0.6910413
0.0,0,0.60455143
1.0,1,0.84724385
1.0,1,0.97426325
1.0,1,0.8690522
0.0,0,0.0042456873
0.0,0,0.15758361
0.0,0,0.009764009
0.0,0,0.022292577
1.0,1,0.8045218
1.0,1,0.9782434
1.0,1,0.7898195
0.0,0,0.036898065
0.0,0,0.4428864
0.0,0,0.2088508
1.0,1,0.96909094
1.0,1,0.9837774
0.0,1,0.90299207
1.0,1,0.73292387
0.0,0,0.037662107
1.0,1,0.72618514
0.0,0,0.0685819
0.0,0,0.020925995
0.0,0,0.42325577
1.0,1,0.9512415
1.0,1,0.965329
1.0,1,0.98247236
0.0,0,0.08051477
0.0,0,0.01502576
0.0,0,0.16039442
0.0,0,0.008345374
0.0,1,0.87119687
0.0,0,0.044808175
0.0,0,0.019601591
1.0,1,0.89057344
0.0,0,0.0030871388
0.0,0,0.09148122
1.0,1,0.96311265
1.0,0,0.39598423
1.0,1,0.70743716
1.0,1,0.9581214
1.0,1,0.8328607
0.0,0,0.03831098
0.0,0,0.027379978
1.0,1,0.72710776
1.0,1,0.9426852
1.0,1,0.8768657
0.0,0,0.25229993
0.0,0,0.018620145
1.0,0,0.5583246
1.0,1,0.97655815
1.0,1,0.9786939
1.0,1,0.98133385
1.0,1,0.88060606
1.0,1,0.95355636
1.0,1,0.92097235
1.0,1,0.9354736
1.0,1,0.9177968
1.0,1,0.74329436
0.0,0,0.013788496
1.0,0,0.5544829
1.0,1,0.8906557
0.0,0,0.028459301
1.0,1,0.9768446
1.0,1,0.8170912
1.0,1,0.9420333
1.0,1,0.9148752
0.0,0,0.061687354
0.0,0,0.015476648
1.0,1,0.68546736
0.0,0,0.14732637
0.0,0,0.01350915
0.0,0,0.026040262
1.0,1,0.88820994
0.0,0,0.075654626
1.0,0,0.54836345
1.0,1,0.9737718
1.0,1,0.9788493
0.0,0,0.01783743
0.0,0,0.07426786
0.0,0,0.24707507
1.0,1,0.9492802
1.0,1,0.9537064
1.0,1,0.8277694
1.0,1,0.8280643
1.0,1,0.7892864
0.0,0,0.04879744
1.0,1,0.77039623
0.0,0,0.17597471
1.0,1,0.89674836
0.0,0,0.014165319
1.0,1,0.9412867
1.0,1,0.96372455
0.0,0,0.004623683
0.0,0,0.013955395
0.0,0,0.03652899
1.0,1,0.9761483
0.0,0,0.04544659
1.0,1,0.7962048
1.0,1,0.80523634
1.0,1,0.89417845
0.0,0,0.010069234
0.0,0,0.08325726
0.0,0,0.026156772
1.0,1,0.9725462
1.0,1,0.7086688
1.0,1,0.86224127
1.0,1,0.97054535
0.0,0,0.0368683
1.0,1,0.90505403
0.0,0,0.07415763
0.0,0,0.18791683
1.0,1,0.86452925
1.0,1,0.9163853
0.0,0,0.12571122
1.0,1,0.9594717
0.0,0,0.011759049
0.0,0,0.37863904
1.0,1,0.90744627
0.0,0,0.019321987
1.0,1,0.9807483
0.0,1,0.799433
0.0,0,0.2708639
0.0,0,0.48016906
0.0,0,0.08877833
0.0,0,0.12063182
1.0,1,0.9621026
1.0,1,0.98461217
1.0,0,0.5923897
1.0,1,0.9735547
1.0,0,0.6225704
1.0,1,0.9463148
0.0,0,0.013887423
1.0,1,0.8397289
0.0,0,0.15057988
1.0,1,0.9515379
1.0,1,0.77330714
0.0,0,0.008527337
1.0,0,0.40679717
1.0,1,0.8019283
0.0,0,0.010881003
1.0,1,0.8029748
1.0,1,0.963677
0.0,0,0.017888376
1.0,1,0.9825659
0.0,0,0.03058119
1.0,1,0.97145474
1.0,1,0.8227696
0.0,0,0.592052
1.0,1,0.9721105
0.0,0,0.4716956
1.0,1,0.9208131
0.0,0,0.006386078
1.0,1,0.9734655
0.0,1,0.8529422
0.0,0,0.08959977
1.0,1,0.8366451
1.0,1,0.9708668
1.0,1,0.8493878
0.0,0,0.015620119
0.0,0,0.017739538
0.0,0,0.16412656
1.0,1,0.73150504
1.0,1,0.91057676
1.0,1,0.98161983
0.0,0,0.0069163735
0.0,0,0.0074678888
0.0,0,0.5811384
1.0,1,0.92586434
0.0,0,0.02006053
1.0,1,0.9781204
1.0,1,0.9666369
0.0,0,0.112350255
1.0,0,0.6014241
0.0,0,0.0052889325
1.0,1,0.9700217
0.0,0,0.48048767
0.0,0,0.023604987
1.0,1,0.9012728
1.0,1,0.93866616
1.0,1,0.9561291
0.0,0,0.0029576514
1.0,1,0.97398144
0.0,0,0.031712387
0.0,0,0.004203106
0.0,0,0.013632787
0.0,0,0.016283318
0.0,0,0.27127317
0.0,0,0.0009661006
0.0,0,0.4330641
1.0,1,0.94324434
1.0,1,0.94326574
0.0,0,0.10595161
0.0,0,0.009976481
1.0,1,0.7515198
0.0,0,0.10441778
1.0,1,0.72675186
1.0,1,0.9677425
1.0,1,0.930162
0.0,0,0.13845326
0.0,0,0.004828963
1.0,1,0.89089334
0.0,0,0.025085414
1.0,1,0.83198017
1.0,0,0.42471337
0.0,0,0.077122435
1.0,1,0.97483766
0.0,0,0.14518948
0.0,0,0.00216018
0.0,0,0.023037374
1.0,0,0.60469764
0.0,0,0.36831966
0.0,0,0.4130196
1.0,1,0.8053077
1.0,1,0.78627086
0.0,0,0.0054294793
0.0,0,0.0020723674
0.0,0,0.2357872
0.0,0,0.54502046
0.0,0,0.3731212
0.0,0,0.25327045
0.0,0,0.107980445
0.0,0,0.013109359
1.0,1,0.8208045
0.0,0,0.015779575
0.0,0,0.16119117
0.0,0,0.12391433
0.0,1,0.9101328
0.0,0,0.20453545
1.0,1,0.98091334
0.0,0,0.5680083
1.0,1,0.8647082
0.0,0,0.012010479
0.0,0,0.46573627
0.0,0,0.044489726
1.0,1,0.966262
0.0,0,0.59777904
0.0,0,0.17953871
0.0,0,0.04231336
0.0,0,0.0061663757
0.0,0,0.34403667
1.0,1,0.94365424
1.0,1,0.96898985
1.0,1,0.9543117
1.0,1,0.97601384
1.0,1,0.8898618
1.0,1,0.7969407
0.0,0,0.0053371848
1.0,1,0.86061823
1.0,1,0.7010008
0.0,0,0.224338
0.0,0,0.0055919327
0.0,0,0.0052613844
1.0,1,0.98218006
0.0,0,0.0158467
1.0,1,0.9523592
0.0,0,0.0030775417
0.0,0,0.1611295
0.0,0,0.013928479
1.0,0,0.27920204
0.0,0,0.15257157
0.0,0,0.012738019
0.0,0,0.052716352
0.0,1,0.7528154
0.0,0,0.03101125
0.0,1,0.77258503
1.0,1,0.9403621
1.0,1,0.90585077
0.0,0,0.10635544
1.0,1,0.84403753
1.0,1,0.90314436
1.0,1,0.980837
1.0,1,0.7846182
0.0,0,0.0069891787
0.0,0,0.07594762
1.0,1,0.9489262
0.0,0,0.009693693
0.0,1,0.9461106
1.0,1,0.92122585
0.0,0,0.58919895
1.0,0,0.6132186
0.0,0,0.014886386
0.0,1,0.7738681
0.0,0,0.025341464
0.0,0,0.09093132
0.0,1,0.96314025
1.0,0,0.35677806
0.0,0,0.4923662
0.0,0,0.0043879887
1.0,1,0.97833824
1.0,1,0.92453295
1.0,1,0.9408776
0.0,1,0.73616993
1.0,0,0.6517148
0.0,0,0.35106188
0.0,0,0.41099694
1.0,1,0.94508934
0.0,0,0.50252867
1.0,1,0.93127406
0.0,0,0.017274296
1.0,1,0.8507699
1.0,1,0.931225
1.0,1,0.9768008
0.0,0,0.3889964
1.0,1,0.97934145
0.0,0,0.45064726
1.0,1,0.84490454
1.0,0,0.39797556
1.0,1,0.9621336
1.0,1,0.8408688
1.0,1,0.97246987
0.0,0,0.10101962
0.0,0,0.071759686
0.0,0,0.008709691
1.0,0,0.6078297
1.0,1,0.8329503
0.0,0,0.004250244
0.0,1,0.8577402
0.0,0,0.015368596
1.0,1,0.85355175
0.0,0,0.07961089
1.0,1,0.8789098
0.0,0,0.024311118
1.0,1,0.96969163
1.0,1,0.9161128
1.0,1,0.9422251
0.0,1,0.74473023
0.0,0,0.011767697
1.0,1,0.91679215
1.0,1,0.98045254
1.0,1,0.97871554
1.0,0,0.30561176
1.0,1,0.9024291
1.0,1,0.9382444
0.0,0,0.023655828
0.0,0,0.019003043
1.0,1,0.8084055
1.0,1,0.8890133
0.0,0,0.0401049
0.0,0,0.011203036
0.0,0,0.017821115
1.0,1,0.90428424
1.0,1,0.94386053
1.0,1,0.9847256
1.0,1,0.9844873
1.0,1,0.9629915
1.0,1,0.9768637
1.0,1,0.9770457
1.0,1,0.9221226
0.0,0,0.34078202
1.0,1,0.98427176
1.0,1,0.9267835
0.0,0,0.44520298
0.0,0,0.56762564
0.0,0,0.11968327
1.0,1,0.9672915
1.0,0,0.3757057
1.0,1,0.7620731
0.0,1,0.6744072
0.0,0,0.30534828
0.0,1,0.74374837
1.0,1,0.9590718
1.0,0,0.60008633
0.0,0,0.23599039
1.0,1,0.9492409
0.0,0,0.012961609
0.0,1,0.91630495
1.0,1,0.9776324
0.0,0,0.09928537
0.0,0,0.1008706
1.0,1,0.86898553
0.0,0,0.090505235
1.0,1,0.849537
0.0,0,0.0084101735
0.0,0,0.6467868
1.0,1,0.9455229
1.0,1,0.9066101
0.0,0,0.0060706222
1.0,1,0.9154861
1.0,1,0.8483769
0.0,0,0.038649727
0.0,0,0.08010412
1.0,1,0.9680888
0.0,0,0.35870877
0.0,0,0.15648389
1.0,1,0.9725344
1.0,1,0.96964824
0.0,1,0.70728433
0.0,0,0.13003558
1.0,1,0.97582257
1.0,1,0.94938236
0.0,0,0.0053085205
1.0,1,0.80170214
1.0,1,0.9749609
1.0,1,0.84822106
1.0,1,0.8486092
0.0,0,0.6569978
1.0,1,0.72315
1.0,0,0.6026447
0.0,0,0.3628651
0.0,0,0.014726166
0.0,0,0.13661589
0.0,0,0.17577957
1.0,1,0.9810215
0.0,0,0.01244071
1.0,1,0.94244605
1.0,1,0.95875347
1.0,1,0.96988684
0.0,0,0.24635781
1.0,1,0.97547233
0.0,0,0.13566901
0.0,0,0.015452914
1.0,1,0.91819125
1.0,0,0.6141319
1.0,1,0.83370924
1.0,1,0.725469
0.0,0,0.0022112012
1.0,1,0.76475257
0.0,0,0.017806415
0.0,0,0.273732
0.0,0,0.6592608
0.0,0,0.09435929
1.0,1,0.9656887
0.0,0,0.16204093
1.0,1,0.79944205
0.0,0,0.022295004
1.0,1,0.9250712
0.0,0,0.25294358
0.0,1,0.9237022
0.0,0,0.017696269
0.0,0,0.031850267
0.0,0,0.30539483
1.0,1,0.9672146
0.0,0,0.01223924
0.0,0,0.02712509
1.0,1,0.8733072
0.0,0,0.39656398
1.0,1,0.93176395
1.0,1,0.8792398
1.0,1,0.7754046
1.0,1,0.80066067
0.0,0,0.00210695
1.0,1,0.97639483
0.0,0,0.44266403
1.0,1,0.9530428
0.0,0,0.0013294437
1.0,1,0.9679891
1.0,1,0.9700537
1.0,1,0.9522271
1.0,1,0.9137565
1.0,1,0.94094175
0.0,0,0.15623078
1.0,1,0.97755843
0.0,0,0.19133727
1.0,1,0.8694789
0.0,0,0.20604637
1.0,1,0.9621231
0.0,0,0.11924528
1.0,1,0.94544727
1.0,1,0.97831327
0.0,0,0.0033154434
1.0,1,0.9242818
1.0,1,0.94830316
0.0,0,0.0016817686
1.0,1,0.92016506
0.0,0,0.05202878
0.0,0,0.0032577422
1.0,0,0.51566386
1.0,1,0.93355536
1.0,1,0.94656914
1.0,1,0.969063
1.0,0,0.47725877
1.0,1,0.9647657
1.0,1,0.7395996
0.0,0,0.19715534
1.0,1,0.9435157
0.0,0,0.017993268
0.0,0,0.52684945
0.0,0,0.02108381
0.0,0,0.11695153
0.0,0,0.21789084
1.0,1,0.91721904
1.0,1,0.6633425
0.0,0,0.060135733
1.0,1,0.9404199
0.0,0,0.18148765
1.0,1,0.81715584
1.0,1,0.9077403
1.0,1,0.9786502
1.0,1,0.9212422
1.0,1,0.94835865
1.0,0,0.14314923
0.0,0,0.009484159
0.0,0,0.016334297
0.0,0,0.15688421
1.0,1,0.84350216
1.0,1,0.963016
1.0,1,0.95316815
1.0,1,0.9520599
1.0,1,0.72087336
1.0,1,0.95837647
0.0,0,0.010911638
1.0,1,0.87310386
0.0,0,0.05279699
1.0,1,0.93133986
1.0,1,0.9822272
0.0,0,0.027373161
0.0,0,0.34080753
0.0,0,0.12879151
0.0,0,0.6162778
0.0,0,0.0026210584
1.0,1,0.81553805
0.0,0,0.41372505
1.0,1,0.98318136
1.0,1,0.8400587
1.0,1,0.9292967
1.0,1,0.67230064
1.0,1,0.7929997
1.0,1,0.9524991
1.0,1,0.7687008
0.0,0,0.08216831
1.0,1,0.98180014
1.0,1,0.8877679
0.0,0,0.037211232
0.0,0,0.116830446
0.0,0,0.64581716
0.0,0,0.5496701
1.0,1,0.9825867
0.0,0,0.073070295
0.0,0,0.07220792
0.0,0,0.08430424
0.0,0,0.08621425
1.0,1,0.8128034
1.0,1,0.9756553
1.0,1,0.96007216
1.0,1,0.94596016
1.0,1,0.9816745
0.0,0,0.32048777
1.0,1,0.9558163
1.0,1,0.9592337
1.0,1,0.96453834
0.0,0,0.41737714
1.0,1,0.78319645
0.0,0,0.5574137
0.0,0,0.102085344
1.0,0,0.49328429
1.0,1,0.98345417
0.0,0,0.0159267
0.0,0,0.5414912
0.0,0,0.030197099
1.0,1,0.97203827
1.0,1,0.7459582
0.0,0,0.008267906
1.0,1,0.750131
0.0,0,0.12079131
0.0,0,0.019097276
0.0,0,0.63673013
0.0,1,0.7574834
0.0,0,0.075644635
1.0,1,0.66389793
1.0,1,0.91304636
0.0,0,0.114164725
1.0,1,0.8946037
1.0,1,0.9311311
0.0,1,0.66870517
1.0,1,0.939892
1.0,1,0.9846084
0.0,0,0.42312625
0.0,0,0.00677333
0.0,0,0.40361083
1.0,1,0.8036448
1.0,1,0.9209063
1.0,1,0.9854995
0.0,0,0.48893535
1.0,1,0.9553823
0.0,0,0.23201957
0.0,1,0.7298975
1.0,1,0.8792501
1.0,1,0.94227695
0.0,0,0.011584574
1.0,1,0.92031693
0.0,1,0.8815294
0.0,1,0.7756798
1.0,1,0.82602435
0.0,0,0.018516712
0.0,0,0.005180153
0.0,0,0.00834528
0.0,0,0.38972446
0.0,0,0.4538433
0.0,0,0.024043804
0.0,1,0.847778
1.0,1,0.9563071
1.0,1,0.9797275
0.0,0,0.3409674
1.0,1,0.94148016
0.0,0,0.026249327
1.0,0,0.46458182
1.0,1,0.9657798
1.0,1,0.9554551
0.0,0,0.18135105
1.0,1,0.9677081
1.0,1,0.875806
1.0,1,0.8879714
0.0,0,0.011866946
0.0,0,0.0037014384
1.0,1,0.93772155
1.0,1,0.9849369
1.0,0,0.6297478
1.0,0,0.6447677
0.0,0,0.0021207165
0.0,0,0.28523433
0.0,0,0.015880274
1.0,1,0.9138505
1.0,1,0.89226675
0.0,0,0.25362682
0.0,0,0.2037499
1.0,1,0.8939302
1.0,1,0.69609344
0.0,0,0.0013741389
1.0,1,0.93229955
0.0,0,0.0060224603
0.0,0,0.36963367
0.0,0,0.01987484
1.0,1,0.8479765
1.0,1,0.9216093
1.0,1,0.9764026
1.0,1,0.80825067
1.0,1,0.8676269
0.0,0,0.007641379
0.0,0,0.0059534027
1.0,1,0.8815658
1.0,0,0.57441455
0.0,1,0.9099526
0.0,0,0.012103231
0.0,0,0.0044097323
0.0,0,0.56871194
1.0,1,0.86961716
1.0,0,0.6244471
0.0,0,0.56200457
1.0,1,0.8312502
1.0,1,0.73894316
0.0,0,0.01941253
0.0,0,0.057382412
1.0,1,0.7244234
0.0,0,0.059521552
1.0,1,0.9874924
1.0,1,0.8732936
1.0,0,0.46837974
0.0,0,0.48622867
0.0,0,0.02408396
1.0,1,0.918289
0.0,0,0.01773368
1.0,1,0.969197
1.0,1,0.9816391
1.0,1,0.9223467
0.0,0,0.0437805
1.0,1,0.94348717
0.0,0,0.037318043
1.0,1,0.9750223
1.0,1,0.93777883
0.0,0,0.22671434
1.0,1,0.792262
1.0,1,0.9446775
1.0,1,0.9757468
0.0,0,0.4066375
1.0,1,0.9481945
1.0,1,0.9716217
0.0,1,0.70570517
0.0,0,0.4787605
0.0,0,0.052014753
1.0,1,0.9472506
1.0,0,0.6341692
1.0,1,0.9343657
1.0,1,0.93925124
0.0,0,0.1689105
0.0,0,0.41044757
1.0,1,0.8619005
1.0,1,0.9886978
0.0,0,0.13732632
0.0,0,0.0022775212
0.0,0,0.29519778
0.0,0,0.42687553
1.0,1,0.97543764
1.0,1,0.960337
1.0,1,0.984899
1.0,1,0.88902384
1.0,1,0.9723535
0.0,0,0.017368354
0.0,0,0.15190677
0.0,0,0.011658362
0.0,0,0.0022957807
1.0,1,0.98802406
1.0,1,0.825793
0.0,0,0.092521675
0.0,0,0.038109276
0.0,0,0.09312237
1.0,1,0.913993
0.0,0,0.01611755
1.0,1,0.9394999
0.0,0,0.064563476
0.0,0,0.06498421
1.0,1,0.7754915
1.0,1,0.75242156
1.0,1,0.91540265
0.0,0,0.054723192
1.0,1,0.9376681
0.0,0,0.020640995
0.0,0,0.3881005
1.0,1,0.92907226
1.0,1,0.9485695
0.0,0,0.09509477
0.0,0,0.016630817
1.0,1,0.9508078
1.0,1,0.98050433
0.0,1,0.9050935
1.0,1,0.9465048
0.0,0,0.0023300436
0.0,0,0.020106137
1.0,1,0.95707434
0.0,0,0.019638225
1.0,0,0.39088786
0.0,0,0.015373461
1.0,1,0.9359718
1.0,1,0.9764765
1.0,1,0.7289913
0.0,0,0.15225373
0.0,0,0.18070003
0.0,0,0.036982674
0.0,0,0.06488244
1.0,1,0.98009306
0.0,1,0.83940744
0.0,0,0.16872701
1.0,1,0.7190645
0.0,0,0.6385226
0.0,0,0.00691248
0.0,0,0.020720633
0.0,0,0.63268304
1.0,0,0.53524315
0.0,0,0.42232767
1.0,1,0.96983784
0.0,0,0.04944855
0.0,0,0.099347435
1.0,1,0.9836092
0.0,0,0.047645908
0.0,0,0.00019374261
1.0,1,0.87370175
1.0,1,0.95176715
0.0,1,0.92939293
0.0,0,0.381876
0.0,0,0.0020937505
1.0,1,0.85679495
1.0,1,0.87936544
0.0,0,0.07919464
0.0,0,0.2453236
1.0,1,0.98288876
1.0,1,0.9030909
1.0,1,0.8428348
1.0,1,0.77445954
1.0,1,0.85261774
0.0,0,0.02517695
0.0,0,0.015587664
0.0,0,0.112996124
0.0,0,0.5563811
0.0,0,0.25678766
0.0,0,0.21300878
0.0,0,0.005346783
1.0,1,0.8925139
1.0,1,0.92109704
0.0,0,0.38960117
1.0,1,0.9387928
0.0,0,0.18518105
0.0,0,0.4055816
1.0,1,0.9530773
1.0,1,0.8584212
0.0,1,0.69322395
0.0,1,0.82237655
1.0,1,0.976582
1.0,1,0.8139432
0.0,0,0.23277378
1.0,1,0.9413825
1.0,1,0.9163186
1.0,1,0.7947066
0.0,0,0.036390018
1.0,1,0.8892072
0.0,0,0.031166736
1.0,1,0.67447186
1.0,0,0.08779435
0.0,0,0.028631609
1.0,1,0.97156113
0.0,0,0.21607907
1.0,1,0.9803027
0.0,0,0.32145008
0.0,0,0.2254276
0.0,0,0.56233644
0.0,0,0.00722293
0.0,1,0.68999183
0.0,0,0.00092924776
0.0,0,0.56213295
0.0,0,0.034603372
1.0,1,0.8038177
0.0,0,0.15277709
1.0,1,0.94828546
0.0,0,0.10798404
0.0,0,0.008291218
0.0,0,0.20642464
1.0,1,0.9287815
1.0,1,0.9759861
0.0,0,0.016760403
0.0,1,0.9330504
1.0,1,0.98343045
0.0,0,0.011234223
1.0,1,0.9495821
1.0,1,0.924824
1.0,1,0.94824666
1.0,1,0.97368693
0.0,0,0.0026840975
1.0,1,0.9479791
0.0,0,0.3208629
0.0,0,0.54313284
0.0,1,0.73098296
0.0,0,0.001803988
0.0,0,0.5196104
0.0,0,0.547765
0.0,0,0.24026516
1.0,1,0.9700038
0.0,0,0.011741607
0.0,0,0.47578567
0.0,0,0.59504
0.0,0,0.0040588207
1.0,1,0.9211294
1.0,1,0.9773849
1.0,1,0.84872466
0.0,0,0.010199086
1.0,1,0.8993494
1.0,1,0.7684039
0.0,0,0.002073707
0.0,0,0.011610089
0.0,0,0.52913946
0.0,0,0.019477755
0.0,0,0.016646614
1.0,1,0.92685026
1.0,1,0.92179173
0.0,0,0.012054665
1.0,1,0.66782606
1.0,1,0.963949
0.0,0,0.0029840658
0.0,0,0.050315563
0.0,0,0.45836207
1.0,1,0.937809
0.0,0,0.022689002
0.0,0,0.38140517
0.0,0,0.47661814
0.0,0,0.19903223
1.0,1,0.9598465
1.0,1,0.97403175
0.0,0,0.021699034
0.0,0,0.013722946
0.0,0,0.3562824
0.0,0,0.5695737
1.0,1,0.69515634
0.0,0,0.015897706
1.0,1,0.88238424
1.0,1,0.9242012
1.0,1,0.8630989
0.0,0,0.021698391
0.0,0,0.23976177
1.0,1,0.95147634
0.0,1,0.8478266
0.0,0,0.0023854158
1.0,1,0.9642327
0.0,0,0.5952192
0.0,0,0.0060535558
1.0,1,0.9868334
1.0,1,0.9039397
1.0,1,0.97787035
1.0,1,0.7587384
1.0,1,0.8045027
1.0,1,0.97242874
0.0,0,0.016709387
1.0,1,0.9570408
0.0,0,0.12242611
0.0,0,0.006338312
0.0,0,0.3101989
1.0,1,0.93778056
1.0,1,0.78589535
1.0,1,0.9093387
1.0,1,0.98236674
0.0,0,0.006570598
0.0,0,0.0017115688
1.0,1,0.7556584
0.0,0,0.13415438
0.0,0,0.004697665
0.0,0,0.09895831
1.0,1,0.9602019
0.0,1,0.69384634
0.0,0,0.024641264
0.0,0,0.01787321
0.0,0,0.011612464
1.0,1,0.7422187
1.0,1,0.8704303
0.0,0,0.042304374
0.0,0,0.0710302
1.0,1,0.9836733
1.0,1,0.9218173
1.0,1,0.9622973
0.0,0,0.4027389
1.0,1,0.7908972
0.0,0,0.008892019
0.0,0,0.007890525
0.0,0,0.0118882395
1.0,1,0.8667833
1.0,1,0.9305832
0.0,1,0.8852513
1.0,1,0.86127806
0.0,0,0.64627445
0.0,0,0.19950138
1.0,1,0.67307717
0.0,1,0.7454288
0.0,0,0.27595815
0.0,0,0.06920517
1.0,1,0.98211944
0.0,0,0.43710133
1.0,1,0.91600144
0.0,0,0.018079935
1.0,1,0.85016966
0.0,0,0.0050395243
1.0,1,0.89783275
0.0,0,0.38518372
0.0,1,0.94669425
1.0,1,0.9846172
0.0,0,0.008570435
0.0,0,0.37936243
0.0,0,0.015004505
1.0,1,0.9863003
0.0,0,0.2123672
0.0,0,0.0037414941
1.0,1,0.9319582
1.0,1,0.9831367
1.0,1,0.98255694
1.0,1,0.97940534
0.0,0,0.063237526
1.0,1,0.92083895
0.0,0,0.019151276
1.0,1,0.9185857
0.0,0,0.119340524
0.0,0,0.07577521
1.0,1,0.9308358
0.0,0,0.006904109
1.0,1,0.9678913
1.0,1,0.98277944
1.0,1,0.9185442
1.0,1,0.8426788
1.0,1,0.9672523
0.0,0,0.6452372
1.0,1,0.9793125
0.0,0,0.09882746
1.0,1,0.9597993
1.0,1,0.91638696
0.0,0,0.008551656
1.0,1,0.9850572
1.0,1,0.955044
0.0,0,0.18708743
1.0,1,0.86853254
1.0,1,0.97516185
1.0,1,0.9786888
1.0,1,0.96674085
1.0,1,0.96832895
1.0,1,0.9310424
0.0,0,0.024765804
0.0,0,0.23272468
0.0,0,0.013533274
0.0,0,0.3984865
0.0,0,0.08948649
0.0,0,0.38664073
1.0,1,0.9451723
1.0,1,0.8508136
0.0,0,0.48645028
0.0,0,0.021001743
1.0,0,0.47776037
0.0,0,0.001198875
0.0,0,0.40133435
0.0,0,0.03990141
1.0,1,0.9702052
1.0,1,0.975357
1.0,1,0.7996163
0.0,0,0.06451374
1.0,0,0.39974314
1.0,1,0.9759494
0.0,0,0.0918064
1.0,1,0.96383005
0.0,0,0.4742013
1.0,1,0.96019596
0.0,0,0.40261272
1.0,1,0.73422503
1.0,1,0.89886284
1.0,1,0.9224958
1.0,1,0.98089087
1.0,0,0.07345696
0.0,0,0.03475477
1.0,1,0.87582254
0.0,0,0.65812063
1.0,1,0.91240954
0.0,0,0.03359006
1.0,1,0.9554262
1.0,1,0.87721443
1.0,1,0.7529609
0.0,1,0.9245348
1.0,1,0.77607346
0.0,0,0.15664771
0.0,0,0.012470859
1.0,1,0.9816217
0.0,0,0.028647043
0.0,0,0.6256641
0.0,0,0.003999963
0.0,0,0.14740455
0.0,0,0.003349439
0.0,0,0.014136655
0.0,0,0.055034768
1.0,1,0.90906423
0.0,0,0.24340658
1.0,1,0.8682363
1.0,1,0.9467678
1.0,1,0.97456306
1.0,1,0.9697058
0.0,0,0.14495586
1.0,1,0.9703319
1.0,1,0.84229815
0.0,0,0.002332143
0.0,0,0.11544055
1.0,1,0.76128834
1.0,1,0.9853237
1.0,1,0.85248363
1.0,1,0.88760066
0.0,0,0.005855751
0.0,0,0.07949896
1.0,1,0.8778659
0.0,0,0.03156439
0.0,0,0.045488097
0.0,1,0.8782987
1.0,1,0.95603865
0.0,0,0.6027993
1.0,0,0.38622117
0.0,0,0.043519735
0.0,1,0.8289205
1.0,0,0.6191101
0.0,0,0.0009985269
1.0,1,0.984326
0.0,0,0.42096692
0.0,0,0.04737994
0.0,0,0.45907548
1.0,1,0.88340163
1.0,1,0.91039366
1.0,1,0.85078365
0.0,0,0.0018334509
1.0,1,0.96031904
0.0,0,0.2639004
0.0,0,0.07691722
1.0,1,0.9020849
0.0,0,0.62409925
1.0,1,0.9157119
1.0,1,0.9749649
1.0,1,0.97954875
0.0,0,0.43129528
1.0,1,0.98212236
1.0,0,0.08836232
0.0,1,0.6994816
1.0,1,0.7685189
1.0,1,0.76685584
0.0,0,0.014625287
1.0,1,0.91655654
1.0,1,0.9750774
1.0,1,0.9224644
1.0,1,0.8755177
1.0,1,0.95411444
0.0,0,0.27363992
0.0,0,0.3882631
0.0,0,0.025806287
0.0,0,0.049905386
1.0,1,0.78131264
1.0,1,0.82320964
0.0,0,0.0054199887
0.0,0,0.0009586096
1.0,1,0.9213903
1.0,1,0.9246573
1.0,1,0.8745414
0.0,0,0.03233224
1.0,1,0.9699448
0.0,0,0.3542934
0.0,0,0.076756455
1.0,0,0.5647249
0.0,0,0.22475636
0.0,0,0.020133559
0.0,0,0.010463393
1.0,1,0.9619413
0.0,0,0.004188629
0.0,0,0.066320814
1.0,1,0.972097
0.0,1,0.94376105
0.0,0,0.007141038
1.0,1,0.9830543
0.0,0,0.0080629
0.0,1,0.83832127
0.0,1,0.82143486
1.0,1,0.98254615
1.0,1,0.92427945
1.0,1,0.8608726
1.0,1,0.80019736
0.0,0,0.014418868
0.0,0,0.07773758
1.0,0,0.45642948
0.0,0,0.014549869
0.0,0,0.03338459
1.0,1,0.92777914
1.0,1,0.86029625
1.0,1,0.9757394
1.0,1,0.77904904
0.0,0,0.17244121
0.0,1,0.71160436
1.0,1,0.7699928
1.0,1,0.9523338
0.0,0,0.017671295
1.0,1,0.844841
0.0,0,0.008476282
0.0,0,0.12026508
0.0,0,0.0670669
1.0,1,0.92357
1.0,1,0.8959026
1.0,1,0.9658861
0.0,0,0.4862573
1.0,1,0.9589415
0.0,0,0.04120478
0.0,0,0.6319069
0.0,0,0.34383672
1.0,1,0.76231104
1.0,1,0.96191293
1.0,1,0.9842911
0.0,0,0.29757202
1.0,1,0.89098966
1.0,1,0.8319368
0.0,0,0.22287084
1.0,1,0.96459347
0.0,0,0.076550454
0.0,0,0.014787915
0.0,0,0.08452936
1.0,1,0.9864059
0.0,0,0.23736997
1.0,1,0.9049908
0.0,0,0.21392223
1.0,1,0.9707395
0.0,0,0.6173939
0.0,0,0.352078
0.0,0,0.051118962
0.0,0,0.1917799
1.0,1,0.97551084
0.0,0,0.32044667
0.0,0,0.31644675
1.0,1,0.8302299
1.0,1,0.89460385
0.0,0,0.26492944
1.0,1,0.978892
1.0,1,0.9827242
1.0,1,0.82737637
1.0,1,0.7512447
0.0,0,0.03407257
1.0,1,0.976118
0.0,0,0.16991253
0.0,0,0.28123623
0.0,0,0.06685041
1.0,1,0.9463427
0.0,0,0.033779625
0.0,0,0.031048078
1.0,1,0.84277415
1.0,1,0.8768381
1.0,1,0.9741578
0.0,0,0.006808715
0.0,0,0.06890355
1.0,1,0.9665509
1.0,1,0.9349687
0.0,0,0.11261469
1.0,1,0.9531235
1.0,1,0.8036343
0.0,0,0.63334084
1.0,1,0.83745176
0.0,1,0.83417296
0.0,0,0.01055633
1.0,1,0.9787578
0.0,0,0.094179995
0.0,0,0.39265597
1.0,1,0.78626204
1.0,1,0.9517385
0.0,0,0.22328922
1.0,1,0.9722373
0.0,0,0.014221763
0.0,0,0.018265389
0.0,1,0.7106705
0.0,0,0.29211912
1.0,1,0.8443326
1.0,1,0.9547192
0.0,0,0.034395665
1.0,1,0.9607136
1.0,1,0.8717471
1.0,1,0.9656585
0.0,0,0.20711455
0.0,0,0.0043309755
1.0,1,0.9051533
0.0,0,0.034671288
0.0,0,0.30108243
1.0,1,0.97809416
1.0,1,0.94375575
1.0,1,0.856498
0.0,0,0.011078683
0.0,0,0.050657365
0.0,0,0.048056148
0.0,0,0.04640815
0.0,0,0.066474445
0.0,0,0.066640034
1.0,1,0.9847735
0.0,0,0.03292464
1.0,1,0.980184
0.0,0,0.026874455
0.0,0,0.0025139963
0.0,0,0.015852166
1.0,1,0.97476655
0.0,0,0.31166998
0.0,0,0.015814887
1.0,1,0.90690905
1.0,1,0.89785796
0.0,0,0.018646188
1.0,1,0.9789408
0.0,0,0.009161987
1.0,1,0.81567335
1.0,1,0.98438346
1.0,1,0.7403929
0.0,0,0.0015280801
0.0,0,0.037810404
0.0,0,0.03612405
0.0,0,0.0024690682
1.0,0,0.64055765
1.0,1,0.9782064
0.0,0,0.07281395
0.0,0,0.28208292
0.0,0,0.49188015
1.0,1,0.7006249
0.0,0,0.03403712
1.0,1,0.9828459
1.0,0,0.5111679
1.0,1,0.815811
1.0,1,0.8880784
0.0,0,0.0010654625
1.0,1,0.98157936
1.0,1,0.97976905
1.0,1,0.89261025
1.0,1,0.98257875
0.0,0,0.50725496
0.0,0,0.6511717
0.0,1,0.9183748
1.0,1,0.91852576
0.0,0,0.18993393
1.0,0,0.53800774
0.0,0,0.022429539
0.0,0,0.5466587
1.0,1,0.81432164
0.0,0,0.0079845
0.0,0,0.012855315
1.0,1,0.95379436
1.0,1,0.94023246
1.0,0,0.61757517
1.0,1,0.9651288
0.0,0,0.014075618
1.0,1,0.8195774
0.0,0,0.06597756
0.0,0,0.013504074
0.0,0,0.05922207
1.0,1,0.84253204
1.0,1,0.9245201
1.0,1,0.895952
1.0,1,0.69413817
0.0,0,0.4512341
1.0,1,0.94008696
1.0,1,0.95541376
1.0,1,0.92359626
1.0,0,0.6146459
0.0,0,0.012131564
1.0,1,0.68395454
1.0,0,0.62538636
0.0,0,0.21637443
1.0,1,0.9286162
1.0,1,0.7753333
0.0,0,0.008912145
0.0,1,0.7349315
0.0,0,0.14008518
1.0,1,0.96314824
1.0,1,0.9730575
1.0,0,0.11068208
0.0,0,0.16355528
0.0,0,0.00064909447
1.0,1,0.8487326
0.0,1,0.91781425
0.0,0,0.35903367
0.0,0,0.015957115
0.0,0,0.50135195
1.0,1,0.7231803
0.0,0,0.113632806
1.0,1,0.92422765
1.0,1,0.92743605
1.0,1,0.9843629
0.0,1,0.7763809
1.0,1,0.9659709
1.0,0,0.5847864
0.0,0,0.019532125
1.0,1,0.9815467
0.0,0,0.27533382
1.0,0,0.4265186
1.0,1,0.9535423
0.0,0,0.060167935
0.0,0,0.4741829
0.0,0,0.43840984
0.0,0,0.123568095
1.0,1,0.9409754
1.0,1,0.97194016
1.0,1,0.83576953
0.0,0,0.01837416
1.0,0,0.649578
1.0,1,0.90003526
1.0,1,0.9666364
0.0,0,0.4740027
1.0,0,0.5826832
0.0,0,0.30530378
0.0,0,0.43111694
0.0,0,0.043294657
0.0,0,0.0061589023
0.0,0,0.057733823
1.0,0,0.4596661
1.0,1,0.94116175
1.0,0,0.4469739
0.0,0,0.006500862
1.0,1,0.87590617
0.0,0,0.00895989
1.0,1,0.9427706
1.0,1,0.98150486
1.0,1,0.96727055
1.0,1,0.97726506
0.0,0,0.20390135
0.0,0,0.54461503
1.0,1,0.9632973
1.0,1,0.9719672
1.0,0,0.48146778
0.0,0,0.026146786
0.0,0,0.0056660683
0.0,0,0.12444452
1.0,1,0.9761252
0.0,0,0.049586415
1.0,1,0.92120886
1.0,1,0.9442725
1.0,1,0.9643053
0.0,0,0.0069750855
1.0,1,0.9502262
1.0,1,0.8322815
1.0,1,0.9814685
0.0,0,0.5443438
0.0,0,0.38785034
1.0,1,0.9388013
1.0,1,0.9428101
0.0,0,0.16765453
0.0,0,0.010638189
0.0,0,0.0042639035
1.0,0,0.529421
0.0,0,0.034513462
1.0,1,0.8846227
1.0,1,0.98435706
0.0,0,0.5707412
1.0,1,0.9820629
0.0,0,0.015543014
1.0,1,0.98188716
0.0,0,0.008510546
0.0,0,0.07546537
0.0,1,0.8971991
1.0,1,0.9147997
1.0,1,0.8327532
0.0,0,0.12733698
0.0,0,0.48171905
1.0,1,0.9828396
1.0,1,0.8717839
0.0,0,0.006453102
0.0,0,0.019880181
0.0,0,0.09750912
1.0,0,0.56875145
0.0,0,0.008102455
1.0,1,0.9748797
0.0,0,0.1313882
1.0,1,0.9731869
1.0,1,0.9262083
0.0,1,0.6683211
1.0,1,0.97689766
0.0,0,0.0047189873
1.0,1,0.83051145
1.0,0,0.6135099
0.0,1,0.7307965
0.0,0,0.082979165
0.0,0,0.06300463
0.0,0,0.015782338
0.0,0,0.16403368
1.0,1,0.92645335
0.0,0,0.0049667093
0.0,0,0.13201685
1.0,1,0.98471236
1.0,0,0.51622283
0.0,0,0.098871864
1.0,1,0.9319269
1.0,1,0.97698474
1.0,1,0.97242516
1.0,1,0.9408672
1.0,1,0.94301444
1.0,0,0.36942035
0.0,0,0.004296615
0.0,1,0.93705523
1.0,1,0.9444789
1.0,1,0.93858135
0.0,0,0.015725829
1.0,1,0.9725755
1.0,1,0.94789046
0.0,0,0.52614737
1.0,1,0.98722386
1.0,1,0.8874591
0.0,0,0.01636012
0.0,0,0.026852764
0.0,1,0.75837046
0.0,0,0.004831693
0.0,0,0.42363214
0.0,0,0.018836778
0.0,0,0.011717176
1.0,1,0.9268398
0.0,0,0.0051517263
0.0,0,0.38548306
1.0,0,0.5840413
1.0,1,0.9841945
0.0,0,0.07594155
1.0,1,0.8517412
1.0,1,0.96795076
0.0,0,0.0066352794
1.0,1,0.98733777
0.0,0,0.11582989
0.0,0,0.0067301667
0.0,0,0.011637233
0.0,0,0.0040066056
0.0,0,0.016180903
0.0,0,0.35958454
0.0,0,0.0017681203
1.0,1,0.7169547
0.0,0,0.03065719
1.0,1,0.83379954
1.0,1,0.8167676
0.0,0,0.51965964
0.0,0,0.28613502
1.0,0,0.45157173
0.0,0,0.22127885
1.0,1,0.9218097
1.0,1,0.94734603
1.0,1,0.9792256
1.0,1,0.98357934
0.0,0,0.22243653
0.0,1,0.8202065
0.0,0,0.0028319722
1.0,1,0.9771659
1.0,1,0.9761993
0.0,0,0.28993306
0.0,0,0.0036967797
1.0,1,0.79210615
0.0,0,0.32735744
0.0,1,0.6715596
1.0,1,0.9662211
1.0,1,0.9555173
0.0,0,0.006767058
0.0,0,0.09043435
0.0,0,0.23580305
1.0,1,0.971567
0.0,0,0.17689848
0.0,1,0.76445174
0.0,0,0.008752104
0.0,0,0.001289544
1.0,1,0.97849154
0.0,0,0.099297695
0.0,1,0.96473014
0.0,0,0.00654037
0.0,0,0.00677399
0.0,0,0.047079865
0.0,0,0.012813943
0.0,0,0.012543142
1.0,0,0.6529416
1.0,1,0.9750174
1.0,1,0.85768217
0.0,0,0.065966725
1.0,0,0.5695809
0.0,0,0.008682784
1.0,0,0.5846521
1.0,1,0.98204744
0.0,0,0.32465926
0.0,0,0.049867842
1.0,1,0.9792632
0.0,0,0.3044209
0.0,0,0.0072227763
0.0,0,0.6165079
1.0,1,0.9707538
0.0,0,0.12496586
0.0,0,0.013430711
0.0,0,0.28620988
0.0,0,0.37640375
0.0,1,0.68705
1.0,0,0.32828847
1.0,1,0.98249614
1.0,1,0.80800974
0.0,0,0.44630304
0.0,1,0.9361142
0.0,0,0.6129922
0.0,0,0.008815269
1.0,1,0.9837264
1.0,1,0.9390704
1.0,1,0.97227377
1.0,1,0.8054272
0.0,0,0.0075896974
1.0,1,0.9400363
0.0,0,0.027600897
1.0,1,0.96563584
0.0,0,0.11794178
0.0,0,0.0026807603
1.0,1,0.9157009
0.0,0,0.039530788
0.0,0,0.09033828
0.0,0,0.02192407
0.0,0,0.012639765
1.0,1,0.9108594
0.0,0,0.010528576
0.0,1,0.7134341
1.0,1,0.9802321
0.0,0,0.08080429
0.0,0,0.2485992
1.0,0,0.5162821
0.0,0,0.03966992
0.0,0,0.57081604
0.0,0,0.019676782
0.0,1,0.6977489
1.0,1,0.97655475
0.0,0,0.20258248
1.0,0,0.49197477
0.0,0,0.0052650347
0.0,0,0.009529414
0.0,0,0.09577634
0.0,0,0.2916217
0.0,0,0.19347045
1.0,1,0.9532242
1.0,1,0.9738523
0.0,0,0.012295985
1.0,1,0.8115086
0.0,0,0.025153572
0.0,0,0.016744044
0.0,0,0.15578505
0.0,0,0.05020984
0.0,0,0.011222295
1.0,1,0.9411452
0.0,0,0.01627191
0.0,0,0.13722338
0.0,0,0.49144247
1.0,1,0.9772523
1.0,1,0.98212206
0.0,0,0.1236438
1.0,1,0.97600365
1.0,0,0.547642
1.0,0,0.088697925
0.0,0,0.07293983
0.0,0,0.026244624
1.0,0,0.43671036
1.0,0,0.6272929
0.0,0,0.022911746
0.0,0,0.113291815
1.0,1,0.8352859
0.0,0,0.03896725
0.0,0,0.004708734
0.0,0,0.09540798
0.0,0,0.03783208
0.0,1,0.7237927
0.0,0,0.3063804
0.0,0,0.01869983
1.0,1,0.7292497
0.0,0,0.11833218
0.0,0,0.44021824
1.0,1,0.9672471
1.0,1,0.87335753
0.0,0,0.44108576
0.0,0,0.044313114
0.0,0,0.012174958
0.0,0,0.11285973
1.0,1,0.829308
0.0,0,0.06971452
1.0,1,0.9302788
1.0,1,0.9771944
0.0,0,0.019561753
0.0,0,0.040878005
1.0,1,0.88918746
0.0,0,0.002385737
0.0,0,0.012341807
1.0,1,0.93076277
1.0,1,0.9526557
1.0,1,0.9442604
0.0,0,0.61633325
1.0,1,0.8255568
1.0,0,0.2440036
0.0,0,0.021092312
1.0,1,0.8232308
1.0,0,0.51049614
1.0,1,0.9233838
1.0,1,0.77257
1.0,1,0.9600327
0.0,0,0.0046560885
1.0,1,0.884654
0.0,0,0.028064381
0.0,0,0.6358137
1.0,1,0.9778915
1.0,1,0.9509284
1.0,1,0.75111204
1.0,0,0.6212245
0.0,0,0.06923875
1.0,1,0.9769871
1.0,0,0.60899025
0.0,0,0.19649047
1.0,1,0.96914893
1.0,1,0.87040126
1.0,1,0.9353584
1.0,1,0.7820885
1.0,1,0.9869521
1.0,1,0.91338503
0.0,0,0.027209768
1.0,1,0.980569
0.0,0,0.09884354
0.0,0,0.007769552
0.0,0,0.046981752
0.0,0,0.021406658
1.0,1,0.96991414
1.0,1,0.81890804
1.0,1,0.97166044
0.0,0,0.47715652
1.0,1,0.97481
0.0,0,0.004444869
0.0,0,0.0067169573
0.0,0,0.012075831
1.0,1,0.81795603
0.0,0,0.012922253
1.0,1,0.96325195
1.0,0,0.58155024
1.0,0,0.60582113
0.0,0,0.026357112
0.0,0,0.0093905665
1.0,1,0.9035678
1.0,1,0.94038206
1.0,1,0.94126195
0.0,1,0.8542633
0.0,0,0.07310625
1.0,1,0.73225665
0.0,0,0.07015304
1.0,1,0.94836265
0.0,0,0.54332083
0.0,0,0.04499215
0.0,1,0.7461362
0.0,0,0.00023017687
1.0,0,0.4204731
1.0,1,0.70014495
1.0,0,0.5100853
1.0,1,0.98456234
1.0,1,0.92775816
1.0,1,0.86100686
1.0,1,0.9573659
0.0,0,0.044359013
1.0,1,0.92910916
0.0,0,0.0915671
1.0,1,0.9459125
1.0,1,0.9823598
1.0,1,0.9801707
0.0,0,0.34809607
1.0,1,0.90763193
0.0,0,0.036677726
1.0,1,0.8599293
0.0,0,0.011701273
0.0,1,0.69690055
0.0,0,0.016457012
1.0,1,0.9823028
0.0,0,0.088795364
0.0,0,0.4916861
0.0,0,0.15228151
0.0,0,0.0026367016
0.0,0,0.009689016
0.0,0,0.0037429128
0.0,0,0.01191363
0.0,1,0.8131392
1.0,1,0.75113237
1.0,1,0.9860327
1.0,1,0.9876914
0.0,0,0.45178744
0.0,0,0.015253871
1.0,1,0.90373397
0.0,0,0.022765044
1.0,1,0.980635
0.0,0,0.4735888
0.0,0,0.059435792
1.0,1,0.9747042
0.0,0,0.0021713893
0.0,0,0.36135742
1.0,1,0.7477
1.0,1,0.9724059
0.0,0,0.53522223
1.0,1,0.97704875
0.0,0,0.5743834
1.0,1,0.9549957
1.0,1,0.97215664
0.0,0,0.06291475
0.0,0,0.0025789337
1.0,0,0.29996082
1.0,1,0.72891295
0.0,0,0.25669798
1.0,1,0.98652905
0.0,0,0.041426074
0.0,0,0.37132174
0.0,0,0.0319286
1.0,1,0.9733089
0.0,0,0.49203745
0.0,0,0.07174437
0.0,0,0.4783784
1.0,1,0.94740325
1.0,1,0.969192
1.0,1,0.89849544
0.0,0,0.14073944
0.0,0,0.47587717
1.0,1,0.84737897
1.0,1,0.8546273
0.0,0,0.0460692
1.0,1,0.9758043
0.0,0,0.022228617
0.0,0,0.019621192
0.0,1,0.90391445
0.0,0,0.0037557494
1.0,0,0.63783157
0.0,0,0.015529164
1.0,1,0.9646409
1.0,1,0.6952168
1.0,1,0.9749487
1.0,0,0.14365613
0.0,1,0.863143
1.0,1,0.87919605
1.0,1,0.91387767
0.0,0,0.34039804
0.0,0,0.36173955
1.0,1,0.9792056
1.0,1,0.9823903
0.0,0,0.27583748
0.0,0,0.007802488
0.0,0,0.013496409
1.0,1,0.95133555
1.0,1,0.9753641
0.0,1,0.6698749
1.0,1,0.6683084
0.0,0,0.014175544
1.0,1,0.9662031
0.0,0,0.61302793
1.0,1,0.87812376
0.0,0,0.008250541
0.0,0,0.13348135
0.0,0,0.29782507
1.0,1,0.9792351
0.0,0,0.3282125
1.0,1,0.75088036
0.0,0,0.020858422
1.0,1,0.8048588
0.0,0,0.2207078
1.0,1,0.9850963
1.0,1,0.9247397
0.0,0,0.15427013
1.0,1,0.98441744
0.0,0,0.0015578519
0.0,0,0.003727158
1.0,1,0.9828081
0.0,0,0.42372897
1.0,1,0.7616378
0.0,0,0.03593077
0.0,0,0.1036814
1.0,1,0.75664145
1.0,1,0.86546385
1.0,1,0.9848302
0.0,0,0.0016489663
0.0,0,0.6477475
1.0,1,0.9701574
1.0,1,0.8899544
1.0,1,0.98100626
0.0,0,0.048511855
1.0,1,0.98205173
1.0,1,0.97122425
1.0,1,0.9761698
1.0,1,0.9856954
0.0,0,0.08941099
0.0,0,0.0154768005
0.0,0,0.033518847
1.0,1,0.98353195
1.0,1,0.84224784
0.0,0,0.04838921
0.0,0,0.23158213
1.0,1,0.88904357
0.0,1,0.9565115
0.0,1,0.8947384
0.0,0,0.6475904
1.0,1,0.9823762
1.0,1,0.85466045
0.0,0,0.30631083
0.0,1,0.70102626
1.0,1,0.93825525
0.0,0,0.22334886
1.0,1,0.9616251
1.0,1,0.9824576
0.0,0,0.007863869
1.0,1,0.9275102
0.0,1,0.7108751
0.0,0,0.008258426
0.0,0,0.008512997
0.0,0,0.037526965
1.0,1,0.9475125
1.0,1,0.9763833
1.0,1,0.8635311
1.0,1,0.88609135
0.0,0,0.005868198
0.0,0,0.020390535
1.0,1,0.9478436
1.0,1,0.98598766
1.0,1,0.95391643
0.0,0,0.0036153656
0.0,1,0.7146305
1.0,1,0.9756833
0.0,0,0.14536017
0.0,0,0.013116129
0.0,1,0.8669535
1.0,1,0.91420794
1.0,1,0.70387155
1.0,1,0.9647569
0.0,0,0.0042461795
0.0,0,0.014136961
1.0,1,0.96435755
0.0,0,0.0021455458
0.0,0,0.0038668865
0.0,0,0.24595714
0.0,0,0.09414269
1.0,1,0.9801797
1.0,1,0.9440449
1.0,1,0.7312528
1.0,1,0.95133233
0.0,0,0.010336993
1.0,1,0.9063915
0.0,0,0.40322316
0.0,0,0.3378748
0.0,0,0.006180357
0.0,0,0.101048306
1.0,1,0.9808996
0.0,0,0.027984204
0.0,1,0.7502395
0.0,0,0.006126131
0.0,0,0.029664237
1.0,1,0.88596
0.0,0,0.0233875
0.0,0,0.0024662649
1.0,1,0.9193834
0.0,0,0.18512966
1.0,1,0.95438343
0.0,0,0.5443879
1.0,1,0.7383584
0.0,0,0.011846946
0.0,0,0.023690507
0.0,0,0.0025056186
1.0,1,0.92573774
1.0,0,0.6490289
1.0,1,0.9776455
0.0,0,0.019658284
1.0,1,0.9183334
1.0,1,0.8311243
1.0,1,0.9779798
1.0,1,0.97808444
0.0,0,0.024510851
0.0,0,0.034879882
1.0,1,0.9675552
0.0,0,0.22302832
0.0,0,0.34077147
1.0,1,0.97908807
0.0,0,0.03137795
1.0,1,0.89986205
0.0,0,0.019225957
0.0,0,0.08226026
0.0,0,0.0047349036
0.0,0,0.120466165
1.0,1,0.9479303
1.0,1,0.67629665
0.0,0,0.101908326
0.0,1,0.79203796
1.0,1,0.78093547
1.0,1,0.9536997
0.0,0,0.036861297
0.0,0,0.056626413
1.0,1,0.84700084
0.0,1,0.7698103
1.0,1,0.9621873
1.0,1,0.955591
0.0,0,0.5526992
1.0,1,0.9720666
0.0,0,0.007477346
0.0,1,0.8610753
0.0,0,0.03641364
1.0,1,0.8855697
0.0,0,0.017490944
0.0,0,0.08799601
1.0,1,0.8506892
0.0,1,0.770996
0.0,0,0.13747989
1.0,1,0.98494774
0.0,1,0.96064
0.0,0,0.007198772
0.0,0,0.04911161
0.0,0,0.017272051
0.0,0,0.1857626
0.0,0,0.08373937
1.0,1,0.9831019
1.0,1,0.98370004
1.0,1,0.96741045
0.0,0,0.029856555
1.0,1,0.8783233
1.0,1,0.8742372
0.0,0,0.21389957
1.0,1,0.88760006
0.0,1,0.74817085
1.0,1,0.94263387
0.0,0,0.19449489
0.0,0,0.61355865
1.0,1,0.89221424
1.0,1,0.9617827
1.0,1,0.8851757
1.0,0,0.6469813
0.0,0,0.6046442
0.0,0,0.39372116
0.0,0,0.04960591
0.0,0,0.077112325
1.0,1,0.8140022
1.0,1,0.9599746
0.0,0,0.04614323
1.0,1,0.9722803
1.0,0,0.6210967
1.0,1,0.6635804
0.0,0,0.50426066
0.0,0,0.2848497
0.0,0,0.018364616
1.0,0,0.034567226
0.0,0,0.17748477
0.0,0,0.05872847
0.0,0,0.008450551
0.0,1,0.71591055
0.0,1,0.90380955
0.0,0,0.54621613
0.0,1,0.9491908
1.0,1,0.9805978
1.0,1,0.9288897
1.0,1,0.8627574
0.0,0,0.015006273
1.0,1,0.96237665
1.0,1,0.8084154
0.0,0,0.20972462
0.0,0,0.0080744205
1.0,1,0.9671568
1.0,1,0.97827435
0.0,0,0.21309118
1.0,1,0.90391994
1.0,0,0.59162426
1.0,0,0.6160555
1.0,0,0.3912194
0.0,0,0.10843541
1.0,1,0.98551536
0.0,0,0.64765584
0.0,0,0.04990593
1.0,1,0.95726836
1.0,1,0.82566226
1.0,1,0.961678
0.0,0,0.01706124
1.0,0,0.59716153
0.0,0,0.5497212
0.0,0,0.05859652
1.0,0,0.60364866
1.0,1,0.6603013
1.0,1,0.91379225
0.0,0,0.19946013
0.0,0,0.20094897
1.0,1,0.9742798
1.0,0,0.3778492
1.0,1,0.68653053
0.0,1,0.84211886
0.0,0,0.0005436323
0.0,0,0.08810705
1.0,1,0.9703927
0.0,0,0.031840254
0.0,0,0.3803737
1.0,1,0.8364569
0.0,0,0.12827829
0.0,0,0.27621505
1.0,0,0.6084836
0.0,0,0.01238211
0.0,0,0.11003529
0.0,0,0.61927456
0.0,0,0.009490091
0.0,0,0.022896402
1.0,0,0.56390774
1.0,1,0.9224869
0.0,1,0.6977236
1.0,1,0.8147505
0.0,0,0.01660134
0.0,0,0.09233897
0.0,0,0.03464762
0.0,0,0.16215515
0.0,0,0.33235058
0.0,1,0.78480613
0.0,0,0.035384253
1.0,0,0.23886628
1.0,1,0.9547302
1.0,1,0.8542905
0.0,0,0.17598526
0.0,0,0.5368378
1.0,1,0.72635376
0.0,0,0.018465333
1.0,1,0.95475554
0.0,0,0.34392092
1.0,1,0.73557043
1.0,1,0.97827125
1.0,1,0.96059686
1.0,1,0.9542926
0.0,1,0.7348876
1.0,1,0.9853926
1.0,0,0.5266806
0.0,1,0.9748988
0.0,0,0.37431854
1.0,1,0.8445654
1.0,1,0.95912147
1.0,1,0.9801023
0.0,0,0.08149965
0.0,1,0.7713813
1.0,1,0.92373836
0.0,0,0.2753263
1.0,1,0.82520545
1.0,1,0.83155864
1.0,1,0.9831066
1.0,1,0.96799284
1.0,1,0.96802187
1.0,1,0.6830654
1.0,1,0.91986597
0.0,0,0.09118419
0.0,0,0.1360159
0.0,0,0.06316864
0.0,0,0.04011023
0.0,0,0.5977751
0.0,0,0.07923212
0.0,0,0.008340289
1.0,1,0.9850041
0.0,0,0.5387368
0.0,0,0.21403253
0.0,1,0.85525626
1.0,1,0.9790716
0.0,0,0.07301076
0.0,0,0.0060365573
0.0,0,0.021446245
0.0,0,0.012851818
1.0,1,0.9470156
1.0,1,0.95111096
1.0,1,0.92402846
1.0,1,0.969599
0.0,0,0.5161725
1.0,1,0.98172545
1.0,1,0.7114358
1.0,1,0.8182571
1.0,1,0.86651504
1.0,1,0.8111181
0.0,0,0.2141284
0.0,0,0.4438817
1.0,1,0.9149858
0.0,0,0.2614394
0.0,0,0.34185082
1.0,1,0.6673615
1.0,1,0.9475489
0.0,0,0.019486655
0.0,0,0.33444858
0.0,0,0.0716506
0.0,0,0.017489428
1.0,1,0.89607656
0.0,0,0.081855595
0.0,0,0.47757956
0.0,1,0.9423392
1.0,0,0.5350444
0.0,0,0.010343225
0.0,0,0.27852976
0.0,0,0.029840479
1.0,1,0.913515
0.0,0,0.1765325
1.0,1,0.9763011
0.0,0,0.34787947
1.0,1,0.8599374
0.0,0,0.050534435
1.0,0,0.607854
1.0,1,0.9746478
1.0,1,0.836478
1.0,1,0.74127424
0.0,0,0.037557703
0.0,0,0.025454817
0.0,0,0.48045018
1.0,1,0.95401204
1.0,1,0.95052963
1.0,1,0.822385
1.0,0,0.2935401
1.0,1,0.9504443
0.0,0,0.02266951
0.0,0,0.3367727
0.0,0,0.23472668
1.0,1,0.9807676
1.0,1,0.9408388
0.0,0,0.07779283
1.0,1,0.9533952
0.0,0,0.3443113
1.0,1,0.9462774
1.0,1,0.9456066
1.0,1,0.8735062
1.0,0,0.58825606
0.0,0,0.00025819123
0.0,0,0.018753571
1.0,0,0.6149353
1.0,1,0.9350468
0.0,0,0.04206327
1.0,1,0.8851727
0.0,0,0.41121027
1.0,0,0.025402328
0.0,0,0.112290725
1.0,1,0.9606529
0.0,0,0.2445481
1.0,0,0.47242144
1.0,1,0.8979328
0.0,0,0.0099978
0.0,0,0.005215559
0.0,0,0.023353457
0.0,0,0.36728916
1.0,1,0.9605265
0.0,1,0.83392596
0.0,0,0.0035302571
0.0,0,0.21700388
1.0,1,0.98098415
1.0,1,0.9757862
0.0,0,0.6169615
0.0,0,0.01845994
1.0,1,0.9467529
1.0,1,0.7247242
0.0,0,0.37018576
0.0,0,0.016912097
0.0,0,0.011221995
1.0,1,0.89910793
0.0,0,0.028138634
0.0,0,0.32634166
0.0,0,0.0044754082
0.0,0,0.1663094
1.0,1,0.6889087
1.0,1,0.9555765
0.0,0,0.019748084
0.0,0,0.0027780158
0.0,0,0.00353467
1.0,1,0.9710026
0.0,0,0.008305348
0.0,0,0.015901174
1.0,1,0.9810838
0.0,0,0.24353394
1.0,1,0.8971941
0.0,0,0.46216506
0.0,0,0.25524747
1.0,0,0.64778703
0.0,1,0.86764646
1.0,1,0.84879196
0.0,0,0.40229708
0.0,0,0.032423846
1.0,0,0.42524573
1.0,1,0.9314345
1.0,1,0.8995334
0.0,0,0.123154715
0.0,1,0.73835003
1.0,1,0.95729893
0.0,0,0.26324806
0.0,0,0.13246202
1.0,1,0.84906816
1.0,1,0.9830256
1.0,1,0.93974274
1.0,1,0.9755251
1.0,1,0.9822894
1.0,1,0.97405237
1.0,1,0.8938495
1.0,1,0.8989712
0.0,0,0.004844906
1.0,1,0.9456854
1.0,1,0.9503331
0.0,0,0.0064695827
1.0,1,0.9860864
0.0,0,0.017222304
0.0,0,0.2123425
0.0,0,0.42149
1.0,0,0.47416356
1.0,1,0.7739763
1.0,0,0.46913737
1.0,1,0.8648989
1.0,1,0.9516376
0.0,1,0.6631967
1.0,1,0.68296325
0.0,0,0.15543327
1.0,1,0.93266946
0.0,0,0.00301071
0.0,0,0.19723961
1.0,1,0.76342356
0.0,0,0.44805437
0.0,0,0.0062269312
0.0,0,0.3231842
1.0,1,0.970239
1.0,1,0.861365
0.0,0,0.22028574
1.0,1,0.92743057
0.0,0,0.009443781
0.0,0,0.02150317
1.0,1,0.97321475
0.0,0,0.19096306
0.0,0,0.08020967
1.0,1,0.94149184
1.0,1,0.94479376
0.0,0,0.010126808
0.0,0,0.3795427
1.0,1,0.85550725
1.0,1,0.6630204
0.0,0,0.003873201
1.0,1,0.984614
1.0,1,0.8831853
1.0,1,0.8930233
1.0,1,0.9827125
0.0,0,0.33423567
0.0,0,0.11441268
0.0,0,0.25767028
1.0,1,0.9379491
0.0,0,0.002198989
1.0,0,0.5766853
0.0,0,0.15173711
0.0,0,0.016673418
1.0,1,0.93937105
1.0,1,0.956014
1.0,1,0.88923514
1.0,1,0.8781735
1.0,1,0.8867131
1.0,0,0.5793783
1.0,1,0.9435571
1.0,1,0.89277667
1.0,1,0.88054377
1.0,1,0.8781205
1.0,1,0.9427914
0.0,0,0.18702833
1.0,1,0.71601343
0.0,0,0.11637095
1.0,1,0.827335
0.0,0,0.053114157
1.0,1,0.9856086
0.0,0,0.13131371
0.0,0,0.0038488149
0.0,0,0.024262862
0.0,0,0.57001454
1.0,1,0.9664562
0.0,0,0.012055194
0.0,0,0.057487004
1.0,1,0.98444974
1.0,1,0.8831038
0.0,1,0.9665447
1.0,1,0.96540236
0.0,0,0.55401576
0.0,0,0.2776118
1.0,1,0.884826
1.0,0,0.61957455
0.0,0,0.020667594
0.0,0,0.31060064
1.0,1,0.9104394
0.0,0,0.0047564954
0.0,0,0.23938881
1.0,1,0.9874971
1.0,1,0.9803212
1.0,1,0.9842077
1.0,1,0.9222465
1.0,1,0.94270825
0.0,0,0.13100003
0.0,1,0.84459066
0.0,0,0.00925059
0.0,0,0.005994244
1.0,1,0.90717137
0.0,0,0.015727423
1.0,1,0.9379076
0.0,1,0.75008035
0.0,0,0.0053390837
0.0,0,0.11426579
1.0,1,0.71588767
1.0,1,0.9652488
1.0,1,0.9280396
0.0,0,0.33896694
0.0,0,0.14079016
0.0,0,0.19827396
1.0,1,0.9684925
1.0,1,0.979788
1.0,1,0.83487606
1.0,1,0.9538355
1.0,1,0.87791157
1.0,1,0.97811836
1.0,1,0.9712863
1.0,1,0.9778992
0.0,1,0.8092632
1.0,1,0.98494536
1.0,1,0.91948736
1.0,1,0.9603814
0.0,1,0.7456305
0.0,0,0.5557132
0.0,0,0.0727018
0.0,0,0.009172656
0.0,1,0.7871074
0.0,0,0.22361118
1.0,1,0.760736
1.0,1,0.9850157
0.0,0,0.03152594
1.0,1,0.90403557
1.0,1,0.9560927
0.0,1,0.8671175
1.0,1,0.95565975
1.0,1,0.98022765
1.0,1,0.96696424
0.0,1,0.6834414
0.0,0,0.12930655
0.0,0,0.0593064
0.0,0,0.005888592
1.0,0,0.51185775
1.0,0,0.6517736
1.0,1,0.91888255
0.0,0,0.28324392
0.0,0,0.09667222
1.0,1,0.7491336
0.0,0,0.2040318
0.0,0,0.40260765
0.0,0,0.26864812
1.0,1,0.82532895
1.0,1,0.7702702
0.0,0,0.0016278534
0.0,0,0.012792656
0.0,1,0.8813957
0.0,0,0.052813258
0.0,0,0.015694998
1.0,1,0.86577797
1.0,1,0.95312166
0.0,0,0.083709426
0.0,0,0.57084155
1.0,1,0.9511523
0.0,0,0.43855348
0.0,0,0.06443088
1.0,1,0.9045647
1.0,1,0.9825263
1.0,1,0.92605853
0.0,0,0.10227743
0.0,0,0.0145159345
0.0,0,0.030430248
1.0,1,0.8145389
1.0,1,0.9677407
1.0,0,0.6372601
1.0,1,0.9195454
1.0,1,0.9427063
0.0,0,0.0046065687
0.0,0,0.049819484
1.0,1,0.82856935
0.0,0,0.06370165
1.0,1,0.96764684
0.0,0,0.0046574874
1.0,1,0.94490033
0.0,0,0.102819
1.0,1,0.94063145
0.0,0,0.107530676
0.0,0,0.11136117
0.0,0,0.021102132
1.0,1,0.9378132
1.0,1,0.8794642
1.0,1,0.9730776
1.0,1,0.8768587
0.0,0,0.18442245
0.0,0,0.005520622
1.0,1,0.82732314
1.0,1,0.89061713
0.0,1,0.8117249
0.0,0,0.0149172135
1.0,1,0.9292294
0.0,0,0.21869114
0.0,0,0.5473779
1.0,1,0.9656434
1.0,1,0.9737517
1.0,1,0.96165407
0.0,0,0.037234213
0.0,0,0.22082244
0.0,0,0.42799875
0.0,0,0.06107345
1.0,1,0.9577246
0.0,0,0.50529015
0.0,0,0.0108509045
0.0,0,0.21798499
1.0,0,0.0590519
1.0,1,0.8361176
1.0,1,0.71281976
0.0,0,0.3413563
1.0,0,0.6536672
1.0,1,0.8818561
1.0,1,0.8993064
0.0,0,0.010160921
1.0,1,0.9369757
1.0,1,0.9757875
0.0,0,0.033359963
1.0,1,0.78758633
0.0,0,0.010247728
1.0,1,0.9648458
1.0,1,0.9773293
0.0,0,0.0040754178
0.0,0,0.0139328735
1.0,1,0.97210234
0.0,0,0.284445
0.0,0,0.11131718
0.0,1,0.7247149
1.0,1,0.85343575
0.0,0,0.09233122
0.0,1,0.7144278
1.0,1,0.9716306
1.0,1,0.9645592
0.0,0,0.13685608
0.0,1,0.9308095
1.0,1,0.79748243
1.0,1,0.9611639
0.0,0,0.1824584
1.0,1,0.95208865
0.0,0,0.101101875
0.0,0,0.47260743
0.0,0,0.049787838
0.0,0,0.0061454386
1.0,1,0.8494241
0.0,0,0.0028244068
0.0,0,0.0038919342
1.0,1,0.9341642
0.0,0,0.321808
0.0,1,0.9371673
1.0,1,0.93294
0.0,0,0.08979515
1.0,1,0.88242793
1.0,1,0.9391672
0.0,0,0.21705738
0.0,0,0.5472793
0.0,0,0.0041243816
0.0,0,0.5099111
0.0,0,0.04255677
1.0,1,0.9795814
0.0,0,0.10901416
1.0,1,0.9814736
0.0,0,0.047903046
1.0,1,0.81608903
0.0,0,0.025926318
0.0,0,0.10026514
0.0,0,0.6188563
1.0,1,0.984028
0.0,0,0.06550144
0.0,0,0.010031507
1.0,1,0.91558474
1.0,1,0.91586316
1.0,1,0.97007626
1.0,1,0.8120973
0.0,0,0.44336095
0.0,0,0.0036673571
1.0,1,0.7400048
0.0,1,0.7624094
0.0,0,0.5272465
1.0,0,0.56539667
0.0,0,0.37962952
0.0,0,0.1621509
1.0,1,0.9780006
1.0,1,0.9843667
1.0,1,0.9816497
1.0,0,0.5575866
1.0,1,0.97085226
0.0,0,0.013443753
1.0,1,0.85305196
1.0,1,0.94112176
1.0,1,0.72841907
0.0,0,0.011036333
1.0,1,0.9458063
1.0,1,0.975048
1.0,1,0.9796393
1.0,1,0.9123989
1.0,1,0.78075486
0.0,0,0.14096831
0.0,1,0.8918346
1.0,0,0.6028708
1.0,1,0.8458863
0.0,0,0.22310162
1.0,1,0.98269564
0.0,0,0.04916778
0.0,0,0.014755292
1.0,1,0.84768915
1.0,1,0.7161778
1.0,1,0.935183
1.0,1,0.9359412
0.0,0,0.00692041
0.0,0,0.2068393
1.0,1,0.96623063
1.0,1,0.9772067
1.0,1,0.9820068
1.0,1,0.97043556
0.0,0,0.06190985
0.0,0,0.017082257
0.0,0,0.014038887
1.0,1,0.94866097
1.0,0,0.53565097
1.0,1,0.98511416
1.0,1,0.90934575
1.0,1,0.7814292
1.0,1,0.981612
1.0,1,0.93127763
0.0,0,0.042237177
0.0,1,0.95764416
0.0,0,0.008259285
0.0,0,0.009518623
0.0,0,0.11101468
1.0,1,0.9640038
1.0,1,0.96684366
1.0,1,0.9694312
1.0,1,0.7836685
1.0,1,0.96471566
1.0,1,0.6794412
1.0,1,0.96078265
1.0,1,0.7799968
1.0,1,0.94013035
1.0,1,0.8400358
0.0,0,0.4608277
1.0,1,0.9223192
0.0,1,0.92572355
1.0,1,0.9276413
0.0,1,0.80048156
0.0,0,0.003460569
1.0,1,0.9606677
1.0,1,0.97855735
1.0,1,0.95249414
1.0,1,0.87780887
0.0,1,0.86910504
0.0,0,0.0052400604
0.0,0,0.03962178
0.0,0,0.012037977
1.0,1,0.9435327
0.0,0,0.22316562
0.0,0,0.00069720636
1.0,1,0.6878972
1.0,1,0.98472184
0.0,0,0.012758977
0.0,0,0.43175313
0.0,0,0.5452417
1.0,1,0.86326355
0.0,0,0.0026869364
0.0,1,0.83153796
1.0,1,0.86582994
1.0,1,0.85549116
0.0,0,0.65156364
0.0,0,0.6238455
1.0,1,0.95292497
0.0,0,0.031105906
0.0,0,0.011471719
1.0,1,0.975651
1.0,0,0.21173899
0.0,0,0.46701568
0.0,0,0.01892935
1.0,1,0.97010165
0.0,0,0.009786994
0.0,0,0.04057816
1.0,1,0.9552507
1.0,1,0.956223
0.0,0,0.007954409
0.0,0,0.12614715
1.0,1,0.8838302
1.0,1,0.9449229
0.0,0,0.007360075
0.0,0,0.20276456
1.0,1,0.7893044
1.0,1,0.83351815
0.0,0,0.01631464
1.0,0,0.2361215
0.0,0,0.25427085
1.0,1,0.98846513
0.0,0,0.034863267
0.0,0,0.18024395
1.0,1,0.9207735
0.0,0,0.0159181
1.0,1,0.9506752
0.0,0,0.006430804
1.0,1,0.9667315
1.0,1,0.97323555
1.0,1,0.84525824
1.0,1,0.8791465
0.0,0,0.006631575
1.0,1,0.9213004
1.0,1,0.93030006
1.0,1,0.9843879
0.0,0,0.016911622
1.0,1,0.9245651
1.0,1,0.9534806
0.0,0,0.06527636
1.0,1,0.9489826
0.0,0,0.011882008
0.0,1,0.8179465
1.0,1,0.92055494
1.0,1,0.7872221
0.0,0,0.009594738
0.0,0,0.32901773
0.0,0,0.0051032263
0.0,0,0.028584838
1.0,1,0.90819997
1.0,1,0.98665637
0.0,0,0.003576222
1.0,1,0.80291617
1.0,1,0.94821143
1.0,1,0.9457152
1.0,1,0.9847418
0.0,0,0.38704497
1.0,1,0.8188042
0.0,0,0.05684649
1.0,1,0.9811949
0.0,1,0.66724557
1.0,1,0.93740714
1.0,1,0.9725862
0.0,0,0.20606147
0.0,0,0.416701
1.0,1,0.91893595
1.0,1,0.972749
0.0,0,0.5725565
0.0,0,0.28715608
1.0,1,0.9741303
0.0,0,0.0035035717
1.0,0,0.59661996
0.0,0,0.123483434
1.0,0,0.3241063
1.0,1,0.95494366
0.0,1,0.9789882
0.0,0,0.008484269
1.0,1,0.9799077
0.0,0,0.009091169
0.0,0,0.013492131
1.0,1,0.8266691
1.0,1,0.9830503
1.0,1,0.88119745
1.0,1,0.90215814
0.0,0,0.029665267
1.0,1,0.90721536
0.0,0,0.5129044
1.0,1,0.83919543
1.0,1,0.8747642
0.0,1,0.6951256
0.0,0,0.01458826
0.0,0,0.10552505
1.0,1,0.9374992
1.0,1,0.9524919
1.0,0,0.47738647
0.0,0,0.025998509
0.0,0,0.2708258
1.0,1,0.98399097
1.0,1,0.9683504
1.0,1,0.977555
1.0,1,0.9484034
0.0,0,0.04329799
0.0,1,0.86940515
1.0,1,0.9744631
1.0,1,0.9469249
0.0,0,0.12822406
0.0,0,0.56632316
1.0,1,0.972584
1.0,1,0.8775402
1.0,1,0.98304373
1.0,1,0.9779911
1.0,0,0.42173174
0.0,0,0.006255753
1.0,1,0.9837016
1.0,1,0.98383915
1.0,1,0.93217194
0.0,0,0.5305239
0.0,0,0.021660455
0.0,0,0.07357877
1.0,0,0.24246997
1.0,1,0.97000325
1.0,1,0.97331446
1.0,1,0.9356413
0.0,0,0.0163429
0.0,0,0.09002297
1.0,1,0.8791866
1.0,1,0.6968905
0.0,0,0.0907562
1.0,1,0.8472166
0.0,0,0.4347687
1.0,1,0.96133953
0.0,0,0.027085269
0.0,0,0.22627349
1.0,1,0.94196147
1.0,1,0.9107019
0.0,0,0.06706578
0.0,0,0.15851566
1.0,0,0.42517924
1.0,1,0.7601087
0.0,0,0.28209913
1.0,1,0.9621007
0.0,0,0.10414426
0.0,0,0.0076491605
0.0,1,0.82140064
1.0,1,0.8930408
1.0,0,0.04549389
0.0,0,0.09701193
1.0,1,0.96222824
1.0,1,0.83747625
1.0,1,0.8926884
0.0,0,0.06599424
0.0,0,0.28091437
0.0,0,0.109995075
1.0,1,0.95629835
0.0,0,0.41488028
0.0,1,0.8255294
1.0,1,0.982444
1.0,1,0.9108119
1.0,1,0.9645792
1.0,1,0.956996
0.0,0,0.05266619
1.0,0,0.43031928
0.0,0,0.005463323
0.0,1,0.9162686
1.0,1,0.97711843
1.0,1,0.78859806
1.0,1,0.94330037
0.0,0,0.1614189
0.0,0,0.20350899
0.0,0,0.0055229226
0.0,0,0.30702555
0.0,0,0.021977028
1.0,1,0.9258709
1.0,1,0.9855372
1.0,1,0.9042369
1.0,1,0.92894965
0.0,1,0.80293906
1.0,1,0.9622195
1.0,1,0.962365
0.0,0,0.039759986
1.0,1,0.7703465
0.0,0,0.04788477
0.0,0,0.007210225
1.0,0,0.593294
0.0,0,0.006538741
0.0,0,0.07645397
0.0,0,0.5966314
0.0,0,0.5182179
1.0,1,0.9346049
0.0,0,0.07242964
1.0,1,0.93289614
1.0,1,0.8765343
0.0,0,0.009681324
1.0,0,0.47045377
0.0,0,0.094722085
1.0,1,0.9839403
1.0,1,0.84965056
1.0,1,0.9606553
1.0,1,0.8656472
1.0,1,0.9627362
1.0,1,0.94963026
1.0,1,0.6858038
1.0,1,0.9305154
1.0,1,0.98061985
1.0,1,0.946414
0.0,0,0.20579582
0.0,0,0.5467465
1.0,1,0.90916556
0.0,0,0.24611275
0.0,0,0.005535464
1.0,1,0.9797742
1.0,1,0.9319958
0.0,0,0.20381671
0.0,0,0.14356796
1.0,1,0.9489267
1.0,1,0.9191247
0.0,0,0.012801861
0.0,0,0.42554408
0.0,0,0.42758128
0.0,0,0.00196658
1.0,1,0.7032008
0.0,0,0.004273504
1.0,1,0.811589
1.0,0,0.60582924
1.0,1,0.9793711
0.0,0,0.5740965
1.0,1,0.92171705
0.0,0,0.36948395
0.0,0,0.005081011
0.0,0,0.017058741
1.0,1,0.9615977
0.0,0,0.0101900315
0.0,0,0.047254242
1.0,1,0.9302128
1.0,1,0.9756517
1.0,1,0.96919924
0.0,0,0.017405462
1.0,1,0.9068643
1.0,1,0.8973615
1.0,1,0.9835918
1.0,1,0.8691104
1.0,1,0.6847585
1.0,1,0.77662504
0.0,0,0.005276009
1.0,1,0.977534
0.0,0,0.2634272
0.0,0,0.020525802
0.0,0,0.03934357
1.0,1,0.95044684
0.0,0,0.64396113
1.0,1,0.92842966
0.0,0,0.63838625
1.0,0,0.38124582
0.0,0,0.14417408
1.0,1,0.871926
0.0,0,0.4689384
1.0,1,0.9831435
0.0,0,0.0036257158
1.0,1,0.96697235
1.0,1,0.7239293
0.0,0,0.12261586
0.0,0,0.0074421503
1.0,1,0.8890598
1.0,1,0.81979585
0.0,0,0.026333518
1.0,1,0.82036126
0.0,0,0.13287173
1.0,1,0.6974853
1.0,0,0.65022457
1.0,1,0.9749471
0.0,0,0.6545903
0.0,1,0.7694463
0.0,0,0.00095112005
0.0,0,0.033690676
0.0,0,0.085364275
0.0,1,0.71250117
1.0,1,0.9741805
1.0,1,0.9186245
0.0,0,0.13043351
0.0,0,0.0012941642
1.0,1,0.8344739
1.0,1,0.98549366
0.0,0,0.024100253
0.0,0,0.3287893
1.0,1,0.9795656
0.0,1,0.93058723
1.0,1,0.90713567
0.0,0,0.13769485
0.0,0,0.033096503
0.0,0,0.0024400987
0.0,0,0.16922723
0.0,0,0.0027444814
1.0,1,0.80768925
1.0,1,0.8238883
0.0,1,0.91141284
1.0,1,0.86559236
0.0,0,0.056275457
0.0,0,0.007406572
0.0,0,0.016893936
1.0,1,0.8353288
0.0,0,0.013884237
0.0,0,0.43199858
1.0,1,0.98278475
0.0,0,0.028732043
1.0,1,0.7067951
0.0,0,0.03403052
1.0,1,0.974136
0.0,0,0.1992057
1.0,1,0.97985214
0.0,0,0.16414896
1.0,1,0.97067887
0.0,0,0.036138896
1.0,1,0.8546764
1.0,1,0.84793067
1.0,1,0.80215544
1.0,1,0.90846217
1.0,1,0.9854819
0.0,0,0.5372046
1.0,1,0.9761695
0.0,0,0.08718052
1.0,1,0.92357135
1.0,1,0.6810262
1.0,1,0.97638804
0.0,0,0.51429725
0.0,0,0.0035643424
1.0,1,0.83802474
1.0,1,0.9617497
0.0,0,0.04295323
0.0,0,0.26443794
0.0,0,0.008515149
0.0,0,0.026385358
0.0,0,0.16048887
0.0,0,0.42779663
1.0,1,0.910329
1.0,1,0.9687122
1.0,1,0.97111267
1.0,1,0.9738414
1.0,1,0.92885935
0.0,1,0.8147609
0.0,0,0.13534419
0.0,0,0.02316056
1.0,1,0.9743186
1.0,1,0.9458249
0.0,0,0.12845364
0.0,0,0.030793093
1.0,1,0.9840348
1.0,1,0.69236434
1.0,1,0.9333885
1.0,1,0.9291588
0.0,1,0.7724431
0.0,0,0.18552938
1.0,1,0.9306536
0.0,0,0.017708573
1.0,1,0.9671226
1.0,1,0.8185353
0.0,0,0.3040465
0.0,0,0.021127483
0.0,0,0.6237236
1.0,1,0.90903306
1.0,1,0.85141134
1.0,1,0.9847745
1.0,1,0.95740277
1.0,1,0.96842444
0.0,0,0.0056925784
1.0,0,0.5627909
1.0,1,0.82349235
1.0,1,0.89682376
0.0,0,0.2247332
1.0,1,0.9737233
0.0,0,0.008088136
0.0,1,0.8638989
0.0,0,0.15151703
1.0,1,0.97011083
0.0,0,0.20569731
1.0,1,0.8187052
1.0,1,0.76237977
0.0,0,0.023278879
0.0,0,0.18276478
1.0,1,0.9663194
1.0,1,0.983733
0.0,0,0.005308113
1.0,1,0.7234533
0.0,0,0.007858918
0.0,0,0.007901246
0.0,0,0.017381927
1.0,1,0.98176277
0.0,0,0.110462256
0.0,0,0.027410269
0.0,0,0.62104356
1.0,1,0.97731847
0.0,0,0.007351496
1.0,1,0.8648136
0.0,0,0.49726537
1.0,1,0.755672
1.0,1,0.97377735
1.0,1,0.70268655
0.0,0,0.27670652
1.0,1,0.95439655
1.0,1,0.98187405
1.0,1,0.7624455
0.0,0,0.25655708
1.0,1,0.97920203
1.0,0,0.5467559
0.0,0,0.028202388
0.0,0,0.18716525
1.0,1,0.9837618
1.0,1,0.9640859
1.0,1,0.82231283
1.0,1,0.7580612
0.0,0,0.16295686
1.0,0,0.6275055
1.0,1,0.9292418
1.0,1,0.9824903
0.0,0,0.08843114
1.0,1,0.9768563
0.0,0,0.002538182
0.0,0,0.013959012
0.0,0,0.0237116
1.0,1,0.84574646
0.0,0,0.46463296
0.0,0,0.003136851
1.0,1,0.9500358
0.0,0,0.19762953
1.0,1,0.8569493
1.0,1,0.96316355
0.0,0,0.49348065
0.0,0,0.0013838295
0.0,0,0.018530002
0.0,0,0.12509221
1.0,1,0.94943625
0.0,0,0.0155731905
1.0,1,0.90593815
0.0,0,0.031771343
0.0,0,0.36271438
0.0,0,0.0040994384
1.0,1,0.97849244
0.0,0,0.22181626
1.0,1,0.95836776
1.0,1,0.9638464
1.0,1,0.9623795
0.0,0,0.077331066
0.0,0,0.47629243
1.0,1,0.985162
1.0,1,0.9827286
1.0,1,0.9520397
0.0,0,0.011449428
1.0,1,0.74624467
1.0,1,0.93244517
1.0,1,0.98304254
0.0,0,0.055637322
0.0,0,0.091979004
1.0,1,0.9701508
0.0,0,0.023882823
0.0,0,0.068396464
0.0,0,0.13777483
1.0,1,0.98024046
0.0,0,0.36404392
0.0,0,0.34476066
0.0,0,0.43689162
0.0,0,0.0035258166
1.0,1,0.84471226
0.0,0,0.46605557
0.0,0,0.11791706
0.0,0,0.4535403
1.0,1,0.9839876
0.0,0,0.018446563
1.0,1,0.96978134
0.0,0,0.17882746
0.0,0,0.44420588
0.0,0,0.5269094
0.0,0,0.027881362
1.0,1,0.98417175
1.0,1,0.9741617
0.0,0,0.59074116
0.0,0,0.010216237
1.0,1,0.9835686
0.0,0,0.0051013795
1.0,1,0.984317
0.0,1,0.94813997
0.0,0,0.08700978
0.0,0,0.19999933
0.0,0,0.25484458
1.0,1,0.88421476
0.0,0,0.012986792
0.0,0,0.013490633
0.0,0,0.42087755
0.0,0,0.2890684
0.0,0,0.021484407
0.0,0,0.010250291
1.0,1,0.97770363
1.0,1,0.9806995
0.0,0,0.004674422
1.0,1,0.98538584
1.0,1,0.9833971
0.0,0,0.01073048
1.0,1,0.9805721
0.0,0,0.43792275
1.0,1,0.9844051
0.0,0,0.0059409034
0.0,0,0.34795803
1.0,0,0.28757852
0.0,1,0.6990912
0.0,0,0.21172906
1.0,1,0.77270037
0.0,0,0.009862364
1.0,0,0.46016562
1.0,1,0.9660717
0.0,1,0.77077085
0.0,1,0.75359356
1.0,1,0.84436256
0.0,0,0.041024357
1.0,1,0.9810784
0.0,1,0.73453385
1.0,1,0.9839337
1.0,1,0.9561224
1.0,1,0.8474245
0.0,0,0.011107191
1.0,1,0.8662791
0.0,0,0.24301083
1.0,1,0.8310025
1.0,1,0.9717066
1.0,1,0.98242414
0.0,0,0.35041538
0.0,0,0.041496787
0.0,0,0.1534905
1.0,1,0.7996985
1.0,1,0.9508283
0.0,0,0.032557182
0.0,0,0.052313376
1.0,1,0.91465455
1.0,1,0.85862976
0.0,0,0.0065857484
0.0,0,0.0038502926
1.0,1,0.96888363
0.0,0,0.009164533
1.0,1,0.9381234
0.0,0,0.07370919
1.0,1,0.9223391
0.0,0,0.14697027
1.0,1,0.88198787
0.0,0,0.2251485
0.0,0,0.0029633853
1.0,1,0.90012205
1.0,1,0.9072523
0.0,0,0.0690913
0.0,0,0.14397527
1.0,1,0.9847599
1.0,1,0.7450152
1.0,1,0.95385814
1.0,0,0.5812965
1.0,1,0.8528845
1.0,1,0.982335
0.0,0,0.024758464
1.0,1,0.7249305
0.0,1,0.71500266
0.0,0,0.03912174
0.0,0,0.011553874
0.0,0,0.059323296
0.0,0,0.39765555
1.0,1,0.9129189
0.0,0,0.24993183
1.0,1,0.92804176
0.0,0,0.11218984
1.0,1,0.96239847
0.0,0,0.43336987
0.0,0,0.034308493
0.0,0,0.5375499
0.0,0,0.011379918
0.0,1,0.7294857
1.0,1,0.95739156
1.0,1,0.92739797
1.0,0,0.5695921
0.0,0,0.5148964
0.0,0,0.18209259
0.0,1,0.7690549
1.0,1,0.97371763
1.0,1,0.95178807
1.0,1,0.9407681
0.0,0,0.4540123
0.0,0,0.07630101
0.0,0,0.007881727
0.0,0,0.11208675
0.0,0,0.01320538
0.0,0,0.08717704
1.0,1,0.66915023
0.0,0,0.029996978
1.0,1,0.95414096
0.0,0,0.3520209
1.0,1,0.9849189
1.0,1,0.97416556
1.0,0,0.5118574
1.0,1,0.940899
0.0,0,0.051741395
1.0,1,0.8143244
1.0,1,0.9611813
1.0,1,0.98603934
0.0,0,0.3559192
1.0,1,0.9413038
0.0,0,0.041361615
0.0,0,0.60240686
0.0,0,0.20105462
1.0,1,0.8711161
1.0,1,0.9597857
0.0,0,0.020933533
1.0,1,0.9828461
1.0,1,0.8117317
1.0,1,0.97416943
1.0,1,0.8856032
0.0,0,0.023323953
1.0,1,0.9738387
1.0,1,0.94635355
1.0,0,0.61764646
1.0,0,0.64566815
0.0,0,0.00026070242
0.0,0,0.008153598
0.0,0,0.008946566
1.0,1,0.81664914
0.0,0,0.29858175
1.0,1,0.90084493
1.0,1,0.8108267
1.0,1,0.94744384
0.0,0,0.2220383
1.0,1,0.98057425
1.0,1,0.752665
0.0,0,0.6265414
1.0,1,0.9747046
1.0,1,0.84066343
1.0,1,0.72510123
1.0,1,0.9150166
1.0,1,0.941325
0.0,0,0.300621
0.0,0,0.018572908
1.0,1,0.9775783
0.0,0,0.017693216
0.0,0,0.22503302
0.0,0,0.10469692
1.0,1,0.80169606
0.0,0,0.0929782
0.0,0,0.086543635
1.0,1,0.8170508
0.0,0,0.015852291
1.0,1,0.8752083
0.0,0,0.37927347
1.0,1,0.7734108
0.0,0,0.55083907
0.0,0,0.11034601
0.0,0,0.061380014
0.0,0,0.17245187
1.0,1,0.9588938
1.0,1,0.93831444
1.0,1,0.96602863
1.0,1,0.9533183
1.0,1,0.98423535
0.0,0,0.29000685
1.0,1,0.98497826
0.0,0,0.5648811
0.0,0,0.00617843
0.0,0,0.02782108
0.0,1,0.71386147
0.0,1,0.7113693
0.0,0,0.3287721
0.0,0,0.46852475
1.0,1,0.9589959
0.0,0,0.00768811
1.0,0,0.51542366
1.0,0,0.0473773
0.0,0,0.048854228
1.0,1,0.9829029
0.0,0,0.0030886682
1.0,1,0.8433708
0.0,0,0.44816262
0.0,0,0.097020976
0.0,0,0.0326749
1.0,1,0.7380868
1.0,1,0.96276957
1.0,1,0.97478265
1.0,1,0.9475812
0.0,0,0.017703272
0.0,0,0.1176101
1.0,0,0.58239114
0.0,1,0.8221438
0.0,0,0.45606333
1.0,1,0.95353514
1.0,1,0.7750732
0.0,1,0.9487519
1.0,1,0.86756754
0.0,0,0.1075296
1.0,1,0.8387358
0.0,1,0.9523333
0.0,1,0.7593388
0.0,0,0.0015427477
0.0,0,0.06435277
0.0,0,0.36685818
0.0,0,0.057724517
0.0,0,0.012329706
1.0,1,0.960179
0.0,0,0.24864617
1.0,1,0.7477951
0.0,0,0.014171786
1.0,1,0.9486776
1.0,1,0.914655
0.0,0,0.3105628
0.0,1,0.76743203
1.0,1,0.88718486
1.0,1,0.97080064
1.0,1,0.9866001
1.0,1,0.97555536
1.0,1,0.9824973
1.0,1,0.92976224
1.0,0,0.6175769
1.0,1,0.9737608
0.0,0,0.013445118
0.0,0,0.073931955
0.0,0,0.008531398
1.0,0,0.5456189
0.0,0,0.09641261
0.0,0,0.24637073
1.0,1,0.8499075
0.0,0,0.34660792
0.0,0,0.34108365
0.0,0,0.08195672
1.0,1,0.9224682
1.0,1,0.98678946
0.0,0,0.08657395
0.0,1,0.737599
1.0,1,0.97652644
0.0,0,0.19286555
1.0,1,0.9031455
0.0,0,0.48168445
1.0,1,0.69930214
1.0,1,0.8756666
1.0,1,0.971157
1.0,1,0.973987
1.0,1,0.79944474
0.0,0,0.01428799
0.0,1,0.708726
0.0,1,0.8585916
0.0,0,0.0049505173
0.0,0,0.22648273
0.0,0,0.0096399505
1.0,0,0.55993974
1.0,1,0.8410364
0.0,0,0.016844109
1.0,1,0.9628055
1.0,1,0.8521143
1.0,1,0.8565569
0.0,0,0.13420753
0.0,1,0.71620107
1.0,1,0.9540082
0.0,0,0.0075241076
1.0,1,0.9372508
1.0,1,0.84254646
1.0,1,0.9460435
1.0,0,0.6531304
1.0,1,0.9560149
1.0,0,0.54804325
1.0,1,0.9731368
0.0,0,0.05577891
0.0,0,0.49749377
0.0,0,0.0042405296
1.0,0,0.4949158
1.0,1,0.9835519
0.0,0,0.27826896
0.0,0,0.47172606
1.0,1,0.81890106
0.0,0,0.56014127
1.0,1,0.9762242
0.0,1,0.9677232
1.0,1,0.94169676
0.0,0,0.01862601
1.0,1,0.9049935
1.0,1,0.98638815
1.0,1,0.88160515
1.0,1,0.9737292
0.0,0,0.0018741757
0.0,0,0.10494983
1.0,1,0.8742883
1.0,1,0.8515415
1.0,1,0.84882015
0.0,0,0.008494736
1.0,1,0.8338903
1.0,1,0.97839797
1.0,1,0.88465554
1.0,1,0.97804344
1.0,1,0.98248047
1.0,1,0.96070546
1.0,1,0.9745336
1.0,1,0.9856901
0.0,0,0.04713391
0.0,0,0.057817362
1.0,1,0.80521625
0.0,0,0.027906762
0.0,0,0.3616496
0.0,0,0.012110462
0.0,0,0.11914458
0.0,0,0.4266708
1.0,1,0.9636817
0.0,0,0.008928181
0.0,0,0.016335078
1.0,1,0.8555496
1.0,1,0.97698647
1.0,1,0.9119729
1.0,1,0.9482681
0.0,0,0.026318515
1.0,1,0.7249285
1.0,1,0.961906
1.0,0,0.1519839
0.0,0,0.0010742474
0.0,0,0.0010837013
0.0,0,0.032866832
1.0,0,0.6193284
1.0,0,0.23900709
0.0,0,0.40885568
1.0,1,0.926483
1.0,1,0.94122136
0.0,0,0.24010973
1.0,1,0.954983
1.0,1,0.95573705
0.0,0,0.058883708
0.0,0,0.5788702
1.0,1,0.79557335
0.0,0,0.01670006
0.0,0,0.27920276
1.0,1,0.9856266
0.0,0,0.18847746
1.0,0,0.4954516
1.0,1,0.97111666
0.0,0,0.014027598
1.0,1,0.96484894
0.0,0,0.01359116
0.0,0,0.17573602
1.0,1,0.9731017
0.0,0,0.15664253
1.0,1,0.8633263
0.0,0,0.4212872
0.0,0,0.0225182
0.0,0,0.038967893
0.0,0,0.0034086716
1.0,1,0.83668506
1.0,1,0.9672098
0.0,0,0.06675364
1.0,1,0.74728155
0.0,0,0.4343933
0.0,0,0.3867036
0.0,0,0.007210597
1.0,1,0.9169246
0.0,0,0.043102637
0.0,0,0.032634348
1.0,1,0.9751664
0.0,1,0.93736213
1.0,1,0.9602798
0.0,0,0.07089613
0.0,0,0.13666992
0.0,0,0.57514894
1.0,1,0.72833025
0.0,0,0.048090797
1.0,1,0.6859001
0.0,1,0.8446971
1.0,1,0.6925015
1.0,1,0.8727592
0.0,0,0.3696148
1.0,1,0.8832344
0.0,0,0.27825487
1.0,1,0.95941424
1.0,1,0.9383324
1.0,1,0.9733304
1.0,1,0.95340395
1.0,1,0.84779334
0.0,0,0.0076390896
1.0,1,0.82087713
1.0,1,0.9852583
1.0,1,0.9525812
0.0,0,0.1324293
0.0,1,0.8877709
1.0,1,0.9769145
1.0,1,0.964942
0.0,0,0.04982656
0.0,0,0.02980096
1.0,1,0.7458013
0.0,0,0.016956504
1.0,1,0.8883457
1.0,1,0.9604182
1.0,1,0.7967829
0.0,0,0.01667302
1.0,1,0.8997338
0.0,0,0.3734526
0.0,0,0.011219175
1.0,0,0.49406135
0.0,0,0.07321635
1.0,1,0.90387344
0.0,0,0.5111686
0.0,0,0.34493923
1.0,1,0.97811395
0.0,0,0.0055163377
1.0,1,0.77578264
0.0,0,0.6060711
1.0,1,0.9214933
0.0,0,0.008810555
1.0,1,0.86878556
1.0,1,0.9074707
1.0,0,0.36458504
1.0,1,0.9720011
0.0,0,0.4480361
1.0,1,0.72588485
1.0,1,0.94735575
1.0,1,0.8585645
1.0,1,0.9542693
0.0,0,0.02906719
0.0,0,0.525759
1.0,1,0.98252624
1.0,1,0.97040886
0.0,0,0.020626303
0.0,0,0.04767699
1.0,1,0.78730226
0.0,0,0.16349661
1.0,1,0.96287733
1.0,1,0.87076974
0.0,0,0.077933274
0.0,0,0.55828893
0.0,1,0.81981647
1.0,1,0.87824774
0.0,0,0.07013664
0.0,0,0.005332522
0.0,0,0.0043172715
0.0,0,0.009174605
0.0,0,0.5359007
1.0,1,0.89427453
1.0,1,0.87245154
1.0,1,0.9840427
1.0,1,0.9646521
0.0,0,0.011284866
0.0,0,0.019624513
1.0,1,0.893624
0.0,1,0.66203785
1.0,1,0.9785727
0.0,0,0.028007155
1.0,1,0.9853071
0.0,0,0.06263592
0.0,0,0.2844317
1.0,0,0.55086464
0.0,0,0.64006764
1.0,1,0.9673674
1.0,1,0.98367757
0.0,1,0.8171753
0.0,0,0.02479436
0.0,0,0.11214997
0.0,0,0.18998538
1.0,1,0.96054953
0.0,0,0.5524808
0.0,0,0.2895015
1.0,1,0.9833502
0.0,1,0.78455746
0.0,0,0.0047829584
0.0,0,0.018030867
0.0,0,0.2637737
1.0,1,0.7121287
1.0,1,0.9760334
1.0,1,0.97981393
0.0,0,0.3632599
0.0,1,0.7210089
1.0,1,0.9351368
1.0,1,0.95717216
0.0,0,0.13228458
1.0,1,0.8901265
1.0,1,0.95867693
1.0,1,0.9673576
0.0,0,0.020733245
0.0,0,0.2054967
0.0,0,0.107911706
0.0,0,0.23126854
0.0,0,0.019661319
0.0,0,0.0674021
0.0,0,0.01846751
1.0,0,0.51600677
1.0,1,0.859545
1.0,1,0.9734778
0.0,0,0.030244783
1.0,1,0.9325764
0.0,0,0.16580264
1.0,1,0.9235141
0.0,0,0.22849153
0.0,0,0.011158047
1.0,1,0.8313206
0.0,1,0.9560446
1.0,1,0.8135984
1.0,1,0.87290126
0.0,0,0.011297861
0.0,0,0.009159353
0.0,0,0.06209013
1.0,0,0.12109151
1.0,0,0.4567545
0.0,1,0.762905
1.0,1,0.89870083
1.0,1,0.94364274
0.0,0,0.011504374
0.0,0,0.12243236
0.0,0,0.4969466
1.0,1,0.87162006
1.0,1,0.973453
1.0,1,0.9557861
1.0,1,0.92603445
0.0,0,0.6066376
0.0,0,0.41676724
0.0,0,0.011447103
0.0,0,0.013390674
1.0,1,0.87538916
0.0,0,0.054555368
0.0,0,0.50627863
1.0,1,0.95324963
0.0,0,0.073770665
0.0,1,0.8554437
1.0,1,0.8173538
1.0,0,0.60762644
1.0,1,0.86992943
1.0,1,0.905866
0.0,0,0.10517418
0.0,0,0.014924693
1.0,1,0.8771494
1.0,1,0.95308787
1.0,1,0.9785041
0.0,0,0.41858527
1.0,1,0.8685067
1.0,1,0.930611
0.0,0,0.04310453
0.0,0,0.025970863
0.0,0,0.017415054
1.0,1,0.98091054
0.0,0,0.47476482
1.0,1,0.83370936
1.0,1,0.9748598
1.0,1,0.95811826
0.0,0,0.13571475
0.0,0,0.013459072
0.0,0,0.03624839
1.0,1,0.9563013
1.0,1,0.92865336
1.0,1,0.874189
0.0,0,0.0016505158
0.0,0,0.29744008
0.0,0,0.08976043
0.0,0,0.4631781
1.0,1,0.9617606
1.0,1,0.9741574
1.0,1,0.94958454
1.0,1,0.9220029
0.0,0,0.45312038
0.0,0,0.62021863
1.0,1,0.8496611
0.0,0,0.068955556
1.0,0,0.4968493
0.0,0,0.0023718453
0.0,0,0.0048920545
0.0,0,0.0066508297
1.0,1,0.97596616
0.0,0,0.15122244
1.0,1,0.9747908
1.0,1,0.95736206
1.0,1,0.96828705
1.0,1,0.92251414
0.0,0,0.041441593
0.0,0,0.004250163
0.0,0,0.31571323
0.0,0,0.07735827
1.0,1,0.7349825
1.0,1,0.97912085
0.0,1,0.7039162
1.0,0,0.046762843
1.0,1,0.97718215
1.0,1,0.92847407
1.0,1,0.951525
0.0,0,0.39230928
0.0,0,0.08756998
1.0,1,0.9725544
0.0,0,0.6173427
1.0,1,0.9682298
0.0,0,0.013693817
0.0,0,0.36090314
1.0,1,0.8298855
0.0,0,0.025899915
0.0,0,0.022004625
1.0,1,0.9550549
0.0,0,0.0058906334
0.0,0,0.21293747
1.0,1,0.88984364
0.0,0,0.45797887
1.0,1,0.8904263
0.0,0,0.32578272
0.0,0,0.21887839
1.0,1,0.98298377
1.0,1,0.97925913
0.0,0,0.075589314
0.0,0,0.16839963
1.0,1,0.9822501
1.0,1,0.93346834
1.0,1,0.9359058
0.0,0,0.09985912
1.0,1,0.9410285
1.0,0,0.5791155
1.0,1,0.98031104
0.0,0,0.29249135
1.0,1,0.91552573
0.0,0,0.06186115
0.0,0,0.38891298
1.0,1,0.8651553
0.0,0,0.11454015
0.0,0,0.07544
1.0,0,0.313632
0.0,1,0.86323327
0.0,0,0.0008729704
1.0,1,0.92752826
0.0,0,0.2689558
0.0,0,0.033486065
0.0,0,0.0045171604
0.0,0,0.004399398
1.0,1,0.8351643
1.0,1,0.94797814
0.0,0,0.23613004
0.0,0,0.035086486
0.0,0,0.1657188
0.0,0,0.4641959
1.0,1,0.954405
1.0,0,0.62260926
0.0,0,0.527392
1.0,0,0.43089956
0.0,0,0.009584873
0.0,0,0.240224
0.0,0,0.06016232
1.0,1,0.95000756
0.0,0,0.025890844
1.0,1,0.8744735
0.0,0,0.010227029
0.0,0,0.0010897523
0.0,0,0.045542106
1.0,1,0.9150734
0.0,0,0.035888925
0.0,0,0.015070349
0.0,0,0.008101919
1.0,1,0.8606342
1.0,1,0.87845534
1.0,1,0.8882237
0.0,1,0.9656642
1.0,1,0.9717127
0.0,0,0.34841835
1.0,1,0.7945878
0.0,0,0.11987528
1.0,1,0.949291
1.0,0,0.622011
1.0,1,0.66017866
1.0,1,0.98438674
1.0,1,0.9438638
1.0,1,0.9465835
0.0,0,0.009391636
0.0,0,0.52609575
0.0,0,0.0099243475
1.0,1,0.77466357
0.0,0,0.61126196
0.0,0,0.017272659
0.0,0,0.016838478
1.0,1,0.9605602
1.0,0,0.64606786
0.0,1,0.8407375
0.0,0,0.046285756
0.0,0,0.10311517
1.0,1,0.7218528
1.0,1,0.96874917
1.0,1,0.78421366
0.0,0,0.021636328
1.0,1,0.9423426
1.0,1,0.98712605
1.0,1,0.7945764
1.0,1,0.9186597
0.0,0,0.0078127505
1.0,1,0.89189214
1.0,1,0.9822672
1.0,1,0.8788633
0.0,0,0.46076578
0.0,0,0.30122983
1.0,1,0.8641888
0.0,0,0.53072345
0.0,0,0.12998098
0.0,0,0.013267375
0.0,0,0.01630247
0.0,0,0.13291343
0.0,0,0.01733094
1.0,1,0.95776933
1.0,1,0.8414302
0.0,0,0.2828591
0.0,1,0.96017593
0.0,0,0.009079432
1.0,1,0.94649
0.0,0,0.011843575
1.0,1,0.9844417
0.0,0,0.008229961
1.0,0,0.6166892
0.0,0,0.071821794
0.0,0,0.13698488
0.0,0,0.008722034
0.0,0,0.0051457915
1.0,1,0.88314223
1.0,1,0.9647393
0.0,0,0.34156552
0.0,0,0.00823752
1.0,1,0.93662536
0.0,0,0.1034633
0.0,0,0.5588077
0.0,1,0.83921695
1.0,0,0.44851187
1.0,0,0.6411011
1.0,1,0.82035685
0.0,1,0.7569227
1.0,1,0.98284423
0.0,0,0.12746534
0.0,0,0.08104264
0.0,0,0.595219
0.0,0,0.39766505
1.0,1,0.8992759
1.0,1,0.94995403
1.0,1,0.92006886
1.0,1,0.92980266
0.0,0,0.0039080367
1.0,1,0.9647687
1.0,1,0.9116084
0.0,0,0.30740365
0.0,0,0.027664233
0.0,0,0.0021945508
0.0,0,0.5936394
0.0,0,0.13960797
1.0,1,0.9406988
0.0,0,0.25198177
0.0,0,0.26647112
0.0,0,0.20264311
0.0,0,0.015560314
0.0,0,0.24997854
1.0,1,0.97627044
0.0,0,0.1830827
0.0,0,0.017392065
0.0,0,0.026615864
1.0,1,0.9773197
0.0,0,0.00858294
0.0,0,0.14190143
0.0,0,0.03404051
1.0,1,0.8870388
0.0,0,0.015559001
1.0,1,0.977654
0.0,0,0.4041509
1.0,1,0.96362376
0.0,0,0.49074438
0.0,1,0.7589536
1.0,1,0.86432755
0.0,1,0.944523
0.0,0,0.0030881255
0.0,0,0.3228121
0.0,0,0.21224943
0.0,0,0.43088922
1.0,1,0.86866057
1.0,0,0.62365067
1.0,1,0.9726591
0.0,0,0.0038564003
1.0,0,0.29118088
0.0,0,0.3220024
0.0,0,0.02553858
0.0,1,0.7094985
0.0,0,0.03593533
0.0,0,0.017672578
1.0,1,0.9451908
1.0,1,0.9770696
1.0,1,0.9845387
0.0,0,0.012363052
0.0,1,0.97058874
0.0,1,0.92334306
1.0,1,0.9185285
1.0,0,0.62297535
1.0,1,0.8933478
0.0,0,0.066641174
1.0,1,0.9652215
1.0,1,0.969637
0.0,0,0.27841076
1.0,1,0.9617566
1.0,1,0.8725997
1.0,1,0.97705966
1.0,1,0.90567225
0.0,0,0.015399502
0.0,0,0.61707115
1.0,1,0.947548
0.0,0,0.1590907
0.0,0,0.3429291
0.0,0,0.022181466
1.0,1,0.94912475
1.0,1,0.9837205
0.0,0,0.27164954
0.0,0,0.005320989
1.0,1,0.80978507
0.0,0,0.049335886
0.0,0,0.083494216
1.0,1,0.93388873
0.0,0,0.008377985
1.0,1,0.8878063
0.0,0,0.019023072
1.0,1,0.95616245
0.0,0,0.015611513
1.0,0,0.43313372
0.0,0,0.5898135
1.0,1,0.74345964
0.0,0,0.008391392
1.0,1,0.9469608
0.0,0,0.5731916
1.0,1,0.98321915
1.0,1,0.939937
1.0,1,0.98584425
0.0,0,0.019329289
1.0,1,0.9191457
1.0,1,0.94981456
0.0,0,0.25825033
0.0,0,0.56933
1.0,0,0.63927615
1.0,1,0.92018414
0.0,0,0.15004495
1.0,1,0.97348154
0.0,0,0.01781943
1.0,1,0.9755383
0.0,0,0.048140187
1.0,1,0.8768102
1.0,1,0.9872726
0.0,0,0.011521377
1.0,1,0.8240175
0.0,0,0.016441366
1.0,1,0.8732679
0.0,0,0.07435941
1.0,1,0.91486025
0.0,0,0.012015318
1.0,1,0.83386195
1.0,1,0.97252554
0.0,0,0.19060531
0.0,0,0.024158375
0.0,0,0.19891806
0.0,0,0.0047362745
1.0,1,0.9851792
0.0,0,0.487573
0.0,0,0.0037066315
1.0,1,0.7778797
0.0,0,0.48546776
1.0,1,0.96351326
0.0,0,0.30843848
0.0,0,0.52573884
0.0,0,0.03377806
1.0,1,0.885576
0.0,0,0.29446754
0.0,0,0.016948335
0.0,1,0.88683504
0.0,0,0.15685421
0.0,0,0.008057999
1.0,1,0.83706146
1.0,1,0.9630419
0.0,0,0.019097881
1.0,1,0.98162526
1.0,1,0.9125201
0.0,0,0.13901691
1.0,0,0.6182723
1.0,1,0.98260856
0.0,0,0.018729044
1.0,1,0.9742057
0.0,0,0.00801875
0.0,0,0.016898498
1.0,1,0.7344761
1.0,1,0.9731356
1.0,1,0.9746359
0.0,0,0.26374602
1.0,0,0.35236108
1.0,1,0.98152614
1.0,1,0.9843651
1.0,1,0.9823581
1.0,1,0.92209053
1.0,1,0.89559835
0.0,0,0.12332062
0.0,0,0.017047402
1.0,1,0.9253333
1.0,1,0.857677
1.0,1,0.6876531
1.0,1,0.9585696
0.0,0,0.028829232
1.0,1,0.9739622
1.0,0,0.47631145
0.0,0,0.0016425123
0.0,0,0.017339194
0.0,0,0.5834931
0.0,1,0.67588097
1.0,1,0.964564
0.0,0,0.5115572
0.0,0,0.014547675
0.0,0,0.00094728323
1.0,1,0.967805
1.0,1,0.93333554
1.0,1,0.8621866
0.0,0,0.008039992
1.0,1,0.6635302
0.0,1,0.77056456
1.0,0,0.25908896
0.0,1,0.83366406
1.0,0,0.46837273
0.0,0,0.4227512
1.0,1,0.97726315
0.0,0,0.15042886
0.0,0,0.008245072
1.0,0,0.23935576
1.0,1,0.921104
1.0,1,0.97170544
1.0,1,0.81054205
0.0,0,0.0016759885
1.0,1,0.971968
1.0,1,0.8732799
1.0,1,0.89309835
0.0,0,0.38115034
0.0,0,0.019682946
0.0,0,0.009440547
1.0,1,0.9651891
0.0,0,0.27415824
1.0,1,0.8514348
0.0,0,0.0072520627
0.0,0,0.013557269
1.0,1,0.98312235
0.0,0,0.0647507
0.0,0,0.4893992
1.0,1,0.954657
1.0,1,0.9534211
0.0,0,0.034827955
1.0,1,0.9784837
0.0,1,0.9443052
0.0,1,0.8232736
0.0,0,0.0014814792
1.0,1,0.7614419
0.0,0,0.006116091
0.0,0,0.015326548
1.0,1,0.9028985
0.0,1,0.78071773
1.0,1,0.7141757
1.0,1,0.94881713
1.0,1,0.70641524
1.0,1,0.88950974
0.0,0,0.21638176
1.0,1,0.96262276
0.0,0,0.3772376
0.0,0,0.09678208
1.0,1,0.82625806
0.0,0,0.0049143312
1.0,1,0.9550097
1.0,1,0.966746
0.0,0,0.53619415
0.0,0,0.24775931
1.0,0,0.33276862
1.0,0,0.60757685
1.0,1,0.9376245
0.0,1,0.9253228
0.0,0,0.12580007
0.0,0,0.0016369846
0.0,0,0.0029313082
0.0,0,0.054311987
1.0,1,0.79381126
1.0,1,0.8938025
1.0,1,0.93583536
0.0,0,0.00860191
1.0,1,0.92349154
0.0,0,0.31765702
1.0,1,0.6981344
0.0,0,0.20895647
1.0,1,0.86194277
0.0,1,0.8940234
1.0,1,0.7945919
1.0,1,0.9742851
1.0,1,0.97782546
1.0,1,0.7357688
1.0,1,0.6987418
1.0,1,0.93118817
1.0,1,0.9525203
0.0,0,0.12896785
0.0,0,0.014048685
0.0,0,0.46418938
0.0,0,0.06716339
0.0,0,0.33254203
1.0,1,0.9770615
0.0,0,0.08635681
1.0,1,0.982797
0.0,0,0.27116218
0.0,0,0.07604201
0.0,1,0.7054533
1.0,0,0.55369353
1.0,1,0.9845198
0.0,0,0.14078426
0.0,0,0.10187058
0.0,0,0.54673904
0.0,0,0.0037137046
1.0,1,0.95647043
0.0,0,0.022208383
0.0,0,0.012606196
0.0,0,0.035337478
1.0,1,0.94931406
0.0,0,0.020011159
0.0,0,0.042854518
0.0,0,0.0060943435
1.0,1,0.7648522
1.0,1,0.8039036
0.0,0,0.008542904
0.0,0,0.0017275366
1.0,1,0.8910874
0.0,0,0.035883795
0.0,0,0.051918715
1.0,1,0.8112213
0.0,0,0.15599321
0.0,0,0.022528855
0.0,0,0.003053986
1.0,1,0.9720659
1.0,1,0.76549685
1.0,1,0.84063673
1.0,1,0.85838664
1.0,1,0.84096766
0.0,0,0.38674745
0.0,0,0.013053233
0.0,0,0.096865125
1.0,1,0.91745013
1.0,1,0.9831912
1.0,1,0.94428176
1.0,1,0.9450755
0.0,0,0.014045172
0.0,0,0.019359393
1.0,1,0.66514474
0.0,0,0.19861619
0.0,0,0.56896454
1.0,1,0.8916318
1.0,1,0.9811364
0.0,0,0.20672466
0.0,0,0.24975078
0.0,1,0.92597735
0.0,0,0.21728541
0.0,0,0.41972306
0.0,0,0.07183358
1.0,1,0.7225733
0.0,0,0.035942726
1.0,1,0.85733205
0.0,0,0.17209937
1.0,1,0.98375404
1.0,1,0.9844781
0.0,0,0.3442631
1.0,0,0.64723593
0.0,0,0.19643325
0.0,0,0.017456887
0.0,0,0.51700765
1.0,1,0.8744688
0.0,0,0.0074343695
0.0,0,0.23209848
0.0,0,0.073926575
0.0,0,0.009881466
0.0,0,0.0019502094
0.0,0,0.015215927
0.0,0,0.08160809
0.0,1,0.9512704
0.0,0,0.15470803
0.0,0,0.21408717
0.0,0,0.4708145
0.0,0,0.35149848
1.0,1,0.9386357
1.0,1,0.95099664
0.0,0,0.08420755
1.0,1,0.98253554
1.0,0,0.6411253
0.0,0,0.019257255
0.0,0,0.028851315
0.0,1,0.83895177
0.0,0,0.18868122
1.0,1,0.96562666
0.0,0,0.4882355
0.0,0,0.38319352
0.0,0,0.32459494
1.0,1,0.98422295
1.0,0,0.5792984
0.0,0,0.28530008
0.0,0,0.6289331
1.0,1,0.71794254
1.0,1,0.8736686
1.0,1,0.96316874
1.0,1,0.97480315
0.0,0,0.00066201197
1.0,1,0.97326285
0.0,0,0.52328634
0.0,0,0.00853906
0.0,0,0.44891605
1.0,1,0.94325835
0.0,0,0.23451231
0.0,0,0.009523979
1.0,1,0.7461542
0.0,0,0.007178798
1.0,1,0.95550543
0.0,0,0.035822272
1.0,1,0.8726669
0.0,0,0.008566288
0.0,0,0.020933002
1.0,1,0.76001
1.0,1,0.95412195
1.0,1,0.81340486
1.0,1,0.81398773
1.0,1,0.9175749
1.0,0,0.12050177
0.0,0,0.011486251
0.0,0,0.50315285
0.0,0,0.047235835
1.0,1,0.6938726
1.0,1,0.9227617
0.0,0,0.01721622
0.0,0,0.0018277168
1.0,1,0.98203677
1.0,0,0.62607336
1.0,1,0.96228236
1.0,1,0.9686726
1.0,1,0.80795074
1.0,1,0.75129473
1.0,1,0.8807674
1.0,1,0.8427032
0.0,0,0.00637415
0.0,0,0.06354364
0.0,0,0.27736595
0.0,0,0.07501805
1.0,1,0.95062137
0.0,0,0.050856877
1.0,1,0.8840895
1.0,1,0.89316165
0.0,0,0.0021771828
0.0,0,0.12421203
0.0,1,0.74131703
1.0,1,0.98280144
1.0,1,0.88790363
1.0,0,0.22030303
1.0,1,0.74090815
0.0,0,0.010524369
0.0,0,0.10172439
0.0,0,0.28427944
0.0,0,0.017093038
1.0,1,0.9404263
1.0,1,0.8232395
1.0,0,0.5123696
1.0,1,0.92104185
1.0,1,0.97434413
0.0,0,0.0146609815
0.0,0,0.006685414
0.0,0,0.0029044833
1.0,1,0.98329264
0.0,0,0.24583285
0.0,0,0.6473483
1.0,1,0.98555386
1.0,1,0.97566974
0.0,0,0.10431941
0.0,0,0.37437105
1.0,1,0.7813281
1.0,1,0.9381837
1.0,1,0.935884
1.0,1,0.85408723
1.0,1,0.9111049
0.0,0,0.024446517
1.0,1,0.66961974
1.0,1,0.73479944
0.0,0,0.43346447
0.0,0,0.13114521
0.0,0,0.015147408
0.0,1,0.80927926
0.0,0,0.0018132344
1.0,1,0.9302176
0.0,0,0.0153678
1.0,1,0.9439889
1.0,1,0.96510583
1.0,1,0.8318034
0.0,0,0.007039952
0.0,0,0.5594429
1.0,1,0.8628602
1.0,1,0.7923446
1.0,1,0.9524512
0.0,0,0.42835018
1.0,1,0.9706542
0.0,0,0.0024685396
0.0,1,0.7275741
1.0,1,0.979772
0.0,1,0.8356719
0.0,0,0.57011104
0.0,0,0.63935167
1.0,0,0.6576755
0.0,0,0.016417062
0.0,0,0.03176649
1.0,1,0.96808064
1.0,1,0.9711973
0.0,0,0.40276897
1.0,1,0.7661624
0.0,0,0.0047049075
1.0,1,0.8642485
0.0,0,0.0106651625
1.0,1,0.9620294
0.0,0,0.0051026964
1.0,1,0.9722292
0.0,1,0.66547596
1.0,1,0.67889416
0.0,0,0.314925
1.0,1,0.95533127
0.0,0,0.4294348
1.0,1,0.9809748
0.0,1,0.7406156
1.0,1,0.9616257
0.0,0,0.007982798
1.0,1,0.9874341
0.0,0,0.27632254
0.0,1,0.8364608
1.0,1,0.74979746
1.0,1,0.9372025
1.0,1,0.98255175
0.0,0,0.0014440469
0.0,0,0.5384787
1.0,1,0.7160695
1.0,0,0.20728399
0.0,0,0.028565612
0.0,0,0.11849542
0.0,0,0.09311565
1.0,1,0.98588955
0.0,0,0.02606935
0.0,1,0.89808464
1.0,1,0.9402215
0.0,0,0.11973911
0.0,0,0.007634479
0.0,0,0.022751896
1.0,1,0.77144474
0.0,0,0.016846817
1.0,1,0.92918575
0.0,0,0.21061036
0.0,0,0.08976394
0.0,0,0.0022091547
0.0,0,0.018519737
1.0,1,0.9522541
0.0,0,0.27394935
1.0,1,0.74612164
0.0,0,0.029325856
0.0,0,0.5981122
1.0,1,0.9759194
1.0,1,0.95407265
0.0,0,0.6292461
0.0,0,0.024274278
0.0,0,0.21327467
1.0,1,0.97925574
1.0,1,0.95122874
0.0,0,0.009778223
0.0,0,0.13148838
1.0,1,0.8822814
1.0,1,0.9629569
1.0,1,0.98252946
1.0,1,0.92752814
0.0,0,0.112337336
1.0,1,0.89592826
0.0,1,0.76286733
1.0,1,0.9719027
0.0,0,0.013739794
0.0,0,0.003265513
0.0,0,0.3293147
1.0,1,0.95758283
0.0,0,0.1300582
1.0,1,0.94218224
1.0,0,0.54259765
0.0,1,0.81616867
0.0,0,0.45143503
1.0,1,0.8396431
1.0,1,0.93750477
0.0,0,0.005524539
0.0,0,0.036262725
0.0,0,0.04550355
1.0,1,0.9797317
1.0,0,0.46098864
0.0,0,0.2618013
1.0,1,0.94969076
1.0,1,0.98074734
1.0,1,0.9707121
0.0,0,0.030752955
1.0,1,0.85310346
0.0,0,0.14809737
0.0,0,0.514465
1.0,1,0.8078765
0.0,0,0.5943723
1.0,1,0.9000682
0.0,0,0.034378942
1.0,0,0.33936372
1.0,1,0.7518659
1.0,1,0.97539365
1.0,1,0.965921
0.0,1,0.82133234
1.0,1,0.9224371
0.0,0,0.22043051
1.0,1,0.986033
0.0,0,0.42440137
0.0,0,0.008849927
1.0,1,0.97976017
0.0,0,0.0013515616
1.0,1,0.8454646
0.0,0,0.3127808
1.0,1,0.87959707
0.0,0,0.006995304
1.0,1,0.9834355
0.0,0,0.37841898
0.0,0,0.0036849966
1.0,1,0.94836324
1.0,1,0.9822427
1.0,1,0.9297339
1.0,1,0.9662708
1.0,1,0.98211193
1.0,1,0.9842789
0.0,1,0.7629049
1.0,1,0.77828467
1.0,1,0.8211474
1.0,1,0.93455344
0.0,0,0.50190747
1.0,1,0.9817133
0.0,0,0.008013786
0.0,1,0.7166097
0.0,0,0.008298172
1.0,1,0.9569852
0.0,0,0.20547462
0.0,0,0.019003436
1.0,1,0.9865634
1.0,1,0.9424208
0.0,0,0.4678106
0.0,0,0.5422113
0.0,0,0.42452717
0.0,0,0.0038372087
1.0,1,0.97774607
0.0,0,0.009122054
1.0,1,0.7272593
0.0,0,0.16719943
0.0,0,0.52611625
0.0,0,0.14920877
1.0,1,0.9560361
1.0,1,0.94855946
0.0,0,0.07645019
1.0,0,0.4420981
0.0,1,0.8597827
0.0,0,0.014280162
1.0,1,0.8310111
1.0,1,0.95862323
1.0,1,0.6882171
1.0,1,0.9124426
0.0,0,0.014947008
0.0,0,0.17110676
0.0,1,0.85489035
1.0,1,0.9699184
0.0,0,0.03420229
0.0,0,0.29175732
0.0,0,0.06656062
0.0,0,0.20927884
0.0,0,0.09080924
1.0,1,0.9859771
1.0,1,0.8570287
1.0,1,0.95480794
1.0,1,0.6999731
1.0,1,0.7965376
1.0,1,0.97974735
1.0,1,0.9773824
0.0,0,0.0089689465
1.0,0,0.6133274
1.0,1,0.9803813
1.0,1,0.9826564
0.0,0,0.006788758
1.0,1,0.8746679
1.0,1,0.9351336
0.0,0,0.033280652
0.0,0,0.0018717662
1.0,0,0.60415965
1.0,1,0.72329944
1.0,1,0.96981245
0.0,0,0.022271624
1.0,1,0.98204535
0.0,0,0.043142926
1.0,1,0.92122424
0.0,0,0.04387279
0.0,0,0.00528564
1.0,1,0.97750425
0.0,0,0.5859424
0.0,0,0.283623
1.0,1,0.91513264
1.0,1,0.9627153
0.0,0,0.07268998
1.0,1,0.9255464
1.0,1,0.7216638
0.0,0,0.08368287
1.0,1,0.91193956
0.0,0,0.05004867
0.0,0,0.04778511
1.0,1,0.85954934
1.0,1,0.98412985
0.0,0,0.14821781
1.0,1,0.9450872
1.0,1,0.98190904
1.0,1,0.9451503
0.0,0,0.119941406
0.0,0,0.06851676
1.0,0,0.5835172
1.0,1,0.769187
1.0,0,0.117062345
0.0,0,0.0061301966
1.0,1,0.77106893
0.0,1,0.83537924
1.0,1,0.9737259
0.0,0,0.007631603
0.0,1,0.80515265
0.0,0,0.25692818
0.0,0,0.032329276
0.0,0,0.028548488
0.0,0,0.5009173
0.0,0,0.055748597
1.0,1,0.9642799
0.0,0,0.51681226
0.0,0,0.043689948
1.0,0,0.4372141
0.0,0,0.15220703
0.0,0,0.0014065579
0.0,0,0.081174545
1.0,1,0.8980131
1.0,1,0.94133455
1.0,1,0.9808645
1.0,1,0.9046904
0.0,0,0.0034911279
1.0,1,0.9066005
0.0,0,0.0389543
1.0,1,0.87385166
0.0,0,0.028573332
0.0,0,0.0048321197
1.0,1,0.806604
1.0,0,0.57604986
1.0,1,0.8888534
0.0,0,0.021619486
0.0,0,0.627406
0.0,0,0.031670477
1.0,1,0.9815352
0.0,0,0.6016717
1.0,0,0.42716601
1.0,1,0.9711021
1.0,1,0.95132315
1.0,1,0.85880256
0.0,0,0.24724603
0.0,1,0.8075469
1.0,1,0.963123
1.0,1,0.97060823
0.0,0,0.018083397
1.0,1,0.9344537
0.0,0,0.18274775
0.0,0,0.042319458
0.0,0,0.0012551439
0.0,0,0.27837482
0.0,0,0.101155125
1.0,1,0.9425927
1.0,1,0.98369503
1.0,1,0.8835395
0.0,0,0.0081654
1.0,1,0.8036793
0.0,0,0.010922461
1.0,1,0.97271985
0.0,0,0.0047781663
0.0,0,0.0056217187
1.0,1,0.8965937
1.0,1,0.81120515
0.0,0,0.0152774835
0.0,0,0.061083674
0.0,0,0.00081498147
0.0,0,0.03083201
0.0,0,0.030632239
0.0,0,0.0026005362
0.0,0,0.063524574
0.0,0,0.28396198
1.0,1,0.88707364
1.0,1,0.984987
0.0,0,0.30269638
0.0,1,0.9332546
1.0,1,0.9541656
1.0,1,0.95978016
0.0,0,0.053526204
1.0,1,0.95264816
0.0,1,0.7906029
0.0,0,0.26005182
1.0,1,0.9107806
1.0,1,0.8728685
1.0,1,0.97350794
1.0,1,0.9748087
1.0,1,0.768889
1.0,1,0.9359963
0.0,0,0.1828036
1.0,1,0.9380181
0.0,0,0.0061604525
0.0,0,0.017440906
0.0,0,0.394488
0.0,0,0.016380968
1.0,1,0.98614186
1.0,1,0.94201416
0.0,0,0.17090769
1.0,1,0.95137143
1.0,1,0.9708362
1.0,1,0.9401399
0.0,0,0.40849337
1.0,0,0.5915749
1.0,1,0.8269081
1.0,1,0.8235598
0.0,1,0.81221217
1.0,1,0.9459661
0.0,1,0.7871895
1.0,1,0.88304484
1.0,0,0.60110676
1.0,1,0.9807267
1.0,1,0.8152298
0.0,0,0.17112458
0.0,0,0.008418946
0.0,0,0.15154216
1.0,1,0.94838345
1.0,1,0.9809142
1.0,0,0.36118543
1.0,1,0.907972
0.0,0,0.02592474
1.0,1,0.8149673
0.0,1,0.8667876
0.0,0,0.22936496
1.0,1,0.9776819
0.0,0,0.01599218
1.0,1,0.9323557
1.0,1,0.8960419
1.0,1,0.9308694
0.0,0,0.25454488
1.0,1,0.6646029
1.0,1,0.8828428
0.0,0,0.22485365
0.0,0,0.00663285
0.0,0,0.0075258273
1.0,1,0.80045426
0.0,0,0.07709734
1.0,1,0.98708844
1.0,1,0.9747112
0.0,0,0.021455813
1.0,0,0.57799625
0.0,1,0.7579622
0.0,0,0.005701827
0.0,0,0.13145776
0.0,0,0.009208647
1.0,1,0.7786575
1.0,1,0.69053817
1.0,1,0.723206
1.0,1,0.9772467
0.0,0,0.42684123
0.0,0,0.5784625
0.0,0,0.00820344
1.0,1,0.98375124
1.0,1,0.9687732
0.0,0,0.45254588
1.0,1,0.7884733
0.0,0,0.2621004
1.0,1,0.98498577
1.0,1,0.7533702
1.0,1,0.8518513
1.0,1,0.92476326
0.0,0,0.13313597
1.0,1,0.8196585
0.0,0,0.26534992
1.0,1,0.76623374
0.0,0,0.0036250267
1.0,1,0.972238
1.0,1,0.9629075
1.0,1,0.96712476
0.0,0,0.005894458
1.0,1,0.78738743
0.0,0,0.017934343
0.0,0,0.102426596
1.0,1,0.97975886
1.0,1,0.75012374
1.0,1,0.68279445
0.0,0,0.001760008
1.0,1,0.8565726
0.0,0,0.073591076
0.0,0,0.33762333
1.0,1,0.9423673
1.0,1,0.98422253
0.0,0,0.015561308
1.0,1,0.8935849
0.0,0,0.012685966
0.0,1,0.70162344
0.0,0,0.62609375
1.0,1,0.88083047
1.0,1,0.9641975
0.0,0,0.025274133
1.0,1,0.94348925
1.0,1,0.6767225
1.0,1,0.8829104
0.0,0,0.14276315
1.0,1,0.97667056
1.0,1,0.9621013
1.0,1,0.9553799
0.0,0,0.0056329994
0.0,0,0.0015664577
1.0,0,0.54894584
0.0,0,0.012375033
1.0,1,0.76194566
0.0,0,0.01621837
1.0,1,0.98091567
0.0,0,0.0028637145
0.0,0,0.44510347
0.0,0,0.6577753
0.0,1,0.7551721
1.0,1,0.7484879
1.0,1,0.9429118
1.0,1,0.98379946
0.0,0,0.6258364
0.0,0,0.5550432
0.0,0,0.0045078294
0.0,1,0.8519547
1.0,1,0.68479943
1.0,1,0.8626663
0.0,0,0.010995178
1.0,1,0.8864569
1.0,1,0.6966423
1.0,1,0.8981559
0.0,0,0.06866771
0.0,0,0.013731537
0.0,0,0.0036600619
1.0,1,0.78428245
0.0,0,0.025232732
0.0,0,0.12166035
0.0,0,0.13581762
1.0,1,0.9174213
0.0,0,0.032260787
0.0,0,0.027425604
0.0,0,0.20890673
0.0,0,0.0025112305
1.0,0,0.6268033
0.0,0,0.542691
1.0,1,0.9310689
1.0,1,0.9338049
1.0,1,0.9859838
0.0,1,0.7761521
1.0,1,0.67531526
1.0,1,0.9453511
1.0,1,0.95956445
0.0,0,0.36797306
0.0,0,0.018351907
1.0,1,0.9772595
0.0,0,0.0218414
1.0,1,0.96055186
0.0,0,0.03551185
0.0,0,0.1460571
1.0,1,0.9705562
1.0,1,0.92182136
0.0,0,0.01780246
0.0,0,0.14431429
1.0,1,0.98368543
1.0,0,0.64893186
0.0,0,0.015041302
1.0,1,0.9752781
1.0,1,0.9718283
1.0,1,0.9498421
0.0,0,0.44212875
0.0,0,0.55605316
1.0,1,0.95083666
1.0,1,0.9129349
0.0,0,0.13065086
0.0,0,0.08230905
0.0,0,0.0011567863
1.0,0,0.5970832
0.0,0,0.23706451
0.0,0,0.02482795
1.0,1,0.8996536
1.0,1,0.87620986
1.0,1,0.9291959
1.0,1,0.91717863
0.0,0,0.016050844
1.0,1,0.9574559
1.0,1,0.9580336
1.0,1,0.8263874
1.0,1,0.8094411
1.0,1,0.7611856
1.0,1,0.9628181
0.0,0,0.00554777
1.0,0,0.3264014
1.0,1,0.83457416
0.0,0,0.004547836
1.0,1,0.97839504
0.0,0,0.10194992
1.0,1,0.9567496
0.0,0,0.18573289
1.0,1,0.9482292
1.0,1,0.81177557
0.0,0,0.033401176
0.0,0,0.31068853
0.0,0,0.0075429347
1.0,0,0.40286073
0.0,0,0.006462038
0.0,0,0.17143987
0.0,0,0.51343673
0.0,0,0.21695954
1.0,1,0.98639035
1.0,1,0.77582943
1.0,0,0.6511547
1.0,1,0.8626829
1.0,1,0.9801856
1.0,1,0.9621844
0.0,0,0.0044371407
0.0,0,0.52499497
0.0,0,0.38038048
0.0,0,0.3060884
0.0,0,0.57293475
0.0,0,0.03408603
1.0,1,0.8068423
0.0,0,0.21319264
1.0,1,0.69693923
0.0,0,0.19558871
0.0,0,0.004109943
0.0,0,0.22202659
1.0,1,0.97843724
1.0,1,0.8929603
1.0,1,0.9694112
1.0,1,0.9568928
0.0,0,0.005307859
1.0,1,0.91550875
1.0,1,0.9742025
0.0,0,0.018760223
0.0,1,0.81321234
1.0,1,0.9762071
1.0,1,0.9426493
0.0,0,0.30554187
1.0,1,0.9611712
0.0,0,0.44479704
1.0,1,0.97679174
1.0,1,0.98308796
1.0,1,0.97734433
1.0,1,0.89343834
1.0,1,0.9418148
0.0,0,0.33225283
0.0,1,0.95249116
0.0,0,0.56203187
1.0,1,0.8498594
1.0,1,0.9809089
0.0,0,0.12286776
0.0,0,0.14536947
0.0,0,0.078583345
1.0,1,0.97135043
1.0,1,0.8698324
0.0,0,0.019681456
0.0,0,0.028778361
1.0,1,0.96633035
1.0,1,0.9496043
0.0,0,0.11823836
1.0,0,0.596465
1.0,1,0.76577383
0.0,0,0.043421622
1.0,0,0.33354592
0.0,0,0.022215035
1.0,1,0.9753809
1.0,1,0.74618876
1.0,1,0.9782077
0.0,0,0.20384187
1.0,0,0.2644366
1.0,1,0.9596783
0.0,0,0.17132732
1.0,1,0.9444258
1.0,1,0.98356074
1.0,1,0.9510031
0.0,0,0.35410157
0.0,0,0.007217225
0.0,0,0.0021969164
1.0,1,0.8805088
1.0,1,0.7483859
1.0,1,0.8804273
0.0,0,0.06386332
0.0,0,0.020869542
0.0,0,0.0099470215
1.0,1,0.9239587
1.0,0,0.36278486
1.0,1,0.8262733
0.0,0,0.01722504
0.0,0,0.0057659517
1.0,1,0.97603786
1.0,1,0.9481875
1.0,1,0.96270144
1.0,1,0.68141615
0.0,0,0.001161604
1.0,1,0.969174
1.0,1,0.81574893
0.0,0,0.045790486
1.0,1,0.97167355
0.0,0,0.18071948
0.0,0,0.0025025539
1.0,1,0.97520655
0.0,0,0.039453723
1.0,1,0.868272
1.0,1,0.6748097
1.0,1,0.71887696
1.0,1,0.88801503
1.0,1,0.93167835
0.0,0,0.0016557862
0.0,0,0.0058429874
1.0,1,0.97185546
0.0,0,0.13434152
0.0,0,0.011198864
0.0,0,0.01926219
0.0,0,0.004511118
1.0,1,0.8956682
1.0,1,0.933395
0.0,0,0.0060020825
1.0,1,0.79191744
1.0,1,0.7924062
0.0,0,0.03177285
0.0,0,0.020970106
0.0,0,0.010777764
0.0,0,0.029040065
0.0,0,0.22980861
0.0,0,0.23738672
0.0,1,0.82170457
0.0,0,0.47526127
1.0,0,0.60815895
1.0,1,0.9832537
1.0,1,0.8988539
1.0,0,0.5116304
0.0,0,0.29797372
0.0,0,0.008810762
0.0,0,0.013681039
0.0,0,0.005530431
1.0,1,0.9630899
0.0,0,0.056730714
0.0,0,0.43885332
0.0,0,0.026126035
0.0,0,0.42312244
1.0,1,0.87472826
0.0,0,0.014954241
1.0,0,0.62389934
1.0,1,0.9209422
0.0,0,0.003741469
1.0,1,0.90446985
0.0,0,0.017191341
0.0,0,0.36560622
0.0,0,0.008700582
0.0,0,0.013201702
1.0,1,0.96217626
1.0,1,0.937945
0.0,0,0.0033821252
0.0,1,0.8827957
0.0,0,0.509792
0.0,0,0.0023901078
0.0,0,0.35198808
1.0,1,0.81710607
1.0,1,0.9781441
0.0,0,0.0012178186
1.0,1,0.9469715
0.0,1,0.6705066
1.0,1,0.72436965
1.0,1,0.9778594
1.0,1,0.7855172
0.0,0,0.12116436
0.0,0,0.10252109
1.0,1,0.7671248
0.0,0,0.007968539
0.0,0,0.007946429
1.0,1,0.7959948
1.0,1,0.90313953
1.0,1,0.9501432
0.0,0,0.12907712
0.0,0,0.21600674
0.0,0,0.12292907
0.0,0,0.014410623
1.0,1,0.74580383
0.0,0,0.039083578
1.0,1,0.8121964
1.0,1,0.9265902
1.0,1,0.9868883
1.0,1,0.8581073
1.0,1,0.87293255
0.0,0,0.014464122
1.0,1,0.97515404
0.0,0,0.012064841
1.0,1,0.77899706
0.0,0,0.015476029
0.0,0,0.40599898
0.0,0,0.0029446883
0.0,0,0.054571196
1.0,1,0.9783934
1.0,1,0.84534293
1.0,1,0.94991374
0.0,0,0.082593985
1.0,1,0.94396895
1.0,1,0.9772442
1.0,1,0.76172316
1.0,0,0.5239786
0.0,0,0.49724558
0.0,0,0.43074587
0.0,0,0.017875044
0.0,0,0.0024049594
1.0,1,0.8904771
0.0,0,0.008494093
0.0,0,0.018468114
0.0,0,0.20560256
0.0,0,0.26345316
1.0,1,0.98545635
0.0,0,0.18279189
1.0,1,0.76270115
0.0,0,0.017034221
1.0,1,0.9237636
0.0,0,0.031092966
0.0,0,0.038889
0.0,0,0.015062099
0.0,0,0.05184626
1.0,1,0.9189724
0.0,0,0.026017288
0.0,0,0.00427444
1.0,1,0.9796308
0.0,0,0.12647182
1.0,1,0.9067117
0.0,0,0.0036671094
0.0,0,0.03910572
0.0,1,0.96590096
0.0,0,0.14638843
1.0,1,0.6942077
1.0,1,0.6966405
1.0,1,0.97020084
0.0,0,0.015682967
1.0,1,0.91097516
0.0,0,0.4653302
0.0,0,0.012998918
1.0,0,0.23940843
0.0,0,0.34844303
1.0,1,0.95521265
1.0,1,0.9844967
1.0,1,0.9140662
1.0,1,0.8376423
0.0,1,0.6905986
0.0,0,0.002220842
1.0,1,0.986148
1.0,1,0.97954506
1.0,1,0.8976974
0.0,0,0.11609195
0.0,0,0.3390586
0.0,0,0.17218967
0.0,0,0.3591256
0.0,0,0.026262373
1.0,1,0.9792864
1.0,1,0.96598524
1.0,1,0.98064333
1.0,1,0.71933174
1.0,1,0.7546663
1.0,1,0.96635103
0.0,0,0.027295401
0.0,0,0.2437528
0.0,0,0.069263704
0.0,0,0.13524164
0.0,0,0.065077655
0.0,0,0.37174284
1.0,0,0.52709204
0.0,0,0.17171945
0.0,0,0.007429487
1.0,1,0.942881
0.0,0,0.31641778
0.0,0,0.0016646261
1.0,1,0.9478907
0.0,0,0.007242967
0.0,0,0.020729719
0.0,0,0.018660592
1.0,1,0.970788
1.0,1,0.96865773
1.0,1,0.9599932
1.0,1,0.89667106
1.0,1,0.9819238
1.0,1,0.7814536
1.0,1,0.9826637
0.0,0,0.17233235
0.0,0,0.11329005
0.0,0,0.06743277
1.0,1,0.96809494
1.0,1,0.92621094
0.0,0,0.3966706
0.0,0,0.26031032
0.0,0,0.1580782
0.0,0,0.004740104
0.0,0,0.3436806
0.0,1,0.8365824
0.0,0,0.052656077
0.0,0,0.016683841
1.0,1,0.9772279
0.0,0,0.07753086
0.0,0,0.018703079
0.0,0,0.027407555
0.0,0,0.009526589
1.0,1,0.9223311
0.0,0,0.3878448
0.0,0,0.38932687
0.0,0,0.018736897
1.0,1,0.7619296
0.0,0,0.040409204
1.0,1,0.9828044
1.0,1,0.9808607
0.0,0,0.089554675
1.0,1,0.9825126
0.0,0,0.005243675
0.0,0,0.08632562
1.0,1,0.97191346
0.0,0,0.09176056
0.0,0,0.0015246478
0.0,0,0.02836935
1.0,1,0.9644777
1.0,1,0.9610158
1.0,0,0.16027936
0.0,0,0.12881307
1.0,1,0.7854294
0.0,0,0.05439469
1.0,1,0.9842604
1.0,1,0.97223926
0.0,0,0.10356784
0.0,0,0.2999444
0.0,0,0.26721612
1.0,1,0.87929696
1.0,1,0.9155646
0.0,0,0.12133803
1.0,1,0.9832008
0.0,1,0.9141788
1.0,1,0.83003724
0.0,0,0.0026996853
1.0,1,0.98438084
1.0,1,0.9830327
0.0,0,0.5485387
0.0,0,0.62067556
1.0,0,0.49300113
1.0,1,0.97528386
0.0,0,0.0297975
0.0,0,0.07774796
1.0,1,0.9691323
1.0,1,0.9324968
0.0,0,0.32861573
1.0,1,0.9039175
1.0,1,0.97814626
1.0,1,0.9515317
0.0,0,0.015637401
1.0,1,0.80648685
1.0,1,0.9686337
1.0,1,0.7447498
0.0,0,0.1038534
0.0,0,0.22932291
0.0,0,0.28257078
0.0,0,0.05186525
1.0,1,0.9841373
1.0,1,0.8037135
0.0,0,0.23423907
0.0,0,0.015644316
1.0,1,0.94176495
0.0,1,0.85790706
1.0,1,0.7260603
1.0,1,0.9150261
1.0,1,0.97817266
1.0,1,0.9719507
0.0,0,0.10896528
0.0,0,0.0124191465
0.0,0,0.5492287
0.0,0,0.019462408
0.0,0,0.012625466
1.0,1,0.9341576
1.0,1,0.86629075
0.0,1,0.86320996
1.0,1,0.9325296
0.0,1,0.84540343
1.0,1,0.715837
0.0,0,0.48197258
0.0,0,0.10791735
1.0,1,0.9679584
1.0,1,0.9215551
1.0,0,0.6325791
1.0,1,0.91583467
1.0,1,0.97097933
1.0,1,0.90956855
0.0,1,0.8536311
1.0,1,0.838712
0.0,0,0.18714711
0.0,0,0.074878156
0.0,0,0.37333944
0.0,0,0.60040915
1.0,0,0.037330758
1.0,1,0.9697
1.0,1,0.94421715
1.0,1,0.96068406
1.0,1,0.9686661
0.0,1,0.9488611
0.0,0,0.036014628
0.0,0,0.013086984
0.0,0,0.043413382
0.0,0,0.1896234
0.0,0,0.00032020366
1.0,1,0.9829796
0.0,1,0.8703203
1.0,1,0.8345983
1.0,1,0.97067267
1.0,1,0.9219432
1.0,1,0.95918494
1.0,1,0.9420706
1.0,1,0.9055275
0.0,0,0.5412396
1.0,1,0.88641363
1.0,1,0.7647245
0.0,0,0.007528057
1.0,0,0.59801567
0.0,0,0.0033965476
0.0,0,0.10004537
0.0,0,0.07991706
0.0,0,0.030879036
1.0,1,0.9837975
0.0,1,0.6768439
0.0,0,0.38811862
0.0,0,0.01714474
1.0,1,0.6861605
0.0,0,0.24787389
0.0,0,0.004085242
0.0,0,0.17358184
0.0,0,0.017757043
1.0,0,0.606918
0.0,0,0.0038133492
1.0,1,0.96726155
0.0,0,0.17519921
1.0,1,0.96235436
1.0,1,0.9842642
1.0,1,0.94739413
0.0,0,0.08302013
0.0,0,0.04211238
1.0,1,0.97012067
1.0,1,0.9813078
0.0,0,0.05727775
1.0,1,0.9602767
1.0,1,0.98075324
0.0,0,0.1932448
1.0,1,0.98549014
1.0,1,0.9383776
1.0,1,0.9539831
1.0,1,0.80924976
1.0,1,0.9190191
1.0,1,0.7997894
0.0,0,0.50587904
1.0,1,0.97211707
0.0,0,0.46088794
0.0,0,0.0024524624
0.0,1,0.8135403
0.0,0,0.31098253
1.0,1,0.98375416
1.0,1,0.96056145
1.0,1,0.8704252
1.0,1,0.96507204
1.0,0,0.6097654
1.0,1,0.97768366
0.0,0,0.023161352
0.0,0,0.46560028
0.0,1,0.80471903
1.0,1,0.74142766
1.0,1,0.885712
1.0,1,0.94644994
0.0,0,0.102493994
0.0,0,0.28530872
0.0,0,0.059354413
1.0,1,0.7333579
0.0,0,0.013404453
0.0,0,0.3398594
1.0,1,0.9711598
0.0,0,0.030869935
0.0,0,0.5536642
0.0,0,0.002884933
1.0,1,0.9505647
0.0,0,0.10283481
0.0,0,0.0138810715
1.0,1,0.9466538
0.0,0,0.649106
1.0,1,0.97476095
1.0,1,0.8136304
0.0,1,0.8518146
0.0,0,0.04176873
0.0,0,0.22034119
1.0,1,0.95212454
0.0,0,0.013612387
1.0,1,0.9868356
0.0,0,0.08745505
1.0,1,0.96113116
1.0,0,0.5906254
1.0,1,0.95051545
0.0,0,0.019498521
0.0,0,0.14013319
0.0,0,0.0100062005
1.0,1,0.97976613
1.0,1,0.6927959
1.0,1,0.9509104
0.0,0,0.01920915
1.0,1,0.8262246
0.0,0,0.13077892
0.0,0,0.009234583
0.0,0,0.4549798
0.0,0,0.10998744
1.0,1,0.9704435
1.0,1,0.7645133
0.0,0,0.50216115
1.0,0,0.20070596
0.0,0,0.02489541
1.0,1,0.79277945
1.0,1,0.96280736
1.0,1,0.98379344
1.0,1,0.8538912
1.0,1,0.92936206
0.0,0,0.072688974
0.0,0,0.020174706
1.0,1,0.9430398
0.0,0,0.18161584
1.0,1,0.98217356
0.0,0,0.036727436
0.0,0,0.02811114
0.0,0,0.3185508
1.0,1,0.9473562
0.0,0,0.008548059
1.0,1,0.9516298
1.0,1,0.96585083
0.0,0,0.016256804
1.0,1,0.8269343
1.0,1,0.87640774
1.0,1,0.9561034
0.0,0,0.017878277
1.0,1,0.92376065
1.0,1,0.9809377
1.0,1,0.82088834
0.0,0,0.4088437
0.0,0,0.007181705
1.0,1,0.93651325
1.0,1,0.9079766
0.0,0,0.04294031
1.0,1,0.89602584
1.0,1,0.9231704
0.0,0,0.0025707886
1.0,1,0.98451084
1.0,1,0.9851124
0.0,0,0.014299969
0.0,0,0.05388996
0.0,0,0.0073924363
1.0,1,0.95875865
0.0,0,0.50454235
0.0,0,0.096132696
0.0,0,0.37401646
0.0,0,0.012845165
0.0,0,0.35827324
0.0,0,0.27929866
0.0,0,0.022533996
1.0,1,0.94979596
0.0,0,0.26299447
0.0,0,0.028178804
1.0,1,0.8916565
1.0,1,0.9175361
1.0,1,0.9859552
0.0,0,0.20516759
0.0,0,0.09612378
0.0,0,0.17125183
0.0,0,0.03482125
1.0,1,0.95495594
1.0,1,0.9033281
1.0,1,0.86137176
0.0,0,0.56555605
1.0,1,0.97517675
1.0,1,0.89731646
1.0,1,0.8118556
0.0,0,0.0015401088
1.0,1,0.93580234
1.0,1,0.7543563
0.0,0,0.46431172
1.0,1,0.9864445
0.0,0,0.11518423
0.0,0,0.08747112
0.0,0,0.15163673
1.0,1,0.95823205
1.0,1,0.67699164
1.0,1,0.6729721
0.0,0,0.37218022
0.0,0,0.15607747
1.0,1,0.97954935
1.0,1,0.8405645
1.0,1,0.9740103
1.0,1,0.9265886
0.0,0,0.003926845
0.0,0,0.081986174
0.0,0,0.0076815933
0.0,1,0.73713136
1.0,1,0.9859174
1.0,1,0.8140014
0.0,0,0.11843915
0.0,0,0.06585624
1.0,1,0.93720365
0.0,1,0.7994003
0.0,0,0.013091671
0.0,0,0.059650872
1.0,1,0.9592635
1.0,1,0.95524895
0.0,0,0.18751413
0.0,0,0.549253
1.0,1,0.88725173
1.0,1,0.9719419
0.0,0,0.0060691806
1.0,1,0.9445494
1.0,1,0.95639914
0.0,0,0.006112132
1.0,1,0.8999608
0.0,0,0.01659198
1.0,1,0.96855676
1.0,0,0.59285146
0.0,0,0.013303615
0.0,0,0.04738373
0.0,0,0.06514258
1.0,1,0.8620009
1.0,1,0.68570983
0.0,0,0.09116039
1.0,0,0.58661115
1.0,1,0.87018704
1.0,1,0.9845539
0.0,0,0.0026893793
0.0,0,0.12214329
0.0,0,0.10303665
0.0,0,0.014044057
1.0,1,0.89380693
0.0,0,0.0054493155
0.0,0,0.10175039
1.0,0,0.5272566
1.0,0,0.5032199
0.0,0,0.02974359
1.0,0,0.5218635
0.0,0,0.004286118
0.0,0,0.0019780952
1.0,1,0.9756239
1.0,1,0.9415639
0.0,0,0.008278768
1.0,1,0.9691508
1.0,1,0.8873588
0.0,0,0.06294206
0.0,0,0.1720932
1.0,1,0.953564
1.0,1,0.8895116
0.0,0,0.08781367
0.0,0,0.5405572
0.0,0,0.50857043
1.0,1,0.73283565
0.0,0,0.103042275
1.0,1,0.9598988
1.0,1,0.8606252
1.0,1,0.9689516
0.0,0,0.013412262
1.0,1,0.9824013
1.0,1,0.9282999
1.0,1,0.77162987
1.0,1,0.98290735
0.0,0,0.1053252
0.0,0,0.0076241824
1.0,0,0.61858225
0.0,0,0.01386951
1.0,1,0.9808757
0.0,0,0.032995924
1.0,1,0.8023144
0.0,0,0.08382045
1.0,1,0.95829415
1.0,1,0.94794494
0.0,0,0.0034608585
1.0,1,0.95808053
0.0,0,0.10177586
0.0,0,0.17955051
1.0,1,0.9470729
1.0,1,0.98520076
0.0,0,0.16659738
1.0,1,0.9341017
0.0,1,0.8817228
1.0,1,0.86516345
0.0,0,0.34778008
1.0,0,0.57297945
0.0,0,0.0147386305
1.0,1,0.9121579
1.0,1,0.84804916
1.0,1,0.90589726
0.0,0,0.008933807
0.0,0,0.025371958
1.0,1,0.9477472
0.0,0,0.0124282725
0.0,0,0.004096171
0.0,0,0.029709082
1.0,1,0.8803704
0.0,0,0.010832092
1.0,1,0.97660273
0.0,0,0.0029902193
1.0,1,0.95328784
1.0,1,0.9758505
1.0,1,0.93463117
1.0,1,0.914528
0.0,0,0.02106348
0.0,0,0.104894884
1.0,1,0.7751675
0.0,0,0.09882569
1.0,0,0.55813116
0.0,0,0.35513622
0.0,0,0.087890334
0.0,0,0.00093775947
0.0,0,0.08115271
1.0,1,0.8142128
1.0,1,0.97024333
0.0,0,0.1991394
1.0,1,0.93474174
1.0,1,0.96956456
0.0,0,0.12971073
1.0,1,0.9581571
1.0,1,0.96485853
0.0,0,0.0126804495
1.0,1,0.96666294
1.0,1,0.96730465
1.0,1,0.94397753
1.0,1,0.9371231
1.0,1,0.9833972
1.0,1,0.8245615
0.0,0,0.0089539895
1.0,0,0.45767245
1.0,1,0.8195896
0.0,1,0.77536297
0.0,0,0.1903293
0.0,0,0.4289092
1.0,1,0.77249134
0.0,0,0.07178075
0.0,0,0.15614371
0.0,0,0.35940665
0.0,0,0.11005425
1.0,1,0.95207494
1.0,0,0.5656345
1.0,1,0.9837992
1.0,1,0.7172768
1.0,1,0.73410976
0.0,0,0.047884785
0.0,0,0.022991506
0.0,0,0.06230536
0.0,0,0.09928205
0.0,0,0.00087514066
1.0,1,0.66574496
0.0,0,0.41581887
0.0,0,0.017262084
1.0,1,0.86412454
1.0,1,0.8944681
1.0,1,0.9563856
0.0,0,0.007977274
1.0,1,0.6807507
0.0,0,0.057416823
0.0,0,0.00072276965
1.0,1,0.66631585
1.0,0,0.015080156
1.0,1,0.9581109
1.0,1,0.964901
1.0,1,0.9761256
1.0,1,0.98630416
1.0,1,0.9638948
0.0,0,0.002800047
0.0,0,0.14062992
0.0,0,0.4828596
0.0,0,0.0030983184
0.0,0,0.015656175
0.0,0,0.009166407
1.0,1,0.92915076
1.0,0,0.36824816
1.0,0,0.07056072
0.0,0,0.019135622
0.0,1,0.8471923
1.0,1,0.79499996
0.0,1,0.71198773
1.0,1,0.98599076
1.0,1,0.9722692
0.0,1,0.7333181
1.0,1,0.75223863
1.0,1,0.9476854
1.0,1,0.9491254
0.0,0,0.08637
1.0,1,0.91388094
1.0,1,0.8975433
1.0,1,0.9227676
0.0,1,0.90899277
1.0,1,0.89371794
0.0,0,0.03259702
1.0,1,0.9392896
0.0,1,0.6785805
0.0,0,0.2733363
1.0,1,0.6980113
0.0,0,0.15295471
0.0,0,0.039255094
0.0,0,0.09014599
0.0,0,0.4235356
0.0,0,0.09156454
0.0,1,0.707327
1.0,1,0.8386444
0.0,0,0.15288404
1.0,1,0.9723874
1.0,1,0.9814409
0.0,1,0.8097652
1.0,1,0.8969227
0.0,0,0.077290975
0.0,0,0.118914805
0.0,0,0.35258123
1.0,1,0.9261744
1.0,1,0.9079529
0.0,0,0.06403903
0.0,0,0.24640469
0.0,0,0.13866632
0.0,0,0.005707201
1.0,1,0.9840548
1.0,1,0.8842379
0.0,1,0.81935614
1.0,1,0.9226018
1.0,1,0.97487557
1.0,0,0.5183033
0.0,0,0.41290942
1.0,0,0.54041594
0.0,0,0.22953711
1.0,1,0.76383007
0.0,1,0.8094903
0.0,0,0.022686806
0.0,1,0.737185
1.0,1,0.9742795
1.0,1,0.87432396
1.0,1,0.9862705
0.0,0,0.0150297135
0.0,0,0.027929466
1.0,1,0.96841943
0.0,0,0.09885005
1.0,1,0.98651135
1.0,1,0.9160903
1.0,1,0.7222194
1.0,1,0.9571018
1.0,1,0.9555
0.0,0,0.108703606
1.0,1,0.8538223
0.0,0,0.04661853
0.0,0,0.0013927632
0.0,0,0.13305046
0.0,0,0.0067436765
0.0,0,0.23396479
0.0,0,0.014896991
1.0,0,0.56999743
1.0,1,0.7233513
1.0,1,0.98388994
0.0,0,0.20431022
0.0,0,0.00025357743
1.0,1,0.8653853
0.0,0,0.0023242282
1.0,1,0.7611896
1.0,1,0.9052148
1.0,1,0.6748941
1.0,1,0.97504747
0.0,0,0.025674803
1.0,1,0.9618754
1.0,1,0.9735382
0.0,0,0.0059278626
0.0,0,0.026975336
1.0,1,0.83339894
1.0,1,0.9600936
0.0,0,0.011241355
1.0,1,0.9796278
1.0,1,0.9704535
1.0,1,0.7525219
0.0,1,0.8632013
1.0,1,0.9734896
0.0,0,0.0029750396
0.0,0,0.05436891
0.0,0,0.049077127
0.0,0,0.57741755
1.0,1,0.983992
0.0,0,0.072978236
1.0,1,0.856838
1.0,1,0.7399205
1.0,1,0.8381499
1.0,1,0.81927836
0.0,0,0.2856656
1.0,1,0.86367416
0.0,1,0.96367353
1.0,0,0.41829884
1.0,1,0.9704313
0.0,0,0.13856553
1.0,0,0.19939627
1.0,0,0.65997934
0.0,0,0.005067456
1.0,0,0.643937
1.0,1,0.98704886
1.0,1,0.964167
0.0,1,0.78626156
1.0,1,0.9220002
0.0,0,0.46561322
1.0,1,0.71067667
1.0,1,0.9533208
1.0,1,0.8889741
1.0,1,0.7035438
1.0,0,0.37290797
0.0,1,0.7747593
0.0,0,0.010377454
0.0,0,0.37780267
1.0,1,0.7951644
0.0,0,0.16942777
1.0,1,0.78916913
0.0,0,0.0056336303
1.0,1,0.9754041
0.0,0,0.07271532
0.0,0,0.33966866
0.0,0,0.027501656
1.0,1,0.9728502
1.0,1,0.9658733
0.0,0,0.14021483
0.0,0,0.4497722
1.0,1,0.9364351
0.0,0,0.08152542
0.0,0,0.12749816
1.0,1,0.86197186
1.0,1,0.8762695
1.0,1,0.7882627
0.0,0,0.025163554
1.0,0,0.5962397
1.0,1,0.98318595
1.0,0,0.49524316
1.0,1,0.7838872
0.0,0,0.24828367
1.0,1,0.72543454
0.0,1,0.8247596
0.0,0,0.08358326
0.0,1,0.7626545
0.0,0,0.085203096
1.0,1,0.9746716
1.0,1,0.8442599
0.0,0,0.011747685
0.0,0,0.009837299
1.0,1,0.9572146
0.0,1,0.7014866
1.0,1,0.95845616
1.0,1,0.88764644
0.0,0,0.037340697
1.0,1,0.98463696
0.0,0,0.014356741
0.0,0,0.5077293
0.0,0,0.030538453
0.0,0,0.013967769
1.0,1,0.9773986
1.0,0,0.63482195
1.0,1,0.9849453
0.0,0,0.113960534
1.0,1,0.87780195
0.0,0,0.20830312
1.0,1,0.97418356
0.0,0,0.1827993
1.0,1,0.8972355
1.0,1,0.77479184
1.0,1,0.9199114
0.0,0,0.008648028
0.0,0,0.20610511
1.0,1,0.85037166
1.0,1,0.8455524
1.0,1,0.7054143
0.0,0,0.014142709
0.0,0,0.00783285
0.0,0,0.04645214
0.0,0,0.0015929837
1.0,0,0.10100214
1.0,1,0.95953697
0.0,0,0.4842783
1.0,1,0.87771404
0.0,0,0.04602336
1.0,1,0.9839008
0.0,0,0.028569484
0.0,0,0.20528898
1.0,1,0.8951654
0.0,0,0.10265206
0.0,0,0.48494896
0.0,0,0.01094324
0.0,0,0.62208414
1.0,1,0.9563657
1.0,1,0.81114113
1.0,1,0.98600143
0.0,0,0.029646078
0.0,1,0.8174099
1.0,1,0.95139223
0.0,0,0.44284695
0.0,1,0.73371875
1.0,1,0.9756935
1.0,1,0.8257679
1.0,1,0.94862425
0.0,0,0.077963784
0.0,0,0.11111554
1.0,1,0.96632457
0.0,0,0.006531599
1.0,1,0.85614836
1.0,1,0.9760452
1.0,1,0.75685376
0.0,0,0.18241076
1.0,0,0.5850888
0.0,0,0.48170966
1.0,1,0.9752314
1.0,1,0.831148
0.0,0,0.2838252
1.0,1,0.98400456
0.0,0,0.03317057
1.0,1,0.97087544
1.0,1,0.8276682
1.0,0,0.25574505
0.0,0,0.10974574
0.0,0,0.014061174
0.0,0,0.006253269
0.0,0,0.008829902
1.0,1,0.9558394
1.0,1,0.8766787
1.0,1,0.9808192
0.0,0,0.009344698
0.0,0,0.1431473
0.0,1,0.67680335
1.0,0,0.58030796
0.0,0,0.49552533
0.0,0,0.1339407
0.0,0,0.13076621
1.0,1,0.9562597
0.0,0,0.22682518
0.0,0,0.038205266
0.0,0,0.11072002
0.0,0,0.015204584
1.0,1,0.93031335
1.0,1,0.77589124
0.0,0,0.0063222884
1.0,1,0.9817512
0.0,0,0.0149755245
0.0,0,0.022241414
0.0,0,0.017881645
0.0,0,0.52418065
1.0,1,0.9139354
1.0,1,0.94338536
1.0,1,0.9488117
1.0,1,0.8485709
0.0,0,0.0017136917
0.0,0,0.02065385
1.0,1,0.72001064
0.0,0,0.04035013
1.0,0,0.65766096
0.0,0,0.0025340493
0.0,0,0.12777615
1.0,1,0.9786129
0.0,0,0.07744336
0.0,0,0.011306306
1.0,1,0.9612489
0.0,0,0.067283556
0.0,0,0.014813015
0.0,0,0.014593093
1.0,1,0.96935815
0.0,0,0.42688438
0.0,0,0.56449413
1.0,0,0.49820012
0.0,1,0.80149174
1.0,0,0.26392204
1.0,1,0.9356358
1.0,0,0.42726484
1.0,1,0.89454925
0.0,0,0.038825642
1.0,1,0.7453404
0.0,0,0.37745234
1.0,1,0.93599886
1.0,1,0.9045874
1.0,1,0.93192226
0.0,0,0.016539225
1.0,1,0.86528057
0.0,0,0.011350666
1.0,1,0.8198935
1.0,1,0.9184773
0.0,0,0.120282955
0.0,0,0.0312987
0.0,0,0.017548924
1.0,1,0.8782184
0.0,0,0.0037159156
0.0,0,0.032165993
0.0,0,0.011502093
0.0,1,0.7993637
1.0,1,0.9310288
0.0,0,0.03208079
0.0,0,0.46754396
1.0,1,0.92948437
1.0,1,0.95953625
1.0,1,0.97044605
1.0,1,0.9763725
1.0,1,0.85762334
1.0,1,0.9587252
0.0,0,0.0060893
0.0,0,0.21504751
0.0,0,0.18294021
1.0,1,0.95030123
0.0,0,0.010730879
0.0,0,0.009521097
0.0,0,0.2629204
0.0,1,0.7211137
1.0,0,0.090437844
1.0,1,0.9628644
0.0,0,0.49384075
0.0,0,0.01827057
1.0,1,0.96320623
0.0,0,0.6486843
0.0,0,0.007838043
1.0,1,0.8499857
0.0,0,0.0278726
1.0,1,0.69387245
1.0,1,0.9243048
0.0,0,0.24256247
0.0,0,0.018574525
1.0,1,0.97441363
0.0,0,0.04297946
0.0,0,0.39314237
0.0,0,0.04771366
0.0,0,0.36268455
1.0,0,0.35751083
0.0,0,0.015697269
1.0,1,0.9850423
1.0,0,0.23706079
1.0,0,0.4412833
1.0,1,0.9847142
1.0,1,0.85883987
0.0,0,0.23116958
1.0,1,0.87114227
0.0,0,0.017554475
0.0,0,0.14585249
0.0,0,0.008051001
0.0,0,0.23593298
1.0,1,0.7654714
1.0,1,0.925488
1.0,1,0.9743835
0.0,0,0.0132661015
0.0,0,0.38645762
1.0,1,0.7542871
0.0,0,0.008956545
0.0,0,0.011560629
1.0,1,0.7824591
1.0,1,0.82035327
1.0,1,0.9447877
0.0,0,0.11771679
1.0,1,0.94807845
0.0,0,0.0022138446
1.0,1,0.93472064
1.0,1,0.938359
1.0,1,0.91936374
1.0,1,0.97849685
1.0,0,0.545717
0.0,0,0.016099105
1.0,1,0.9580083
1.0,1,0.98444635
1.0,1,0.9509944
0.0,1,0.71434975
1.0,1,0.98310447
1.0,1,0.68021715
0.0,0,0.13610215
1.0,1,0.97376466
0.0,0,0.010994546
1.0,0,0.4481945
0.0,0,0.53397846
0.0,0,0.017011108
1.0,1,0.9822785
1.0,1,0.9827655
0.0,0,0.03789498
0.0,0,0.011501805
0.0,0,0.07368198
0.0,1,0.7611428
1.0,1,0.97449696
1.0,1,0.9561568
0.0,0,0.0020191425
0.0,0,0.012819488
0.0,1,0.7329936
0.0,0,0.005585201
1.0,1,0.97496104
0.0,0,0.03002663
1.0,1,0.98406816
1.0,1,0.9540173
0.0,0,0.003966237
0.0,0,0.048395567
0.0,0,0.06335373
1.0,1,0.920272
1.0,1,0.88217795
0.0,0,0.011432979
1.0,1,0.6627859
0.0,0,0.052329812
1.0,1,0.9670259
1.0,1,0.8557736
0.0,0,0.011070115
1.0,1,0.8850491
1.0,1,0.90423834
0.0,0,0.6192647
1.0,1,0.96088696
0.0,1,0.70439875
0.0,0,0.016212482
1.0,1,0.8576313
1.0,1,0.9456508
1.0,1,0.93477166
1.0,1,0.9328104
1.0,1,0.9684321
1.0,1,0.8579062
0.0,0,0.6341718
0.0,0,0.5487687
0.0,1,0.92843544
0.0,0,0.009243846
0.0,0,0.11898168
0.0,0,0.0034335435
0.0,0,0.1250153
1.0,0,0.45843253
1.0,1,0.95616615
1.0,1,0.95230114
0.0,0,0.012254727
1.0,0,0.025751429
1.0,1,0.84020996
1.0,1,0.95450765
1.0,1,0.8637972
1.0,0,0.65806377
1.0,1,0.95515215
1.0,1,0.87965786
0.0,0,0.022819357
1.0,0,0.5291212
0.0,0,0.010799336
0.0,0,0.20314293
0.0,0,0.15368666
1.0,1,0.96639425
1.0,0,0.6046206
0.0,0,0.23057973
0.0,0,0.08888982
0.0,0,0.017806549
1.0,1,0.79428136
0.0,0,0.22273588
0.0,0,0.55944705
0.0,0,0.020770235
1.0,1,0.95000607
1.0,1,0.8580022
0.0,0,0.043247502
0.0,0,0.1328939
1.0,1,0.983824
1.0,1,0.9323717
1.0,1,0.941696
1.0,1,0.6682384
0.0,0,0.011359905
1.0,0,0.012065613
1.0,1,0.8443882
1.0,1,0.9805129
1.0,1,0.954846
0.0,0,0.45109844
1.0,1,0.97130656
0.0,0,0.06849321
1.0,1,0.93158644
1.0,1,0.9858658
0.0,0,0.47219962
1.0,0,0.2523908
0.0,0,0.4942859
1.0,1,0.9668789
0.0,0,0.041673142
1.0,1,0.78703815
1.0,1,0.9775976
0.0,0,0.38219234
1.0,1,0.96208644
1.0,1,0.94773275
0.0,0,0.35644734
0.0,0,0.044600807
0.0,0,0.14474477
1.0,1,0.8898061
1.0,1,0.97991616
0.0,0,0.544712
1.0,1,0.98067456
0.0,0,0.0075914357
0.0,0,0.020280935
1.0,1,0.97079724
1.0,1,0.9704618
0.0,0,0.013399963
1.0,1,0.9614089
1.0,1,0.8242591
0.0,0,0.0015172862
1.0,1,0.9730911
1.0,1,0.9515922
1.0,1,0.94342613
0.0,0,0.6078899
0.0,0,0.13499352
0.0,1,0.82975113
1.0,1,0.87690234
0.0,0,0.0014493827
1.0,1,0.8618176
0.0,0,0.6034299
0.0,0,0.25864962
0.0,0,0.015968591
1.0,1,0.7089089
0.0,0,0.10067343
1.0,1,0.9054594
0.0,0,0.015044458
0.0,0,0.04479393
0.0,0,0.0832004
1.0,1,0.9860454
0.0,0,0.38671982
1.0,1,0.7556782
1.0,1,0.93877125
0.0,0,0.28263348
1.0,1,0.9176816
0.0,0,0.02142493
0.0,0,0.017426752
1.0,1,0.9762379
1.0,1,0.9619469
1.0,1,0.92572063
0.0,0,0.5949368
0.0,0,0.0072455155
0.0,0,0.60318863
1.0,1,0.8658707
0.0,0,0.15243211
0.0,0,0.24162741
0.0,0,0.072511405
1.0,1,0.9826379
1.0,1,0.9853755
1.0,1,0.97023326
0.0,0,0.17442656
1.0,1,0.9246455
1.0,1,0.86807346
0.0,0,0.28695583
0.0,0,0.0047242055
1.0,1,0.9671549
0.0,0,0.63264877
0.0,0,0.009146716
0.0,0,0.3069147
1.0,1,0.8593735
1.0,1,0.9596603
0.0,0,0.0027352178
1.0,1,0.8045874
0.0,0,0.12961793
0.0,0,0.0062541817
0.0,0,0.04590124
0.0,0,0.026026946
0.0,0,0.025731862
1.0,1,0.8672383
0.0,0,0.5992104
1.0,1,0.8699465
1.0,1,0.8911994
0.0,0,0.63393646
1.0,1,0.9823518
0.0,0,0.06407014
0.0,1,0.83346957
0.0,0,0.31414843
0.0,0,0.008525974
1.0,1,0.8309102
0.0,0,0.47973505
0.0,0,0.13317968
1.0,1,0.9837647
0.0,0,0.0137134865
1.0,1,0.88110644
1.0,1,0.93248665
0.0,0,0.020935044
0.0,0,0.20908904
0.0,0,0.017342543
1.0,1,0.98428446
0.0,0,0.007735714
1.0,1,0.91424537
1.0,1,0.97772455
0.0,0,0.12728694
1.0,1,0.9460607
1.0,1,0.9067769
1.0,1,0.9249282
1.0,1,0.82716584
0.0,0,0.0050112093
1.0,1,0.95890975
0.0,0,0.529402
1.0,1,0.8464229
1.0,1,0.94412005
1.0,1,0.9462164
0.0,0,0.14603564
0.0,0,0.60155416
1.0,1,0.9487539
1.0,1,0.95504296
1.0,0,0.6197477
0.0,0,0.33376727
0.0,0,0.0021790648
0.0,0,0.005446195
0.0,0,0.0017293162
1.0,1,0.97817886
1.0,1,0.9601779
1.0,1,0.98232067
1.0,1,0.8297271
1.0,1,0.9735444
1.0,1,0.9539885
1.0,1,0.8446636
1.0,1,0.67530274
0.0,0,0.57940215
0.0,0,0.006883497
0.0,1,0.7795751
1.0,1,0.69969547
1.0,1,0.94331306
0.0,0,0.3926581
0.0,0,0.10013745
0.0,0,0.0122793
0.0,0,0.0131223565
0.0,0,0.1639536
0.0,0,0.20747636
1.0,1,0.8930766
1.0,1,0.939036
1.0,1,0.96191585
0.0,0,0.0072642667
0.0,0,0.012530969
0.0,0,0.00043153355
0.0,0,0.01972453
0.0,0,0.01197159
1.0,1,0.98343897
1.0,1,0.9629593
0.0,0,0.1162778
1.0,1,0.734649
1.0,1,0.9553656
1.0,1,0.9761629
1.0,1,0.98247236
0.0,0,0.06710876
1.0,1,0.9536605
1.0,0,0.360672
0.0,0,0.018481052
0.0,0,0.009726753
1.0,1,0.9650483
1.0,1,0.8633167
0.0,0,0.0027389955
1.0,1,0.89828885
1.0,1,0.8546806
0.0,1,0.8578303
1.0,1,0.9579481
0.0,0,0.0119374255
0.0,0,0.4175638
1.0,1,0.98479486
1.0,1,0.8423215
1.0,1,0.8913678
1.0,1,0.91881335
1.0,1,0.9884605
1.0,1,0.83235705
0.0,0,0.15418562
1.0,1,0.85407966
0.0,0,0.014071438
0.0,1,0.66100764
1.0,1,0.95932984
1.0,0,0.068267606
1.0,0,0.26514354
0.0,1,0.8213908
1.0,0,0.5169381
0.0,0,0.09465191
0.0,0,0.09192194
1.0,0,0.4706169
1.0,1,0.9519931
1.0,1,0.9429036
0.0,0,0.16726619
1.0,1,0.975548
1.0,1,0.8088374
0.0,0,0.4075441
1.0,1,0.9583089
1.0,1,0.98261106
0.0,0,0.0024929696
1.0,1,0.81313336
0.0,0,0.44500655
1.0,1,0.8904018
1.0,1,0.98554206
1.0,1,0.866801
0.0,0,0.5158602
1.0,0,0.21973589
1.0,1,0.9291553
1.0,0,0.4409665
0.0,0,0.19512993
0.0,0,0.16858894
1.0,1,0.81947553
0.0,0,0.0044233813
1.0,1,0.79072064
0.0,0,0.49985373
0.0,0,0.27662888
1.0,0,0.3238982
0.0,0,0.029250506
0.0,0,0.19387333
0.0,0,0.41133267
0.0,0,0.4908003
1.0,1,0.97311366
0.0,0,0.007932183
1.0,1,0.71682227
1.0,1,0.9227906
1.0,1,0.9807779
0.0,0,0.011489181
1.0,1,0.96610254
0.0,0,0.3111042
1.0,1,0.83129203
1.0,1,0.80930185
0.0,0,0.38963607
1.0,1,0.8331095
0.0,0,0.030823363
0.0,0,0.02489118
0.0,0,0.053262778
0.0,0,0.0860483
1.0,1,0.9439607
0.0,0,0.4542589
1.0,0,0.5037304
0.0,0,0.42307982
0.0,0,0.4005465
1.0,1,0.9836081
1.0,1,0.97827184
0.0,0,0.089366026
1.0,1,0.90674186
1.0,1,0.86600816
0.0,0,0.06252171
0.0,1,0.75204486
0.0,0,0.005076643
1.0,1,0.8979642
1.0,1,0.9771279
0.0,0,0.27959555
1.0,0,0.49437252
0.0,0,0.25325313
1.0,1,0.9860202
0.0,0,0.0068213018
1.0,1,0.88065124
1.0,0,0.53772926
0.0,0,0.019090585
0.0,0,0.61517626
0.0,0,0.003698993
0.0,0,0.18874738
1.0,1,0.73528516
1.0,1,0.9761909
1.0,1,0.88799125
0.0,0,0.5610726
1.0,1,0.977462
1.0,1,0.68383217
0.0,0,0.23711483
0.0,0,0.03195252
1.0,1,0.98222923
1.0,1,0.96583855
1.0,1,0.9720894
1.0,0,0.6281674
0.0,1,0.8890508
0.0,0,0.25611997
0.0,0,0.11721463
0.0,1,0.7859301
0.0,0,0.21147881
1.0,1,0.983961
1.0,1,0.9640279
1.0,1,0.91516626
0.0,0,0.388934
0.0,0,0.0060441326
1.0,1,0.98483324
0.0,0,0.0068056965
1.0,1,0.9208988
0.0,0,0.13599418
1.0,1,0.8879451
0.0,0,0.13255522
0.0,0,0.021262303
0.0,0,0.0073333723
0.0,0,0.006077808
1.0,1,0.9708442
1.0,1,0.9768603
1.0,0,0.5811068
0.0,0,0.32088873
1.0,1,0.7825339
1.0,1,0.9758248
1.0,1,0.7497259
0.0,0,0.0052708215
1.0,1,0.9310053
1.0,1,0.85244507
1.0,1,0.8365873
0.0,0,0.5031735
1.0,1,0.97405773
1.0,1,0.96824
1.0,1,0.95119935
1.0,1,0.96956635
1.0,1,0.9186247
1.0,1,0.7271997
1.0,1,0.97284245
1.0,1,0.70856845
1.0,1,0.8137923
0.0,0,0.0067702797
0.0,0,0.0059680697
1.0,1,0.6965238
0.0,0,0.042572755
1.0,1,0.8770715
1.0,1,0.9307155
0.0,0,0.03111879
1.0,1,0.8928205
0.0,0,0.011607966
1.0,1,0.803414
0.0,0,0.18632966
0.0,0,0.029235104
1.0,0,0.39469993
0.0,0,0.012106413
0.0,0,0.04008039
1.0,1,0.677478
0.0,0,0.32709196
0.0,0,0.0505127
0.0,0,0.14352453
1.0,1,0.98192775
0.0,0,0.105573535
1.0,1,0.9715752
1.0,1,0.8609737
0.0,0,0.43919435
0.0,0,0.02338864
1.0,1,0.82314557
1.0,1,0.98057497
1.0,1,0.78293794
0.0,0,0.3529532
1.0,1,0.8498412
1.0,1,0.91179883
0.0,0,0.0807904
1.0,1,0.9714391
0.0,0,0.06978665
0.0,1,0.9221104
1.0,1,0.90822315
0.0,0,0.37029096
0.0,0,0.07808109
0.0,0,0.6476084
1.0,1,0.69474334
0.0,0,0.32491654
1.0,1,0.90608025
0.0,0,0.13299361
1.0,1,0.9836331
1.0,0,0.5236784
1.0,1,0.6600032
0.0,0,0.01971785
0.0,0,0.48103493
0.0,0,0.2661794
0.0,0,0.01577335
1.0,1,0.9800543
1.0,1,0.9714444
0.0,0,0.07865545
0.0,0,0.0023189588
1.0,1,0.97019863
1.0,1,0.9805678
0.0,0,0.07362374
0.0,0,0.3185387
1.0,1,0.898426
0.0,0,0.005290047
0.0,0,0.53015405
1.0,1,0.8990708
1.0,1,0.8986809
1.0,1,0.8477968
0.0,0,0.28393787
1.0,1,0.95430666
1.0,1,0.95155257
1.0,1,0.8694132
1.0,1,0.8805289
0.0,1,0.74964154
0.0,0,0.04298344
1.0,1,0.84537613
0.0,0,0.043366574
1.0,1,0.67414427
1.0,1,0.9462781
1.0,1,0.9775231
1.0,1,0.8493054
0.0,0,0.067551546
1.0,1,0.98612523
1.0,1,0.9843278
0.0,0,0.00069374416
0.0,0,0.27917245
1.0,1,0.8354566
0.0,0,0.009874741
0.0,1,0.7732615
1.0,0,0.6389872
0.0,0,0.0032300605
1.0,1,0.87111914
1.0,1,0.9741058
0.0,0,0.018319927
0.0,0,0.104315214
0.0,0,0.040980153
1.0,1,0.9112911
1.0,1,0.9838386
1.0,1,0.97988015
1.0,1,0.924585
0.0,0,0.004466062
0.0,1,0.8239353
0.0,1,0.7972271
0.0,0,0.012294613
0.0,0,0.3501399
0.0,0,0.010932098
0.0,0,0.6262192
0.0,0,0.0079325065
1.0,0,0.4126883
0.0,0,0.1951407
0.0,0,0.08244258
1.0,1,0.96254975
0.0,0,0.20776811
0.0,0,0.026614677
0.0,0,0.021932812
1.0,1,0.9820569
0.0,0,0.026931016
0.0,0,0.023281926
0.0,0,0.1614654
1.0,1,0.93575615
1.0,1,0.9442576
1.0,1,0.9810099
0.0,0,0.0010201858
1.0,1,0.9669093
0.0,0,0.008394346
1.0,1,0.9779212
0.0,0,0.02056549
1.0,1,0.97435546
1.0,1,0.8514608
0.0,0,0.032309916
1.0,1,0.9664839
1.0,1,0.9492705
1.0,1,0.92087686
1.0,1,0.9837906
0.0,0,0.17338988
0.0,0,0.21090065
1.0,0,0.6133832
1.0,1,0.98339254
0.0,0,0.045334212
1.0,0,0.6303816
1.0,1,0.8200551
1.0,1,0.94167686
0.0,0,0.10012516
0.0,0,0.04790022
1.0,0,0.55940723
0.0,1,0.6913461
1.0,0,0.45156538
1.0,0,0.5493556
1.0,0,0.5011334
1.0,1,0.95099497
0.0,1,0.7567854
1.0,1,0.9294401
1.0,1,0.96920973
1.0,1,0.98361504
1.0,1,0.980434
1.0,1,0.9796047
0.0,0,0.106575325
0.0,0,0.040100355
0.0,0,0.027036404
1.0,1,0.9113467
0.0,0,0.6558738
0.0,0,0.014805768
0.0,0,0.008637887
1.0,1,0.721194
0.0,0,0.009235652
0.0,0,0.2057729
1.0,1,0.93608904
1.0,1,0.9674201
0.0,0,0.25855577
1.0,1,0.9771101
0.0,0,0.3409247
1.0,1,0.9204794
0.0,1,0.7721383
0.0,0,0.026248012
1.0,1,0.72615993
0.0,0,0.35676986
0.0,0,0.25531888
1.0,0,0.56729424
0.0,0,0.012579445
1.0,1,0.98016405
0.0,0,0.08367507
0.0,0,0.02308364
1.0,1,0.86540055
0.0,0,0.05606541
1.0,1,0.9556385
1.0,1,0.7868972
1.0,1,0.93105316
1.0,1,0.83001727
1.0,1,0.9125271
1.0,1,0.8583634
1.0,1,0.922717
1.0,1,0.9498413
1.0,1,0.9829601
1.0,1,0.79403436
0.0,0,0.5532846
1.0,1,0.95313144
1.0,1,0.7347888
1.0,1,0.96052516
0.0,0,0.6094445
0.0,0,0.025847374
1.0,1,0.84339523
1.0,1,0.9743017
0.0,0,0.099090084
1.0,1,0.9127246
0.0,0,0.049438365
0.0,1,0.8144302
0.0,0,0.016509514
1.0,1,0.926825
1.0,1,0.9811045
1.0,1,0.9759408
1.0,1,0.6739441
1.0,1,0.959101
1.0,0,0.08651284
0.0,0,0.17042352
1.0,1,0.9736539
1.0,1,0.97178715
1.0,1,0.79076946
0.0,0,0.3591778
0.0,0,0.007733544
0.0,0,0.041535415
1.0,1,0.9708438
1.0,1,0.9593655
0.0,0,0.059237655
0.0,0,0.016138034
0.0,0,0.0029708873
1.0,1,0.9458995
0.0,0,0.6157111
0.0,0,0.13772365
1.0,1,0.9380324
1.0,1,0.8522357
1.0,1,0.7394621
1.0,1,0.7122725
0.0,0,0.04826111
0.0,0,0.014429132
1.0,1,0.9816592
1.0,1,0.8964782
0.0,0,0.13203901
0.0,0,0.20563623
1.0,0,0.5920629
1.0,1,0.96217495
0.0,0,0.0054338607
1.0,1,0.8454657
0.0,0,0.32043904
1.0,1,0.9190781
1.0,1,0.84161276
0.0,0,0.05337487
0.0,0,0.052376512
0.0,0,0.014070683
1.0,1,0.69718534
1.0,1,0.71801984
1.0,1,0.952008
0.0,0,0.10213526
1.0,1,0.95151496
1.0,1,0.8669819
0.0,1,0.6944822
1.0,1,0.9630899
1.0,1,0.97860384
1.0,0,0.5777627
1.0,1,0.8089596
1.0,1,0.9837468
0.0,0,0.005948534
1.0,1,0.85453445
0.0,0,0.55608004
0.0,0,0.045740318
1.0,1,0.8560315
1.0,1,0.750916
0.0,1,0.8021443
0.0,1,0.67146516
1.0,1,0.95818114
0.0,0,0.11454652
0.0,0,0.59797347
1.0,1,0.9661111
0.0,0,0.0071404325
0.0,0,0.23245873
1.0,1,0.7719815
1.0,1,0.9727474
1.0,1,0.8978414
1.0,0,0.5648352
0.0,0,0.21770623
1.0,1,0.98198485
1.0,1,0.9341906
1.0,1,0.79102623
1.0,1,0.963305
0.0,0,0.26327136
1.0,1,0.793088
0.0,0,0.07206519
1.0,1,0.9198974
0.0,0,0.044379495
1.0,1,0.90632933
1.0,1,0.9369057
0.0,0,0.52025104
1.0,1,0.8565653
1.0,1,0.7934625
1.0,1,0.965442
1.0,1,0.9875794
0.0,0,0.009518609
1.0,1,0.9575367
0.0,0,0.0242817
1.0,1,0.87304354
1.0,1,0.9214715
0.0,0,0.36425295
1.0,1,0.97765607
0.0,0,0.03182684
0.0,0,0.23529568
1.0,1,0.8240416
1.0,1,0.8742124
0.0,0,0.29620096
1.0,1,0.7683353
1.0,1,0.947005
1.0,1,0.9509626
0.0,0,0.23031768
0.0,0,0.010763903
0.0,0,0.047379818
1.0,1,0.9801364
1.0,1,0.9691978
0.0,0,0.15269493
1.0,1,0.91025716
0.0,0,0.014134501
1.0,0,0.56891227
1.0,1,0.9660867
0.0,0,0.4209808
0.0,0,0.11395491
0.0,0,0.013798667
1.0,1,0.7748274
1.0,1,0.93969035
1.0,1,0.9837586
1.0,1,0.9223809
1.0,1,0.9750964
0.0,0,0.018140512
0.0,1,0.755833
1.0,1,0.89556867
0.0,0,0.34254137
0.0,0,0.014091696
1.0,1,0.9211634
1.0,1,0.9671875
1.0,1,0.7584918
1.0,1,0.93154514
0.0,0,0.010410599
1.0,1,0.9849488
1.0,1,0.97986937
0.0,0,0.028826032
1.0,1,0.959513
1.0,1,0.92488474
1.0,1,0.9855287
0.0,0,0.1036921
1.0,1,0.92798406
1.0,1,0.78553164
1.0,1,0.8650391
0.0,0,0.11478295
1.0,1,0.93099874
0.0,0,0.011540366
0.0,0,0.030105712
0.0,1,0.8186242
1.0,1,0.952412
1.0,1,0.9534392
0.0,0,0.63525295
0.0,0,0.009592626
0.0,0,0.021874573
0.0,0,0.013388035
0.0,1,0.7153389
0.0,0,0.31174996
0.0,0,0.56377447
1.0,1,0.91531724
0.0,0,0.19329195
1.0,1,0.9517218
1.0,1,0.77762234
0.0,0,0.0011579152
0.0,0,0.20996135
0.0,0,0.25399736
0.0,0,0.048865423
0.0,0,0.0017226464
0.0,0,0.00085011555
0.0,0,0.012636593
0.0,1,0.93057585
0.0,0,0.3345328
1.0,1,0.9764506
1.0,1,0.9754796
0.0,0,0.4006099
1.0,1,0.82352126
1.0,1,0.8953925
1.0,1,0.8787705
0.0,0,0.13626264
1.0,1,0.8527873
1.0,1,0.8861276
1.0,1,0.8356654
1.0,1,0.9831185
1.0,0,0.39162537
0.0,1,0.8339485
0.0,0,0.0019382099
1.0,1,0.75619775
1.0,1,0.9163896
1.0,1,0.6711975
1.0,1,0.96739715
1.0,1,0.95084697
0.0,0,0.15075858
0.0,0,0.27188063
1.0,1,0.8429987
0.0,0,0.0339669
0.0,0,0.62111056
1.0,1,0.89219517
1.0,1,0.9697905
1.0,0,0.012145266
0.0,1,0.69061035
0.0,0,0.551336
0.0,0,0.0025328083
0.0,0,0.4055568
0.0,0,0.016912883
1.0,1,0.9756388
0.0,0,0.018941477
1.0,1,0.9735957
1.0,1,0.75417817
0.0,0,0.06114992
0.0,0,0.05514552
1.0,1,0.9753593
1.0,0,0.02805732
0.0,0,0.13303825
1.0,1,0.956616
0.0,0,0.04263162
0.0,0,0.011344749
1.0,0,0.46285596
0.0,0,0.054561555
0.0,0,0.008911126
0.0,0,0.09745113
1.0,1,0.9830316
1.0,1,0.8461163
0.0,0,0.004249408
1.0,1,0.9851996
1.0,1,0.81573296
0.0,1,0.7430985
0.0,0,0.19615991
1.0,1,0.9623431
0.0,0,0.2877571
0.0,0,0.020636497
0.0,0,0.62034
1.0,0,0.39341772
0.0,0,0.009360107
1.0,1,0.8406096
1.0,1,0.9322026
0.0,0,0.0062875003
0.0,0,0.05848217
1.0,1,0.96427315
1.0,0,0.23537
0.0,0,0.60179746
0.0,0,0.21089609
1.0,1,0.8173905
1.0,0,0.55981636
0.0,0,0.036206007
1.0,1,0.9894987
0.0,0,0.0031228366
1.0,1,0.98323405
0.0,1,0.8115422
0.0,0,0.036325734
0.0,0,0.001966505
1.0,1,0.84490764
1.0,1,0.9753096
1.0,1,0.97374517
1.0,1,0.7530919
0.0,0,0.008993079
1.0,1,0.9783614
1.0,1,0.89432997
1.0,1,0.93813795
1.0,1,0.97913164
0.0,0,0.16432467
0.0,0,0.026136225
1.0,1,0.847468
1.0,1,0.95238245
1.0,1,0.97306365
1.0,1,0.9705855
1.0,1,0.96882087
1.0,1,0.75271547
1.0,1,0.94107807
1.0,1,0.90565073
0.0,1,0.7063886
1.0,1,0.92839444
0.0,0,0.5118921
1.0,1,0.9795451
1.0,1,0.86601394
1.0,0,0.46210214
1.0,1,0.73807305
1.0,1,0.97537816
1.0,1,0.8847597
0.0,0,0.20474668
1.0,1,0.66319716
1.0,1,0.9850222
1.0,1,0.94489634
1.0,1,0.96121836
0.0,0,0.0150900455
1.0,1,0.9713451
1.0,1,0.981461
1.0,1,0.95427895
0.0,0,0.0025568365
0.0,0,0.17921385
0.0,0,0.17300634
1.0,0,0.60352474
0.0,0,0.44242832
0.0,0,0.009790647
0.0,0,0.63792944
1.0,1,0.9614081
0.0,0,0.15107326
1.0,1,0.9614912
0.0,0,0.115974724
0.0,0,0.13730438
1.0,1,0.77457225
1.0,1,0.9691041
0.0,0,0.0036709548
1.0,0,0.589114
0.0,0,0.024924291
1.0,1,0.901564
0.0,0,0.07731016
1.0,1,0.858495
1.0,1,0.9540021
1.0,1,0.8619343
1.0,1,0.97139966
1.0,1,0.98426336
1.0,1,0.9847047
0.0,0,0.0051342067
0.0,0,0.17969798
0.0,0,0.20962517
0.0,0,0.0115482025
1.0,1,0.8944603
1.0,1,0.8579901
1.0,1,0.9275031
0.0,0,0.5456828
1.0,1,0.9738557
1.0,1,0.96815604
1.0,1,0.96498376
1.0,1,0.91608477
1.0,1,0.91755825
0.0,0,0.16404316
0.0,0,0.15386246
1.0,0,0.5625149
0.0,0,0.1851594
0.0,0,0.4453802
0.0,0,0.013318322
1.0,0,0.5582235
1.0,0,0.65182424
1.0,1,0.92305475
0.0,0,0.03424725
0.0,0,0.36126882
1.0,1,0.93772244
1.0,1,0.93202966
0.0,0,0.010661315
0.0,0,0.24203323
1.0,1,0.9735645
0.0,0,0.0051667243
1.0,1,0.9288713
1.0,1,0.9592813
0.0,1,0.67311466
1.0,1,0.89938617
1.0,1,0.9706354
0.0,1,0.9689353
0.0,0,0.049944106
0.0,0,0.039792404
0.0,0,0.012541897
1.0,1,0.9818937
1.0,1,0.9396593
0.0,0,0.0149335405
1.0,1,0.6907166
0.0,0,0.5345853
1.0,1,0.9567499
1.0,1,0.94248676
0.0,0,0.2487349
1.0,1,0.7950456
0.0,1,0.7322031
1.0,1,0.96807927
1.0,1,0.80255085
0.0,0,0.22554526
0.0,0,0.5641241
1.0,1,0.93101454
1.0,0,0.5612917
0.0,0,0.37899378
0.0,0,0.050861586
1.0,1,0.9597365
1.0,1,0.94645077
0.0,0,0.041830223
0.0,0,0.0007521058
0.0,0,0.024805084
0.0,0,0.049831852
1.0,1,0.96725607
0.0,0,0.009873257
1.0,1,0.9627232
1.0,1,0.9724218
0.0,0,0.3260664
1.0,1,0.947565
1.0,1,0.89455783
1.0,1,0.9646756
0.0,0,0.11258378
1.0,1,0.9649621
1.0,1,0.8319575
1.0,1,0.8201345
0.0,0,0.42450672
0.0,0,0.055860948
0.0,0,0.34978548
1.0,1,0.9285878
0.0,0,0.17729092
0.0,0,0.14995237
1.0,1,0.95813125
1.0,1,0.9742743
0.0,0,0.036155425
1.0,1,0.7196211
1.0,0,0.6004011
0.0,0,0.40176338
0.0,0,0.37790743
0.0,0,0.06799988
0.0,0,0.036708355
1.0,1,0.9826001
0.0,0,0.13311853
1.0,1,0.93891996
0.0,0,0.5441052
0.0,0,0.08372621
0.0,0,0.47042722
0.0,0,0.116752386
1.0,1,0.8274723
1.0,1,0.9696446
1.0,1,0.9798935
0.0,1,0.87186
1.0,1,0.8041787
0.0,0,0.023514425
1.0,1,0.7954686
0.0,0,0.06785057
0.0,0,0.36510855
1.0,1,0.9666958
1.0,1,0.93795097
0.0,0,0.19056974
0.0,1,0.7389484
1.0,1,0.9791292
1.0,1,0.7587038
0.0,0,0.107795596
0.0,0,0.002059113
1.0,1,0.95205736
1.0,1,0.8483205
0.0,0,0.51898205
0.0,0,0.106218465
1.0,1,0.8805899
1.0,1,0.984763
1.0,1,0.9696551
1.0,1,0.9795764
1.0,1,0.8255489
1.0,1,0.97573936
1.0,1,0.80084205
0.0,0,0.027641552
1.0,1,0.9351815
0.0,1,0.96007025
1.0,1,0.9841835
0.0,0,0.023608932
1.0,1,0.9374642
1.0,1,0.9696986
1.0,1,0.8545933
0.0,0,0.29728997
0.0,1,0.77189964
1.0,1,0.9796773
1.0,1,0.8300489
1.0,1,0.97678894
1.0,0,0.45354956
0.0,0,0.24349387
0.0,0,0.2212428
0.0,1,0.9726981
1.0,1,0.9476399
0.0,0,0.015353968
1.0,1,0.8768673
0.0,0,0.06610756
0.0,0,0.08141531
0.0,0,0.016246239
1.0,1,0.93322515
0.0,0,0.22103906
1.0,1,0.98134875
1.0,0,0.12539022
1.0,1,0.9655181
0.0,0,0.013819804
1.0,1,0.9031405
1.0,1,0.83331656
1.0,0,0.65905344
0.0,0,0.014122261
1.0,1,0.75124305
1.0,0,0.49679512
1.0,1,0.97629005
0.0,0,0.012216894
1.0,1,0.9245562
1.0,1,0.664848
0.0,0,0.041782416
1.0,1,0.9736783
1.0,1,0.80531174
1.0,1,0.89250076
1.0,1,0.7976201
0.0,0,0.012358493
1.0,1,0.96196383
1.0,1,0.93805474
1.0,1,0.98291224
1.0,1,0.704696
1.0,1,0.94617695
0.0,0,0.016847922
0.0,0,0.6281637
1.0,1,0.8547081
0.0,0,0.32526892
1.0,1,0.848051
1.0,1,0.9302514
1.0,1,0.942736
0.0,0,0.01043422
0.0,0,0.004089629
0.0,0,0.3018155
1.0,1,0.9774296
1.0,0,0.5632882
0.0,0,0.19099565
1.0,1,0.89796734
1.0,1,0.9620532
0.0,0,0.12219163
1.0,1,0.8206023
0.0,0,0.16832994
0.0,0,0.004406524
1.0,1,0.9767408
1.0,1,0.9649067
1.0,1,0.9167609
1.0,1,0.9768797
1.0,1,0.9589333
1.0,1,0.96430546
1.0,1,0.90004486
1.0,1,0.9510126
1.0,0,0.57758904
0.0,0,0.50847244
0.0,0,0.06007623
1.0,1,0.90511304
0.0,0,0.008448678
0.0,0,0.0048308405
1.0,1,0.8469312
0.0,0,0.07446702
0.0,0,0.008263371
0.0,0,0.04514554
1.0,1,0.9655575
1.0,1,0.9850271
1.0,1,0.90218246
0.0,0,0.16880979
1.0,1,0.9117223
0.0,0,0.0068083727
1.0,1,0.92132145
1.0,0,0.47330293
0.0,0,0.17060454
1.0,1,0.84036165
1.0,1,0.9382408
1.0,1,0.9842238
1.0,0,0.58348906
1.0,1,0.8403032
1.0,1,0.9666177
1.0,1,0.71198505
1.0,1,0.89749247
1.0,1,0.8411818
0.0,0,0.11342462
0.0,0,0.013099849
0.0,0,0.43939543
1.0,1,0.9840688
0.0,0,0.06498485
0.0,0,0.011320424
0.0,0,0.011648257
1.0,1,0.8775621
1.0,1,0.92967826
1.0,1,0.9325179
1.0,1,0.9516069
1.0,1,0.7399341
1.0,1,0.9284198
1.0,1,0.97602946
0.0,0,0.45877016
1.0,1,0.66867614
0.0,0,0.3688611
1.0,1,0.81282204
0.0,0,0.017359365
1.0,1,0.88551766
1.0,1,0.97033256
1.0,1,0.9489061
1.0,1,0.98131996
0.0,0,0.44950965
0.0,0,0.162774
0.0,0,0.015507535
0.0,1,0.84559417
0.0,0,0.06276923
0.0,0,0.026215708
1.0,1,0.92874265
0.0,0,0.581288
1.0,1,0.7377427
0.0,0,0.019015705
1.0,1,0.9413363
1.0,1,0.9505245
0.0,0,0.5470078
0.0,1,0.74051654
0.0,0,0.03693587
1.0,1,0.82650554
0.0,0,0.066372514
0.0,0,0.24714243
0.0,0,0.0034667512
0.0,0,0.022051856
1.0,1,0.9833711
0.0,0,0.003666463
0.0,0,0.111347705
0.0,0,0.006145299
0.0,0,0.022154005
1.0,1,0.79441726
1.0,1,0.85482347
0.0,0,0.077973366
1.0,1,0.95224994
1.0,1,0.96967214
1.0,1,0.8313153
1.0,1,0.88901186
1.0,1,0.80838376
0.0,0,0.31460804
0.0,0,0.0037955823
0.0,0,0.58191645
0.0,0,0.24578324
1.0,1,0.82133186
0.0,0,0.09322454
1.0,1,0.9013332
0.0,0,0.053487368
0.0,0,0.026095185
1.0,1,0.9554381
1.0,1,0.9577354
0.0,0,0.0045618587
1.0,0,0.64172494
1.0,1,0.8503129
1.0,0,0.11759307
0.0,0,0.00164326
0.0,0,0.022350218
1.0,1,0.93113166
0.0,0,0.042500842
0.0,0,0.21421447
1.0,1,0.8734511
1.0,0,0.296443
1.0,1,0.9340299
1.0,0,0.6536585
0.0,0,0.36426967
0.0,0,0.0039180066
0.0,0,0.5125664
1.0,1,0.7059741
1.0,1,0.9103564
1.0,1,0.9469459
1.0,1,0.8219433
0.0,0,0.5542035
0.0,0,0.26145247
0.0,1,0.7976337
0.0,0,0.18683004
0.0,0,0.007958436
0.0,0,0.12589212
0.0,0,0.63103724
0.0,0,0.6025081
0.0,0,0.20575055
1.0,1,0.94986606
0.0,0,0.0028527733
1.0,1,0.98051095
1.0,1,0.95650065
1.0,1,0.9625236
1.0,1,0.7814577
0.0,0,0.16706179
1.0,1,0.94975626
0.0,0,0.15801057
1.0,0,0.43913332
1.0,1,0.979755
1.0,1,0.96164715
1.0,1,0.9519529
0.0,0,0.058184776
1.0,1,0.9790972
1.0,1,0.958528
0.0,0,0.21074241
1.0,1,0.821282
0.0,0,0.08097513
1.0,1,0.97991276
0.0,0,0.5955833
0.0,0,0.014462566
0.0,0,0.16675904
0.0,0,0.1133456
0.0,0,0.025312243
1.0,1,0.9679229
0.0,0,0.41804236
1.0,1,0.9512487
1.0,1,0.7785903
1.0,1,0.93489623
0.0,0,0.022698533
1.0,1,0.91225874
0.0,0,0.002469345
1.0,1,0.8395238
1.0,1,0.9647121
1.0,1,0.9838467
0.0,0,0.04293325
0.0,0,0.24396469
1.0,1,0.9812337
1.0,1,0.850482
1.0,1,0.9341202
0.0,1,0.7239269
0.0,0,0.0052120476
0.0,0,0.010248936
1.0,1,0.85052735
1.0,0,0.6562538
1.0,1,0.8380294
1.0,1,0.9782965
1.0,1,0.9244926
0.0,0,0.049297348
0.0,0,0.002708217
1.0,1,0.68003935
0.0,0,0.07527855
1.0,0,0.24712595
1.0,1,0.91362906
1.0,1,0.9593468
1.0,1,0.98271906
1.0,1,0.9777284
1.0,1,0.8536644
1.0,1,0.9102972
0.0,0,0.63796276
0.0,0,0.021844119
1.0,1,0.96263736
1.0,1,0.90076274
1.0,0,0.64184606
1.0,1,0.9253865
0.0,0,0.10703237
0.0,0,0.20601608
1.0,1,0.9470423
1.0,1,0.8923447
1.0,1,0.9796255
0.0,0,0.07929031
1.0,1,0.92617106
0.0,0,0.012280583
1.0,1,0.95857054
0.0,0,0.113190316
1.0,1,0.9375488
1.0,1,0.9558343
1.0,1,0.9745525
0.0,0,0.017686538
0.0,0,0.027793147
1.0,1,0.9589882
0.0,0,0.012698395
1.0,1,0.8003602
1.0,1,0.74467134
0.0,0,0.034533355
0.0,1,0.86591834
1.0,0,0.61420643
0.0,0,0.014821704
1.0,1,0.94525784
0.0,0,0.619975
0.0,0,0.0061488873
0.0,0,0.3363605
0.0,1,0.7114973
0.0,0,0.01604047
0.0,0,0.0010922316
1.0,1,0.97267586
1.0,0,0.313203
0.0,0,0.024767432
1.0,1,0.98485553
0.0,0,0.59051657
1.0,1,0.94405913
1.0,1,0.9728571
1.0,1,0.89270306
1.0,1,0.9802276
0.0,1,0.8570594
1.0,1,0.81687564
0.0,0,0.003891193
1.0,1,0.93103814
1.0,1,0.9119154
1.0,1,0.9707811
0.0,0,0.28046024
0.0,0,0.0015724988
1.0,1,0.9753772
1.0,1,0.9516716
1.0,1,0.9602184
1.0,1,0.9800218
1.0,1,0.98782456
0.0,0,0.50370175
1.0,1,0.7677313
0.0,0,0.0063603055
1.0,1,0.86680746
1.0,1,0.9844437
0.0,0,0.028659364
1.0,1,0.9637618
0.0,0,0.025544455
0.0,0,0.004263268
0.0,0,0.002683653
1.0,0,0.51656115
0.0,0,0.039284058
1.0,1,0.66794443
1.0,1,0.982744
1.0,1,0.9469245
0.0,0,0.06732409
1.0,1,0.7344172
1.0,1,0.9746152
1.0,1,0.96122503
0.0,0,0.3813286
1.0,0,0.5953022
0.0,0,0.0057850885
1.0,1,0.9218077
1.0,1,0.98604923
1.0,1,0.9325894
0.0,0,0.4658609
0.0,0,0.1864031
0.0,0,0.0077875704
0.0,0,0.04199618
1.0,1,0.87599087
0.0,0,0.16824241
1.0,1,0.95893854
0.0,0,0.42579755
1.0,1,0.98592585
1.0,1,0.8301208
0.0,0,0.13633116
0.0,0,0.11785785
0.0,1,0.70350885
1.0,1,0.98569995
0.0,0,0.012003154
0.0,0,0.17611215
1.0,1,0.7171308
1.0,1,0.9759184
1.0,1,0.8515642
1.0,1,0.9304547
0.0,0,0.025754616
0.0,0,0.038585328
1.0,1,0.8963584
0.0,0,0.0014228596
0.0,0,0.18011892
0.0,0,0.3717802
0.0,0,0.060886968
0.0,0,0.037220184
0.0,0,0.6242069
0.0,0,0.021622958
1.0,1,0.86970806
1.0,1,0.9152887
1.0,1,0.9882042
0.0,1,0.9010499
1.0,0,0.63632333
0.0,0,0.006167206
1.0,1,0.9763111
0.0,1,0.93327624
0.0,0,0.0723728
0.0,1,0.79332674
0.0,1,0.81804776
0.0,0,0.35996217
1.0,1,0.97896004
1.0,1,0.9502828
0.0,0,0.0039273743
0.0,0,0.6301407
0.0,0,0.009829169
0.0,0,0.46573123
1.0,0,0.6361983
1.0,1,0.96390957
1.0,1,0.96552956
0.0,0,0.1727997
0.0,0,0.08501507
0.0,1,0.74626625
0.0,0,0.01749291
1.0,1,0.8321719
0.0,0,0.3571326
1.0,1,0.97978294
0.0,0,0.10880834
1.0,1,0.9781353
1.0,1,0.9514611
1.0,1,0.9284236
1.0,1,0.81018245
0.0,0,0.08941899
0.0,0,0.3879003
0.0,0,0.0011649388
0.0,0,0.020587472
1.0,1,0.8554474
0.0,0,0.06038026
0.0,1,0.68326175
1.0,1,0.71737766
0.0,0,0.030047163
0.0,0,0.0567158
1.0,1,0.9476869
1.0,1,0.87912273
1.0,1,0.9710156
0.0,0,0.0014824233
0.0,0,0.21181405
0.0,0,0.03893538
0.0,0,0.0024643957
1.0,1,0.78779256
0.0,0,0.49506342
1.0,1,0.93696195
0.0,0,0.2154627
0.0,0,0.03701027
1.0,1,0.973577
1.0,1,0.971787
0.0,1,0.9373299
0.0,0,0.5621458
1.0,1,0.9300205
1.0,1,0.7538306
1.0,1,0.9766997
0.0,0,0.019374872
1.0,1,0.9118499
1.0,1,0.96969837
0.0,0,0.021258036
1.0,1,0.8877878
0.0,0,0.112026155
0.0,0,0.48890322
1.0,1,0.91814744
0.0,0,0.13209802
1.0,1,0.9844882
0.0,0,0.06947882
0.0,0,0.01943022
1.0,1,0.9793102
0.0,0,0.10743814
1.0,1,0.80024076
1.0,1,0.9369522
0.0,0,0.13683924
1.0,1,0.7679684
1.0,1,0.82665485
1.0,1,0.9803081
1.0,1,0.68589044
0.0,1,0.92433715
1.0,0,0.3917205
0.0,0,0.60099936
1.0,1,0.9090279
0.0,0,0.2767184
1.0,1,0.9727044
1.0,1,0.87227726
0.0,0,0.5994659
1.0,1,0.91194785
1.0,1,0.95337665
0.0,0,0.020891678
0.0,0,0.12498182
0.0,0,0.32423666
1.0,1,0.9806289
1.0,1,0.9809982
0.0,0,0.0620055
0.0,0,0.009004352
1.0,1,0.9778416
0.0,0,0.18264535
1.0,1,0.8252001
1.0,1,0.9304749
0.0,0,0.22693601
1.0,1,0.9747157
1.0,1,0.95848495
1.0,1,0.975472
0.0,0,0.0017006196
1.0,1,0.9830436
1.0,1,0.9111235
0.0,0,0.6230203
1.0,1,0.91095996
1.0,0,0.31821638
0.0,0,0.008585115
1.0,1,0.8790723
0.0,0,0.075566806
1.0,1,0.78191596
1.0,1,0.98094195
0.0,0,0.43520913
1.0,1,0.9055574
0.0,0,0.005095572
1.0,1,0.9620181
0.0,0,0.06637579
0.0,0,0.1381486
0.0,0,0.5840741
0.0,0,0.09550316
1.0,1,0.8189071
0.0,0,0.49883157
1.0,0,0.6270286
0.0,0,0.019971149
0.0,0,0.0020541728
0.0,0,0.0058835424
1.0,1,0.7600963
0.0,0,0.010012546
0.0,0,0.18365519
0.0,0,0.25627124
1.0,0,0.4942626
0.0,0,0.025158387
1.0,1,0.7237272
0.0,0,0.022901064
1.0,1,0.7937777
1.0,0,0.40096086
1.0,1,0.94910085
0.0,0,0.025501365
1.0,1,0.6727601
1.0,1,0.8956256
0.0,0,0.27959308
1.0,1,0.9584398
0.0,0,0.046254214
1.0,1,0.6861493
0.0,0,0.39962208
0.0,0,0.0085587595
1.0,1,0.95471156
1.0,1,0.81709385
1.0,1,0.779582
1.0,1,0.9696513
1.0,1,0.76279956
1.0,1,0.89307
0.0,0,0.023599906
1.0,1,0.9507963
1.0,1,0.9258827
1.0,1,0.94843185
1.0,1,0.90172863
1.0,1,0.76134723
0.0,0,0.13339777
1.0,1,0.87284446
1.0,1,0.96603626
1.0,1,0.97675955
0.0,0,0.009351546
0.0,0,0.013812249
0.0,0,0.07150431
0.0,0,0.5349301
1.0,1,0.9783611
1.0,1,0.81074613
1.0,0,0.33379617
1.0,1,0.9246963
1.0,0,0.58210105
0.0,1,0.80503815
0.0,0,0.045109946
0.0,0,0.6295332
1.0,1,0.91453195
0.0,0,0.081026144
1.0,1,0.9464575
1.0,1,0.92507493
0.0,0,0.56474376
1.0,1,0.9407827
1.0,1,0.9659787
1.0,1,0.963992
1.0,1,0.8538366
1.0,1,0.6768319
0.0,0,0.025405072
1.0,1,0.9511019
0.0,1,0.80362934
0.0,0,0.052930668
0.0,0,0.212817
0.0,0,0.6276605
0.0,0,0.036016673
0.0,0,0.035933837
0.0,0,0.32905936
1.0,1,0.9807406
0.0,0,0.36722168
0.0,0,0.19888076
0.0,0,0.03122141
0.0,0,0.29907975
1.0,1,0.96408147
0.0,0,0.022855634
0.0,0,0.41770837
0.0,0,0.10215976
0.0,0,0.036057163
0.0,0,0.29476658
1.0,1,0.91578853
1.0,1,0.9366952
0.0,0,0.023828229
0.0,0,0.058535147
0.0,0,0.09545362
1.0,1,0.885552
1.0,1,0.81957096
0.0,0,0.17073053
0.0,0,0.031782247
1.0,1,0.68959594
1.0,1,0.90567416
1.0,1,0.91108835
1.0,1,0.75138956
0.0,0,0.29717377
1.0,1,0.95035934
1.0,1,0.9507168
1.0,1,0.90999824
0.0,0,0.21782655
0.0,0,0.6549561
1.0,1,0.9447375
1.0,1,0.9578762
0.0,0,0.0029898041
1.0,1,0.922882
1.0,1,0.9847635
1.0,1,0.9856106
1.0,0,0.6149113
0.0,0,0.3099866
0.0,1,0.7618923
1.0,1,0.73166704
0.0,0,0.06469874
0.0,0,0.07431258
1.0,1,0.8906979
1.0,1,0.82313395
0.0,0,0.40497878
0.0,0,0.009041454
0.0,0,0.03416697
0.0,0,0.04221228
0.0,0,0.4667823
0.0,0,0.008656896
0.0,0,0.30637518
0.0,0,0.06639408
0.0,0,0.043784983
1.0,1,0.92433214
1.0,1,0.81520665
1.0,1,0.96902615
0.0,0,0.38219124
1.0,1,0.9621787
0.0,0,0.15200645
0.0,0,0.535735
1.0,1,0.9701863
1.0,1,0.98458844
1.0,1,0.94113415
0.0,0,0.010778552
1.0,0,0.45896617
0.0,0,0.26393905
0.0,1,0.70083964
1.0,1,0.7626374
0.0,0,0.38832912
0.0,0,0.0138609875
0.0,0,0.13323411
1.0,1,0.93799365
1.0,1,0.9418288
0.0,0,0.32615015
0.0,1,0.733991
0.0,0,0.081097245
0.0,0,0.00953474
0.0,0,0.18797697
0.0,0,0.09305804
0.0,0,0.009930852
0.0,0,0.0018054964
1.0,1,0.9603234
0.0,0,0.10076964
1.0,1,0.71561956
1.0,1,0.9782963
0.0,0,0.01272795
1.0,1,0.6920061
0.0,0,0.00051186455
1.0,1,0.9724049
0.0,0,0.13857932
1.0,0,0.40122512
0.0,0,0.011983051
0.0,0,0.0045571583
1.0,1,0.96491396
0.0,0,0.44740522
0.0,0,0.28748646
0.0,0,0.18297873
1.0,1,0.955935
0.0,0,0.002054164
0.0,0,0.0015853355
1.0,1,0.9781953
0.0,0,0.113308795
1.0,0,0.5988059
1.0,0,0.6341084
0.0,0,0.084646225
1.0,1,0.9677118
1.0,1,0.8587581
0.0,0,0.19051465
0.0,0,0.34930655
0.0,0,0.20468543
1.0,1,0.9699035
0.0,0,0.12273967
1.0,1,0.98355764
0.0,0,0.20433037
1.0,1,0.9311464
0.0,0,0.023805264
0.0,0,0.01046599
1.0,1,0.884017
0.0,0,0.24120711
1.0,1,0.9794608
0.0,0,0.0058706794
1.0,1,0.9222282
0.0,0,0.0714176
0.0,0,0.26288474
1.0,1,0.9604371
0.0,0,0.42211318
0.0,0,0.042275798
0.0,0,0.009047762
0.0,0,0.11116005
1.0,1,0.92556584
0.0,0,0.29483792
0.0,0,0.28648102
1.0,1,0.95590526
1.0,1,0.9786018
1.0,1,0.783008
1.0,1,0.9760396
0.0,1,0.86371624
0.0,0,0.07147587
0.0,0,0.0020967915
1.0,1,0.9577645
0.0,0,0.135029
0.0,0,0.29970303
1.0,1,0.9845527
0.0,0,0.38885018
0.0,0,0.08733218
1.0,1,0.92772305
0.0,0,0.15006347
0.0,1,0.86050665
1.0,1,0.8608204
1.0,1,0.82507503
1.0,1,0.95279884
1.0,1,0.95430326
0.0,0,0.18869188
1.0,1,0.6740481
1.0,1,0.96051764
0.0,0,0.36223763
1.0,1,0.8854599
1.0,1,0.97664016
1.0,1,0.9748376
1.0,1,0.75125206
1.0,0,0.40930697
0.0,1,0.7825494
0.0,1,0.80591977
0.0,0,0.024883602
0.0,0,0.0047290158
0.0,0,0.10507612
1.0,1,0.6817588
1.0,1,0.87753755
0.0,0,0.32668927
0.0,0,0.047040924
0.0,1,0.678798
0.0,1,0.92323947
0.0,0,0.49526778
0.0,0,0.013959765
1.0,0,0.132843
0.0,0,0.3426489
0.0,1,0.9168792
1.0,1,0.9362842
0.0,1,0.7924553
0.0,0,0.30220482
1.0,1,0.9667369
1.0,1,0.9291929
1.0,1,0.95063967
0.0,0,0.010569926
1.0,1,0.7112357
1.0,1,0.89520276
0.0,0,0.024449892
1.0,1,0.8261316
1.0,0,0.46905926
0.0,0,0.0011098783
0.0,0,0.09724964
0.0,0,0.101674296
0.0,0,0.32661587
0.0,0,0.59829223
0.0,0,0.02037302
0.0,0,0.082445934
1.0,1,0.94724953
1.0,1,0.9630522
0.0,0,0.029793799
1.0,1,0.9516577
0.0,0,0.11086673
1.0,1,0.9823523
1.0,1,0.79412794
1.0,0,0.4340859
1.0,0,0.47291267
1.0,1,0.9179677
0.0,0,0.017826473
1.0,1,0.95701486
0.0,0,0.11659367
1.0,1,0.96167135
0.0,0,0.010790419
1.0,1,0.89091676
0.0,0,0.0070881746
1.0,1,0.9696705
0.0,0,0.41936994
0.0,0,0.055135492
1.0,1,0.93460435
0.0,1,0.7010081
0.0,0,0.053269435
1.0,1,0.95278955
0.0,0,0.0024921743
0.0,0,0.25403067
1.0,0,0.20188588
0.0,0,0.013293387
1.0,1,0.9825453
1.0,1,0.8363308
1.0,1,0.7310083
0.0,0,0.5667781
1.0,1,0.9802637
0.0,0,0.024694376
0.0,0,0.017114384
1.0,1,0.94365144
1.0,1,0.792621
0.0,1,0.7547624
1.0,0,0.5935246
1.0,1,0.9508225
1.0,1,0.71955633
0.0,0,0.00529815
1.0,0,0.5597403
0.0,0,0.027308675
1.0,1,0.77205646
1.0,1,0.9806846
1.0,1,0.9740624
0.0,1,0.7946998
1.0,1,0.9619644
1.0,1,0.90022665
1.0,1,0.91296166
0.0,0,0.011664505
1.0,1,0.9685049
0.0,0,0.007387305
1.0,0,0.6044269
1.0,1,0.97057056
1.0,0,0.020801742
1.0,1,0.86958337
1.0,1,0.9727281
0.0,0,0.078919515
0.0,0,0.029272746
1.0,1,0.8747347
1.0,1,0.9821717
1.0,1,0.97303486
1.0,0,0.27919123
0.0,0,0.031934522
0.0,0,0.024607256
0.0,0,0.15668024
0.0,0,0.024778437
0.0,0,0.021727927
1.0,1,0.98450345
1.0,1,0.9758906
1.0,0,0.58763134
1.0,1,0.9362229
0.0,0,0.26013353
0.0,0,0.0072924015
1.0,1,0.96402377
0.0,0,0.11194923
0.0,0,0.0044736965
0.0,0,0.03392321
1.0,0,0.64206076
0.0,1,0.74486953
0.0,0,0.28966534
1.0,1,0.82740456
1.0,1,0.9659286
1.0,0,0.34288907
0.0,0,0.22649638
0.0,1,0.92342436
1.0,1,0.91619724
0.0,1,0.6871185
0.0,0,0.40256605
1.0,1,0.89580286
0.0,0,0.0052525727
1.0,1,0.972883
0.0,0,0.21212037
0.0,0,0.33817375
0.0,0,0.012021903
1.0,1,0.9693439
1.0,1,0.945145
1.0,1,0.9789534
0.0,1,0.8656823
0.0,0,0.21085832
1.0,1,0.9226122
1.0,1,0.74957716
1.0,1,0.97702885
1.0,1,0.9450973
1.0,1,0.89364004
0.0,1,0.9041338
0.0,0,0.011764825
1.0,1,0.9425741
0.0,0,0.015526687
1.0,1,0.9746938
1.0,0,0.26559094
1.0,1,0.92662764
1.0,1,0.8213538
1.0,1,0.8360477
1.0,1,0.9741231
1.0,0,0.3009538
1.0,1,0.88375115
1.0,1,0.9765206
1.0,1,0.7194067
1.0,1,0.981762
0.0,0,0.04424315
1.0,1,0.9873152
0.0,0,0.19254793
1.0,1,0.98287886
1.0,0,0.49603638
0.0,0,0.015539774
0.0,0,0.12095054
0.0,0,0.5039013
0.0,1,0.7002808
1.0,1,0.9739087
1.0,1,0.9573092
1.0,1,0.96455556
1.0,1,0.9684056
1.0,1,0.9651208
1.0,1,0.9454607
1.0,1,0.91106206
0.0,0,0.051689297
0.0,0,0.0032972356
1.0,1,0.83373064
1.0,1,0.9089261
0.0,0,0.27375555
0.0,1,0.8204708
0.0,0,0.011649244
1.0,1,0.8482173
1.0,1,0.77005124
0.0,0,0.06298735
1.0,1,0.9622996
0.0,0,0.115434125
0.0,0,0.021742277
1.0,1,0.78705835
0.0,0,0.094408736
1.0,1,0.8946198
1.0,1,0.912686
0.0,0,0.2137227
0.0,0,0.029124495
0.0,0,0.27235478
0.0,0,0.2778028
0.0,0,0.010507624
1.0,1,0.976529
0.0,0,0.3570214
0.0,0,0.020233238
1.0,1,0.9776124
1.0,0,0.49793595
0.0,0,0.53597295
0.0,0,0.59817946
1.0,1,0.97833145
1.0,1,0.9527384
0.0,0,0.2931676
1.0,1,0.8985362
1.0,1,0.836259
0.0,1,0.9310738
0.0,0,0.19347124
0.0,0,0.022114653
1.0,0,0.022908375
1.0,1,0.9778686
1.0,1,0.9178826
1.0,1,0.9826556
0.0,0,0.011268065
1.0,1,0.6699565
0.0,0,0.07087003
0.0,0,0.15289767
1.0,1,0.7738966
0.0,0,0.0014541344
0.0,0,0.0044926433
0.0,0,0.39983416
0.0,0,0.005519485
0.0,0,0.08476831
0.0,0,0.2813134
0.0,0,0.003115426
1.0,1,0.9366955
1.0,1,0.98182464
0.0,0,0.15900922
0.0,0,0.008558969
1.0,1,0.95291615
0.0,0,0.19448853
1.0,1,0.9758716
1.0,1,0.88168824
1.0,1,0.73538524
0.0,0,0.018488472
0.0,0,0.039331082
0.0,0,0.32375205
0.0,0,0.07085963
1.0,1,0.9696422
1.0,1,0.9098542
0.0,1,0.9052323
0.0,1,0.8446169
1.0,1,0.78257716
1.0,0,0.5253839
1.0,1,0.9687826
0.0,0,0.25368267
0.0,0,0.021271175
0.0,0,0.025478877
0.0,1,0.8920666
1.0,1,0.8979929
1.0,1,0.80291414
1.0,0,0.64962494
1.0,1,0.96770656
0.0,0,0.21337105
1.0,1,0.70105696
0.0,0,0.1475353
0.0,0,0.00920993
1.0,1,0.9150416
1.0,1,0.9785711
0.0,0,0.093437314
1.0,0,0.4243103
1.0,1,0.8192508
1.0,1,0.97441936
0.0,0,0.01872171
1.0,1,0.9839186
0.0,0,0.43853176
0.0,0,0.008909543
1.0,1,0.86485696
1.0,1,0.8024252
0.0,1,0.66980493
1.0,1,0.9832974
1.0,1,0.8190517
1.0,1,0.917292
1.0,0,0.6247188
0.0,0,0.0023041228
0.0,0,0.0118230665
1.0,1,0.8103301
1.0,1,0.97865963
1.0,0,0.6328176
1.0,1,0.96045905
0.0,0,0.009413928
1.0,1,0.9010581
1.0,1,0.8225689
0.0,0,0.51890665
1.0,1,0.7917451
1.0,1,0.71184844
1.0,1,0.89120585
0.0,0,0.0012783203
0.0,0,0.020667192
1.0,0,0.3963614
1.0,1,0.7767018
0.0,0,0.26491126
0.0,1,0.70191765
1.0,1,0.7256365
0.0,0,0.022150245
1.0,1,0.9117958
0.0,1,0.8324358
0.0,0,0.3822915
1.0,0,0.6304973
1.0,1,0.96938443
0.0,0,0.58137536
0.0,0,0.03232713
0.0,0,0.1329803
1.0,1,0.93338513
1.0,1,0.9827319
1.0,1,0.9380604
1.0,1,0.76671827
1.0,1,0.922504
1.0,1,0.8292649
0.0,0,0.07562879
1.0,0,0.46362776
0.0,0,0.6033088
1.0,1,0.8066901
1.0,0,0.61745095
0.0,0,0.0142046865
1.0,1,0.9734698
1.0,1,0.9853823
0.0,0,0.0058521717
0.0,0,0.008265639
0.0,1,0.8244913
0.0,0,0.0051822052
0.0,0,0.09851144
1.0,1,0.93477476
0.0,0,0.19599648
1.0,1,0.7482254
1.0,1,0.9656966
0.0,0,0.004640751
1.0,1,0.97197264
1.0,1,0.6761712
0.0,0,0.01702312
1.0,1,0.904181
1.0,1,0.7184433
0.0,0,0.008168811
0.0,1,0.6911957
0.0,0,0.069642514
0.0,0,0.2051331
1.0,1,0.7031827
0.0,0,0.0017347907
0.0,0,0.006167916
0.0,0,0.025419708
0.0,0,0.15664616
0.0,0,0.0065651163
1.0,1,0.84663796
1.0,1,0.90923774
1.0,1,0.8994757
0.0,0,0.3931468
1.0,1,0.92312825
0.0,0,0.015124498
1.0,1,0.9815104
1.0,1,0.9730368
0.0,1,0.98107904
1.0,1,0.95126826
0.0,0,0.0050671143
1.0,1,0.96882486
0.0,0,0.022788044
1.0,1,0.98310655
1.0,1,0.9805379
1.0,1,0.79412884
1.0,1,0.98425543
1.0,0,0.55422294
0.0,0,0.0018234878
0.0,1,0.90946096
0.0,0,0.02426769
1.0,1,0.88477004
0.0,0,0.003583228
1.0,1,0.9190881
0.0,0,0.013857195
0.0,0,0.0069139637
0.0,0,0.23280269
1.0,1,0.85092556
1.0,1,0.90814817
1.0,1,0.9473172
1.0,0,0.38925442
0.0,0,0.027124802
0.0,0,0.589955
0.0,0,0.024505008
1.0,0,0.6560155
0.0,0,0.0038493744
1.0,1,0.91537344
0.0,0,0.027130572
0.0,1,0.6615573
1.0,1,0.81057805
0.0,0,0.052429277
1.0,1,0.96765697
1.0,1,0.9333065
1.0,1,0.7969462
0.0,1,0.6655152
1.0,1,0.9823631
0.0,0,0.014613768
0.0,0,0.14824677
0.0,0,0.58822143
0.0,0,0.45661834
0.0,0,0.00045324964
1.0,1,0.979505
1.0,1,0.80165875
1.0,1,0.95628774
0.0,0,0.008005239
0.0,0,0.09543716
0.0,0,0.046898685
0.0,0,0.021794168
1.0,1,0.97922814
0.0,1,0.8109192
1.0,0,0.4412166
1.0,1,0.97306204
1.0,1,0.9006196
0.0,0,0.13154477
0.0,0,0.013147681
1.0,1,0.98558223
1.0,1,0.96995205
1.0,1,0.9885811
1.0,1,0.8953685
0.0,0,0.28174818
1.0,1,0.9765417
1.0,1,0.96041083
0.0,0,0.30694136
1.0,1,0.978962
0.0,0,0.14921689
1.0,0,0.63928264
1.0,1,0.9502991
0.0,0,0.016081909
0.0,0,0.0118422685
1.0,1,0.9356853
1.0,1,0.85785073
0.0,1,0.73264
0.0,0,0.27451608
0.0,0,0.105946206
1.0,1,0.9860519
0.0,0,0.0063213934
0.0,0,0.051679555
1.0,1,0.9756025
0.0,0,0.0045712227
1.0,1,0.83739626
1.0,1,0.98442084
1.0,1,0.8193364
1.0,1,0.97778684
0.0,0,0.003327052
0.0,0,0.21493955
1.0,1,0.975645
0.0,0,0.03413154
1.0,1,0.69159603
1.0,1,0.90891504
0.0,0,0.2250107
0.0,0,0.46605858
0.0,0,0.005683242
0.0,1,0.7662085
0.0,1,0.67686075
0.0,0,0.019925695
0.0,0,0.087494195
1.0,0,0.058655065
0.0,0,0.10110347
0.0,0,0.4475932
1.0,0,0.59356475
0.0,0,0.12743582
1.0,1,0.8978429
1.0,1,0.9340668
1.0,1,0.97745574
1.0,1,0.9519678
1.0,1,0.9555174
0.0,0,0.571103
0.0,0,0.06891992
1.0,0,0.6277367
0.0,0,0.006839565
1.0,1,0.8939199
0.0,0,0.020517219
0.0,0,0.012381679
0.0,0,0.5638705
0.0,0,0.14797916
0.0,0,0.24038108
1.0,1,0.9315733
0.0,0,0.008918874
0.0,0,0.2162294
1.0,0,0.49604324
0.0,0,0.17002138
0.0,0,0.0092295315
0.0,0,0.00795258
0.0,0,0.49556646
1.0,1,0.8862655
0.0,0,0.02893441
0.0,0,0.21683119
1.0,1,0.9464078
1.0,1,0.9839983
1.0,1,0.94959944
1.0,0,0.4261324
1.0,1,0.98333627
1.0,1,0.9688695
0.0,0,0.053764034
0.0,0,0.30921632
1.0,1,0.9130369
1.0,1,0.97032726
1.0,1,0.8986336
0.0,0,0.03880536
0.0,0,0.13193013
1.0,1,0.9151125
0.0,0,0.03190978
0.0,0,0.5386218
0.0,0,0.015318758
0.0,0,0.0012755231
1.0,1,0.98019946
0.0,0,0.016468653
1.0,1,0.98352873
0.0,0,0.07085604
0.0,0,0.004219639
0.0,0,0.05209773
1.0,1,0.98374224
1.0,1,0.8856074
0.0,0,0.05957595
1.0,1,0.8738491
0.0,0,0.047373284
1.0,1,0.92526823
1.0,1,0.86095214
1.0,1,0.95069975
1.0,1,0.9430786
1.0,0,0.60536814
1.0,1,0.9750165
1.0,1,0.95046186
1.0,0,0.21727785
0.0,0,0.03059899
0.0,0,0.010456691
1.0,1,0.8942552
1.0,0,0.5794963
1.0,1,0.96984226
1.0,1,0.9823147
1.0,1,0.9590829
1.0,1,0.9303047
1.0,1,0.8491658
0.0,0,0.30886528
0.0,0,0.026965154
1.0,1,0.8739495
1.0,0,0.16936235
1.0,1,0.9828683
1.0,1,0.8706659
0.0,0,0.012032941
1.0,1,0.89890087
1.0,1,0.8833481
0.0,0,0.07789289
1.0,1,0.9843405
0.0,0,0.20455672
0.0,0,0.14126706
1.0,1,0.9544569
0.0,0,0.011387954
1.0,1,0.9802545
1.0,1,0.95522237
0.0,0,0.5667666
1.0,1,0.83512825
1.0,1,0.9392737
0.0,0,0.5262859
1.0,1,0.92716825
1.0,1,0.7895581
0.0,0,0.024158865
1.0,1,0.9573899
0.0,0,0.0014128684
1.0,1,0.94077426
1.0,1,0.77479285
1.0,1,0.9492392
1.0,1,0.88627076
1.0,1,0.94880414
1.0,1,0.97192377
0.0,1,0.75695956
0.0,0,0.05598073
0.0,0,0.65756816
1.0,1,0.9745273
0.0,0,0.012527524
1.0,1,0.9013408
0.0,1,0.6624324
1.0,0,0.6108941
0.0,1,0.69730407
1.0,1,0.9389732
1.0,1,0.9457259
0.0,0,0.015129449
0.0,0,0.017590662
1.0,0,0.10214506
0.0,0,0.039118566
0.0,0,0.035675414
1.0,1,0.77562165
1.0,1,0.9710278
0.0,0,0.025371647
0.0,0,0.058542714
0.0,0,0.12234262
0.0,0,0.008352954
0.0,0,0.01905245
1.0,1,0.8827642
1.0,0,0.6578158
1.0,1,0.8877466
0.0,0,0.27703214
1.0,1,0.96819234
0.0,0,0.10514854
0.0,0,0.03711029
1.0,1,0.80223894
1.0,0,0.43018526
0.0,0,0.17881186
1.0,1,0.98741186
1.0,1,0.984295
0.0,0,0.0041660285
0.0,0,0.026946727
0.0,1,0.91350716
0.0,0,0.006332035
1.0,1,0.89842373
0.0,1,0.94379777
1.0,1,0.943111
0.0,0,0.1705408
1.0,1,0.9356094
1.0,1,0.9022985
0.0,0,0.30386642
1.0,1,0.7991627
1.0,1,0.8707262
1.0,0,0.099120244
0.0,0,0.046640024
0.0,1,0.9081668
0.0,0,0.09207251
1.0,1,0.91602015
0.0,0,0.00046835083
1.0,1,0.8721759
0.0,0,0.6094707
1.0,1,0.8273881
1.0,1,0.9781662
1.0,1,0.9504478
0.0,1,0.6685984
0.0,0,0.3015822
1.0,1,0.82446444
0.0,0,0.40464106
0.0,0,0.48786974
0.0,0,0.07671238
0.0,0,0.12853067
1.0,1,0.96967417
1.0,1,0.73303056
1.0,1,0.831513
0.0,0,0.009996489
1.0,1,0.8841253
0.0,1,0.78857374
0.0,0,0.014450113
0.0,0,0.03358536
1.0,1,0.9805379
0.0,0,0.010536501
0.0,0,0.20455517
0.0,0,0.32048273
1.0,1,0.7307075
0.0,0,0.39831582
1.0,1,0.98284113
1.0,1,0.96363306
1.0,1,0.9543604
0.0,1,0.9790496
0.0,0,0.009609031
0.0,0,0.14765143
0.0,0,0.028317938
1.0,1,0.8792518
1.0,1,0.8875766
0.0,0,0.12050443
0.0,0,0.10882286
0.0,0,0.011182487
0.0,0,0.083170764
1.0,1,0.84321177
0.0,0,0.5276389
1.0,1,0.97137964
1.0,1,0.9667846
0.0,0,0.047456976
0.0,1,0.78496385
1.0,1,0.7199896
1.0,1,0.96471304
0.0,0,0.5985446
1.0,1,0.84642303
0.0,0,0.10218104
0.0,0,0.17856832
1.0,1,0.96200186
1.0,1,0.7742623
0.0,0,0.0076803872
0.0,0,0.0031091077
0.0,0,0.011706717
1.0,1,0.9482526
1.0,1,0.98717487
0.0,0,0.00377447
1.0,1,0.80739635
0.0,0,0.14380078
0.0,1,0.6842687
0.0,1,0.74413526
1.0,1,0.93612844
0.0,0,0.020106936
1.0,1,0.90319955
0.0,0,0.0016138639
0.0,0,0.012251323
0.0,0,0.3987296
0.0,0,0.10443624
0.0,1,0.84105206
0.0,0,0.02482442
0.0,0,0.25121453
0.0,0,0.21301302
1.0,1,0.9097292
1.0,1,0.9790778
0.0,0,0.036869913
1.0,1,0.95913446
0.0,0,0.011703099
1.0,1,0.96825385
0.0,0,0.025521208
1.0,1,0.9708019
1.0,1,0.8118937
1.0,1,0.92614794
1.0,1,0.9644863
0.0,0,0.0051448494
1.0,1,0.9810972
0.0,0,0.015353869
1.0,1,0.9790081
1.0,1,0.82718515
1.0,1,0.9699347
1.0,1,0.8320261
1.0,1,0.9608287
0.0,0,0.051396444
1.0,1,0.7187869
0.0,0,0.46712932
1.0,1,0.8566952
0.0,0,0.6211498
0.0,0,0.519773
1.0,1,0.8895921
0.0,0,0.032013603
1.0,1,0.9839072
1.0,1,0.9796562
1.0,1,0.91709054
1.0,1,0.9839888
0.0,0,0.035382137
1.0,1,0.9621987
0.0,0,0.072747305
0.0,0,0.0030690723
1.0,1,0.87897384
1.0,1,0.6729508
1.0,1,0.88764805
1.0,1,0.8247839
0.0,1,0.6732311
0.0,0,0.021149462
0.0,0,0.012980481
1.0,1,0.9807679
0.0,0,0.060312096
1.0,0,0.6558679
0.0,0,0.0070772124
1.0,1,0.9833079
1.0,1,0.98477685
0.0,0,0.48629066
0.0,0,0.10765794
1.0,1,0.982924
1.0,1,0.89051384
1.0,1,0.8404446
0.0,0,0.5320032
0.0,0,0.008804035
1.0,1,0.96008754
1.0,1,0.94189435
1.0,1,0.98186314
0.0,0,0.4251165
0.0,0,0.044655528
1.0,1,0.92987484
1.0,1,0.88607323
1.0,1,0.95980096
1.0,0,0.44790778
1.0,1,0.8460685
1.0,0,0.6416393
1.0,1,0.9245335
0.0,0,0.0053405687
0.0,0,0.047124617
0.0,0,0.018842373
1.0,1,0.73356676
1.0,1,0.9506762
1.0,1,0.7934033
1.0,1,0.94514614
0.0,1,0.9276089
1.0,1,0.8870917
1.0,1,0.96698076
0.0,0,0.007891532
0.0,0,0.027471531
0.0,0,0.024932323
1.0,1,0.9121157
1.0,1,0.91397715
1.0,1,0.9836508
1.0,1,0.9805175
0.0,0,0.0482092
0.0,0,0.019402476
1.0,1,0.9182553
1.0,1,0.97844553
1.0,1,0.8965511
1.0,1,0.9092356
1.0,1,0.7422817
1.0,1,0.97975373
1.0,1,0.94911045
1.0,1,0.969087
1.0,1,0.9769309
0.0,0,0.37567514
0.0,1,0.90346485
1.0,1,0.98298717
0.0,0,0.013544458
0.0,0,0.6418828
0.0,0,0.16119133
0.0,0,0.12881126
1.0,1,0.7729323
1.0,1,0.97260886
1.0,1,0.8563624
0.0,0,0.016073218
1.0,0,0.29251102
1.0,1,0.9651684
1.0,1,0.80987954
1.0,1,0.95982397
1.0,1,0.94953793
1.0,1,0.9395734
1.0,1,0.88325596
0.0,0,0.0059510837
0.0,0,0.013166502
0.0,0,0.0025407018
0.0,0,0.37741554
0.0,0,0.039756473
1.0,1,0.94531536
1.0,0,0.33366087
1.0,0,0.5601014
1.0,1,0.6609115
1.0,1,0.9862205
0.0,0,0.38134596
0.0,0,0.036280245
1.0,1,0.9284809
1.0,1,0.98306036
0.0,0,0.002910519
0.0,0,0.27388185
0.0,0,0.17500778
0.0,0,0.0050994554
0.0,0,0.036724743
0.0,0,0.014694614
0.0,0,0.603179
1.0,1,0.97133726
0.0,0,0.040678225
0.0,0,0.006684297
1.0,1,0.9737219
1.0,1,0.87820756
0.0,0,0.025518619
1.0,1,0.9753115
0.0,0,0.19308043
0.0,1,0.8145315
1.0,1,0.9076396
0.0,0,0.106737815
0.0,0,0.26896062
1.0,1,0.9804782
0.0,0,0.37948856
0.0,0,0.20177044
1.0,1,0.8411079
1.0,1,0.9715879
0.0,0,0.0034405733
0.0,0,0.0065946677
0.0,0,0.014708988
0.0,0,0.020531785
1.0,1,0.71387494
0.0,0,0.009607287
0.0,0,0.59128284
1.0,1,0.96547574
1.0,1,0.941065
0.0,0,0.06109174
1.0,1,0.95469505
0.0,0,0.21776828
0.0,0,0.6171063
1.0,1,0.9475349
0.0,0,0.27728555
1.0,1,0.9853993
0.0,0,0.034566604
0.0,0,0.04096125
1.0,1,0.9846012
0.0,0,0.04193374
0.0,0,0.07406737
0.0,0,0.012594461
1.0,1,0.975378
0.0,0,0.10792107
1.0,1,0.922909
1.0,0,0.59207153
0.0,0,0.025387293
1.0,1,0.9683959
0.0,0,0.009593169
0.0,0,0.48813
1.0,1,0.9874145
0.0,0,0.20058802
1.0,1,0.8006916
0.0,0,0.28740206
1.0,1,0.84122545
0.0,0,0.36774847
0.0,0,0.009476654
0.0,0,0.40741348
1.0,1,0.73404145
1.0,1,0.9826717
0.0,1,0.796654
1.0,0,0.6428311
1.0,1,0.7992738
0.0,0,0.35062242
1.0,1,0.9846863
1.0,1,0.9461118
1.0,1,0.9738661
1.0,1,0.97942275
0.0,0,0.017421503
0.0,0,0.39018628
1.0,1,0.7594141
0.0,0,0.020009048
0.0,0,0.07482342
0.0,0,0.40243664
1.0,1,0.8532964
1.0,1,0.9782379
1.0,1,0.89080364
1.0,1,0.97970885
1.0,1,0.85469043
1.0,1,0.94031864
1.0,1,0.9762386
1.0,1,0.82621473
0.0,0,0.21181138
0.0,0,0.13799581
0.0,0,0.008884786
1.0,1,0.7143653
1.0,1,0.9727048
0.0,0,0.053324874
1.0,0,0.09301575
1.0,1,0.9608553
1.0,1,0.90881234
0.0,0,0.003810385
1.0,1,0.97120476
1.0,1,0.89541435
0.0,0,0.26440474
0.0,0,0.044641882
1.0,1,0.82316756
1.0,1,0.92832047
0.0,0,0.021072563
1.0,1,0.9817492
0.0,0,0.108120106
1.0,1,0.9750583
0.0,0,0.006883057
1.0,1,0.9639702
0.0,0,0.2470214
1.0,1,0.68686414
0.0,0,0.1346479
1.0,1,0.9804807
1.0,1,0.9671863
1.0,1,0.9592505
0.0,0,0.009376533
1.0,1,0.97997713
1.0,1,0.98174715
0.0,0,0.02688861
0.0,0,0.06691988
1.0,1,0.90368056
0.0,0,0.0019168814
0.0,0,0.042660672
0.0,0,0.030557955
0.0,0,0.003941324
1.0,1,0.82028276
0.0,0,0.41990206
0.0,0,0.03981163
1.0,1,0.8802472
0.0,1,0.92925
1.0,1,0.93858474
1.0,1,0.8496922
0.0,0,0.21736057
1.0,1,0.71973646
0.0,0,0.035648257
0.0,0,0.06183348
1.0,1,0.6940465
0.0,0,0.4421984
0.0,0,0.02645604
0.0,0,0.016038738
0.0,0,0.3454948
0.0,0,0.019718502
0.0,0,0.006823253
0.0,0,0.35324672
1.0,0,0.6026399
1.0,1,0.98017305
0.0,0,0.002428078
1.0,1,0.8845708
1.0,1,0.80981094
0.0,0,0.27370924
1.0,1,0.96838784
1.0,1,0.9121535
0.0,0,0.17843889
1.0,1,0.91759604
0.0,0,0.019285038
0.0,0,0.03117361
1.0,0,0.63602066
1.0,1,0.9668727
0.0,0,0.1484684
0.0,0,0.14219311
0.0,0,0.13274702
1.0,1,0.9745845
1.0,1,0.9538638
0.0,0,0.51165986
0.0,1,0.75990963
0.0,0,0.017041937
1.0,1,0.9658868
1.0,0,0.47502157
1.0,1,0.95666695
1.0,1,0.96789515
1.0,1,0.81230575
0.0,0,0.02228901
1.0,1,0.98354524
0.0,0,0.5339101
1.0,1,0.98108464
1.0,0,0.5497625
0.0,0,0.07444544
1.0,1,0.7650015
1.0,1,0.960365
0.0,0,0.029655425
1.0,1,0.9742542
1.0,1,0.9774129
1.0,1,0.9685053
1.0,1,0.9660021
0.0,0,0.008450472
1.0,1,0.9496148
1.0,1,0.9262726
0.0,1,0.73666644
0.0,0,0.1348032
1.0,0,0.5210782
1.0,1,0.9820144
1.0,1,0.9828888
1.0,1,0.9673773
1.0,1,0.8220703
0.0,0,0.039022665
1.0,1,0.97831464
1.0,1,0.8843989
0.0,0,0.058280405
0.0,0,0.008203336
1.0,1,0.97391087
1.0,1,0.9216342
1.0,1,0.79381657
1.0,1,0.9468979
1.0,1,0.81632614
1.0,1,0.9792911
0.0,0,0.00141762
0.0,0,0.007939692
0.0,0,0.07800422
0.0,0,0.0029659804
0.0,0,0.018842163
0.0,0,0.12811877
0.0,1,0.9201447
1.0,1,0.7860353
0.0,0,0.3818028
0.0,0,0.09032024
1.0,1,0.78503686
0.0,0,0.28585848
1.0,0,0.28139842
0.0,0,0.085363045
0.0,0,0.017568147
1.0,1,0.70436823
0.0,0,0.06293726
0.0,0,0.009224175
0.0,0,0.18714693
0.0,0,0.58147717
0.0,0,0.47146177
0.0,0,0.30155554
0.0,0,0.6568332
0.0,0,0.010640167
1.0,1,0.93815607
0.0,0,0.34094104
0.0,0,0.14859213
1.0,1,0.71479297
0.0,0,0.62282246
0.0,0,0.5306887
0.0,0,0.07208692
1.0,1,0.6715796
1.0,1,0.9664995
1.0,1,0.89016014
0.0,0,0.01858501
0.0,0,0.16015992
0.0,0,0.012469425
1.0,1,0.9179524
0.0,0,0.22367153
1.0,1,0.7989704
1.0,1,0.7816856
1.0,1,0.9623409
0.0,1,0.6693007
0.0,0,0.044610847
0.0,0,0.50156605
0.0,0,0.2825253
0.0,0,0.008327324
1.0,1,0.9149733
0.0,0,0.00601729
0.0,0,0.30179608
1.0,1,0.9775702
0.0,0,0.21731578
1.0,1,0.98275596
0.0,0,0.022057256
1.0,1,0.94615614
0.0,0,0.037152797
1.0,0,0.4519402
0.0,0,0.44068754
1.0,1,0.96860707
0.0,0,0.038807966
1.0,0,0.50820744
1.0,1,0.9725572
1.0,1,0.789726
0.0,1,0.8150357
0.0,0,0.053306933
0.0,0,0.0016965143
0.0,0,0.01883756
1.0,1,0.75479794
0.0,0,0.011869781
1.0,0,0.60506827
0.0,0,0.008246883
1.0,1,0.89621514
0.0,0,0.14507546
0.0,0,0.022602642
1.0,1,0.95780206
0.0,0,0.11322836
1.0,1,0.98658496
1.0,1,0.9772751
1.0,1,0.97406846
0.0,1,0.88129735
1.0,1,0.9812616
1.0,0,0.61758184
1.0,1,0.9193072
1.0,1,0.9178405
0.0,1,0.9714414
0.0,0,0.28052232
0.0,0,0.14107199
1.0,1,0.9607906
0.0,0,0.014341357
1.0,1,0.97277325
1.0,1,0.72193
0.0,0,0.0075069712
1.0,1,0.9784972
0.0,0,0.064022146
1.0,1,0.9787029
1.0,1,0.861618
1.0,0,0.58627415
0.0,0,0.0017342351
0.0,0,0.025701292
0.0,0,0.12805869
0.0,0,0.07528422
1.0,1,0.864899
1.0,0,0.35401386
1.0,1,0.83761704
1.0,1,0.7318832
1.0,1,0.8478407
0.0,0,0.03482654
0.0,0,0.08122088
0.0,1,0.92101854
1.0,1,0.9815047
1.0,1,0.9690884
0.0,0,0.046917994
1.0,1,0.9720464
1.0,1,0.90284365
0.0,0,0.06391951
1.0,1,0.8523264
0.0,0,0.11357751
0.0,0,0.0052631088
1.0,1,0.9349798
0.0,0,0.050829526
1.0,1,0.9819147
0.0,0,0.14501101
0.0,0,0.06616173
0.0,0,0.018545374
1.0,0,0.6594301
0.0,0,0.13586386
0.0,1,0.672117
1.0,1,0.9097178
1.0,1,0.8741989
0.0,0,0.011389386
1.0,1,0.9604138
1.0,0,0.3880469
0.0,0,0.014734497
0.0,0,0.00036029133
0.0,0,0.44972485
0.0,0,0.08345861
0.0,0,0.42252293
1.0,1,0.94812274
1.0,1,0.6792815
0.0,1,0.7963271
1.0,1,0.9789527
1.0,1,0.96358836
0.0,0,0.01650651
0.0,0,0.025599051
0.0,0,0.022563107
0.0,0,0.0013216875
1.0,0,0.54607666
1.0,1,0.7253244
1.0,1,0.97703916
0.0,0,0.028899077
0.0,0,0.0781943
1.0,1,0.9243133
1.0,1,0.97689265
1.0,1,0.9716062
0.0,0,0.031255644
1.0,1,0.9108195
1.0,0,0.3684809
1.0,1,0.9758913
1.0,1,0.97805756
0.0,0,0.019824991
0.0,1,0.7450817
1.0,0,0.26752636
1.0,1,0.7959557
1.0,1,0.9778135
1.0,1,0.9874311
0.0,0,0.045658447
1.0,1,0.95255655
1.0,1,0.95208037
0.0,0,0.011038342
1.0,1,0.97879964
0.0,0,0.042018496
0.0,0,0.28360093
1.0,1,0.9806201
0.0,0,0.5746794
0.0,0,0.033412
1.0,0,0.5202396
0.0,0,0.030133307
1.0,1,0.9594158
0.0,1,0.82644594
0.0,0,0.00958014
1.0,1,0.98034537
0.0,0,0.02990773
1.0,1,0.93620324
1.0,1,0.920618
0.0,0,0.2733998
0.0,1,0.66195273
0.0,0,0.07824043
1.0,1,0.9094376
1.0,1,0.931502
1.0,1,0.8670104
0.0,0,0.20703873
1.0,1,0.8983128
1.0,1,0.97922933
1.0,1,0.86447346
0.0,0,0.028841242
0.0,0,0.017607423
0.0,0,0.13163607
0.0,0,0.04018411
0.0,0,0.010427197
1.0,1,0.90901023
0.0,0,0.005216366
0.0,0,0.052666847
0.0,0,0.10206049
1.0,1,0.946758
0.0,0,0.22543515
1.0,1,0.84994197
1.0,1,0.9789706
1.0,1,0.9414141
1.0,1,0.89966756
1.0,1,0.970474
0.0,0,0.2775921
1.0,1,0.95107085
1.0,0,0.446213
0.0,0,0.010938561
0.0,0,0.28353328
1.0,1,0.9571794
1.0,1,0.9448243
0.0,0,0.30758265
0.0,0,0.039782386
0.0,0,0.0013640169
0.0,0,0.016099006
1.0,1,0.9236301
0.0,0,0.34467298
0.0,1,0.7515781
0.0,0,0.009672975
1.0,1,0.91256094
1.0,1,0.8230067
0.0,0,0.0122342715
1.0,1,0.7129127
1.0,0,0.6026894
1.0,1,0.8627387
0.0,0,0.007360211
1.0,1,0.89542997
0.0,0,0.41432285
0.0,0,0.4080891
1.0,1,0.79576755
0.0,0,0.17600736
1.0,1,0.97672087
1.0,1,0.9822008
1.0,1,0.96600765
1.0,1,0.89424366
0.0,0,0.110749096
1.0,1,0.97156674
1.0,1,0.9772338
1.0,1,0.98347604
1.0,0,0.57386434
0.0,0,0.016914522
1.0,1,0.9363579
1.0,1,0.9401221
0.0,0,0.016083457
1.0,0,0.5066421
0.0,0,0.4221951
1.0,1,0.9838179
1.0,1,0.93982965
0.0,0,0.017631333
0.0,0,0.58770835
1.0,1,0.97689706
0.0,0,0.0013679079
1.0,1,0.9387438
0.0,0,0.26390633
1.0,1,0.988079
0.0,0,0.4715558
0.0,0,0.04436528
0.0,0,0.09499283
1.0,0,0.46608922
0.0,0,0.09446583
1.0,1,0.98217016
1.0,1,0.8241365
1.0,1,0.94156915
0.0,0,0.021677831
0.0,0,0.13876966
1.0,1,0.9611599
0.0,0,0.004714884
0.0,0,0.005154596
0.0,0,0.15804741
1.0,0,0.47668514
1.0,1,0.9777526
1.0,1,0.9838357
1.0,1,0.97388214
0.0,0,0.013695492
1.0,1,0.9540036
0.0,0,0.0020972094
1.0,1,0.9087351
0.0,0,0.03800187
0.0,0,0.024247589
1.0,1,0.83644086
1.0,1,0.8669104
0.0,0,0.59669304
0.0,0,0.23339829
1.0,1,0.83753073
1.0,1,0.9837616
1.0,1,0.96377033
0.0,0,0.0039154226
0.0,0,0.018429095
0.0,0,0.0691619
0.0,0,0.0067735123
1.0,1,0.9612649
0.0,0,0.45388222
0.0,0,0.35664865
1.0,1,0.9237721
0.0,0,0.17131886
0.0,1,0.9458209
1.0,1,0.98385024
1.0,1,0.9329041
0.0,0,0.1644466
0.0,0,0.021958381
1.0,1,0.95575196
1.0,1,0.98107743
1.0,1,0.95278347
0.0,0,0.001514695
0.0,0,0.034636036
0.0,0,0.05966794
0.0,0,0.49834245
1.0,1,0.8561881
1.0,1,0.9814926
0.0,0,0.07779499
1.0,1,0.9075503
0.0,0,0.11190065
0.0,0,0.0023676543
0.0,0,0.007688492
1.0,0,0.5778998
1.0,1,0.9588392
0.0,0,0.13083313
0.0,0,0.0112987505
0.0,0,0.023386344
1.0,1,0.9436275
1.0,1,0.87386155
0.0,0,0.030139996
0.0,0,0.40192327
1.0,1,0.97151184
0.0,0,0.071205
1.0,1,0.9762065
1.0,1,0.98095644
0.0,0,0.010940551
0.0,0,0.18395531
1.0,1,0.97213244
0.0,0,0.15632676
0.0,0,0.50388944
1.0,1,0.95076406
1.0,1,0.8903212
1.0,1,0.9713732
0.0,0,0.34218615
0.0,0,0.075363085
0.0,0,0.059150845
1.0,1,0.9671403
0.0,0,0.0032763223
0.0,0,0.19821514
1.0,1,0.95653254
0.0,0,0.4093069
0.0,0,0.041992534
1.0,1,0.89984107
1.0,1,0.96575046
0.0,0,0.64273036
0.0,0,0.043982983
0.0,0,0.02170842
0.0,0,0.058411475
0.0,0,0.07944773
1.0,1,0.91902053
0.0,0,0.010677521
1.0,1,0.9714044
1.0,1,0.84130335
1.0,1,0.9715588
0.0,0,0.012214678
0.0,1,0.84426415
1.0,1,0.86558145
0.0,0,0.0086805355
0.0,0,0.13799766
1.0,1,0.89489543
1.0,1,0.9532941
1.0,1,0.9285971
1.0,1,0.7071585
0.0,0,0.19607452
0.0,0,0.017682215
0.0,0,0.0023588804
1.0,1,0.9837745
1.0,0,0.31311896
1.0,1,0.8869144
0.0,1,0.8593628
0.0,0,0.40608275
0.0,0,0.012326616
0.0,0,0.014731368
0.0,0,0.55694485
0.0,0,0.12565617
0.0,0,0.024084114
0.0,0,0.0055997646
0.0,0,0.10668106
0.0,0,0.47308457
0.0,0,0.010907543
0.0,0,0.6167911
1.0,1,0.8784777
0.0,0,0.01531046
0.0,0,0.017012741
1.0,1,0.84743106
0.0,0,0.57561564
0.0,0,0.20295389
1.0,1,0.98385173
0.0,0,0.36881292
1.0,1,0.96940917
0.0,0,0.16058685
0.0,0,0.040679928
1.0,1,0.8142743
1.0,0,0.27841115
1.0,1,0.9116334
1.0,1,0.90967065
1.0,1,0.93274057
1.0,1,0.71002424
0.0,0,0.09154567
1.0,1,0.94230837
1.0,1,0.81725764
0.0,1,0.6782932
1.0,1,0.9679123
1.0,1,0.9863884
1.0,1,0.95254475
0.0,0,0.17128928
1.0,1,0.9751464
1.0,1,0.9628525
0.0,0,0.31840596
0.0,0,0.26627284
1.0,1,0.9497807
0.0,0,0.005018161
1.0,1,0.9831115
1.0,1,0.95671433
1.0,1,0.76202345
0.0,0,0.44922853
0.0,0,0.3146525
1.0,1,0.96480554
1.0,1,0.93051976
1.0,1,0.91688573
0.0,1,0.71657264
0.0,0,0.15953887
1.0,1,0.9587903
0.0,0,0.019567799
1.0,1,0.9778855
0.0,0,0.30894592
1.0,1,0.78655887
0.0,0,0.1154226
1.0,1,0.98442805
0.0,0,0.03194042
1.0,1,0.92591596
1.0,1,0.95120966
1.0,1,0.9435623
1.0,1,0.82852787
0.0,0,0.0069208983
0.0,0,0.30667165
1.0,1,0.93166924
1.0,1,0.9665856
1.0,1,0.90925556
1.0,1,0.7947268
1.0,1,0.9698059
1.0,1,0.84338987
0.0,0,0.3321106
1.0,0,0.49188343
1.0,1,0.8060371
1.0,1,0.9837248
0.0,0,0.006239488
1.0,1,0.9443884
1.0,1,0.9644857
0.0,0,0.41880175
0.0,1,0.97896713
0.0,0,0.055108335
1.0,1,0.9669043
0.0,0,0.04996719
1.0,1,0.82497513
1.0,1,0.789168
0.0,0,0.007596819
1.0,1,0.9778237
1.0,1,0.73418844
1.0,1,0.9493847
1.0,1,0.96071494
0.0,0,0.01658693
1.0,1,0.9748558
1.0,1,0.9701051
0.0,0,0.22823079
1.0,1,0.97828543
0.0,0,0.01031641
0.0,0,0.053637315
0.0,1,0.864413
0.0,0,0.2390075
1.0,0,0.032080162
0.0,0,0.016284257
1.0,1,0.8748632
0.0,0,0.17314765
0.0,0,0.009963265
1.0,1,0.9846347
1.0,1,0.98030734
1.0,1,0.82631695
1.0,1,0.88800156
0.0,0,0.011568467
0.0,0,0.006833805
0.0,1,0.9648565
1.0,1,0.96310925
0.0,0,0.19926894
0.0,0,0.1789168
0.0,0,0.045712933
1.0,0,0.5915704
1.0,1,0.73604715
1.0,1,0.9250864
0.0,0,0.12497043
0.0,0,0.18526918
0.0,0,0.030964274
1.0,1,0.9835614
1.0,0,0.60138273
0.0,0,0.0795621
0.0,0,0.3780505
1.0,1,0.96505666
0.0,1,0.8081586
0.0,0,0.00031514297
1.0,1,0.88596326
1.0,1,0.9201514
1.0,1,0.79928684
0.0,0,0.10108964
1.0,1,0.9848422
1.0,1,0.8204724
1.0,1,0.92810386
1.0,1,0.933253
0.0,0,0.007484271
1.0,1,0.9233355
1.0,0,0.17616837
1.0,1,0.8954956
0.0,0,0.01753995
0.0,0,0.22194715
0.0,0,0.18836558
0.0,0,0.0052408255
0.0,0,0.4025172
1.0,1,0.970575
1.0,1,0.9832163
0.0,0,0.24277306
1.0,0,0.47855452
1.0,1,0.9073519
1.0,1,0.9499738
0.0,0,0.029950313
1.0,1,0.73319936
0.0,0,0.0045721624
0.0,0,0.06330128
1.0,1,0.81965214
1.0,1,0.9854816
0.0,0,0.0045885085
0.0,0,0.24439912
0.0,0,0.050576225
0.0,0,0.009817305
1.0,1,0.8879876
0.0,0,0.25005743
0.0,0,0.011463551
1.0,1,0.9661737
1.0,1,0.9333029
1.0,1,0.73292786
0.0,0,0.01886169
0.0,0,0.10102728
1.0,1,0.8116801
1.0,1,0.9108668
1.0,1,0.9531913
1.0,1,0.9754698
0.0,0,0.020353077
0.0,0,0.102422126
0.0,0,0.17807789
1.0,0,0.5698602
1.0,0,0.3813611
0.0,0,0.6229129
0.0,0,0.6221647
1.0,1,0.954591
1.0,1,0.92514133
1.0,0,0.37219632
1.0,1,0.85125685
0.0,0,0.034231648
0.0,0,0.21119003
1.0,1,0.84187746
0.0,0,0.024877394
0.0,0,0.44050148
1.0,1,0.8628295
1.0,1,0.897454
1.0,1,0.97408915
0.0,0,0.5139099
1.0,1,0.9466867
1.0,1,0.899981
0.0,0,0.53952
0.0,0,0.011527906
1.0,1,0.9506917
0.0,0,0.32645088
0.0,1,0.6821438
0.0,0,0.0044401656
1.0,1,0.9861265
1.0,1,0.77613646
1.0,1,0.8884945
1.0,1,0.941112
0.0,0,0.46611023
0.0,0,0.01391173
0.0,0,0.61268616
0.0,1,0.6664036
0.0,1,0.86857224
1.0,1,0.95451766
1.0,1,0.97197783
1.0,1,0.980436
0.0,0,0.035855036
0.0,0,0.16846283
0.0,0,0.22876386
0.0,0,0.0120383715
1.0,1,0.9837208
1.0,1,0.87163615
0.0,0,0.015715986
1.0,1,0.7458704
1.0,1,0.9280722
1.0,1,0.93648356
0.0,0,0.30721644
1.0,1,0.9091232
1.0,1,0.8789132
1.0,1,0.92688125
1.0,1,0.9747979
0.0,0,0.22689414
0.0,1,0.7277937
1.0,1,0.97789335
1.0,1,0.9333509
0.0,0,0.03708393
1.0,0,0.2986945
1.0,1,0.825668
1.0,1,0.9325389
0.0,0,0.0044437884
1.0,1,0.96814805
1.0,0,0.52292573
0.0,0,0.024166137
1.0,1,0.94242424
1.0,1,0.9846271
0.0,0,0.036131404
0.0,1,0.7484354
0.0,0,0.025082858
0.0,0,0.14487407
0.0,1,0.7538334
1.0,1,0.96699435
1.0,1,0.94222313
0.0,0,0.0025673297
0.0,0,0.005393416
0.0,0,0.24894994
1.0,1,0.6738196
0.0,0,0.11127691
0.0,0,0.01877234
0.0,0,0.22610727
0.0,0,0.52526504
0.0,0,0.05418234
0.0,1,0.91954374
1.0,1,0.97645813
0.0,0,0.1466453
1.0,1,0.8827501
1.0,1,0.83864254
0.0,0,0.011729386
0.0,0,0.020430865
0.0,0,0.103620514
0.0,0,0.027981104
1.0,1,0.9845624
1.0,1,0.9636207
1.0,1,0.9788222
0.0,0,0.013962582
1.0,1,0.98427224
0.0,0,0.36615726
1.0,1,0.95578766
1.0,1,0.7986152
1.0,1,0.96062136
0.0,0,0.055531416
1.0,1,0.8313538
0.0,0,0.53554034
0.0,0,0.021947548
0.0,0,0.3203408
0.0,0,0.18697658
1.0,1,0.96753407
0.0,0,0.42073357
0.0,0,0.17595673
0.0,0,0.0024219113
1.0,1,0.8875332
0.0,0,0.29897803
1.0,1,0.94288796
0.0,0,0.13672468
0.0,0,0.21648885
1.0,1,0.7476537
0.0,0,0.0044120355
0.0,0,0.041914128
0.0,0,0.11558895
1.0,1,0.8901216
1.0,1,0.9657637
1.0,1,0.8169465
0.0,0,0.008714567
0.0,0,0.33590063
0.0,0,0.02015764
1.0,1,0.85477704
1.0,1,0.9170515
0.0,1,0.69049203
0.0,0,0.008819045
1.0,1,0.94020444
0.0,0,0.05570897
1.0,1,0.968767
0.0,0,0.05718895
0.0,0,0.008661041
1.0,1,0.983322
0.0,0,0.18017992
0.0,0,0.03236405
0.0,0,0.051562265
0.0,0,0.19251136
0.0,0,0.037691966
1.0,1,0.9530819
0.0,0,0.015090287
0.0,1,0.91715014
0.0,0,0.08341868
0.0,1,0.6883005
1.0,1,0.98408246
1.0,1,0.86600864
1.0,0,0.627281
1.0,1,0.755013
1.0,1,0.81687516
1.0,1,0.9371111
1.0,1,0.95643973
0.0,0,0.012839833
1.0,1,0.9702678
0.0,0,0.008716306
0.0,0,0.6409414
0.0,0,0.016487129
1.0,1,0.89255786
0.0,0,0.058919303
0.0,0,0.46705866
0.0,1,0.76452464
0.0,0,0.6310626
0.0,0,0.32258525
0.0,0,0.02211259
0.0,0,0.046075843
0.0,0,0.0012697363
0.0,0,0.019459259
1.0,1,0.8388368
1.0,1,0.98331815
0.0,0,0.13911742
0.0,1,0.6978306
0.0,1,0.8684315
0.0,0,0.09222122
0.0,0,0.19888228
0.0,0,0.07168846
1.0,1,0.93575954
1.0,1,0.9781363
0.0,0,0.036467735
0.0,0,0.005387449
1.0,1,0.88879424
0.0,0,0.0010632232
1.0,1,0.88032967
1.0,1,0.87569505
1.0,1,0.9072968
1.0,1,0.97978336
1.0,0,0.62541646
1.0,1,0.8508962
0.0,0,0.01208862
0.0,0,0.38959113
1.0,1,0.95340174
0.0,0,0.14154358
1.0,1,0.9344509
1.0,1,0.95542425
1.0,1,0.9392076
1.0,0,0.5784501
0.0,1,0.86786485
0.0,0,0.012689467
1.0,1,0.98455715
1.0,1,0.92433953
1.0,1,0.782312
1.0,1,0.9330799
0.0,0,0.012035338
0.0,0,0.00057276955
0.0,0,0.14580919
1.0,1,0.8618645
1.0,1,0.9401766
1.0,1,0.81252277
0.0,0,0.064033814
1.0,1,0.9673049
1.0,1,0.9574603
1.0,1,0.91780025
0.0,0,0.20553762
1.0,1,0.976888
0.0,0,0.19857039
0.0,0,0.22039776
1.0,1,0.92567927
0.0,0,0.6354438
1.0,1,0.98130596
1.0,0,0.63753676
0.0,0,0.17051795
0.0,0,0.29226038
0.0,0,0.5895438
0.0,0,0.018763956
1.0,1,0.96386594
1.0,1,0.9562561
0.0,0,0.16424541
0.0,0,0.078748554
0.0,0,0.139739
1.0,1,0.93947107
0.0,0,0.13086851
0.0,0,0.059470832
0.0,0,0.06817597
1.0,1,0.94778264
0.0,0,0.021405574
0.0,0,0.031093908
1.0,0,0.31070286
1.0,1,0.8794137
1.0,1,0.9856162
0.0,0,0.04976054
1.0,1,0.9013513
0.0,0,0.59469235
1.0,1,0.9842382
1.0,0,0.5760342
0.0,1,0.6756261
1.0,1,0.92057776
0.0,0,0.017123844
1.0,1,0.83513963
0.0,0,0.013970607
0.0,0,0.0015119195
0.0,0,0.21266061
1.0,1,0.8108491
1.0,1,0.98159903
0.0,0,0.60320574
1.0,1,0.88330126
1.0,1,0.9837759
0.0,0,0.015085922
0.0,1,0.95805234
0.0,0,0.047737017
0.0,0,0.52345777
0.0,0,0.011169691
1.0,1,0.9816997
0.0,1,0.7940279
1.0,1,0.9344126
0.0,0,0.49146187
0.0,1,0.6944916
1.0,1,0.92302585
1.0,1,0.9834212
1.0,1,0.776229
0.0,0,0.35540718
1.0,1,0.9822997
0.0,0,0.08500324
0.0,0,0.016573884
1.0,1,0.97641057
0.0,0,0.015495376
1.0,1,0.92757237
1.0,1,0.96722454
0.0,1,0.6646652
0.0,0,0.05766276
1.0,1,0.97144294
1.0,1,0.77969706
0.0,0,0.0076559316
0.0,0,0.012568972
1.0,1,0.94425684
0.0,0,0.46804133
1.0,0,0.5689858
1.0,0,0.33859763
0.0,1,0.9164012
1.0,1,0.9728421
1.0,1,0.92852986
0.0,0,0.19448298
0.0,0,0.01998115
1.0,1,0.9165284
1.0,1,0.9714137
0.0,0,0.0787603
0.0,0,0.010948789
1.0,1,0.98405725
1.0,1,0.8890089
0.0,0,0.43597102
1.0,1,0.8678447
1.0,1,0.9070665
1.0,1,0.9877499
0.0,0,0.016311081
0.0,0,0.0049737273
0.0,0,0.10117505
1.0,1,0.87429285
1.0,1,0.77842057
0.0,0,0.041450642
1.0,1,0.8558304
0.0,0,0.15427755
1.0,1,0.8656961
1.0,1,0.98458755
0.0,0,0.24709861
0.0,0,0.657855
1.0,1,0.9153099
0.0,1,0.7117074
0.0,0,0.020958658
0.0,1,0.8529017
0.0,0,0.01652621
1.0,1,0.97880733
1.0,1,0.7752707
0.0,0,0.18371078
1.0,0,0.5839129
0.0,0,0.09587643
0.0,0,0.31463832
1.0,1,0.9818279
0.0,0,0.1646173
0.0,0,0.0019036571
0.0,0,0.26297182
0.0,0,0.0016861468
1.0,1,0.8997124
0.0,0,0.13579729
0.0,0,0.14718851
0.0,0,0.5726007
0.0,0,0.20675065
0.0,0,0.10092047
1.0,1,0.9498101
0.0,0,0.270487
0.0,0,0.3941594
0.0,1,0.69869256
1.0,0,0.43615273
0.0,1,0.7151987
1.0,1,0.8001541
0.0,0,0.34978437
0.0,0,0.11790823
0.0,0,0.001049916
1.0,1,0.94926417
1.0,1,0.93939376
1.0,1,0.94745076
1.0,1,0.9542277
0.0,0,0.12589806
1.0,1,0.82391113
0.0,0,0.2396337
1.0,1,0.9493373
0.0,0,0.34598193
0.0,0,0.01453952
1.0,1,0.87593174
1.0,0,0.6551075
0.0,0,0.105802454
1.0,1,0.9760796
1.0,1,0.8297788
0.0,0,0.00799323
0.0,0,0.3948332
0.0,0,0.57823324
1.0,1,0.89525604
1.0,1,0.9697436
0.0,0,0.011528983
0.0,0,0.009665546
1.0,0,0.5435687
1.0,1,0.83218044
1.0,1,0.96441287
1.0,1,0.9783339
0.0,0,0.006417568
0.0,0,0.1398964
1.0,1,0.8953186
1.0,1,0.974864
1.0,0,0.42205122
1.0,1,0.97691375
1.0,1,0.91487885
1.0,1,0.9611949
0.0,1,0.6632298
0.0,0,0.18579532
0.0,0,0.13092312
1.0,1,0.97343636
1.0,1,0.7132484
0.0,0,0.38406077
0.0,0,0.08533435
0.0,0,0.021514725
1.0,1,0.9811168
1.0,1,0.8148654
0.0,0,0.034140058
1.0,0,0.10720992
0.0,0,0.41354567
0.0,0,0.21135235
0.0,0,0.0183558
1.0,1,0.978126
1.0,1,0.92109907
0.0,0,0.05748369
1.0,1,0.7039293
1.0,1,0.98618346
1.0,1,0.96719813
0.0,0,0.315623
0.0,0,0.014550704
1.0,1,0.9635697
0.0,0,0.004850959
0.0,0,0.016727267
0.0,0,0.04475456
0.0,0,0.26613122
1.0,1,0.73709524
0.0,0,0.03152613
1.0,1,0.8557852
1.0,1,0.8344573
1.0,1,0.78974307
1.0,1,0.96780837
1.0,1,0.9277261
1.0,1,0.97063035
1.0,1,0.8478201
1.0,1,0.9572449
1.0,1,0.98268956
0.0,1,0.70378685
0.0,0,0.014584024
1.0,1,0.9748791
1.0,1,0.95075804
0.0,0,0.14207302
1.0,1,0.958792
0.0,0,0.07143354
1.0,1,0.7896302
1.0,1,0.91475564
1.0,1,0.9750254
0.0,0,0.6171012
0.0,0,0.07854889
1.0,1,0.979347
1.0,1,0.8039274
1.0,1,0.9163024
1.0,1,0.97537446
0.0,1,0.69618785
1.0,1,0.9808447
0.0,0,0.020363467
1.0,1,0.9827607
0.0,0,0.3938644
0.0,1,0.6660553
0.0,0,0.2943957
0.0,0,0.21944925
1.0,1,0.8001645
0.0,0,0.5344769
1.0,1,0.9768543
0.0,0,0.00567462
0.0,0,0.041969687
0.0,0,0.016139373
1.0,1,0.9360159
1.0,1,0.86095244
1.0,0,0.5333502
0.0,0,0.50628424
1.0,1,0.9081038
0.0,0,0.0073185824
0.0,0,0.0103197545
0.0,0,0.4478129
1.0,1,0.95432556
0.0,0,0.3469846
1.0,1,0.8225012
1.0,1,0.7803383
0.0,0,0.03533221
1.0,1,0.8812283
1.0,1,0.9839911
1.0,1,0.8212651
1.0,1,0.7919555
1.0,1,0.9639685
0.0,0,0.069984905
0.0,0,0.037724383
0.0,0,0.01571119
1.0,1,0.9712977
1.0,1,0.8933385
1.0,1,0.95528585
1.0,1,0.98335433
1.0,1,0.90114415
0.0,0,0.13655701
1.0,1,0.97656065
0.0,0,0.18802908
1.0,1,0.8085395
0.0,0,0.0026739738
0.0,0,0.23820354
1.0,1,0.81030375
0.0,1,0.6956168
0.0,1,0.8148292
0.0,1,0.8221657
1.0,1,0.9815843
1.0,1,0.8301338
0.0,0,0.0072883777
0.0,0,0.63994694
1.0,1,0.9176409
1.0,1,0.9844755
0.0,0,0.011288452
1.0,1,0.93958855
1.0,1,0.95642483
1.0,1,0.6795753
0.0,0,0.13214724
1.0,0,0.64449143
0.0,0,0.20687313
1.0,1,0.96196604
1.0,1,0.96984625
0.0,0,0.0022072655
1.0,1,0.9384209
0.0,1,0.7727971
1.0,1,0.7438988
1.0,1,0.9702188
1.0,1,0.7229382
0.0,0,0.076807745
1.0,1,0.76554096
0.0,0,0.22778255
0.0,0,0.3760535
1.0,1,0.9782404
1.0,1,0.958885
1.0,1,0.98240364
0.0,0,0.004931523
1.0,1,0.8735885
1.0,1,0.9022663
1.0,1,0.9315051
1.0,1,0.985025
1.0,1,0.7851229
1.0,1,0.9641748
0.0,0,0.002824365
1.0,1,0.96408
1.0,1,0.98336923
0.0,0,0.008175191
0.0,0,0.18721534
1.0,1,0.7602017
1.0,1,0.9577273
0.0,0,0.045590412
1.0,1,0.9607795
0.0,0,0.029042223
0.0,0,0.044536613
1.0,1,0.9162355
0.0,0,0.017816234
1.0,1,0.80790555
0.0,0,0.33750474
0.0,0,0.2914971
0.0,1,0.8537392
0.0,0,0.6076575
1.0,1,0.95242107
0.0,0,0.028392013
1.0,1,0.92799914
0.0,0,0.008517135
1.0,1,0.8606054
1.0,0,0.5585283
1.0,0,0.49965724
0.0,0,0.5256853
0.0,0,0.011799803
0.0,0,0.2587431
0.0,0,0.011749811
1.0,1,0.97744906
0.0,0,0.20963363
1.0,1,0.8237313
1.0,1,0.9835794
0.0,0,0.05138749
0.0,0,0.022559743
0.0,0,0.035165403
1.0,1,0.9746533
1.0,1,0.95078045
0.0,1,0.89261234
1.0,1,0.9615084
1.0,1,0.7719022
1.0,1,0.7158114
0.0,0,0.094886795
0.0,0,0.36504924
1.0,1,0.98205996
0.0,0,0.0071438
0.0,0,0.12013648
0.0,0,0.06325428
1.0,1,0.98418427
0.0,0,0.04590176
1.0,1,0.86840487
0.0,1,0.76499975
1.0,1,0.9385179
0.0,0,0.039794482
0.0,0,0.0045293835
1.0,1,0.75250316
1.0,1,0.9638967
1.0,0,0.6499574
1.0,1,0.8641695
0.0,0,0.16871841
0.0,0,0.03889451
1.0,1,0.92946243
0.0,0,0.38027078
0.0,0,0.41958088
1.0,1,0.8500366
1.0,1,0.83370185
0.0,0,0.50092995
1.0,1,0.95494413
1.0,0,0.49485767
0.0,0,0.16574906
0.0,0,0.6105691
0.0,0,0.009849113
1.0,1,0.9436864
0.0,0,0.003238528
1.0,1,0.9124515
0.0,0,0.02670467
1.0,1,0.936137
0.0,0,0.0049685333
0.0,0,0.009806149
1.0,1,0.98230726
0.0,0,0.18405782
1.0,1,0.96731675
1.0,1,0.9560227
0.0,0,0.003955316
0.0,0,0.022002166
1.0,1,0.98305976
1.0,0,0.5962321
0.0,0,0.46000955
0.0,0,0.36693653
0.0,1,0.80952346
1.0,1,0.9807919
0.0,0,0.25094977
0.0,0,0.32061931
0.0,0,0.053787686
1.0,1,0.78161407
0.0,0,0.207259
1.0,0,0.17669147
0.0,0,0.19079107
0.0,0,0.026254797
1.0,1,0.98212326
0.0,0,0.12762961
1.0,1,0.91847944
1.0,1,0.87450427
1.0,1,0.98181576
1.0,1,0.9319155
1.0,1,0.95677483
0.0,0,0.0055615115
0.0,0,0.04790531
1.0,1,0.9579342
0.0,0,0.20131168
0.0,0,0.0055301273
1.0,1,0.9130442
1.0,1,0.9215267
1.0,1,0.97613186
0.0,0,0.52104324
0.0,0,0.12693588
1.0,1,0.968836
0.0,0,0.2529157
1.0,1,0.9667608
1.0,1,0.9584232
0.0,1,0.84305966
0.0,0,0.22833946
1.0,1,0.9362452
0.0,0,0.17652819
0.0,0,0.2098813
1.0,1,0.9817307
1.0,1,0.77053285
0.0,1,0.6781465
1.0,1,0.7840835
1.0,1,0.8997976
1.0,1,0.97322935
0.0,1,0.8538984
0.0,0,0.00925545
0.0,0,0.007510471
1.0,0,0.31970024
1.0,1,0.9830653
0.0,0,0.0013618803
0.0,0,0.22197257
1.0,1,0.95899075
0.0,1,0.9610175
0.0,1,0.7305883
1.0,1,0.85081947
0.0,0,0.047985654
1.0,1,0.97076684
0.0,0,0.0715074
0.0,1,0.82417274
1.0,1,0.836804
0.0,0,0.42806086
1.0,1,0.97260624
0.0,1,0.6957185
0.0,0,0.02108253
1.0,0,0.56638837
1.0,1,0.9856756
0.0,0,0.402062
0.0,0,0.14322606
1.0,1,0.94334376
1.0,1,0.94189614
1.0,1,0.82415044
1.0,1,0.8926318
0.0,0,0.00834144
0.0,0,0.02893181
1.0,1,0.8888644
1.0,1,0.801695
0.0,0,0.38844326
0.0,0,0.26606828
0.0,0,0.15522529
0.0,0,0.062369756
0.0,0,0.01818225
1.0,1,0.7886367
1.0,0,0.6453811
0.0,0,0.023659185
1.0,0,0.5658469
0.0,0,0.0030534822
1.0,1,0.9354841
0.0,0,0.611853
1.0,1,0.96729577
0.0,1,0.8743599
0.0,0,0.58515716
1.0,1,0.877426
0.0,0,0.008830444
0.0,0,0.033012744
0.0,0,0.29918686
0.0,0,0.029708883
1.0,1,0.8805023
0.0,0,0.12463084
1.0,1,0.9526099
0.0,0,0.27521998
0.0,0,0.006913014
1.0,1,0.8953998
1.0,1,0.83603233
0.0,0,0.30592883
1.0,1,0.9671405
1.0,1,0.9615964
0.0,0,0.00974558
1.0,1,0.9824852
0.0,0,0.124965966
0.0,0,0.5162869
0.0,0,0.4788211
1.0,1,0.97686005
1.0,1,0.9727976
1.0,1,0.8163034
1.0,1,0.74170226
0.0,0,0.009350376
0.0,1,0.78671604
0.0,0,0.009855849
0.0,0,0.0124145495
0.0,0,0.038355187
1.0,1,0.95609635
1.0,1,0.95591235
0.0,0,0.1815499
1.0,1,0.74737364
1.0,1,0.9816653
0.0,0,0.01726091
1.0,1,0.9522665
1.0,1,0.9045743
0.0,0,0.05247504
1.0,1,0.9409902
1.0,1,0.90215874
1.0,1,0.8545503
0.0,0,0.11930848
1.0,1,0.9468686
1.0,1,0.92610765
0.0,0,0.031811778
0.0,0,0.010551356
1.0,1,0.98394847
0.0,0,0.23672906
1.0,1,0.86972195
1.0,1,0.7970086
0.0,0,0.23172243
1.0,1,0.93285155
1.0,1,0.979829
1.0,1,0.94540584
0.0,0,0.257213
0.0,0,0.35507914
0.0,0,0.040101916
0.0,0,0.3689211
0.0,0,0.23409353
1.0,1,0.96622664
0.0,0,0.33466586
1.0,1,0.9773159
1.0,1,0.9076402
1.0,1,0.9829392
1.0,1,0.74815774
0.0,0,0.009616398
0.0,0,0.01149386
1.0,1,0.9375543
1.0,1,0.7676893
1.0,1,0.96675754
0.0,0,0.0068102395
1.0,1,0.89690626
0.0,0,0.41482428
0.0,0,0.43952444
1.0,1,0.9402146
1.0,1,0.9601904
1.0,1,0.873776
0.0,0,0.102687605
1.0,1,0.95846266
1.0,1,0.98536426
1.0,1,0.98468757
1.0,1,0.94676673
0.0,0,0.04965898
0.0,0,0.11003543
0.0,0,0.5661939
1.0,1,0.981505
1.0,1,0.9412127
1.0,1,0.94796747
0.0,0,0.041910216
0.0,0,0.109230444
0.0,0,0.4223241
0.0,0,0.3044054
1.0,1,0.9549666
1.0,1,0.90642303
1.0,1,0.959454
1.0,1,0.98529416
0.0,0,0.005113878
1.0,0,0.6358474
1.0,1,0.96496534
0.0,0,0.22685778
0.0,0,0.0064248014
1.0,1,0.78094923
1.0,1,0.9703911
1.0,1,0.9123605
1.0,1,0.89259714
0.0,0,0.045948867
0.0,0,0.006145628
1.0,1,0.880317
1.0,1,0.9319837
0.0,0,0.17493053
1.0,1,0.98343754
1.0,1,0.97090197
1.0,1,0.9525707
1.0,1,0.7298655
0.0,0,0.08332452
1.0,1,0.9828084
1.0,1,0.6691835
0.0,0,0.15885323
1.0,1,0.9752682
0.0,0,0.08362585
1.0,1,0.8669288
1.0,0,0.5828258
0.0,0,0.001842064
1.0,1,0.93199
1.0,1,0.8803621
0.0,0,0.6536555
1.0,1,0.9821206
0.0,0,0.106920816
1.0,1,0.97081083
0.0,0,0.070470035
1.0,1,0.9782839
0.0,0,0.5455034
1.0,1,0.7222694
0.0,0,0.14105865
1.0,1,0.9674922
0.0,0,0.038633246
0.0,0,0.3421256
0.0,0,0.08648197
1.0,1,0.9804245
0.0,0,0.21436304
0.0,0,0.0139288455
0.0,0,0.011205699
1.0,0,0.023313398
0.0,0,0.17588998
1.0,1,0.90545857
1.0,1,0.8921007
1.0,1,0.94298184
0.0,0,0.43816218
1.0,1,0.94730175
0.0,0,0.09266931
0.0,0,0.019725196
0.0,0,0.01026137
0.0,0,0.12075895
1.0,1,0.8327575
1.0,1,0.8867371
1.0,1,0.7046007
0.0,0,0.009756017
0.0,1,0.84982836
1.0,1,0.89631563
0.0,0,0.07368351
0.0,0,0.58345026
0.0,0,0.5356154
0.0,0,0.015236547
0.0,0,0.0018270384
0.0,0,0.3768478
0.0,0,0.13769937
0.0,0,0.021920163
0.0,0,0.018880973
1.0,1,0.87154
1.0,1,0.823891
0.0,0,0.05762578
1.0,1,0.8789644
0.0,0,0.27071592
1.0,1,0.8346018
1.0,1,0.8002738
1.0,1,0.8264891
1.0,1,0.9368474
0.0,0,0.013010242
1.0,1,0.8341695
0.0,0,0.0029525035
0.0,0,0.16697071
0.0,1,0.8303002
1.0,1,0.7165797
1.0,1,0.93259203
1.0,1,0.9744781
1.0,1,0.88576764
1.0,1,0.8059379
0.0,1,0.8072119
1.0,1,0.90561765
0.0,0,0.0048632156
0.0,1,0.77496403
0.0,0,0.42380175
1.0,1,0.944666
1.0,1,0.90340185
0.0,0,0.032171868
1.0,1,0.82030916
0.0,0,0.0033861718
1.0,1,0.84164894
1.0,1,0.94549644
0.0,0,0.02009155
0.0,0,0.28501362
0.0,0,0.07676762
1.0,1,0.8570193
0.0,0,0.0077505778
1.0,1,0.69766337
0.0,0,0.006872459
1.0,1,0.95782256
0.0,1,0.9204395
0.0,0,0.10852432
1.0,1,0.89998007
0.0,0,0.657128
1.0,1,0.97755283
1.0,1,0.9765251
1.0,1,0.8389909
1.0,1,0.9134095
1.0,1,0.967101
0.0,0,0.07432839
1.0,1,0.8581982
1.0,1,0.82175237
0.0,0,0.31394175
0.0,0,0.5401549
0.0,0,0.109546505
0.0,0,0.0068555777
1.0,1,0.94398963
1.0,1,0.97240096
1.0,1,0.96927124
1.0,1,0.9691361
0.0,0,0.013264828
1.0,1,0.951557
1.0,1,0.79299486
1.0,0,0.61572343
0.0,1,0.9036877
1.0,0,0.5565541
0.0,0,0.07821
0.0,0,0.43475753
0.0,0,0.011621749
0.0,0,0.63686144
0.0,0,0.6377182
1.0,1,0.856267
0.0,0,0.6456088
0.0,0,0.00932592
0.0,0,0.47203326
1.0,1,0.9661195
0.0,0,0.006343338
0.0,0,0.016722132
0.0,0,0.10616329
1.0,1,0.98383707
0.0,0,0.09700118
1.0,1,0.9534988
0.0,0,0.045904104
1.0,1,0.94134915
1.0,1,0.9830313
0.0,1,0.83848053
0.0,0,0.272636
0.0,0,0.12705964
1.0,1,0.96020895
1.0,1,0.92403066
0.0,0,0.059178427
1.0,1,0.904345
1.0,1,0.8457593
0.0,0,0.5046493
1.0,1,0.9488881
0.0,0,0.008140467
0.0,0,0.015052
0.0,0,0.099090196
0.0,0,0.12706698
0.0,0,0.001228085
1.0,1,0.8473384
0.0,0,0.35540023
1.0,1,0.9714863
0.0,0,0.028621778
0.0,0,0.028385833
0.0,0,0.43940735
0.0,0,0.09259951
1.0,1,0.90111244
1.0,1,0.8888275
0.0,0,0.022419728
1.0,1,0.7714812
1.0,1,0.9355764
1.0,1,0.9516681
1.0,1,0.98529756
0.0,0,0.08409875
1.0,1,0.9812779
1.0,1,0.8410504
0.0,0,0.5652495
1.0,1,0.9151319
1.0,1,0.93278474
1.0,1,0.96770567
0.0,0,0.24244666
1.0,1,0.9697036
1.0,1,0.9762131
0.0,0,0.027504135
0.0,0,0.19282335
1.0,1,0.9786393
0.0,0,0.11541488
1.0,1,0.8691406
1.0,1,0.78114367
0.0,0,0.12661411
0.0,0,0.053146016
1.0,1,0.8645661
0.0,0,0.009114609
0.0,0,0.4816657
1.0,0,0.40310118
0.0,0,0.053951856
0.0,0,0.3427931
1.0,1,0.9216126
1.0,1,0.98798585
1.0,1,0.97892237
1.0,1,0.6901597
1.0,1,0.9824387
0.0,0,0.0074984957
0.0,0,0.3642087
1.0,1,0.95739245
1.0,1,0.91814995
1.0,1,0.98197883
1.0,0,0.64016867
0.0,0,0.63537705
1.0,1,0.8347218
0.0,1,0.73354876
1.0,0,0.38398403
0.0,0,0.00543292
0.0,0,0.035993
0.0,0,0.19280674
1.0,1,0.9470089
0.0,0,0.41676092
0.0,0,0.026944254
0.0,0,0.02243582
1.0,1,0.9703915
1.0,1,0.9742398
0.0,0,0.0034138865
1.0,0,0.32480296
0.0,0,0.048766512
0.0,0,0.08538575
1.0,0,0.44876033
0.0,1,0.9177482
1.0,1,0.68996227
1.0,1,0.90128535
1.0,1,0.6662867
1.0,1,0.85690975
0.0,0,0.6235113
1.0,1,0.9476469
0.0,0,0.052146554
1.0,1,0.821797
1.0,1,0.8796333
1.0,1,0.9664971
0.0,0,0.32957035
1.0,1,0.92900765
0.0,0,0.24673232
1.0,1,0.7406645
1.0,1,0.92467266
1.0,1,0.9746101
0.0,0,0.012829841
1.0,1,0.9137352
1.0,0,0.28187257
0.0,0,0.015250189
0.0,0,0.015518823
0.0,0,0.0032251643
1.0,1,0.9036432
1.0,1,0.7817142
0.0,0,0.028401641
1.0,1,0.98075926
1.0,1,0.9424628
0.0,0,0.26542494
0.0,0,0.12943214
0.0,1,0.8193476
1.0,1,0.9163754
1.0,0,0.57768655
0.0,0,0.014633214
0.0,0,0.43964714
0.0,0,0.32543886
0.0,0,0.04704702
0.0,0,0.10826314
0.0,0,0.014849817
0.0,1,0.78483975
1.0,1,0.9021991
0.0,0,0.05643661
0.0,0,0.0026004126
0.0,0,0.014303612
0.0,0,0.02297155
1.0,1,0.95434713
0.0,0,0.2282361
0.0,0,0.14331129
1.0,1,0.9826006
0.0,0,0.49465162
1.0,1,0.967824
1.0,1,0.9764672
1.0,1,0.94354117
0.0,0,0.01437897
1.0,1,0.98586524
1.0,1,0.94737417
1.0,1,0.9340821
1.0,1,0.95947033
0.0,0,0.6256508
1.0,0,0.35031772
0.0,0,0.039497174
0.0,0,0.38759857
0.0,0,0.016181178
0.0,0,0.38732073
0.0,0,0.11191738
0.0,0,0.0039874692
1.0,1,0.9746926
0.0,0,0.071309574
1.0,1,0.97906333
1.0,1,0.98278344
1.0,1,0.98438066
1.0,1,0.985578
0.0,1,0.981865
0.0,0,0.33499962
1.0,1,0.95426774
1.0,1,0.8764215
0.0,0,0.08034356
1.0,1,0.94983095
1.0,1,0.90975887
0.0,0,0.011767807
0.0,0,0.29135224
1.0,1,0.9188419
1.0,1,0.97518325
0.0,0,0.44910142
1.0,1,0.9782703
1.0,1,0.9385315
0.0,1,0.9125742
1.0,1,0.830346
0.0,1,0.6774827
0.0,1,0.8644304
0.0,0,0.110819355
1.0,1,0.78834856
0.0,0,0.03557331
0.0,0,0.09609653
0.0,1,0.9625079
1.0,1,0.95405835
1.0,1,0.9848485
0.0,0,0.6026939
1.0,1,0.9834267
0.0,0,0.0019025757
0.0,0,0.5597491
1.0,1,0.9739391
0.0,0,0.6097367
0.0,0,0.5803596
0.0,0,0.0055202474
0.0,0,0.43956777
0.0,0,0.009912547
1.0,1,0.7952143
1.0,1,0.9696353
0.0,0,0.116981395
0.0,0,0.45677367
0.0,0,0.072959505
1.0,1,0.9684051
0.0,0,0.02546815
0.0,0,0.0056281835
1.0,1,0.9797199
1.0,1,0.876491
0.0,0,0.34956565
0.0,0,0.006561541
1.0,1,0.9656809
0.0,0,0.025155332
1.0,1,0.8773991
1.0,1,0.7383729
1.0,1,0.96315926
0.0,0,0.07916537
1.0,1,0.9269878
1.0,1,0.9182416
1.0,0,0.31384355
0.0,0,0.05129617
0.0,0,0.096087396
1.0,1,0.9767395
0.0,0,0.045759544
1.0,1,0.7699772
0.0,0,0.2807188
0.0,0,0.20263991
1.0,1,0.9047482
1.0,1,0.9729687
1.0,1,0.91005033
1.0,1,0.96530545
1.0,1,0.9134317
0.0,0,0.0059273653
1.0,0,0.17781669
0.0,0,0.013178824
0.0,1,0.8530552
0.0,1,0.7348147
0.0,0,0.22181773
1.0,1,0.9701468
0.0,0,0.008045812
1.0,1,0.8984904
0.0,0,0.3587071
0.0,0,0.10844415
1.0,1,0.6909614
0.0,0,0.05230807
0.0,0,0.017873272
1.0,1,0.8306753
0.0,0,0.2754233
0.0,0,0.003812744
0.0,0,0.25735626
0.0,0,0.6284579
1.0,1,0.81558394
0.0,0,0.047405627
0.0,0,0.0770214
1.0,1,0.8327761
1.0,1,0.96236104
0.0,0,0.3573844
1.0,1,0.7398233
0.0,1,0.91617906
0.0,0,0.6273258
0.0,0,0.33527714
0.0,0,0.0346756
0.0,0,0.03199357
0.0,0,0.03240256
1.0,1,0.98261666
1.0,1,0.7573863
0.0,0,0.14112146
0.0,1,0.8106636
1.0,1,0.98235184
1.0,1,0.8924942
1.0,1,0.90909755
0.0,0,0.00042698032
1.0,1,0.9721962
1.0,1,0.97604465
1.0,1,0.96517473
1.0,1,0.9505941
1.0,0,0.36952984
1.0,0,0.48692998
1.0,1,0.9850572
1.0,1,0.7616946
0.0,0,0.01622671
0.0,0,0.4003522
1.0,1,0.9152933
1.0,1,0.96734023
1.0,1,0.9749256
0.0,0,0.0061664027
1.0,1,0.9790518
1.0,1,0.9658319
0.0,1,0.83189154
0.0,0,0.47268996
1.0,1,0.9775849
1.0,1,0.96707046
1.0,1,0.94777673
1.0,1,0.979948
1.0,1,0.8043121
0.0,0,0.5286033
0.0,0,0.5416971
0.0,0,0.6564253
0.0,0,0.11656457
1.0,1,0.9734622
1.0,1,0.9203455
0.0,0,0.3686233
1.0,1,0.9508551
0.0,0,0.015021485
1.0,1,0.96209854
1.0,1,0.93395895
1.0,1,0.9706935
0.0,0,0.014403122
0.0,0,0.047621693
1.0,1,0.9849053
1.0,0,0.55102664
1.0,1,0.94998884
0.0,0,0.15878712
1.0,1,0.9788361
1.0,1,0.8288978
0.0,0,0.55913913
0.0,0,0.04655449
1.0,1,0.82709146
1.0,1,0.66271317
0.0,0,0.016152782
1.0,1,0.7784682
1.0,1,0.98367935
1.0,1,0.9771042
0.0,0,0.0009209917
1.0,1,0.9162608
1.0,1,0.9783902
1.0,1,0.8467801
1.0,1,0.9627063
0.0,0,0.010672506
0.0,0,0.38681278
0.0,0,0.51429105
1.0,1,0.9437266
0.0,0,0.003544923
0.0,0,0.008811687
1.0,1,0.89952546
1.0,1,0.96195495
0.0,0,0.007051258
1.0,1,0.9738411
1.0,1,0.96976143
0.0,0,0.017125698
0.0,0,0.03266089
0.0,0,0.41170818
1.0,1,0.98371214
0.0,0,0.2927103
1.0,1,0.9559356
0.0,0,0.47239357
1.0,1,0.9021068
0.0,0,0.005361582
0.0,0,0.00085996103
0.0,0,0.054485943
0.0,1,0.8633021
1.0,1,0.7574971
0.0,0,0.5095694
1.0,1,0.8211974
1.0,1,0.7052648
0.0,0,0.404679
1.0,1,0.8848505
0.0,0,0.41670507
1.0,1,0.9760989
1.0,1,0.9015888
1.0,1,0.90532136
0.0,0,0.3628044
1.0,1,0.78319746
0.0,0,0.0070175542
1.0,1,0.7303269
0.0,0,0.009533091
1.0,0,0.45085225
0.0,0,0.23672216
0.0,0,0.46970022
0.0,1,0.68131185
0.0,0,0.003926565
0.0,0,0.020495648
1.0,1,0.85844785
1.0,1,0.8549123
1.0,1,0.7957629
1.0,1,0.96752304
0.0,0,0.007740748
1.0,0,0.39418072
1.0,1,0.88236904
0.0,0,0.64951944
0.0,0,0.017352175
0.0,0,0.0030127186
0.0,1,0.70812905
0.0,1,0.79852426
1.0,1,0.9833885
1.0,1,0.9205297
1.0,0,0.3684547
1.0,1,0.7393763
0.0,0,0.39829883
1.0,1,0.8433939
1.0,1,0.8681171
0.0,0,0.066968046
1.0,0,0.45669138
1.0,1,0.95005506
0.0,0,0.15401159
1.0,1,0.97770613
0.0,0,0.24134259
0.0,1,0.7133737
0.0,0,0.034151174
0.0,0,0.52236074
0.0,0,0.12134411
1.0,1,0.9040872
1.0,1,0.95273095
0.0,0,0.47425756
1.0,1,0.9540213
0.0,0,0.010642119
1.0,1,0.85643977
1.0,1,0.9638576
0.0,0,0.006265519
1.0,1,0.97349465
1.0,1,0.89975923
0.0,0,0.045347225
1.0,1,0.9508077
0.0,0,0.13346043
1.0,1,0.95980114
1.0,1,0.98290974
0.0,0,0.14241284
0.0,0,0.002848563
1.0,0,0.3725884
0.0,0,0.2698455
1.0,1,0.9750064
0.0,0,0.02632501
1.0,1,0.98000956
1.0,1,0.93812406
1.0,1,0.97518617
0.0,0,0.61047065
0.0,0,0.32208666
0.0,0,0.014368364
0.0,0,0.61151004
0.0,0,0.0061344868
0.0,0,0.15402782
1.0,1,0.92860574
1.0,0,0.3901458
0.0,0,0.0052060606
0.0,0,0.45610893
0.0,0,0.01889474
1.0,1,0.88457215
1.0,1,0.9745582
1.0,1,0.9456891
1.0,0,0.33533514
1.0,1,0.7289908
1.0,1,0.7388158
1.0,1,0.9768054
0.0,0,0.21498846
0.0,0,0.06762688
1.0,1,0.8601371
1.0,1,0.9080423
0.0,0,0.08656237
0.0,0,0.0949616
0.0,0,0.19848368
0.0,0,0.22380227
0.0,0,0.64172626
0.0,0,0.0314535
1.0,1,0.9495629
0.0,0,0.03428316
1.0,1,0.9865669
0.0,0,0.047693264
0.0,0,0.044040192
0.0,0,0.07872595
0.0,0,0.3501935
0.0,0,0.009269383
0.0,0,0.37993887
1.0,1,0.9720967
0.0,0,0.015369894
0.0,0,0.027783487
0.0,0,0.03412939
1.0,1,0.967973
0.0,0,0.23640482
0.0,0,0.057674807
0.0,0,0.012514276
0.0,0,0.04440472
0.0,0,0.19646262
0.0,0,0.023550758
0.0,0,0.01477493
1.0,1,0.8192376
1.0,1,0.80379725
0.0,0,0.019389054
1.0,1,0.9687582
1.0,1,0.9449235
0.0,0,0.015465127
1.0,1,0.9307631
0.0,0,0.21427765
1.0,1,0.93122125
1.0,1,0.9594151
1.0,1,0.8098476
1.0,1,0.9609721
1.0,1,0.79524237
1.0,1,0.93070716
0.0,0,0.10359704
1.0,1,0.97152084
0.0,0,0.005440539
0.0,0,0.05944848
0.0,0,0.26007938
0.0,1,0.8684453
0.0,0,0.006409941
1.0,1,0.98534685
1.0,1,0.9822237
0.0,0,0.011121752
0.0,0,0.07667281
0.0,0,0.00278304
1.0,1,0.9870586
0.0,0,0.23271039
1.0,1,0.96996456
0.0,1,0.88175726
0.0,0,0.41521925
1.0,1,0.9254224
0.0,0,0.024237026
0.0,0,0.07593337
1.0,1,0.8823311
1.0,1,0.77793384
1.0,1,0.9398365
0.0,0,0.083026566
0.0,0,0.043484807
0.0,0,0.016110845
0.0,0,0.6497949
0.0,0,0.09879328
1.0,1,0.9492142
1.0,1,0.9621181
0.0,0,0.14073682
0.0,0,0.02719528
1.0,1,0.9704352
0.0,0,0.45364612
0.0,1,0.665668
1.0,1,0.89795107
0.0,0,0.20858735
1.0,1,0.94655776
0.0,0,0.013921472
0.0,0,0.0066044116
1.0,1,0.86749816
1.0,1,0.85783184
0.0,0,0.056114748
1.0,1,0.83683026
0.0,0,0.105313085
1.0,1,0.9730859
0.0,0,0.5273595
0.0,0,0.07017578
1.0,1,0.85453355
1.0,1,0.8698133
0.0,0,0.03740475
0.0,0,0.030146178
0.0,0,0.34790805
0.0,0,0.017681785
1.0,1,0.9026927
1.0,1,0.9519514
1.0,1,0.94308376
1.0,1,0.98170525
0.0,0,0.36933985
1.0,1,0.97797376
1.0,1,0.9612073
1.0,1,0.92116916
1.0,1,0.9509945
1.0,0,0.49262187
1.0,1,0.9743743
0.0,0,0.31895933
0.0,0,0.6083607
1.0,1,0.98581284
1.0,1,0.9825102
0.0,0,0.052208506
1.0,1,0.96641564
0.0,0,0.011962012
0.0,0,0.1164471
0.0,0,0.01727928
1.0,1,0.8939177
1.0,1,0.8809824
0.0,0,0.005793901
0.0,0,0.083178714
1.0,1,0.9765375
1.0,1,0.9424137
1.0,1,0.7059557
0.0,0,0.0067041423
0.0,0,0.5208908
0.0,0,0.18604627
0.0,0,0.07583374
1.0,1,0.9354304
0.0,0,0.03161662
0.0,0,0.03294657
1.0,1,0.89455926
0.0,0,0.4831855
0.0,0,0.2876213
0.0,0,0.0027383936
1.0,1,0.9743771
1.0,1,0.9269388
0.0,0,0.255027
1.0,1,0.9589603
0.0,1,0.8448341
0.0,1,0.6632508
1.0,1,0.9789392
0.0,0,0.0039236345
1.0,1,0.94330996
0.0,0,0.007496792
0.0,0,0.000103246835
1.0,1,0.9378767
1.0,1,0.9712256
0.0,0,0.14800274
0.0,0,0.007987783
0.0,0,0.002984639
0.0,0,0.018468322
1.0,1,0.9748755
0.0,0,0.0044039954
0.0,0,0.019859016
0.0,0,0.21656829
0.0,0,0.026302762
1.0,1,0.802623
1.0,1,0.96537197
1.0,1,0.9195107
1.0,1,0.81248504
0.0,1,0.69114673
1.0,1,0.9854603
1.0,0,0.45571655
0.0,0,0.022605272
1.0,1,0.9138631
0.0,0,0.014432183
0.0,0,0.21896271
1.0,1,0.8643363
1.0,1,0.8186055
1.0,0,0.65282667
0.0,0,0.3569023
0.0,0,0.48552558
1.0,1,0.9327432
0.0,0,0.07091151
0.0,0,0.05577187
1.0,1,0.96634746
1.0,1,0.9858916
0.0,0,0.44635388
1.0,1,0.9721469
1.0,1,0.9326097
0.0,0,0.1591237
1.0,1,0.9381824
0.0,0,0.4628142
0.0,0,0.012574886
1.0,1,0.96125674
0.0,0,0.05341172
1.0,1,0.98135936
1.0,1,0.9722853
1.0,1,0.9234037
0.0,1,0.79801697
0.0,0,0.6099591
1.0,1,0.9826264
1.0,1,0.93304604
0.0,0,0.015425893
1.0,1,0.9826131
1.0,1,0.9317348
0.0,0,0.65593684
0.0,0,0.56138384
0.0,0,0.00861547
1.0,1,0.9768655
1.0,1,0.9773263
1.0,1,0.9825252
1.0,1,0.8800798
0.0,0,0.15895812
1.0,1,0.9456179
0.0,0,0.012869505
0.0,0,0.0058997464
1.0,1,0.98231834
0.0,0,0.056570936
0.0,0,0.12170272
0.0,0,0.53161335
1.0,1,0.935834
1.0,1,0.77417
1.0,1,0.979008
1.0,1,0.9356386
1.0,1,0.71462584
1.0,1,0.9845684
1.0,1,0.94234324
0.0,0,0.5048308
0.0,0,0.0071011367
1.0,1,0.8600703
1.0,0,0.48330575
0.0,0,0.004936805
1.0,1,0.71208036
0.0,0,0.045128535
1.0,0,0.54658467
1.0,1,0.98309153
0.0,0,0.0110428035
0.0,0,0.09420593
0.0,0,0.020296462
0.0,0,0.3113485
1.0,1,0.8755293
0.0,0,0.15393013
1.0,1,0.9813446
0.0,0,0.4816956
0.0,0,0.2587363
1.0,1,0.9786782
1.0,1,0.85035646
1.0,1,0.68280184
0.0,0,0.13357133
0.0,0,0.4277256
0.0,1,0.8591791
1.0,1,0.98494226
1.0,1,0.9172791
1.0,1,0.9374112
0.0,1,0.83967894
1.0,1,0.9590748
1.0,1,0.9517415
0.0,0,0.078796
1.0,0,0.59815943
0.0,0,0.004161708
0.0,0,0.009515783
1.0,1,0.95893157
0.0,0,0.012313898
1.0,1,0.9766231
0.0,0,0.41206354
0.0,1,0.6772866
1.0,1,0.91311085
0.0,0,0.020765347
0.0,0,0.032822672
1.0,1,0.67986524
0.0,0,0.23850174
1.0,1,0.9249652
0.0,0,0.3450765
0.0,0,0.64959854
0.0,0,0.5803741
1.0,1,0.9375585
1.0,1,0.89297014
1.0,0,0.1380718
0.0,0,0.041026227
0.0,0,0.29011104
0.0,0,0.04305331
0.0,0,0.005759125
0.0,0,0.009458329
1.0,1,0.9817439
0.0,0,0.0051839384
0.0,0,0.040262997
0.0,0,0.13605228
0.0,0,0.04307204
0.0,0,0.018143501
1.0,1,0.9505521
0.0,1,0.6795287
1.0,1,0.9605537
0.0,0,0.22014189
1.0,1,0.9529328
0.0,0,0.4530151
1.0,1,0.9858296
1.0,1,0.91299284
0.0,0,0.3369885
0.0,0,0.0750575
0.0,0,0.021286806
0.0,0,0.4547588
0.0,0,0.023309408
1.0,1,0.95231646
1.0,1,0.86703014
0.0,0,0.0595955
1.0,1,0.8445026
1.0,1,0.9723301
0.0,1,0.6690882
0.0,0,0.5929346
0.0,0,0.09018785
0.0,0,0.016775616
0.0,0,0.2466995
0.0,1,0.8182685
0.0,0,0.009454063
1.0,1,0.7660023
1.0,1,0.9169275
1.0,1,0.9857241
0.0,0,0.023559615
0.0,0,0.013060189
0.0,0,0.024770273
0.0,0,0.20588446
0.0,0,0.0024444482
0.0,0,0.20080458
1.0,1,0.7602494
0.0,0,0.6257095
0.0,0,0.03446568
0.0,0,0.05401823
1.0,1,0.7568512
0.0,0,0.4541733
0.0,0,0.05578145
1.0,1,0.94323236
0.0,0,0.14021681
0.0,0,0.0042765974
1.0,1,0.90913546
1.0,1,0.68535876
0.0,0,0.004018993
0.0,0,0.007977584
1.0,1,0.9709766
0.0,0,0.312875
0.0,0,0.010672092
0.0,0,0.0020367226
0.0,0,0.0053668637
1.0,1,0.8773685
0.0,0,0.060183026
0.0,1,0.96857655
0.0,0,0.3527742
1.0,1,0.94579756
1.0,1,0.91255224
1.0,1,0.9782744
1.0,1,0.9857058
1.0,1,0.7977266
0.0,0,0.0067318752
0.0,0,0.04581874
1.0,1,0.70556283
1.0,1,0.9799921
0.0,0,0.21112496
0.0,0,0.10430194
1.0,1,0.8769969
1.0,1,0.9122707
0.0,0,0.60518545
1.0,1,0.98308885
1.0,1,0.8972319
1.0,0,0.62354827
1.0,1,0.98274666
0.0,0,0.0034054527
0.0,0,0.0031289044
1.0,1,0.9816798
1.0,1,0.96554387
0.0,1,0.7771049
1.0,1,0.9758795
0.0,0,0.37055397
1.0,1,0.9759341
1.0,1,0.9849488
0.0,0,0.028470477
0.0,0,0.033049162
1.0,1,0.9494054
1.0,1,0.9777967
0.0,0,0.024543388
0.0,1,0.6856261
0.0,0,0.41475704
1.0,0,0.6378428
1.0,1,0.9569738
1.0,1,0.96050256
1.0,1,0.973447
1.0,1,0.91122496
0.0,0,0.014022515
1.0,1,0.9813542
1.0,1,0.96333176
1.0,1,0.8701686
1.0,0,0.5158397
1.0,1,0.9679855
1.0,1,0.7788125
0.0,0,0.0055485955
0.0,0,0.02062943
0.0,0,0.03232362
1.0,1,0.708313
0.0,0,0.21342859
1.0,1,0.83385503
0.0,0,0.36447844
1.0,1,0.8936807
1.0,1,0.75056493
0.0,0,0.28610247
0.0,0,0.24483302
0.0,0,0.13383682
0.0,0,0.061020598
0.0,0,0.0076592546
1.0,1,0.9644472
0.0,0,0.0032757926
0.0,0,0.40057167
1.0,1,0.8525135
0.0,0,0.011972847
0.0,0,0.10873835
1.0,1,0.78931147
0.0,0,0.4187174
0.0,0,0.028225852
1.0,1,0.9380732
1.0,1,0.9808246
1.0,1,0.96805257
0.0,0,0.02257491
1.0,1,0.66517586
1.0,1,0.98421186
0.0,0,0.53183806
0.0,0,0.26722434
1.0,1,0.9816911
1.0,1,0.9820835
0.0,0,0.5337057
1.0,1,0.8984329
1.0,1,0.8938284
0.0,0,0.005311145
1.0,1,0.82645154
1.0,1,0.98183155
1.0,1,0.94655764
0.0,1,0.8686573
1.0,1,0.98248464
1.0,1,0.7896459
1.0,1,0.921506
1.0,1,0.9862574
0.0,0,0.34681085
1.0,1,0.97733366
1.0,1,0.9667954
1.0,0,0.4398828
1.0,1,0.86138123
1.0,0,0.3619516
0.0,0,0.29634652
0.0,0,0.12459873
1.0,1,0.93316096
1.0,1,0.9752454
1.0,1,0.9268984
1.0,1,0.98322374
0.0,0,0.030253729
1.0,1,0.76897085
0.0,0,0.31235588
0.0,0,0.03682622
0.0,0,0.08866724
1.0,0,0.5745208
0.0,0,0.027662065
1.0,1,0.98115253
1.0,1,0.8810736
0.0,0,0.2808053
0.0,0,0.21072794
0.0,0,0.016208498
1.0,1,0.7276323
1.0,1,0.97540957
1.0,0,0.57674116
0.0,1,0.76120996
1.0,1,0.9208226
0.0,0,0.0021170056
1.0,1,0.88918644
0.0,0,0.0392789
0.0,0,0.17726026
0.0,0,0.1286596
0.0,0,0.036152698
0.0,0,0.0020283405
0.0,1,0.90188426
0.0,0,0.24897462
0.0,0,0.006141398
1.0,1,0.7319983
0.0,0,0.0014992501
0.0,1,0.89625067
1.0,1,0.9783683
0.0,1,0.7268212
0.0,0,0.19498874
0.0,0,0.019925341
1.0,1,0.984531
1.0,1,0.9349822
1.0,1,0.94895315
1.0,1,0.963788
1.0,1,0.8345531
0.0,0,0.2896014
0.0,0,0.5161332
0.0,0,0.0044507477
1.0,1,0.6652031
1.0,1,0.98336387
0.0,0,0.13570519
0.0,0,0.11700233
0.0,0,0.39873302
1.0,1,0.91950685
0.0,0,0.059011187
1.0,1,0.87166727
0.0,0,0.059209168
1.0,1,0.94973385
0.0,0,0.0069207735
0.0,0,0.20296273
1.0,1,0.8646785
0.0,0,0.020394575
1.0,1,0.89061105
1.0,1,0.97058743
1.0,1,0.974995
0.0,1,0.96773684
0.0,0,0.01111524
0.0,0,0.021447781
1.0,1,0.97828454
1.0,1,0.9852536
1.0,1,0.89988333
1.0,1,0.93988216
0.0,0,0.5202354
0.0,0,0.014964009
1.0,1,0.943522
0.0,0,0.39871848
1.0,1,0.86036533
1.0,1,0.969209
0.0,0,0.0305297
0.0,0,0.0038470053
1.0,1,0.96120876
0.0,0,0.008154633
1.0,1,0.90389675
1.0,1,0.96034604
1.0,1,0.8933782
1.0,1,0.8341047
1.0,0,0.60557985
0.0,0,0.57434916
0.0,0,0.007830738
0.0,0,0.010995952
0.0,0,0.097174
1.0,1,0.8246457
1.0,1,0.90604997
1.0,1,0.9835796
0.0,0,0.008688466
1.0,1,0.98140275
1.0,0,0.5287076
1.0,0,0.4056396
1.0,1,0.97174484
1.0,1,0.8908615
0.0,0,0.0053005926
1.0,1,0.9860391
0.0,0,0.0043054814
1.0,1,0.8463583
0.0,0,0.2647627
1.0,0,0.45797578
0.0,0,0.035446838
1.0,1,0.95911896
0.0,1,0.9015062
1.0,1,0.9145305
0.0,0,0.026595043
1.0,1,0.9651563
0.0,0,0.025122073
1.0,1,0.956823
1.0,1,0.9529739
1.0,0,0.05847996
1.0,1,0.6830996
0.0,0,0.25109988
0.0,0,0.027929842
0.0,0,0.2849982
0.0,0,0.004593586
0.0,0,0.57977945
0.0,0,0.008719928
0.0,0,0.32587057
0.0,0,0.032332778
0.0,0,0.004549693
0.0,0,0.5804204
0.0,0,0.29114223
1.0,1,0.9190812
1.0,1,0.9859537
0.0,0,0.0050564134
1.0,1,0.9425256
1.0,0,0.57725346
0.0,0,0.020524707
1.0,1,0.9467549
0.0,0,0.018979032
0.0,0,0.018502366
1.0,1,0.9786516
0.0,1,0.7276459
1.0,1,0.93719846
1.0,1,0.6677623
1.0,1,0.89995074
0.0,0,0.046905823
1.0,1,0.9738098
0.0,0,0.013055409
1.0,1,0.8473793
0.0,0,0.09267956
1.0,1,0.89619774
1.0,1,0.9688043
1.0,1,0.87084424
1.0,1,0.9774807
1.0,1,0.8848636
0.0,0,0.0749217
1.0,1,0.95901585
1.0,1,0.9504254
1.0,1,0.6920355
0.0,0,0.25553536
1.0,1,0.9613844
1.0,1,0.80897117
1.0,0,0.5351706
1.0,0,0.5112865
1.0,1,0.95700896
1.0,1,0.982675
0.0,0,0.09027803
0.0,0,0.19290987
0.0,0,0.010587225
1.0,1,0.94556266
0.0,0,0.2143392
0.0,0,0.008184418
1.0,1,0.96955526
0.0,0,0.5925478
1.0,1,0.9806674
0.0,0,0.3352827
1.0,1,0.97497904
0.0,0,0.004736668
1.0,1,0.6894928
0.0,1,0.66049093
0.0,0,0.02947715
0.0,0,0.1322768
0.0,1,0.72559714
0.0,0,0.14483602
1.0,1,0.97765595
0.0,0,0.55629003
1.0,1,0.8986795
0.0,0,0.09353464
0.0,0,0.0073279277
1.0,1,0.9531158
0.0,0,0.025228107
1.0,1,0.97416794
1.0,1,0.9700682
0.0,0,0.20818876
0.0,0,0.02062946
1.0,1,0.88587195
1.0,1,0.96554595
1.0,1,0.95451194
0.0,0,0.035942096
1.0,1,0.93540156
1.0,1,0.74728525
0.0,0,0.010128725
1.0,0,0.45297498
1.0,1,0.8307387
0.0,1,0.719615
1.0,1,0.96448046
1.0,1,0.96449584
0.0,0,0.41672248
1.0,1,0.89376503
0.0,0,0.10060142
0.0,0,0.13413231
0.0,0,0.2546769
0.0,0,0.016469736
1.0,0,0.5087888
0.0,0,0.15652086
1.0,1,0.96473426
1.0,1,0.7761089
1.0,1,0.9792404
0.0,0,0.010026934
0.0,0,0.07343476
1.0,1,0.8936512
0.0,0,0.60160923
1.0,1,0.9671847
0.0,0,0.07960928
1.0,1,0.9723648
0.0,0,0.4220704
0.0,0,0.027158393
0.0,0,0.1698154
0.0,0,0.039050605
0.0,0,0.114267044
1.0,1,0.97250277
1.0,1,0.9038157
0.0,0,0.01966894
1.0,0,0.53336036
0.0,0,0.003226202
0.0,0,0.2359611
0.0,0,0.0025737898
0.0,0,0.017997624
1.0,1,0.8860285
1.0,1,0.9449187
1.0,1,0.9654114
0.0,0,0.068460815
0.0,0,0.49122244
0.0,0,0.010955095
1.0,1,0.9773451
1.0,1,0.9222679
1.0,1,0.9797962
1.0,1,0.9447843
0.0,0,0.10077687
1.0,1,0.7963133
0.0,0,0.012285988
1.0,1,0.94148815
0.0,0,0.3433184
0.0,0,0.16402769
1.0,1,0.9831994
0.0,0,0.0075433454
1.0,1,0.69864035
1.0,1,0.9694904
0.0,1,0.6969611
0.0,0,0.012568954
1.0,1,0.98355234
1.0,1,0.9610465
0.0,0,0.40296963
0.0,0,0.050540145
0.0,0,0.04073514
0.0,0,0.4397643
0.0,0,0.06894909
0.0,0,0.038255412
0.0,1,0.939213
1.0,1,0.9512893
1.0,1,0.7612211
0.0,0,0.09541699
0.0,0,0.021549176
0.0,0,0.2851612
1.0,0,0.068598
1.0,1,0.9512072
1.0,1,0.7043292
1.0,1,0.95406294
0.0,0,0.5717836
1.0,1,0.9599701
1.0,1,0.84453773
0.0,0,0.0140313255
0.0,0,0.012850959
0.0,0,0.026968293
0.0,0,0.0045302804
0.0,0,0.45916548
0.0,0,0.056670673
0.0,0,0.6211742
0.0,0,0.4447098
0.0,1,0.9185406
0.0,0,0.095029235
0.0,0,0.0104349535
0.0,0,0.023510123
1.0,0,0.5322125
0.0,0,0.10113725
1.0,1,0.9638151
1.0,1,0.949662
0.0,0,0.2912091
0.0,0,0.21093781
0.0,0,0.0110162515
1.0,1,0.80254203
0.0,0,0.0026113933
1.0,1,0.76259184
1.0,0,0.33866963
1.0,1,0.8874705
1.0,1,0.84271514
0.0,0,0.14281382
1.0,1,0.97937626
0.0,0,0.0018584392
0.0,0,0.013031867
0.0,0,0.12508245
1.0,1,0.9843619
0.0,0,0.06192401
1.0,0,0.4007278
0.0,0,0.026842896
0.0,0,0.009084741
1.0,1,0.8903323
1.0,1,0.9672028
1.0,1,0.9243455
0.0,1,0.76506424
1.0,1,0.8609866
1.0,1,0.9387982
0.0,0,0.00234633
0.0,0,0.43011373
1.0,1,0.94705516
0.0,0,0.60260683
1.0,1,0.78467023
1.0,1,0.8975328
0.0,1,0.71700144
1.0,1,0.9732431
0.0,0,0.5588529
1.0,1,0.8217499
1.0,1,0.978423
0.0,0,0.042043455
0.0,0,0.011168965
0.0,0,0.029376414
1.0,0,0.46074715
0.0,0,0.001783257
1.0,1,0.97334564
0.0,0,0.048340894
1.0,1,0.9504537
1.0,1,0.8117083
1.0,1,0.7283575
1.0,1,0.8961026
0.0,0,0.27353975
1.0,1,0.9386007
1.0,1,0.7546637
1.0,0,0.6479194
0.0,0,0.01909883
1.0,1,0.95516306
0.0,0,0.42436388
0.0,0,0.65086687
1.0,1,0.929579
1.0,1,0.95195377
0.0,0,0.34390545
0.0,0,0.025519434
0.0,0,0.45667607
0.0,1,0.88571835
1.0,1,0.8489046
1.0,0,0.5451292
1.0,1,0.97691226
1.0,1,0.93519795
1.0,1,0.8218358
0.0,0,0.041633077
1.0,1,0.95453537
0.0,0,0.50481653
0.0,0,0.31456378
0.0,0,0.00512549
0.0,0,0.0579247
0.0,0,0.19819362
1.0,1,0.91263455
0.0,0,0.044294998
0.0,0,0.15535651
1.0,1,0.8410946
1.0,1,0.89429575
1.0,1,0.98705995
0.0,0,0.5221709
0.0,0,0.5157181
0.0,1,0.81088984
0.0,0,0.07505538
1.0,1,0.8678912
0.0,0,0.10981172
1.0,1,0.85548115
1.0,1,0.94738066
1.0,1,0.80130416
0.0,0,0.00332271
0.0,0,0.07255513
1.0,1,0.76643467
0.0,0,0.122527845
1.0,1,0.9552151
1.0,1,0.71962804
0.0,0,0.0029376952
0.0,0,0.061303027
1.0,1,0.9418931
0.0,0,0.009627076
0.0,1,0.67481387
1.0,1,0.9758257
0.0,0,0.0034587292
1.0,1,0.9785982
1.0,1,0.9668674
1.0,1,0.94788957
0.0,0,0.42226687
1.0,1,0.8714396
0.0,0,0.29625338
0.0,0,0.48358738
0.0,0,0.006340132
1.0,1,0.9368714
0.0,0,0.018832337
0.0,0,0.39981654
0.0,0,0.024986364
0.0,0,0.6218102
1.0,1,0.97767353
0.0,0,0.035326652
1.0,1,0.97393036
1.0,1,0.79784006
1.0,0,0.5623436
1.0,1,0.9668722
0.0,0,0.11316508
0.0,0,0.017138215
1.0,1,0.92265606
1.0,1,0.7504143
0.0,0,0.09213491
1.0,1,0.76697457
1.0,1,0.9240965
0.0,0,0.0017034358
0.0,0,0.229188
0.0,0,0.16843684
1.0,0,0.5811691
1.0,1,0.9732398
0.0,0,0.011938989
1.0,1,0.8417386
0.0,0,0.034866024
1.0,1,0.88458014
0.0,0,0.057668857
0.0,0,0.4335374
0.0,0,0.009424285
0.0,0,0.22704901
0.0,0,0.07702406
1.0,1,0.946295
0.0,0,0.29121616
0.0,1,0.78887665
0.0,0,0.014949228
0.0,1,0.77276325
1.0,1,0.8696955
0.0,0,0.52310205
0.0,1,0.8436817
1.0,1,0.6999092
1.0,0,0.13668816
0.0,0,0.2877669
1.0,1,0.98379195
0.0,0,0.0050917566
0.0,0,0.1932248
1.0,1,0.80987465
0.0,0,0.18570809
0.0,0,0.5461216
0.0,0,0.37118828
0.0,0,0.30577812
1.0,1,0.9327168
1.0,0,0.54144245
0.0,0,0.004006286
1.0,1,0.8731817
1.0,1,0.8963441
1.0,1,0.97752905
0.0,0,0.07838895
1.0,1,0.93740267
0.0,0,0.029605221
1.0,1,0.87471706
0.0,0,0.0049843625
1.0,1,0.85974085
1.0,1,0.94088745
0.0,0,0.099230334
0.0,1,0.7924504
1.0,1,0.7974866
1.0,1,0.96096885
1.0,1,0.96319556
1.0,1,0.8407459
1.0,1,0.9857271
1.0,1,0.9502349
1.0,1,0.9766243
0.0,0,0.0024270236
1.0,1,0.9153192
0.0,0,0.2577726
0.0,0,0.18744588
0.0,0,0.007063567
1.0,1,0.7680215
0.0,0,0.02006414
0.0,0,0.005297153
1.0,1,0.9835227
1.0,1,0.9750323
1.0,1,0.92869914
0.0,1,0.9221981
1.0,0,0.572749
1.0,1,0.9176676
0.0,1,0.7370355
0.0,0,0.13714485
1.0,1,0.7420354
1.0,1,0.8528253
0.0,0,0.41557392
0.0,0,0.013497075
1.0,0,0.6415729
0.0,0,0.03821971
0.0,0,0.09372878
1.0,1,0.9078612
1.0,1,0.8338429
0.0,0,0.5363023
1.0,1,0.7976588
0.0,0,0.00039098482
1.0,1,0.9725739
0.0,0,0.025546664
0.0,0,0.015704896
0.0,0,0.01482907
0.0,0,0.48863548
0.0,0,0.62074053
1.0,1,0.96945745
0.0,0,0.06813645
1.0,1,0.7578922
0.0,0,0.63005793
1.0,1,0.9439769
0.0,0,0.15963459
1.0,1,0.9410513
0.0,0,0.26918122
1.0,0,0.41382435
1.0,1,0.80479634
0.0,0,0.29823202
0.0,0,0.46536854
1.0,1,0.98521864
0.0,0,0.17096825
1.0,0,0.1771802
0.0,0,0.0075516175
0.0,0,0.013965063
0.0,0,0.43115574
0.0,1,0.910224
0.0,0,0.0030519702
0.0,0,0.08970697
0.0,1,0.7410537
1.0,1,0.9055964
0.0,0,0.019099267
1.0,1,0.9142172
0.0,0,0.3001442
0.0,0,0.0047108424
1.0,1,0.9818714
0.0,1,0.85394853
0.0,0,0.011347188
0.0,0,0.018308003
0.0,0,0.0018405294
1.0,1,0.9494641
0.0,0,0.013323033
1.0,1,0.9324548
1.0,1,0.79947233
0.0,0,0.105905816
1.0,1,0.9561901
0.0,1,0.68936884
1.0,0,0.5150436
1.0,1,0.8156654
1.0,1,0.75481075
0.0,0,0.078409255
1.0,1,0.91351414
1.0,1,0.96944004
0.0,0,0.041116197
0.0,0,0.025945691
1.0,1,0.943131
0.0,0,0.011102511
0.0,0,0.08193755
1.0,1,0.9846444
0.0,0,0.009906432
1.0,1,0.9630706
1.0,1,0.83788633
1.0,1,0.9356156
0.0,0,0.014148209
0.0,0,0.0018263967
1.0,1,0.9713447
0.0,0,0.044525806
1.0,1,0.9625279
1.0,1,0.7915949
1.0,1,0.74170923
1.0,1,0.91416764
0.0,0,0.015884856
1.0,1,0.8640945
0.0,0,0.42624465
1.0,1,0.9720938
1.0,1,0.95509624
1.0,1,0.6625582
0.0,0,0.24569951
0.0,0,0.28668854
1.0,1,0.9755596
0.0,0,0.003061587
0.0,0,0.11793231
1.0,1,0.78753936
0.0,0,0.2348007
0.0,0,0.28893676
1.0,1,0.9645077
1.0,1,0.84629387
1.0,1,0.9044516
1.0,0,0.43264297
1.0,0,0.1366347
1.0,1,0.9018096
1.0,0,0.5807008
0.0,0,0.027837133
1.0,1,0.9795491
0.0,0,0.017946962
1.0,1,0.97014266
1.0,0,0.40290385
1.0,1,0.9622729
0.0,0,0.12354013
1.0,1,0.88049465
0.0,0,0.0031737506
0.0,1,0.689224
0.0,0,0.5194676
1.0,1,0.85463053
1.0,1,0.98098814
0.0,0,0.21318285
0.0,0,0.074047245
1.0,1,0.9749608
1.0,1,0.8275103
0.0,0,0.65567863
1.0,1,0.9566931
0.0,0,0.0071662045
1.0,1,0.9806801
0.0,0,0.019767737
0.0,0,0.006980553
1.0,1,0.9752159
0.0,0,0.23542728
0.0,0,0.38008484
1.0,1,0.9234017
0.0,0,0.1488873
1.0,1,0.8991596
1.0,1,0.9749381
0.0,0,0.38059518
0.0,0,0.016872892
1.0,1,0.9603959
1.0,1,0.9669561
0.0,0,0.0006122964
0.0,0,0.43215123
1.0,1,0.9387949
1.0,1,0.9673502
1.0,1,0.75954103
0.0,0,0.18381506
1.0,0,0.5885482
1.0,1,0.9055529
0.0,0,0.046889286
0.0,0,0.0032201244
0.0,0,0.016919043
1.0,1,0.8949767
1.0,1,0.8289566
0.0,1,0.9177714
1.0,1,0.8313352
1.0,1,0.95508397
0.0,0,0.003915406
0.0,0,0.14376613
0.0,0,0.0029888079
1.0,1,0.98619086
0.0,0,0.023493832
0.0,0,0.34645534
0.0,0,0.0046872073
0.0,0,0.12621644
1.0,1,0.87735605
0.0,0,0.0051186034
1.0,1,0.9819636
0.0,0,0.073387146
0.0,0,0.12214483
1.0,1,0.9214248
1.0,1,0.7803601
1.0,1,0.8898394
0.0,0,0.12554164
0.0,0,0.48428768
0.0,0,0.02376202
1.0,0,0.61943924
1.0,0,0.16417928
0.0,0,0.19846164
0.0,0,0.030113433
1.0,1,0.9867385
0.0,0,0.005263279
1.0,1,0.95688945
0.0,0,0.005762522
1.0,1,0.80977416
1.0,1,0.85437626
1.0,1,0.9838118
1.0,1,0.8385834
1.0,1,0.96032256
1.0,1,0.93260723
1.0,1,0.9001114
1.0,1,0.785705
1.0,1,0.8806447
1.0,1,0.96697223
1.0,1,0.98148257
1.0,1,0.9533297
1.0,1,0.81044686
0.0,0,0.10483036
1.0,1,0.91594476
0.0,0,0.0152843855
0.0,0,0.2832321
1.0,1,0.92684
0.0,0,0.5712811
0.0,0,0.005156722
0.0,0,0.013970987
0.0,0,0.008225876
1.0,1,0.85592556
1.0,1,0.9364951
0.0,0,0.0036218297
1.0,1,0.81209564
1.0,1,0.7342999
0.0,0,0.1592934
0.0,0,0.027149526
1.0,1,0.95734453
1.0,1,0.95270294
0.0,0,0.012763584
0.0,0,0.005979021
1.0,1,0.98226315
1.0,1,0.9806915
1.0,1,0.9445013
1.0,1,0.97865754
0.0,0,0.033450473
0.0,0,0.004527567
1.0,1,0.9789131
1.0,1,0.7679778
1.0,1,0.9295899
1.0,1,0.97855556
1.0,1,0.9421735
1.0,0,0.55552816
1.0,1,0.9377198
0.0,0,0.026941746
0.0,0,0.0025180615
1.0,1,0.9845799
1.0,1,0.98262113
0.0,0,0.45322323
0.0,0,0.0029633716
1.0,1,0.8501188
1.0,1,0.8882528
1.0,1,0.9775453
0.0,1,0.7832773
0.0,0,0.38422582
1.0,1,0.9517939
1.0,1,0.94218904
0.0,0,0.34626615
1.0,1,0.9492654
0.0,0,0.041237798
0.0,0,0.005022325
1.0,1,0.9547489
0.0,0,0.038321167
1.0,1,0.9848509
1.0,1,0.85873485
1.0,1,0.9379623
1.0,1,0.68440133
1.0,1,0.74369586
1.0,1,0.9813543
0.0,0,0.13734753
1.0,1,0.8161716
1.0,1,0.91189384
0.0,0,0.16152579
1.0,1,0.93112534
1.0,1,0.9701715
0.0,0,0.054847106
0.0,0,0.009032123
0.0,0,0.18782339
0.0,0,0.008051808
0.0,0,0.12512127
1.0,1,0.9413009
0.0,0,0.019582843
1.0,1,0.9848805
1.0,1,0.9559405
0.0,0,0.034731586
1.0,1,0.7986035
1.0,1,0.962345
1.0,1,0.9281357
0.0,1,0.7912498
0.0,0,0.020700932
1.0,1,0.984135
1.0,1,0.92692655
0.0,0,0.37107703
0.0,0,0.0043135937
0.0,0,0.021997452
1.0,1,0.92108744
1.0,1,0.90409654
1.0,1,0.9679306
1.0,1,0.9373452
1.0,1,0.97992986
0.0,0,0.0067684553
1.0,1,0.8957027
1.0,1,0.85805935
0.0,0,0.6577606
0.0,0,0.33863068
0.0,0,0.023919733
0.0,0,0.17739129
1.0,1,0.9749049
0.0,0,0.07721694
1.0,1,0.78079283
1.0,1,0.9605715
0.0,0,0.02086113
0.0,0,0.46308073
1.0,1,0.98095155
0.0,0,0.009153658
0.0,0,0.01379236
1.0,1,0.905426
1.0,1,0.95480555
1.0,1,0.92455924
0.0,0,0.02731544
0.0,0,0.28044838
0.0,0,0.042588152
1.0,1,0.93865234
1.0,1,0.9089419
0.0,0,0.29172274
0.0,0,0.033023305
1.0,1,0.75998825
1.0,1,0.91756195
1.0,1,0.9841495
0.0,0,0.015521599
0.0,0,0.040674236
0.0,1,0.96749306
1.0,1,0.894213
0.0,0,0.22827524
0.0,0,0.005401233
0.0,0,0.07737201
1.0,1,0.9371571
1.0,1,0.9819976
0.0,0,0.08266643
0.0,1,0.75193185
0.0,0,0.011398507
0.0,0,0.43349606
0.0,1,0.8643314
1.0,1,0.9805549
0.0,0,0.056940015
1.0,0,0.5909053
0.0,0,0.10844656
1.0,1,0.977022
1.0,1,0.8742148
1.0,0,0.33993888
1.0,1,0.86570597
0.0,0,0.018096492
0.0,0,0.00845438
1.0,0,0.37252086
0.0,0,0.014595487
1.0,0,0.50524986
1.0,1,0.98157287
1.0,1,0.8943173
0.0,0,0.5788251
0.0,0,0.0029017355
1.0,0,0.5568731
0.0,1,0.8795196
0.0,0,0.004029436
0.0,0,0.5064763
0.0,0,0.009697003
0.0,0,0.0038731403
1.0,1,0.9729734
0.0,0,0.018794576
0.0,0,0.23089573
1.0,1,0.7226491
1.0,1,0.91907436
1.0,1,0.96019983
0.0,0,0.091940016
0.0,0,0.53464156
1.0,1,0.9392169
1.0,1,0.91919684
1.0,1,0.97896254
1.0,1,0.95920813
1.0,1,0.85298145
1.0,1,0.84018093
1.0,1,0.97637516
1.0,0,0.2799241
0.0,0,0.21061033
0.0,0,0.1795529
1.0,1,0.8357713
1.0,1,0.9770432
0.0,0,0.13196139
0.0,0,0.034224216
1.0,1,0.957037
0.0,0,0.46489838
1.0,1,0.86711127
0.0,0,0.0069229696
0.0,0,0.13483436
0.0,0,0.65322566
0.0,0,0.5682039
0.0,1,0.939077
1.0,0,0.34118485
0.0,0,0.6100907
1.0,1,0.84209746
1.0,1,0.9636016
0.0,0,0.11551605
1.0,1,0.95266473
1.0,1,0.6723461
1.0,1,0.9783121
1.0,1,0.9656638
0.0,0,0.022827633
1.0,1,0.9596482
0.0,1,0.8515001
1.0,1,0.9788166
0.0,0,0.37093964
0.0,0,0.16358197
0.0,0,0.09241629
1.0,0,0.6259366
0.0,0,0.25468126
1.0,1,0.94593126
1.0,1,0.7873526
0.0,0,0.0031506708
1.0,1,0.7385136
1.0,1,0.84940314
0.0,0,0.08655371
1.0,1,0.96887517
1.0,1,0.8216729
1.0,1,0.82014954
0.0,0,0.06606707
1.0,0,0.55259335
0.0,0,0.3722073
0.0,0,0.041657623
1.0,1,0.9715884
0.0,0,0.018967235
1.0,1,0.89004123
1.0,1,0.98106635
0.0,0,0.054539863
0.0,0,0.007596762
1.0,1,0.98012424
0.0,0,0.065662496
1.0,1,0.94018173
0.0,1,0.6907002
1.0,1,0.98094994
1.0,1,0.6768622
1.0,1,0.89663124
1.0,1,0.97270405
0.0,0,0.012514813
1.0,1,0.9760997
1.0,1,0.84037197
1.0,1,0.94262904
1.0,0,0.18766072
1.0,1,0.89965487
0.0,1,0.9260666
1.0,1,0.97635597
1.0,1,0.9500038
1.0,0,0.4157244
1.0,1,0.9245974
0.0,1,0.7635461
0.0,0,0.0016836972
1.0,1,0.9348147
0.0,0,0.4225125
1.0,1,0.9846537
1.0,1,0.9033923
1.0,1,0.9558983
0.0,0,0.10041797
0.0,0,0.019873064
0.0,0,0.0013645944
0.0,1,0.6857226
0.0,0,0.008561358
0.0,0,0.09056393
1.0,1,0.9474101
1.0,1,0.9542958
1.0,1,0.9688561
0.0,0,0.045320556
1.0,1,0.9162927
0.0,0,0.43813208
1.0,1,0.9887166
0.0,0,0.07613355
1.0,0,0.56377274
1.0,1,0.9326086
1.0,1,0.9847655
1.0,1,0.82551086
0.0,0,0.24187423
1.0,0,0.6050799
1.0,1,0.9570659
1.0,1,0.9440902
0.0,0,0.017135534
1.0,1,0.8095207
0.0,0,0.020994646
0.0,0,0.36974677
1.0,1,0.9562966
1.0,1,0.96975505
0.0,0,0.009989365
0.0,0,0.003877945
0.0,1,0.7417315
1.0,0,0.6523979
0.0,0,0.24390954
1.0,1,0.98265076
0.0,0,0.48700193
1.0,1,0.9106955
0.0,0,0.022013202
0.0,1,0.6655736
1.0,1,0.8934304
1.0,1,0.9715102
1.0,1,0.97889376
0.0,0,0.016730843
0.0,0,0.021892304
1.0,1,0.96460795
0.0,0,0.47652283
1.0,0,0.34022522
0.0,0,0.027713321
0.0,0,0.047405757
1.0,1,0.9757333
0.0,1,0.6894588
1.0,1,0.790102
0.0,0,0.12194663
0.0,0,0.5673096
0.0,0,0.017485397
0.0,0,0.21434256
0.0,0,0.0058878222
0.0,1,0.7058927
0.0,0,0.024853218
1.0,1,0.93207836
0.0,0,0.070904985
0.0,0,0.12314934
1.0,1,0.98299205
1.0,1,0.8577122
1.0,1,0.9711977
1.0,1,0.87877345
1.0,1,0.9824192
1.0,1,0.96964103
0.0,0,0.50973076
0.0,0,0.38337034
1.0,1,0.92454386
1.0,1,0.9102342
1.0,1,0.8722086
1.0,1,0.91503525
0.0,1,0.91792804
1.0,1,0.9647751
0.0,0,0.051544055
1.0,1,0.9864588
1.0,1,0.9790069
1.0,0,0.5681925
1.0,1,0.83712184
1.0,1,0.91419667
1.0,1,0.96455413
1.0,1,0.9832293
0.0,0,0.0070457174
1.0,1,0.7828113
0.0,0,0.18351132
0.0,0,0.012805705
1.0,1,0.98227525
0.0,0,0.23300181
0.0,0,0.028383661
0.0,0,0.0495115
0.0,0,0.4917522
1.0,1,0.7035303
1.0,1,0.943589
0.0,0,0.004380874
0.0,0,0.016147712
1.0,0,0.09171949
1.0,1,0.84999365
1.0,1,0.96861887
0.0,0,0.51243615
1.0,0,0.57836235
0.0,0,0.06418531
1.0,1,0.8862124
1.0,0,0.49006596
1.0,1,0.9766156
0.0,0,0.009425852
0.0,0,0.5987919
1.0,1,0.9819704
0.0,0,0.026975136
0.0,0,0.28685293
0.0,0,0.42905128
0.0,0,0.0029632654
1.0,1,0.957283
1.0,1,0.74285275
1.0,1,0.9715611
1.0,1,0.81300145
0.0,0,0.000964265
0.0,0,0.22275883
1.0,1,0.9159826
1.0,1,0.93469477
0.0,0,0.44774902
0.0,0,0.023338335
1.0,1,0.9821404
0.0,0,0.33504695
0.0,0,0.03097974
1.0,1,0.8546541
0.0,0,0.011818555
1.0,1,0.97896016
0.0,0,0.047469676
0.0,0,0.014588535
0.0,0,0.5952308
1.0,1,0.9442469
0.0,0,0.094167665
1.0,1,0.9824758
0.0,0,0.28755885
1.0,1,0.9239501
1.0,0,0.22508553
0.0,0,0.028195694
0.0,0,0.019043995
0.0,0,0.02642727
1.0,1,0.9838473
0.0,0,0.059457824
0.0,0,0.014274102
0.0,0,0.0045578023
0.0,0,0.036372017
1.0,1,0.98516774
1.0,1,0.8234951
1.0,1,0.95682573
0.0,0,0.009077022
1.0,1,0.87951255
1.0,1,0.72999215
0.0,0,0.009764286
1.0,1,0.9286062
0.0,0,0.0045190733
1.0,1,0.95363295
0.0,0,0.0061642695
0.0,0,0.040699836
1.0,1,0.9198698
0.0,1,0.784567
1.0,1,0.94891584
1.0,1,0.6641463
0.0,0,0.49013293
1.0,1,0.8450165
0.0,0,0.0030094709
0.0,0,0.5970417
0.0,0,0.00031331315
0.0,0,0.22120856
0.0,0,0.0029000512
1.0,1,0.87345016
0.0,0,0.20555563
1.0,1,0.9187149
0.0,0,0.2204831
0.0,0,0.12736972
1.0,1,0.9753939
1.0,1,0.9812057
0.0,0,0.36664987
1.0,1,0.857212
1.0,1,0.95740294
0.0,0,0.06555151
0.0,0,0.040106483
1.0,1,0.9748623
1.0,1,0.9456375
1.0,1,0.9474279
0.0,0,0.13385174
1.0,1,0.6611291
0.0,0,0.06315743
1.0,1,0.84668684
1.0,1,0.9839697
0.0,0,0.006275591
0.0,0,0.038139388
1.0,1,0.98628825
0.0,0,0.022788748
1.0,1,0.7820591
1.0,1,0.88479763
1.0,1,0.98382884
0.0,0,0.2258896
0.0,0,0.00840085
1.0,1,0.9811464
0.0,0,0.015223274
1.0,1,0.94657904
1.0,1,0.9406659
0.0,0,0.30671352
0.0,0,0.06879386
1.0,1,0.9111856
0.0,0,0.19067536
0.0,1,0.66388845
1.0,1,0.8261183
1.0,1,0.9301113
1.0,1,0.7907483
0.0,1,0.6922396
1.0,1,0.97693235
1.0,1,0.95380926
0.0,0,0.055935435
0.0,0,0.1201675
0.0,0,0.043044128
0.0,0,0.24440846
1.0,1,0.7914525
1.0,0,0.6350969
0.0,0,0.18580645
0.0,0,0.38113162
0.0,0,0.38499776
0.0,1,0.9561499
1.0,1,0.97904694
1.0,1,0.986174
1.0,1,0.6751261
0.0,0,0.041866377
0.0,0,0.009804257
0.0,0,0.08076707
0.0,0,0.2111193
0.0,1,0.7212845
1.0,1,0.9792688
0.0,1,0.91694754
1.0,1,0.9279586
1.0,1,0.85586643
0.0,0,0.013029151
0.0,0,0.13923885
1.0,1,0.6798963
0.0,0,0.0155899245
0.0,0,0.09241969
1.0,1,0.9428258
0.0,1,0.80532587
1.0,1,0.93413615
1.0,1,0.89817643
0.0,0,0.043799832
1.0,1,0.9064585
0.0,0,0.10884866
0.0,0,0.3952778
1.0,0,0.6509402
1.0,1,0.86364275
0.0,0,0.058342755
0.0,0,0.020684022
1.0,1,0.9217725
1.0,0,0.55990237
0.0,0,0.010244715
1.0,1,0.97545236
1.0,1,0.9674281
1.0,1,0.91607416
0.0,0,0.5640732
0.0,0,0.5195023
0.0,0,0.24334624
1.0,1,0.9832774
1.0,1,0.9831386
1.0,1,0.94579047
1.0,1,0.9741804
0.0,0,0.013661909
0.0,0,0.3744006
0.0,0,0.26059976
1.0,0,0.6265335
1.0,1,0.7123083
1.0,1,0.80858827
0.0,0,0.0301276
1.0,1,0.96403855
0.0,0,0.13798189
0.0,0,0.011609661
1.0,1,0.8760357
0.0,1,0.665125
1.0,1,0.8917404
0.0,0,0.64363194
0.0,1,0.9739513
0.0,1,0.8216732
1.0,1,0.8952349
0.0,0,0.017336084
1.0,1,0.96565765
1.0,1,0.9479832
0.0,0,0.21716635
0.0,0,0.025420304
0.0,0,0.055521138
1.0,1,0.84400433
1.0,1,0.8949577
0.0,0,0.42900336
0.0,1,0.82364887
1.0,1,0.9479217
0.0,0,0.0016634015
0.0,0,0.068371706
1.0,1,0.958375
1.0,1,0.800352
1.0,1,0.9805829
0.0,0,0.52915967
0.0,0,0.0051707155
0.0,0,0.18677124
0.0,0,0.115830354
0.0,0,0.11801064
0.0,0,0.12370995
0.0,0,0.003480381
0.0,0,0.50140315
1.0,0,0.40413842
1.0,0,0.23663859
0.0,0,0.1359826
1.0,1,0.9580705
1.0,1,0.709475
0.0,1,0.71945846
0.0,0,0.44246882
0.0,0,0.09475129
1.0,1,0.97960836
0.0,0,0.055143446
0.0,0,0.012498223
1.0,1,0.7134621
1.0,1,0.94178194
0.0,0,0.007051638
1.0,1,0.9550969
0.0,0,0.010320485
0.0,0,0.0035098454
1.0,0,0.49210504
1.0,1,0.81252426
0.0,0,0.00775524
1.0,1,0.76613677
0.0,0,0.56624943
1.0,0,0.49607125
1.0,1,0.92221564
0.0,0,0.16490443
0.0,0,0.067052566
0.0,0,0.02056773
1.0,1,0.7819754
1.0,1,0.91794986
0.0,0,0.16003957
0.0,0,0.0724509
1.0,1,0.9859391
0.0,0,0.0913766
0.0,0,0.020126833
0.0,0,0.36270866
0.0,0,0.013606268
0.0,1,0.7253272
0.0,0,0.02492634
0.0,0,0.025730979
0.0,0,0.18969044
1.0,1,0.97411543
1.0,1,0.9373779
1.0,1,0.9771758
1.0,0,0.47557437
1.0,1,0.91760474
1.0,1,0.88961
1.0,1,0.9075272
0.0,0,0.03371512
1.0,1,0.94932514
0.0,0,0.12262712
0.0,0,0.0052097985
1.0,1,0.96882063
0.0,0,0.023832707
0.0,1,0.97268146
1.0,1,0.9637376
1.0,1,0.98330754
1.0,0,0.61102146
1.0,1,0.8572923
0.0,1,0.7961662
0.0,0,0.5859293
1.0,0,0.65432155
0.0,0,0.07295656
1.0,1,0.9650459
1.0,1,0.8528524
1.0,1,0.8445684
0.0,0,0.48634878
1.0,1,0.95574766
0.0,0,0.08764603
0.0,0,0.014613178
0.0,0,0.08491413
1.0,1,0.9144648
0.0,0,0.012894434
0.0,0,0.021737369
0.0,0,0.015008585
1.0,1,0.9818337
1.0,1,0.7596824
0.0,0,0.26531377
1.0,1,0.9602798
0.0,0,0.025384966
0.0,0,0.046065014
1.0,1,0.9569044
1.0,1,0.8217072
1.0,1,0.9671352
1.0,1,0.87986505
1.0,1,0.9783286
0.0,0,0.06410014
0.0,0,0.010820111
0.0,0,0.081491224
0.0,0,0.54865766
0.0,0,0.3851172
1.0,1,0.95701474
0.0,0,0.043645184
1.0,1,0.984407
0.0,0,0.014699214
1.0,1,0.8790621
0.0,0,0.1371597
1.0,1,0.77810186
1.0,1,0.96392316
0.0,0,0.22960149
1.0,1,0.9227147
0.0,0,0.003426618
0.0,0,0.014068878
0.0,0,0.005848178
0.0,0,0.03386653
1.0,1,0.9545712
1.0,1,0.8878095
1.0,1,0.96453995
0.0,0,0.01698987
0.0,1,0.8668159
0.0,0,0.0052045863
0.0,0,0.008206421
1.0,1,0.7629852
1.0,1,0.7901419
0.0,0,0.04806544
0.0,0,0.4347119
0.0,0,0.011538921
0.0,0,0.16178152
0.0,1,0.7702993
0.0,0,0.02675994
0.0,0,0.034533918
0.0,0,0.3290834
0.0,0,0.3273754
1.0,1,0.95209426
0.0,0,0.35791063
1.0,1,0.9524412
0.0,0,0.0020679485
1.0,1,0.96522653
0.0,0,0.27763256
1.0,0,0.54165685
0.0,0,0.07920096
1.0,1,0.97800124
0.0,0,0.0015841237
1.0,1,0.8620894
0.0,0,0.003867504
1.0,1,0.8836617
1.0,1,0.96844095
0.0,0,0.061124653
0.0,0,0.04807993
0.0,0,0.09686376
1.0,1,0.9890519
1.0,1,0.76214814
1.0,1,0.87899673
0.0,0,0.011715355
0.0,0,0.0052751256
1.0,1,0.9556935
1.0,1,0.68023515
0.0,0,0.19931091
0.0,0,0.25308695
1.0,0,0.31813315
0.0,0,0.0013485793
0.0,0,0.47523242
0.0,0,0.16396727
1.0,1,0.9799167
1.0,1,0.97611785
1.0,1,0.84074914
0.0,0,0.016275361
0.0,0,0.0027369657
0.0,0,0.03736206
1.0,0,0.57928205
0.0,0,0.008755732
0.0,0,0.0074366047
1.0,1,0.91154754
1.0,1,0.9674936
0.0,0,0.65132535
1.0,1,0.96317357
1.0,1,0.8723943
0.0,0,0.007096008
1.0,1,0.96672004
1.0,1,0.9720236
1.0,1,0.93821985
0.0,0,0.31079155
1.0,0,0.16701077
1.0,1,0.9470852
0.0,0,0.19461133
0.0,0,0.34345227
0.0,1,0.7283989
1.0,1,0.7616542
1.0,1,0.852617
1.0,1,0.9276323
0.0,0,0.0031409212
1.0,1,0.8540659
0.0,0,0.22628403
1.0,1,0.98147917
1.0,1,0.9654244
1.0,1,0.95509464
1.0,1,0.8932895
1.0,1,0.952074
0.0,0,0.43988764
0.0,1,0.7115597
1.0,1,0.918938
1.0,1,0.970943
1.0,0,0.36632985
0.0,0,0.6164582
1.0,1,0.97729844
1.0,1,0.9107392
0.0,0,0.19869818
0.0,0,0.0014869339
0.0,0,0.09300987
1.0,1,0.9771743
0.0,0,0.004809011
0.0,0,0.009265246
1.0,1,0.9358265
0.0,1,0.73049694
1.0,1,0.85003114
1.0,1,0.95567214
0.0,0,0.00851101
0.0,0,0.055942502
0.0,0,0.015849458
1.0,1,0.97396904
1.0,1,0.9768415
0.0,0,0.13646822
0.0,0,0.11235244
1.0,1,0.88822186
1.0,1,0.95275456
0.0,0,0.2726659
0.0,0,0.048083354
0.0,0,0.0264993
0.0,0,0.0124758035
0.0,0,0.026850296
1.0,1,0.9377559
1.0,1,0.9612998
0.0,0,0.002919969
0.0,0,0.013569493
1.0,1,0.8523488
0.0,0,0.19799975
0.0,0,0.53889835
0.0,0,0.05988027
1.0,1,0.8350562
0.0,0,0.07908039
0.0,0,0.48263574
1.0,1,0.9840654
1.0,0,0.5940292
1.0,1,0.8498434
1.0,1,0.7608191
0.0,0,0.29053262
1.0,0,0.47853103
1.0,1,0.984988
1.0,0,0.34733355
1.0,1,0.96987486
0.0,0,0.013364782
1.0,1,0.9155063
1.0,1,0.93930036
1.0,1,0.8930678
1.0,0,0.5484148
0.0,0,0.12894113
1.0,1,0.98326963
1.0,1,0.8968966
0.0,0,0.12699755
1.0,1,0.97542155
0.0,0,0.017766029
1.0,1,0.98296887
1.0,1,0.9777273
0.0,0,0.001918004
1.0,0,0.6054185
1.0,1,0.9885995
0.0,0,0.016244173
0.0,0,0.016803285
0.0,0,0.53452134
0.0,1,0.89323467
0.0,0,0.16533335
0.0,0,0.0135944905
1.0,1,0.98125386
0.0,0,0.014156672
0.0,0,0.007669637
1.0,1,0.9819124
0.0,0,0.0066169156
0.0,0,0.048651766
0.0,0,0.009607116
0.0,0,0.020555723
1.0,1,0.83298236
0.0,0,0.22754392
0.0,0,0.021705136
0.0,0,0.0004726825
1.0,1,0.8747397
1.0,1,0.981305
1.0,1,0.76886356
0.0,1,0.87426776
1.0,1,0.81601405
0.0,0,0.5781328
1.0,1,0.84376
0.0,0,0.049541775
1.0,1,0.9740257
1.0,1,0.98348814
1.0,1,0.9291246
0.0,1,0.7759433
0.0,0,0.027809318
0.0,0,0.609931
1.0,1,0.72313845
0.0,0,0.45020995
0.0,0,0.0320335
0.0,0,0.09985328
1.0,0,0.6171911
1.0,1,0.9791446
0.0,0,0.0023021016
0.0,0,0.0028172561
1.0,0,0.577828
1.0,1,0.8811889
1.0,1,0.9415581
1.0,1,0.8334005
1.0,1,0.98463994
1.0,1,0.9767257
1.0,0,0.4898191
0.0,0,0.24344629
1.0,1,0.95795417
0.0,0,0.031117525
1.0,1,0.9424453
0.0,0,0.61983216
0.0,0,0.575956
1.0,1,0.8719941
1.0,1,0.90413696
0.0,0,0.27837205
1.0,0,0.6115922
0.0,0,0.018624242
1.0,1,0.87968314
1.0,1,0.8345848
1.0,1,0.8463844
0.0,0,0.10922084
0.0,0,0.0013418423
0.0,0,0.5103665
1.0,0,0.3602869
1.0,1,0.91282475
0.0,0,0.07430048
1.0,1,0.9695172
1.0,1,0.97779113
1.0,1,0.9756095
1.0,1,0.70293725
1.0,0,0.61235476
0.0,0,0.008775453
1.0,1,0.9813911
0.0,0,0.030048769
0.0,0,0.47495624
0.0,0,0.04062704
0.0,0,0.0067479163
0.0,0,0.07913979
0.0,0,0.22625025
0.0,0,0.03840948
0.0,0,0.013630769
1.0,0,0.2954911
1.0,1,0.96551114
1.0,1,0.80237615
0.0,0,0.01731207
1.0,1,0.9410242
0.0,1,0.7471748
0.0,0,0.13554193
1.0,0,0.22732887
1.0,1,0.9061064
1.0,1,0.9808803
0.0,0,0.020837158
0.0,0,0.013665855
1.0,1,0.90616417
0.0,1,0.85394603
0.0,0,0.3611077
0.0,0,0.053321626
1.0,1,0.97004765
1.0,1,0.7437254
0.0,0,0.1442869
0.0,0,0.25430056
1.0,1,0.9787707
1.0,1,0.9690067
1.0,1,0.9805615
1.0,1,0.95685387
0.0,0,0.22159895
0.0,0,0.052619856
0.0,0,0.0052447296
0.0,0,0.42753142
0.0,0,0.06611204
1.0,1,0.8679477
1.0,1,0.9499073
0.0,1,0.6965512
1.0,1,0.7422809
0.0,0,0.39378557
0.0,0,0.003864217
1.0,1,0.97641736
0.0,0,0.25205293
1.0,1,0.9841593
0.0,0,0.105218925
0.0,0,0.10725718
0.0,0,0.08824393
1.0,1,0.9664178
0.0,0,0.56871593
1.0,1,0.9365043
0.0,0,0.018881148
0.0,0,0.013611408
1.0,1,0.9849966
0.0,0,0.0036007331
0.0,0,0.03979018
1.0,1,0.9732245
1.0,1,0.88201284
0.0,0,0.03133609
0.0,0,0.054310787
1.0,1,0.98307246
1.0,1,0.96370053
1.0,1,0.6786883
0.0,0,0.10675601
1.0,1,0.9621675
0.0,0,0.031042583
0.0,0,0.02250504
1.0,1,0.96311694
0.0,0,0.16555354
1.0,1,0.9449725
1.0,1,0.95834005
1.0,1,0.98223585
1.0,1,0.9834405
0.0,0,0.017429153
0.0,0,0.0038976558
1.0,1,0.9001803
0.0,0,0.25248715
1.0,1,0.74518037
0.0,0,0.009487787
0.0,0,0.14579496
0.0,0,0.017880455
1.0,0,0.6537651
0.0,0,0.07601392
1.0,1,0.9244464
1.0,1,0.9425366
1.0,0,0.59967756
0.0,0,0.21525665
1.0,1,0.9831211
0.0,0,0.008317516
0.0,0,0.010250963
0.0,0,0.0034338064
0.0,0,0.27777588
1.0,1,0.94382805
1.0,1,0.9450175
1.0,0,0.48568702
0.0,0,0.015455656
1.0,1,0.9636877
0.0,0,0.45092246
1.0,1,0.86398154
0.0,0,0.051345725
1.0,1,0.87507284
1.0,1,0.9770281
1.0,1,0.8993047
1.0,1,0.86502326
1.0,1,0.9685004
1.0,1,0.75747204
0.0,0,0.0076134535
1.0,1,0.88051134
0.0,0,0.041754477
1.0,1,0.89672
0.0,0,0.06281769
1.0,1,0.91675925
1.0,1,0.8543636
0.0,0,0.18395671
0.0,0,0.23381758
1.0,0,0.5430131
1.0,1,0.88933015
0.0,0,0.020098273
1.0,1,0.9634518
1.0,0,0.08203396
1.0,1,0.93840855
0.0,0,0.029859608
1.0,1,0.91452956
1.0,1,0.9778444
1.0,1,0.8457467
0.0,0,0.02009341
0.0,1,0.8856542
1.0,1,0.90235585
0.0,0,0.044520862
1.0,1,0.9572852
1.0,1,0.8898535
1.0,1,0.9512317
0.0,0,0.011249287
1.0,1,0.9049415
0.0,0,0.013463734
1.0,1,0.9790186
1.0,0,0.63645107
1.0,1,0.96927714
1.0,1,0.8523358
0.0,0,0.008157718
0.0,0,0.0042163907
0.0,0,0.19616263
1.0,1,0.89631903
0.0,0,0.0055306987
1.0,1,0.9385505
0.0,0,0.3664323
0.0,0,0.04367724
1.0,1,0.8051785
0.0,0,0.011781168
1.0,1,0.9159287
1.0,1,0.6758811
0.0,0,0.010173792
0.0,1,0.97937757
1.0,1,0.92314875
0.0,0,0.22904749
0.0,0,0.006193377
1.0,1,0.9691101
1.0,1,0.80320454
1.0,1,0.9645372
0.0,0,0.03562641
0.0,0,0.02641329
0.0,0,0.0035802447
0.0,1,0.93916124
0.0,0,0.02020863
0.0,1,0.8287701
0.0,1,0.70693564
1.0,1,0.9653008
0.0,0,0.0032682489
0.0,0,0.031797573
1.0,1,0.9599147
0.0,0,0.027199585
1.0,1,0.95740384
0.0,1,0.77066314
1.0,1,0.98555756
0.0,0,0.014889324
0.0,0,0.5224662
1.0,1,0.87032795
0.0,1,0.9415709
0.0,0,0.072500736
0.0,0,0.006180278
1.0,1,0.96017593
1.0,1,0.6991476
0.0,0,0.026012013
1.0,1,0.9649105
1.0,1,0.9615086
1.0,1,0.9802107
0.0,0,0.41096163
1.0,1,0.98202825
1.0,1,0.8008864
0.0,0,0.021846544
1.0,1,0.7773919
0.0,0,0.06713759
0.0,0,0.4937235
1.0,1,0.7544322
0.0,0,0.33281723
1.0,1,0.96290773
1.0,1,0.75196266
1.0,1,0.98813087
1.0,1,0.97824275
1.0,1,0.94618326
1.0,1,0.9767288
0.0,0,0.16318709
0.0,0,0.050686933
1.0,1,0.9623304
1.0,1,0.80664724
0.0,0,0.04000752
1.0,1,0.9654053
0.0,0,0.4549133
1.0,1,0.9833263
0.0,0,0.37422213
0.0,0,0.60369146
1.0,1,0.98301584
1.0,1,0.9767873
1.0,1,0.8335492
1.0,1,0.96409726
1.0,1,0.72645706
0.0,0,0.07476406
1.0,1,0.8103235
0.0,0,0.4858189
1.0,1,0.90821123
1.0,1,0.9796606
0.0,0,0.15769114
0.0,0,0.32275453
1.0,1,0.9815138
1.0,1,0.9501704
0.0,0,0.12685704
1.0,1,0.7477153
0.0,0,0.057448816
1.0,0,0.3439909
0.0,0,0.004850346
1.0,1,0.7765752
1.0,1,0.8081594
0.0,0,0.031943355
0.0,0,0.0038221392
0.0,0,0.33573368
1.0,1,0.97447616
0.0,0,0.033087242
0.0,0,0.013537998
0.0,0,0.03488196
1.0,1,0.9665873
1.0,1,0.93988615
0.0,0,0.41909444
0.0,0,0.009632879
1.0,1,0.8851335
1.0,1,0.98434883
1.0,0,0.6108992
1.0,1,0.95137227
1.0,1,0.9266514
1.0,1,0.9860694
0.0,0,0.09484384
0.0,0,0.12577519
1.0,1,0.8699088
1.0,1,0.9761744
1.0,1,0.8846492
0.0,0,0.004221932
0.0,0,0.058979794
1.0,1,0.93771696
0.0,0,0.47525352
1.0,1,0.95875895
1.0,1,0.96014935
0.0,0,0.055105355
0.0,0,0.0011134862
0.0,0,0.16874848
0.0,1,0.75374407
0.0,0,0.013451147
0.0,0,0.006486698
1.0,1,0.77335477
0.0,0,0.03800561
1.0,1,0.9837492
0.0,0,0.12366581
1.0,1,0.9810605
1.0,1,0.9131558
0.0,0,0.5679531
1.0,1,0.98188925
0.0,0,0.02039568
1.0,1,0.88040966
1.0,1,0.88112783
1.0,1,0.92718023
1.0,1,0.9509752
0.0,0,0.019226307
1.0,1,0.79071414
1.0,1,0.9304477
0.0,0,0.43959057
1.0,0,0.045429133
0.0,0,0.2389315
0.0,0,0.5875708
1.0,1,0.9784973
1.0,1,0.9716882
0.0,1,0.7133215
0.0,0,0.058708116
0.0,0,0.51071155
0.0,0,0.15372409
0.0,1,0.68278307
1.0,1,0.9831996
1.0,1,0.6800617
1.0,1,0.84386706
1.0,1,0.98386735
0.0,1,0.6845483
1.0,1,0.8535586
0.0,0,0.47472206
1.0,1,0.7250648
0.0,0,0.00988953
1.0,1,0.87952286
1.0,1,0.95733243
1.0,1,0.9465424
0.0,0,0.011857042
1.0,1,0.87781364
0.0,0,0.000962169
1.0,1,0.8874167
0.0,0,0.03273259
0.0,0,0.09778254
1.0,1,0.8399955
0.0,0,0.47110748
0.0,0,0.64182204
0.0,0,0.027271176
1.0,1,0.9527241
1.0,0,0.48942432
0.0,0,0.026230313
0.0,0,0.0074530737
1.0,1,0.7947581
0.0,0,0.02519282
0.0,0,0.07812968
1.0,1,0.77461857
1.0,1,0.97315997
0.0,0,0.054854438
1.0,1,0.97744846
1.0,1,0.9848758
1.0,1,0.98560953
0.0,0,0.37693024
1.0,1,0.9543151
1.0,1,0.73281354
0.0,0,0.311288
0.0,0,0.0056206607
1.0,1,0.9769575
0.0,0,0.19982854
0.0,0,0.13575034
0.0,0,0.612749
0.0,0,0.029157689
0.0,0,0.021626009
0.0,0,0.3925237
0.0,0,0.21960545
0.0,0,0.011962469
1.0,1,0.88108534
0.0,0,0.013103333
0.0,0,0.09028055
0.0,0,0.4898832
1.0,1,0.9777051
0.0,0,0.009294101
0.0,0,0.008595442
1.0,0,0.5464175
0.0,0,0.004633413
1.0,1,0.98138326
1.0,1,0.856195
0.0,0,0.0054333867
0.0,0,0.07418322
0.0,1,0.7845768
0.0,0,0.020584403
0.0,0,0.04062204
1.0,1,0.9622579
1.0,1,0.9128344
1.0,1,0.86890876
0.0,0,0.0066926
1.0,1,0.9012816
1.0,1,0.71515083
1.0,1,0.780239
1.0,1,0.9019306
0.0,0,0.02153539
1.0,1,0.7533451
0.0,1,0.7017605
1.0,1,0.86005497
1.0,1,0.83115345
1.0,0,0.58032835
1.0,1,0.96981317
0.0,0,0.22768733
1.0,1,0.956474
1.0,0,0.52008474
0.0,0,0.09800698
1.0,1,0.9103377
1.0,1,0.86206144
0.0,0,0.5381858
1.0,1,0.9546037
1.0,1,0.9794263
0.0,0,0.43364313
0.0,0,0.004996843
0.0,0,0.0012950377
0.0,0,0.5791317
0.0,0,0.006009532
0.0,0,0.041460566
1.0,1,0.90841395
1.0,1,0.94868153
1.0,1,0.96467066
0.0,0,0.0568488
0.0,0,0.2623747
0.0,0,0.6475925
1.0,1,0.9726057
0.0,0,0.50476104
0.0,0,0.014221269
1.0,1,0.8444046
1.0,1,0.9152275
0.0,0,0.17786863
1.0,1,0.95522285
0.0,0,0.2667496
0.0,1,0.9363899
0.0,0,0.08966164
1.0,0,0.6589259
0.0,0,0.03133114
0.0,0,0.008562799
1.0,1,0.848055
1.0,1,0.9884218
0.0,0,0.09984235
1.0,1,0.9731394
1.0,1,0.9338344
0.0,0,0.12320797
0.0,0,0.08037883
1.0,1,0.81895876
0.0,1,0.71348554
0.0,0,0.6195129
0.0,0,0.37085423
0.0,1,0.700915
0.0,0,0.61116016
1.0,1,0.9858422
0.0,0,0.3548073
0.0,0,0.0047346815
1.0,1,0.8912662
0.0,0,0.015495192
1.0,1,0.90427446
1.0,1,0.9453805
1.0,1,0.96505314
0.0,0,0.05287478
1.0,1,0.9380407
0.0,0,0.020250866
1.0,1,0.9676053
0.0,0,0.33672532
1.0,1,0.977639
1.0,1,0.93585855
1.0,1,0.98159045
1.0,1,0.9732746
1.0,1,0.96220917
0.0,0,0.010654417
1.0,1,0.8924851
1.0,1,0.96924573
0.0,0,0.066586606
0.0,0,0.023563722
0.0,0,0.063593194
1.0,1,0.8647847
0.0,0,0.10396395
1.0,1,0.85156155
1.0,1,0.93781406
0.0,0,0.13096064
0.0,0,0.22984084
0.0,0,0.00951433
1.0,1,0.9687673
1.0,1,0.67467594
1.0,1,0.962351
0.0,0,0.0012815833
0.0,0,0.028335428
1.0,0,0.48081645
0.0,0,0.06376633
0.0,0,0.48075527
0.0,0,0.012746927
0.0,0,0.007894752
1.0,1,0.9436795
0.0,0,0.00094333565
0.0,0,0.05230369
1.0,1,0.9583518
1.0,1,0.9690746
0.0,0,0.026475001
0.0,0,0.5639744
0.0,0,0.05557003
1.0,1,0.97803026
0.0,0,0.07521225
1.0,1,0.98299134
0.0,0,0.015886549
0.0,0,0.025156764
0.0,0,0.4763863
1.0,1,0.9692957
1.0,1,0.8628166
0.0,1,0.67532325
1.0,0,0.49673492
0.0,1,0.7930131
1.0,1,0.9689802
1.0,0,0.3355888
1.0,1,0.9392632
1.0,1,0.8330996
1.0,0,0.41371602
1.0,1,0.9280859
1.0,0,0.3607215
0.0,1,0.93697727
0.0,0,0.035937507
1.0,1,0.9576018
1.0,1,0.7901888
0.0,1,0.8303601
0.0,0,0.121470325
0.0,0,0.014691639
0.0,0,0.16001974
0.0,0,0.026588121
1.0,1,0.9543193
1.0,1,0.97038805
0.0,0,0.21160188
1.0,1,0.9821742
0.0,0,0.0016563066
0.0,1,0.66009057
0.0,0,0.016096558
0.0,1,0.7141826
0.0,0,0.15138602
1.0,1,0.98276275
0.0,0,0.06820715
1.0,1,0.92775655
0.0,1,0.8818017
0.0,1,0.6896967
0.0,0,0.058039818
0.0,0,0.50513124
1.0,1,0.9697885
1.0,1,0.9763638
1.0,1,0.96364194
1.0,1,0.9838316
0.0,0,0.021544522
0.0,0,0.106873065
0.0,0,0.066299796
1.0,0,0.6168243
1.0,1,0.9336976
0.0,0,0.062723994
1.0,1,0.9436935
0.0,0,0.07220686
0.0,0,0.00334714
1.0,1,0.97992605
1.0,0,0.5903002
0.0,0,0.027562356
1.0,1,0.9707126
0.0,0,0.47841424
0.0,0,0.0046867733
0.0,0,0.16012834
0.0,1,0.88215405
0.0,0,0.23399702
1.0,1,0.939437
0.0,0,0.20471011
0.0,1,0.7588732
0.0,0,0.058307786
0.0,0,0.1622801
1.0,1,0.9031202
1.0,1,0.92172325
1.0,1,0.8916528
0.0,0,0.18647827
1.0,1,0.9327239
0.0,0,0.6372402
1.0,1,0.92610544
1.0,1,0.947548
1.0,1,0.95191675
0.0,0,0.014285056
0.0,0,0.041220322
0.0,0,0.0041981954
1.0,1,0.846431
0.0,0,0.15329881
0.0,0,0.36053804
0.0,0,0.58360744
0.0,0,0.18098816
0.0,0,0.2886605
0.0,0,0.0042159497
1.0,1,0.68205726
0.0,0,0.0047129667
0.0,0,0.014198887
0.0,0,0.6252347
1.0,1,0.9766665
1.0,1,0.9808761
1.0,1,0.91016805
0.0,1,0.93859047
0.0,0,0.017838918
1.0,1,0.9699542
1.0,1,0.77843964
0.0,0,0.13901287
1.0,1,0.98241854
0.0,0,0.029625837
0.0,0,0.031433374
0.0,0,0.3448735
0.0,0,0.00780443
1.0,1,0.9414199
1.0,1,0.9789051
1.0,1,0.9658374
0.0,0,0.058331892
0.0,0,0.010742625
0.0,0,0.033014394
1.0,1,0.70298886
0.0,0,0.43514544
0.0,0,0.15296623
1.0,1,0.9086259
0.0,0,0.0033437612
1.0,1,0.7731317
0.0,0,0.5230416
1.0,1,0.9835378
1.0,0,0.42118415
0.0,1,0.86400414
1.0,1,0.974572
0.0,0,0.62622786
0.0,1,0.9325564
0.0,0,0.083187446
1.0,1,0.95953786
1.0,1,0.77152693
0.0,1,0.8829609
0.0,0,0.022308962
1.0,1,0.7348413
0.0,0,0.52117383
0.0,0,0.33850738
1.0,0,0.58711314
0.0,0,0.30024582
0.0,0,0.018102
0.0,0,0.30773148
1.0,1,0.9146084
1.0,1,0.9428444
0.0,0,0.38670483
1.0,1,0.984915
0.0,0,0.011635143
0.0,0,0.018351674
1.0,1,0.751521
0.0,0,0.04892105
1.0,1,0.93731755
0.0,0,0.019342761
1.0,1,0.9615568
0.0,1,0.968155
0.0,0,0.1927208
0.0,0,0.08254797
1.0,1,0.9026625
1.0,1,0.92733735
1.0,1,0.75347555
0.0,0,0.01575907
0.0,0,0.1157033
1.0,1,0.95447004
0.0,0,0.024867026
0.0,0,0.29469785
0.0,0,0.55340195
0.0,0,0.2192915
0.0,0,0.07213515
1.0,1,0.9782803
1.0,1,0.8886135
1.0,1,0.944295
0.0,0,0.26494324
0.0,0,0.048451718
1.0,0,0.4880331
0.0,0,0.013136054
0.0,1,0.7091018
0.0,0,0.009467013
0.0,0,0.37251988
1.0,1,0.8854562
1.0,1,0.8860603
1.0,1,0.98400164
0.0,0,0.027896488
0.0,0,0.002094502
1.0,1,0.7404606
0.0,0,0.29786384
0.0,0,0.090544514
1.0,1,0.8928995
1.0,1,0.7547552
0.0,0,0.3640259
0.0,0,0.48828262
1.0,1,0.95658207
0.0,0,0.054336376
0.0,0,0.0031132174
0.0,0,0.018430294
0.0,0,0.036657784
0.0,0,0.06691374
1.0,1,0.8167989
0.0,0,0.026519699
0.0,1,0.78163743
1.0,1,0.95067614
1.0,1,0.7752166
0.0,0,0.60182583
0.0,0,0.19052014
1.0,1,0.95627856
1.0,1,0.87993795
0.0,0,0.011278963
1.0,1,0.71582097
1.0,1,0.87606347
1.0,0,0.5335026
0.0,0,0.03192503
0.0,0,0.1728408
1.0,1,0.9687282
1.0,0,0.44794247
0.0,0,0.1200833
1.0,1,0.98524547
1.0,1,0.980478
0.0,0,0.066760644
0.0,0,0.006556632
1.0,1,0.9246387
0.0,0,0.037914813
1.0,1,0.8433082
0.0,0,0.20966944
1.0,0,0.56225216
1.0,1,0.79802305
0.0,0,0.31680423
0.0,0,0.24523349
1.0,1,0.98068327
1.0,1,0.7464153
1.0,1,0.9654066
1.0,1,0.7491123
0.0,0,0.43693396
1.0,1,0.94992495
0.0,0,0.01025332
1.0,1,0.9387394
1.0,0,0.53075147
0.0,0,0.010769983
0.0,0,0.11862663
1.0,1,0.8527181
1.0,1,0.9728029
1.0,1,0.96692777
0.0,0,0.0029435097
1.0,1,0.82646984
1.0,1,0.6899469
1.0,1,0.9026375
0.0,0,0.009349642
0.0,0,0.039969567
0.0,0,0.1267932
1.0,0,0.40001982
1.0,1,0.9806028
1.0,1,0.9787903
1.0,1,0.9758305
1.0,1,0.9482852
1.0,1,0.9679081
0.0,1,0.716908
0.0,0,0.03606745
1.0,1,0.85090065
1.0,1,0.9623479
1.0,1,0.73050964
1.0,1,0.84571815
1.0,1,0.9371914
0.0,0,0.047290236
0.0,0,0.0047643543
1.0,1,0.9859566
1.0,1,0.9314047
1.0,1,0.9750883
0.0,0,0.004894452
1.0,0,0.5856101
1.0,1,0.77825713
0.0,0,0.010721869
1.0,1,0.83708763
0.0,1,0.66799265
0.0,0,0.07856111
1.0,1,0.7646076
1.0,1,0.9860105
0.0,0,0.0051101674
0.0,0,0.38548893
1.0,1,0.9838555
0.0,0,0.17378268
0.0,0,0.024162326
1.0,1,0.8928375
1.0,0,0.115485944
1.0,1,0.89885193
1.0,1,0.9558918
1.0,1,0.88462895
1.0,1,0.90229076
0.0,0,0.03017373
1.0,1,0.95202863
0.0,0,0.0040510176
1.0,1,0.9268351
1.0,1,0.8107823
1.0,1,0.8000343
0.0,0,0.3429627
0.0,0,0.23138252
0.0,1,0.917734
0.0,1,0.8154716
1.0,1,0.9818613
1.0,1,0.9670221
0.0,0,0.09460313
0.0,0,0.2679481
1.0,1,0.8768895
1.0,1,0.9818314
1.0,1,0.9780553
1.0,1,0.9823466
1.0,1,0.9482077
0.0,0,0.54398775
1.0,1,0.97716475
1.0,1,0.9643897
1.0,1,0.9563037
1.0,1,0.9647509
0.0,0,0.0015579714
0.0,1,0.742275
0.0,0,0.045874078
1.0,1,0.7028948
1.0,0,0.57296884
1.0,1,0.8118755
0.0,0,0.011734063
1.0,1,0.9795852
0.0,0,0.0019147707
1.0,1,0.95898867
1.0,1,0.9821154
1.0,1,0.9839376
1.0,1,0.9772787
0.0,0,0.47876975
0.0,0,0.021249019
0.0,0,0.018412482
1.0,1,0.9500606
0.0,0,0.009551759
0.0,0,0.02627059
0.0,0,0.01238217
0.0,1,0.707
1.0,1,0.93056035
0.0,0,0.050987057
0.0,0,0.016170569
0.0,0,0.032099042
0.0,0,0.0122703975
1.0,1,0.9700769
0.0,1,0.74386287
0.0,0,0.04128606
0.0,0,0.25156412
1.0,0,0.64202344
1.0,1,0.95883864
0.0,0,0.0022421188
1.0,1,0.8206623
1.0,1,0.9071371
1.0,0,0.59614915
1.0,1,0.9271375
1.0,1,0.94910884
0.0,0,0.049163073
0.0,0,0.023030924
0.0,0,0.18781967
1.0,1,0.9590821
0.0,0,0.10369463
0.0,0,0.11694599
1.0,0,0.34726986
1.0,1,0.92224646
0.0,1,0.6610354
0.0,0,0.06917217
1.0,1,0.9846518
0.0,0,0.008359295
0.0,0,0.02178419
0.0,0,0.017357843
0.0,0,0.024727061
1.0,1,0.8138193
1.0,1,0.66491014
0.0,0,0.058659423
0.0,0,0.0067643663
0.0,0,0.22598475
0.0,0,0.34125876
0.0,0,0.09233614
0.0,0,0.3223174
1.0,1,0.98482543
0.0,0,0.043910787
0.0,0,0.15150002
1.0,1,0.96108615
0.0,0,0.21093659
0.0,1,0.7929785
1.0,1,0.9580034
0.0,0,0.35922873
1.0,1,0.89771503
0.0,0,0.07208544
1.0,0,0.37703863
1.0,1,0.97249424
0.0,0,0.061319742
1.0,1,0.8836556
1.0,1,0.96940356
1.0,1,0.90090895
0.0,0,0.32552782
1.0,1,0.83738315
0.0,0,0.27539852
0.0,0,0.59307706
0.0,0,0.011406999
0.0,0,0.17488538
0.0,0,0.0089092655
1.0,1,0.91506356
0.0,0,0.4015107
0.0,0,0.01785188
0.0,0,0.08094479
1.0,0,0.58014417
1.0,1,0.70768
0.0,0,0.1528636
1.0,1,0.9062327
1.0,1,0.98412186
1.0,1,0.9852405
0.0,0,0.54453504
0.0,0,0.61369574
1.0,1,0.67834556
1.0,1,0.8843192
0.0,0,0.17184204
0.0,0,0.002685236
1.0,1,0.95765543
0.0,0,0.007530537
0.0,0,0.020969206
0.0,0,0.4783862
0.0,0,0.065668896
0.0,0,0.087008946
0.0,0,0.30613464
0.0,0,0.0048596743
0.0,0,0.0051828595
0.0,0,0.0262169
0.0,0,0.25909
0.0,0,0.0027365123
1.0,1,0.91337216
0.0,0,0.041857466
0.0,0,0.056932773
0.0,0,0.09545511
1.0,1,0.7749826
1.0,1,0.9134906
1.0,1,0.98306584
0.0,0,0.12354517
0.0,0,0.6205733
0.0,0,0.42659807
0.0,0,0.14917746
0.0,1,0.9434645
1.0,1,0.9820601
0.0,0,0.030486519
0.0,0,0.2512266
1.0,1,0.6995058
0.0,0,0.102586195
1.0,1,0.9851418
0.0,0,0.08338602
1.0,1,0.7600237
0.0,0,0.10680517
0.0,1,0.7203473
1.0,1,0.9060319
0.0,0,0.47653663
1.0,1,0.74043417
0.0,0,0.26235425
1.0,1,0.78765357
1.0,1,0.92412424
0.0,0,0.40597486
0.0,0,0.07194825
0.0,0,0.044698935
1.0,1,0.7746956
1.0,1,0.9580079
1.0,1,0.87841
1.0,1,0.6801443
0.0,0,0.10461122
1.0,1,0.80543476
1.0,1,0.9588515
1.0,1,0.74048877
0.0,0,0.4185532
1.0,1,0.9865009
1.0,1,0.98248637
0.0,0,0.023221556
0.0,1,0.94273055
0.0,0,0.020332193
0.0,0,0.036836714
1.0,1,0.962855
0.0,0,0.54233754
1.0,1,0.9456864
0.0,0,0.004775771
1.0,1,0.9794202
0.0,0,0.40822452
0.0,0,0.028238764
0.0,0,0.025314761
0.0,0,0.0262207
1.0,1,0.97192556
0.0,0,0.2964815
1.0,1,0.6695496
1.0,1,0.9842331
1.0,1,0.89064586
1.0,1,0.958683
1.0,1,0.96759385
1.0,1,0.9559117
0.0,0,0.13155489
1.0,1,0.84700865
1.0,1,0.9842068
1.0,0,0.290081
1.0,1,0.7182957
1.0,1,0.93123615
1.0,1,0.97212017
0.0,0,0.5288527
0.0,0,0.0036513172
0.0,0,0.5473593
1.0,1,0.9735794
1.0,0,0.5729675
0.0,1,0.8188548
1.0,1,0.97063345
0.0,0,0.1270492
0.0,0,0.11376503
0.0,0,0.031719957
0.0,0,0.0070751286
0.0,0,0.01307874
1.0,1,0.9778333
0.0,0,0.5938538
1.0,1,0.9137107
1.0,1,0.7954063
1.0,1,0.9753483
0.0,0,0.094026946
1.0,1,0.96719706
1.0,1,0.7084214
1.0,1,0.8783106
1.0,1,0.821153
1.0,1,0.8202864
1.0,1,0.97824514
1.0,1,0.776804
0.0,0,0.052152764
1.0,1,0.8153759
0.0,0,0.45114264
1.0,1,0.8157776
0.0,0,0.0017982938
0.0,1,0.9148053
1.0,1,0.953544
0.0,1,0.9286071
1.0,1,0.7563733
1.0,1,0.98073375
1.0,0,0.5950972
1.0,1,0.8262515
0.0,0,0.39015532
0.0,0,0.22529052
0.0,0,0.023869148
1.0,1,0.8364383
0.0,0,0.045483325
1.0,1,0.9642364
0.0,0,0.0050773774
1.0,1,0.8692716
1.0,0,0.5668693
0.0,0,0.39130428
0.0,0,0.017301528
0.0,0,0.005007706
0.0,0,0.19328666
0.0,0,0.362772
0.0,0,0.5163879
1.0,1,0.9754499
0.0,0,0.043634977
1.0,1,0.80581456
1.0,1,0.9166737
0.0,0,0.0297909
0.0,0,0.091707274
1.0,1,0.9621451
0.0,0,0.005137259
1.0,1,0.95568186
1.0,1,0.87816
0.0,0,0.03559205
1.0,1,0.8884198
1.0,1,0.8984242
1.0,1,0.6816268
1.0,1,0.9121901
0.0,0,0.15111718
1.0,1,0.95400095
1.0,1,0.9238014
1.0,1,0.9291423
0.0,0,0.33712828
0.0,0,0.104003035
1.0,1,0.8925606
0.0,0,0.29680732
0.0,0,0.006648014
1.0,1,0.8554664
1.0,1,0.97900164
0.0,0,0.075219996
0.0,0,0.019694451
0.0,0,0.13533044
0.0,0,0.39887387
1.0,1,0.92284125
0.0,0,0.5358991
0.0,0,0.008861877
0.0,0,0.16237265
1.0,1,0.66061175
1.0,1,0.9018473
0.0,0,0.04678118
1.0,1,0.98069316
1.0,1,0.97743315
0.0,0,0.025076086
0.0,1,0.76019394
0.0,0,0.0069063846
0.0,0,0.033238634
1.0,1,0.9762351
1.0,1,0.92488337
1.0,1,0.93752325
1.0,0,0.59894675
1.0,1,0.9098238
1.0,1,0.9666461
0.0,0,0.007429544
1.0,1,0.95911634
0.0,0,0.016388675
0.0,0,0.014256192
1.0,0,0.33245397
1.0,1,0.9730068
0.0,0,0.075148866
0.0,0,0.0824917
1.0,1,0.985752
0.0,1,0.90932244
0.0,0,0.57365316
0.0,1,0.933873
0.0,0,0.031075984
0.0,1,0.72234875
0.0,0,0.07379105
0.0,0,0.023592364
1.0,1,0.9453297
0.0,0,0.04122524
0.0,1,0.7913775
0.0,0,0.014561934
1.0,1,0.8390346
1.0,1,0.7976775
1.0,1,0.94836015
1.0,1,0.78152925
1.0,1,0.96085083
0.0,0,0.0030118667
1.0,1,0.9048002
0.0,0,0.011957792
0.0,0,0.013696941
0.0,0,0.24308214
0.0,0,0.0650739
1.0,1,0.9495826
1.0,1,0.93345237
0.0,0,0.020644622
1.0,1,0.9699588
1.0,1,0.7593193
1.0,1,0.87195575
1.0,1,0.9594421
1.0,1,0.9539711
1.0,0,0.29918215
1.0,1,0.6987349
0.0,0,0.43452626
0.0,0,0.005642993
0.0,0,0.014906021
1.0,1,0.9640531
1.0,1,0.98526365
0.0,0,0.18367484
1.0,1,0.9222377
0.0,0,0.3594174
1.0,1,0.8841775
0.0,0,0.014200736
0.0,0,0.007250662
0.0,0,0.58550745
0.0,0,0.032487895
0.0,1,0.9343485
1.0,1,0.97222185
0.0,0,0.3843705
1.0,0,0.46396065
0.0,0,0.0038913058
1.0,1,0.9556714
1.0,1,0.93663114
1.0,1,0.97017413
1.0,1,0.9817535
1.0,1,0.8912978
1.0,1,0.9795215
0.0,0,0.15300411
1.0,1,0.7476135
0.0,0,0.006605266
0.0,0,0.010729691
1.0,1,0.9681112
0.0,0,0.0063253036
1.0,1,0.8619858
1.0,1,0.98226756
1.0,1,0.9075931
1.0,1,0.76192605
0.0,1,0.9829235
1.0,1,0.96570426
1.0,1,0.9831102
0.0,0,0.28166422
0.0,0,0.030643478
1.0,1,0.9616688
0.0,0,0.25936088
1.0,0,0.6261266
0.0,0,0.0013590001
0.0,0,0.22069019
0.0,0,0.35318837
1.0,1,0.83296615
0.0,0,0.052853413
1.0,1,0.9763753
1.0,1,0.8893888
1.0,1,0.9018321
1.0,1,0.75879604
0.0,1,0.7887714
1.0,1,0.9434498
1.0,1,0.9531346
1.0,1,0.8041273
1.0,1,0.81524456
1.0,1,0.9527381
0.0,0,0.0012208592
1.0,0,0.5585851
1.0,1,0.76779187
0.0,0,0.009359718
0.0,0,0.011317281
1.0,1,0.9492667
1.0,0,0.19267777
1.0,1,0.85614544
1.0,1,0.9363738
1.0,1,0.8449829
0.0,1,0.69219166
0.0,0,0.15492202
0.0,0,0.002941947
1.0,1,0.87444305
1.0,1,0.98067766
1.0,1,0.96071523
0.0,0,0.009738317
0.0,0,0.049022987
0.0,0,0.10555307
0.0,0,0.2537298
1.0,1,0.97908396
1.0,1,0.8877295
0.0,0,0.046021707
0.0,0,0.009509932
0.0,0,0.03613773
0.0,0,0.005306134
1.0,1,0.88514435
0.0,0,0.5901988
1.0,1,0.81126237
1.0,1,0.9832093
0.0,0,0.056959722
1.0,1,0.8684403
0.0,0,0.00041359235
1.0,1,0.8908319
1.0,1,0.8440927
1.0,0,0.51603067
1.0,0,0.34989655
0.0,0,0.2517138
1.0,1,0.9170816
0.0,0,0.4355299
1.0,1,0.68596965
0.0,0,0.31226832
0.0,0,0.2869411
0.0,0,0.2119909
1.0,0,0.45125192
0.0,0,0.019352568
1.0,0,0.5389582
0.0,0,0.07879811
0.0,0,0.07960401
0.0,0,0.019967912
1.0,1,0.8672445
1.0,1,0.9820531
1.0,1,0.9562962
1.0,1,0.9830635
1.0,1,0.9479186
1.0,1,0.9813823
1.0,1,0.78462553
0.0,0,0.012670961
0.0,0,0.023419987
0.0,0,0.050310507
0.0,0,0.018229058
0.0,0,0.00054985244
1.0,1,0.8706958
1.0,1,0.96854955
1.0,1,0.93135667
0.0,0,0.02169333
1.0,0,0.29798523
1.0,1,0.8295476
0.0,1,0.7810311
0.0,0,0.05722036
1.0,1,0.9381595
1.0,0,0.5584488
0.0,0,0.010758685
0.0,0,0.5799669
0.0,0,0.09385
1.0,1,0.9837782
0.0,0,0.23603994
1.0,1,0.97400016
0.0,0,0.018461823
1.0,1,0.74095494
0.0,1,0.77294326
0.0,0,0.00541257
0.0,0,0.05070387
1.0,1,0.98330367
1.0,1,0.9421503
0.0,0,0.17190498
1.0,1,0.8814655
0.0,0,0.23287594
1.0,1,0.8630505
1.0,1,0.92775714
0.0,0,0.01816878
1.0,1,0.9754253
0.0,0,0.08621858
0.0,0,0.47252068
1.0,0,0.6557815
0.0,0,0.06327027
0.0,0,0.03589012
1.0,1,0.938468
0.0,0,0.37325925
1.0,1,0.89449775
0.0,0,0.13038965
1.0,1,0.7403379
1.0,1,0.97787637
1.0,1,0.9616568
1.0,1,0.7987084
0.0,0,0.026080169
0.0,0,0.014331646
1.0,1,0.73888236
0.0,0,0.20240156
0.0,0,0.14307448
0.0,0,0.011218397
0.0,0,0.0047460934
1.0,1,0.97641486
0.0,0,0.17878342
1.0,1,0.9191477
0.0,1,0.7820859
0.0,0,0.013172742
1.0,1,0.75514555
0.0,0,0.20658591
1.0,1,0.82707596
0.0,0,0.0611818
0.0,0,0.080931425
1.0,1,0.67401475
0.0,0,0.0034302918
0.0,0,0.005110027
0.0,0,0.3410925
0.0,0,0.004983003
1.0,1,0.9165682
1.0,1,0.961832
0.0,0,0.014805238
0.0,1,0.69341713
1.0,1,0.9427544
1.0,0,0.18800713
0.0,0,0.10860372
1.0,1,0.9871698
0.0,0,0.01107296
1.0,1,0.9807296
0.0,0,0.07400026
1.0,1,0.98753405
0.0,0,0.0026067176
1.0,1,0.97007143
1.0,1,0.8023993
1.0,1,0.9447122
1.0,1,0.7244238
1.0,1,0.8688906
1.0,0,0.1525063
0.0,0,0.1828874
1.0,0,0.44139537
1.0,0,0.43415672
1.0,1,0.98149675
0.0,0,0.051719345
1.0,1,0.94905037
1.0,1,0.98433894
1.0,1,0.98253375
0.0,0,0.027837113
0.0,0,0.012488805
0.0,0,0.068456516
1.0,1,0.9491883
0.0,0,0.10130456
0.0,0,0.29320002
0.0,0,0.025634272
1.0,1,0.98526824
1.0,1,0.90524006
0.0,0,0.004046549
1.0,1,0.7369596
1.0,1,0.975188
1.0,1,0.7534154
0.0,0,0.007461678
1.0,1,0.8727231
0.0,0,0.0024007235
1.0,1,0.89731586
0.0,0,0.19188347
1.0,1,0.9533504
1.0,1,0.8998165
0.0,0,0.15267222
1.0,1,0.93639576
1.0,1,0.9851082
0.0,0,0.27645865
1.0,1,0.9809251
0.0,0,0.031840093
1.0,1,0.93817437
0.0,0,0.0017463453
0.0,1,0.68833214
0.0,0,0.5132797
0.0,0,0.0410897
1.0,1,0.7418034
0.0,0,0.0006532492
0.0,0,0.37588385
1.0,1,0.95815784
0.0,0,0.07235407
0.0,0,0.00321679
0.0,0,0.05109072
0.0,0,0.011405908
1.0,1,0.71451414
0.0,0,0.54746747
0.0,0,0.014434936
1.0,1,0.98601943
1.0,1,0.7642017
1.0,1,0.868147
1.0,1,0.76595116
0.0,0,0.067870654
0.0,0,0.45469603
1.0,1,0.9422973
1.0,0,0.29737327
0.0,0,0.018374495
0.0,0,0.024372077
1.0,0,0.52129
0.0,0,0.1993211
1.0,1,0.9455004
1.0,1,0.9207415
0.0,0,0.021236889
1.0,1,0.9232154
0.0,0,0.6078886
0.0,0,0.53724754
1.0,1,0.6932732
1.0,1,0.888341
1.0,1,0.9304009
1.0,1,0.8119372
0.0,0,0.022265593
1.0,1,0.8776123
0.0,0,0.013964761
0.0,0,0.5141513
0.0,0,0.07127239
1.0,1,0.8620619
0.0,0,0.064653166
0.0,0,0.055775587
1.0,1,0.7566394
1.0,1,0.97811323
0.0,0,0.030018216
0.0,0,0.028001191
0.0,0,0.16893043
1.0,1,0.9486166
1.0,1,0.9846391
1.0,1,0.9798121
0.0,0,0.087925956
1.0,1,0.98117435
0.0,0,0.025660377
0.0,0,0.0068845036
0.0,0,0.31611755
0.0,0,0.06427644
1.0,1,0.9582684
1.0,1,0.981311
1.0,1,0.7038363
0.0,0,0.23997894
0.0,1,0.95760244
0.0,0,0.01616406
0.0,0,0.21078975
0.0,0,0.53468716
1.0,1,0.9742701
1.0,1,0.91070837
1.0,1,0.98614705
0.0,0,0.038266033
0.0,0,0.19434491
1.0,1,0.910062
1.0,1,0.9552767
1.0,1,0.97349536
1.0,0,0.6070974
1.0,1,0.826286
1.0,0,0.46565804
1.0,1,0.9337428
0.0,0,0.11829764
0.0,0,0.006264408
1.0,1,0.9641286
0.0,0,0.1645351
0.0,0,0.008855638
1.0,1,0.98227686
0.0,0,0.012012602
1.0,0,0.18613474
1.0,1,0.9797924
1.0,1,0.8360312
1.0,1,0.91219914
0.0,0,0.01933549
0.0,0,0.4955596
1.0,1,0.87784356
1.0,1,0.98518187
1.0,1,0.9533745
1.0,1,0.7890683
1.0,1,0.92445505
1.0,1,0.9775103
1.0,1,0.8575866
1.0,1,0.9222548
1.0,1,0.83010745
1.0,1,0.96055925
1.0,1,0.96163696
0.0,0,0.52316797
0.0,0,0.14544001
1.0,1,0.8461872
1.0,1,0.90003777
1.0,1,0.79859996
0.0,0,0.17643677
0.0,0,0.011259712
0.0,0,0.0017727687
0.0,0,0.17072321
0.0,0,0.4004345
0.0,0,0.06802409
0.0,0,0.0013004633
1.0,1,0.94458646
1.0,1,0.83795625
1.0,1,0.7054009
0.0,0,0.20605235
0.0,0,0.2122112
0.0,0,0.6008548
0.0,0,0.015447751
1.0,1,0.9260192
0.0,0,0.0008823377
0.0,0,0.02903026
1.0,1,0.70439017
0.0,0,0.057824336
1.0,1,0.92458004
0.0,0,0.018796194
0.0,0,0.0087170135
0.0,0,0.3908891
1.0,1,0.9417144
0.0,0,0.06730689
1.0,1,0.98538256
0.0,0,0.3800798
0.0,0,0.0086269025
0.0,0,0.004498813
1.0,1,0.9268079
0.0,0,0.0060111326
1.0,1,0.85763675
1.0,1,0.98690736
1.0,1,0.9735856
1.0,1,0.7056221
0.0,0,0.1886189
1.0,0,0.1545856
0.0,0,0.20725709
1.0,1,0.88274956
0.0,1,0.76286834
1.0,1,0.9829614
1.0,1,0.9593481
0.0,0,0.022421114
0.0,0,0.092737705
0.0,0,0.64988816
0.0,0,0.53348416
1.0,1,0.7920555
0.0,0,0.54139876
1.0,1,0.89351845
1.0,1,0.97890145
0.0,0,0.33065796
0.0,1,0.6953525
1.0,0,0.5687485
1.0,1,0.97814184
1.0,1,0.80375373
1.0,0,0.031344395
0.0,0,0.026307274
0.0,0,0.0038196633
0.0,0,0.0816025
0.0,0,0.42212182
0.0,0,0.11893671
1.0,1,0.8815373
0.0,0,0.04778976
1.0,0,0.5950014
1.0,1,0.84712327
0.0,0,0.06534419
0.0,0,0.0019458513
0.0,0,0.08878989
1.0,1,0.7964008
1.0,0,0.6331501
0.0,0,0.5645666
1.0,1,0.7722182
0.0,0,0.08093564
1.0,1,0.9772205
1.0,1,0.87298006
1.0,1,0.9717254
0.0,0,0.0133772
1.0,1,0.9322577
1.0,1,0.68736464
1.0,1,0.97468823
1.0,1,0.97318214
1.0,0,0.2522582
1.0,1,0.7488396
1.0,1,0.8079556
0.0,0,0.029223982
0.0,0,0.030973604
1.0,0,0.55890095
0.0,0,0.02243068
0.0,0,0.22128658
1.0,1,0.849388
1.0,1,0.71641713
0.0,0,0.021005739
0.0,1,0.72988796
1.0,1,0.7839232
1.0,1,0.8598686
1.0,1,0.8594897
0.0,0,0.44953728
1.0,1,0.9498772
1.0,1,0.978249
1.0,1,0.9475891
0.0,0,0.05640791
1.0,1,0.8900765
1.0,1,0.9601955
0.0,0,0.011049931
0.0,0,0.016276207
1.0,1,0.8415742
0.0,0,0.027657745
1.0,1,0.9814689
0.0,0,0.028019512
1.0,1,0.9511702
0.0,0,0.46701485
1.0,1,0.9058057
0.0,0,0.004464951
0.0,0,0.016254395
1.0,1,0.9750287
1.0,1,0.8733076
1.0,1,0.7598938
0.0,0,0.0075712376
1.0,1,0.9229307
1.0,1,0.9792552
1.0,1,0.89842165
1.0,1,0.9827494
1.0,0,0.6111462
1.0,1,0.8649251
1.0,1,0.9594303
1.0,1,0.9770114
0.0,0,0.03200684
1.0,1,0.9760804
0.0,0,0.11067642
0.0,0,0.0047882497
0.0,0,0.009949849
0.0,0,0.08103729
1.0,0,0.57335305
0.0,0,0.10070489
1.0,1,0.9724381
0.0,0,0.026234973
1.0,1,0.9833844
0.0,0,0.030084416
1.0,1,0.8637269
1.0,1,0.9703965
1.0,0,0.50455076
1.0,1,0.9162429
1.0,1,0.8531723
1.0,1,0.9331162
0.0,0,0.1603168
1.0,1,0.8051272
1.0,1,0.9794547
0.0,0,0.014897048
1.0,1,0.9428589
0.0,0,0.03324363
0.0,0,0.016274842
1.0,1,0.9475284
0.0,0,0.013715293
1.0,1,0.86328226
0.0,0,0.19841766
1.0,1,0.9830911
0.0,0,0.0060831676
0.0,0,0.240537
1.0,1,0.8235119
1.0,0,0.50699544
0.0,0,0.01735011
1.0,1,0.9722307
1.0,1,0.87905455
0.0,0,0.045090217
0.0,0,0.04815152
0.0,0,0.11461149
0.0,0,0.052805502
1.0,1,0.87096125
1.0,1,0.78406334
1.0,1,0.8695041
0.0,0,0.18284138
1.0,1,0.9290476
0.0,0,0.14213178
0.0,0,0.40839007
0.0,0,0.31991842
0.0,0,0.021887248
0.0,0,0.05940814
0.0,0,0.010860899
0.0,1,0.83960116
1.0,1,0.9337219
0.0,0,0.51420105
0.0,0,0.009274341
1.0,0,0.42993295
1.0,1,0.78563905
0.0,0,0.37706327
0.0,0,0.13092767
1.0,1,0.8450061
1.0,1,0.9635881
1.0,1,0.8668166
1.0,1,0.9143703
0.0,0,0.6470039
1.0,1,0.76894665
0.0,0,0.58165926
1.0,1,0.8745123
1.0,0,0.636699
0.0,0,0.009363233
1.0,1,0.79375756
1.0,1,0.71334904
1.0,1,0.9395397
1.0,1,0.89699924
0.0,0,0.02087256
1.0,1,0.95725733
1.0,1,0.84709865
0.0,0,0.59811866
0.0,0,0.09368141
0.0,0,0.010027899
1.0,1,0.96971506
1.0,1,0.7905061
1.0,1,0.7952454
1.0,1,0.9472122
0.0,0,0.0005683829
0.0,0,0.29414794
1.0,1,0.8986699
0.0,0,0.20543028
1.0,1,0.8988804
1.0,1,0.9431604
0.0,0,0.03915916
0.0,0,0.015008213
1.0,1,0.98132104
1.0,1,0.95533264
1.0,1,0.80220705
1.0,0,0.14149794
0.0,0,0.16022187
1.0,1,0.9717094
1.0,1,0.9440678
0.0,0,0.05002947
1.0,1,0.97590595
0.0,0,0.020379838
0.0,0,0.10820975
0.0,0,0.033600163
1.0,1,0.9043217
0.0,1,0.69895464
1.0,1,0.9786948
1.0,1,0.9750542
1.0,1,0.9827055
0.0,0,0.06763335
0.0,0,0.013613855
1.0,1,0.8634371
1.0,1,0.95480233
0.0,0,0.0670506
1.0,1,0.93821394
0.0,0,0.015347468
1.0,1,0.92826635
0.0,0,0.01619107
0.0,0,0.02232572
0.0,0,0.038170677
0.0,0,0.01809064
1.0,1,0.9776523
0.0,0,0.43988004
1.0,1,0.95462495
0.0,0,0.011556652
0.0,0,0.48632774
1.0,1,0.76451814
0.0,0,0.035198167
0.0,0,0.60714626
0.0,0,0.026514784
0.0,0,0.008277592
1.0,1,0.9089669
1.0,1,0.8878621
0.0,0,0.012309676
1.0,1,0.8072342
1.0,0,0.14973223
0.0,0,0.40018532
0.0,0,0.008482343
1.0,1,0.95742595
0.0,1,0.7786921
1.0,1,0.98300636
1.0,1,0.9657656
0.0,0,0.094990626
0.0,0,0.001807166
0.0,0,0.0144998925
0.0,0,0.011312032
1.0,1,0.7531297
0.0,0,0.0060659256
0.0,0,0.33915251
0.0,0,0.0059269243
1.0,1,0.91357625
0.0,0,0.20218085
0.0,0,0.14817426
1.0,0,0.3478241
0.0,0,0.10744628
0.0,0,0.290545
0.0,0,0.07296157
0.0,0,0.015033264
0.0,0,0.028895797
1.0,1,0.89946896
1.0,1,0.9721503
0.0,1,0.81460536
1.0,1,0.73382306
0.0,0,0.012845624
1.0,1,0.8685839
0.0,0,0.040441416
0.0,0,0.009972355
0.0,0,0.18601216
0.0,1,0.74685603
0.0,0,0.034318857
1.0,1,0.9469596
0.0,0,0.021990273
1.0,1,0.9835241
1.0,1,0.96955633
1.0,1,0.9833214
0.0,0,0.3314065
1.0,1,0.69433147
0.0,0,0.21174996
0.0,0,0.35501504
1.0,1,0.94818467
0.0,0,0.20172922
0.0,0,0.2573448
1.0,1,0.8018955
1.0,0,0.54687226
1.0,1,0.95860237
1.0,1,0.9698347
1.0,1,0.95434624
1.0,1,0.90824664
0.0,0,0.2913493
0.0,0,0.32992515
0.0,0,0.0074111093
1.0,1,0.900839
1.0,1,0.94211966
0.0,0,0.07755473
0.0,0,0.28025088
0.0,0,0.0018700662
0.0,0,0.0064293663
0.0,0,0.028847078
1.0,1,0.9167724
1.0,1,0.9719944
1.0,1,0.9481125
0.0,0,0.33674693
0.0,0,0.19977146
0.0,0,0.03352633
0.0,0,0.08338095
0.0,0,0.5330514
0.0,0,0.535326
0.0,0,0.037383903
1.0,1,0.94917405
0.0,0,0.027768075
1.0,1,0.9761787
0.0,1,0.89287305
0.0,0,0.3079813
0.0,0,0.35822153
1.0,1,0.9782739
1.0,1,0.98196614
1.0,1,0.9337774
1.0,1,0.9799201
0.0,0,0.011645731
0.0,0,0.106169276
1.0,1,0.74465144
1.0,1,0.9364476
0.0,0,0.35552904
0.0,0,0.0018565995
0.0,0,0.062188957
1.0,1,0.91401005
1.0,1,0.9729511
1.0,1,0.97588116
0.0,0,0.34370577
1.0,1,0.80780137
1.0,1,0.8015425
0.0,0,0.18656597
0.0,0,0.011948472
1.0,0,0.3028409
1.0,1,0.9772101
1.0,1,0.8720993
0.0,0,0.0014398902
1.0,1,0.9265406
1.0,1,0.9423544
1.0,1,0.9711107
1.0,1,0.98357457
0.0,0,0.025801001
1.0,1,0.8495621
0.0,0,0.35069585
0.0,0,0.65084904
0.0,0,0.0114265345
1.0,0,0.52538157
1.0,1,0.8121602
1.0,1,0.9080365
1.0,1,0.98532796
1.0,1,0.90055656
0.0,0,0.0518441
1.0,1,0.96328956
1.0,1,0.9797333
0.0,0,0.017950626
1.0,1,0.6739927
0.0,0,0.024253894
0.0,0,0.013410432
1.0,1,0.9181845
1.0,1,0.66509163
1.0,1,0.7987015
0.0,0,0.010061706
0.0,0,0.25806528
1.0,1,0.83834344
1.0,1,0.90298027
1.0,1,0.96651036
1.0,0,0.5478851
0.0,0,0.41424373
0.0,0,0.5649605
1.0,1,0.93332094
1.0,1,0.8215544
1.0,1,0.8385548
1.0,1,0.8815225
1.0,1,0.87611175
1.0,1,0.9833987
0.0,0,0.047322903
1.0,0,0.655229
0.0,0,0.07268083
1.0,1,0.87287706
1.0,1,0.8577562
0.0,0,0.43939614
0.0,0,0.2772097
1.0,1,0.8657317
1.0,1,0.9427528
0.0,0,0.18440302
0.0,1,0.76622915
0.0,1,0.8684237
1.0,1,0.8899522
0.0,0,0.0348082
0.0,0,0.009404831
0.0,0,0.23299687
0.0,0,0.08516483
1.0,1,0.8712651
0.0,0,0.023768522
1.0,1,0.9824902
0.0,0,0.02263515
0.0,0,0.020547425
0.0,0,0.4384353
0.0,0,0.053430356
1.0,1,0.9764856
0.0,0,0.15659003
0.0,1,0.98066974
1.0,1,0.97121096
1.0,1,0.8986994
0.0,0,0.10979857
0.0,0,0.63943565
0.0,0,0.28023317
0.0,0,0.019128297
0.0,1,0.6708302
1.0,1,0.9781044
0.0,0,0.22834732
0.0,0,0.58409816
0.0,0,0.0055396077
0.0,0,0.047722846
1.0,1,0.9131221
1.0,1,0.98186344
1.0,1,0.872596
0.0,0,0.3016423
0.0,0,0.0038539264
0.0,1,0.866759
0.0,0,0.007379523
1.0,1,0.958105
1.0,1,0.91108334
0.0,0,0.15939565
1.0,1,0.9784474
1.0,1,0.9422063
1.0,1,0.9236381
1.0,1,0.8579905
1.0,1,0.9841452
1.0,1,0.784674
1.0,1,0.87562776
1.0,1,0.88366926
0.0,0,0.0061198687
1.0,0,0.5986933
0.0,0,0.3168777
0.0,0,0.041216284
0.0,1,0.7345636
0.0,0,0.08726076
1.0,1,0.94255376
0.0,0,0.2700763
1.0,1,0.9654671
0.0,0,0.38557684
0.0,0,0.13676776
1.0,1,0.97147876
1.0,1,0.72198087
1.0,0,0.6402165
1.0,1,0.98360264
1.0,1,0.9152177
1.0,0,0.4357712
0.0,0,0.40381724
0.0,0,0.2931782
0.0,0,0.046325702
0.0,0,0.54001653
0.0,0,0.06990907
1.0,1,0.8258695
1.0,1,0.9028367
1.0,1,0.953033
1.0,1,0.8617605
1.0,1,0.9735674
1.0,1,0.9675479
1.0,1,0.97919905
0.0,0,0.025730852
1.0,1,0.9225979
1.0,1,0.9454977
1.0,1,0.9830663
1.0,1,0.8528202
0.0,0,0.018100746
0.0,0,0.025891466
0.0,0,0.11419004
1.0,1,0.91753143
0.0,0,0.014110934
1.0,0,0.6364036
0.0,0,0.26210004
0.0,0,0.08183521
1.0,0,0.4577588
1.0,1,0.98091924
1.0,1,0.98493934
1.0,0,0.5576074
0.0,0,0.049122076
1.0,1,0.9540283
0.0,0,0.004200334
1.0,1,0.92145175
1.0,1,0.9641643
0.0,0,0.06419398
1.0,0,0.64188546
1.0,1,0.9840495
0.0,0,0.044294164
0.0,0,0.16596048
1.0,1,0.9646434
1.0,1,0.82379943
1.0,1,0.9751898
0.0,0,0.25457075
0.0,0,0.35239577
0.0,0,0.013078998
0.0,0,0.005393703
0.0,0,0.016071824
1.0,1,0.90280056
1.0,1,0.8761487
0.0,0,0.05169696
1.0,1,0.9403704
1.0,1,0.8930954
0.0,0,0.030139646
0.0,0,0.060916945
1.0,1,0.8320258
1.0,0,0.6474819
1.0,1,0.7137295
1.0,1,0.8413448
1.0,1,0.97370315
0.0,0,0.30749086
0.0,1,0.7018615
0.0,0,0.21376003
0.0,0,0.0068270643
0.0,0,0.022517387
1.0,1,0.9822939
1.0,1,0.90514857
0.0,0,0.025350368
0.0,0,0.012866769
0.0,1,0.75902283
1.0,1,0.92234445
0.0,0,0.40809745
1.0,1,0.97496045
0.0,0,0.024098974
1.0,1,0.82973826
1.0,1,0.9752596
1.0,1,0.9842338
1.0,1,0.87978804
0.0,1,0.83863777
1.0,1,0.9758836
1.0,1,0.9849342
1.0,1,0.91774666
0.0,0,0.0065120887
0.0,0,0.44545949
0.0,0,0.011316877
1.0,1,0.9547699
1.0,1,0.7804953
1.0,1,0.98402524
1.0,1,0.872831
0.0,0,0.2947839
1.0,1,0.9527557
1.0,1,0.8240322
0.0,1,0.72687745
0.0,0,0.08968106
0.0,0,0.0039405804
1.0,1,0.8029948
1.0,1,0.8415564
0.0,0,0.013212198
1.0,1,0.9582778
0.0,0,0.057311855
0.0,0,0.05430699
0.0,1,0.7955908
1.0,1,0.96091413
1.0,1,0.9741389
0.0,0,0.42597327
1.0,0,0.552719
1.0,1,0.772319
1.0,1,0.805304
1.0,1,0.94477504
0.0,0,0.1750862
1.0,1,0.9718106
1.0,1,0.88662034
1.0,1,0.9203228
1.0,0,0.5626606
1.0,1,0.9247314
1.0,1,0.9488552
1.0,1,0.9422086
0.0,0,0.11082801
1.0,1,0.9519308
0.0,0,0.53360844
0.0,1,0.70734644
1.0,1,0.9460466
0.0,0,0.1887847
0.0,0,0.01590663
0.0,0,0.023247603
0.0,0,0.079609886
1.0,1,0.89893675
0.0,0,0.016560879
0.0,0,0.018400326
0.0,0,0.50717306
1.0,0,0.46917236
0.0,0,0.021973614
1.0,1,0.9476757
1.0,1,0.845584
1.0,1,0.8308634
1.0,1,0.91334295
0.0,0,0.05364804
0.0,0,0.014618122
0.0,0,0.004452518
0.0,0,0.09688213
0.0,0,0.3159596
1.0,1,0.9870466
1.0,0,0.6362438
1.0,1,0.96747774
1.0,1,0.9837495
0.0,0,0.02982493
1.0,1,0.94653386
1.0,1,0.8918205
1.0,1,0.9630205
1.0,1,0.9726407
0.0,0,0.007311515
1.0,1,0.84369856
0.0,0,0.046668157
1.0,1,0.98068494
0.0,0,0.13493975
0.0,0,0.13593069
0.0,0,0.08621102
0.0,0,0.01312393
0.0,0,0.36295328
0.0,0,0.022209642
1.0,1,0.9277362
0.0,1,0.70016515
0.0,0,0.5392306
1.0,1,0.8309145
1.0,1,0.91448075
1.0,1,0.885623
0.0,0,0.0019871679
0.0,0,0.014464606
1.0,1,0.98309255
0.0,0,0.019262442
0.0,0,0.115270406
0.0,0,0.3770688
1.0,1,0.92016697
1.0,1,0.9198673
0.0,0,0.24812745
1.0,1,0.9787982
0.0,1,0.8522637
0.0,0,0.02838983
0.0,0,0.15649875
0.0,0,0.012592374
0.0,0,0.25042608
0.0,0,0.3230052
1.0,1,0.983757
0.0,0,0.04331563
1.0,1,0.9842305
1.0,1,0.9787449
1.0,0,0.032672696
1.0,1,0.96275425
1.0,1,0.9572812
0.0,0,0.38135988
1.0,1,0.97554684
0.0,0,0.5590099
1.0,1,0.97112817
1.0,1,0.884565
1.0,1,0.81493074
1.0,1,0.9571641
0.0,0,0.0033997996
0.0,0,0.0055135833
0.0,0,0.42288202
0.0,0,0.30242372
1.0,1,0.8878357
1.0,1,0.95247537
1.0,1,0.97981054
0.0,0,0.3567472
1.0,1,0.91811866
0.0,0,0.115369156
1.0,1,0.715767
0.0,0,0.04736204
0.0,0,0.04774995
0.0,1,0.9795285
1.0,1,0.81219923
0.0,0,0.008598568
1.0,1,0.9629291
1.0,1,0.96310633
1.0,1,0.9242
0.0,0,0.022517607
1.0,1,0.84995365
1.0,1,0.9604095
1.0,1,0.969885
0.0,0,0.104863726
0.0,0,0.0044014785
0.0,0,0.014881744
0.0,0,0.10185911
0.0,0,0.2034173
1.0,1,0.90167016
0.0,1,0.79690695
1.0,1,0.669381
1.0,1,0.97045034
0.0,0,0.19691746
1.0,0,0.4382657
0.0,0,0.020602604
0.0,0,0.08861131
1.0,1,0.9625813
1.0,1,0.9516101
0.0,0,0.006705415
1.0,1,0.94494903
0.0,0,0.1477984
0.0,1,0.92704624
0.0,0,0.007773343
1.0,1,0.8205556
0.0,0,0.041439373
1.0,1,0.78093755
1.0,1,0.73273814
1.0,1,0.9791707
0.0,0,0.33758974
0.0,0,0.03895111
0.0,0,0.49107385
0.0,0,0.009108677
1.0,1,0.97301453
0.0,0,0.011713825
0.0,0,0.07801472
1.0,1,0.73543406
0.0,0,0.15446058
0.0,0,0.05736225
1.0,1,0.78334844
1.0,0,0.5554998
1.0,1,0.97808844
0.0,0,0.052522454
0.0,0,0.003872162
1.0,1,0.92089313
0.0,0,0.35786462
1.0,1,0.9817596
0.0,0,0.0011937
1.0,1,0.9832914
1.0,1,0.8211778
1.0,1,0.7030804
0.0,0,0.3649447
0.0,0,0.0012927444
1.0,1,0.73867655
1.0,1,0.8257526
1.0,1,0.9835629
0.0,0,0.28090155
0.0,0,0.0029457216
1.0,1,0.87933326
0.0,0,0.21113321
1.0,1,0.93512976
1.0,1,0.82121456
1.0,1,0.85932946
0.0,0,0.059327565
1.0,1,0.88335943
1.0,1,0.69004303
1.0,1,0.96953064
0.0,0,0.57002866
0.0,0,0.40671137
1.0,1,0.91930944
1.0,1,0.8292336
1.0,1,0.9852601
1.0,1,0.96204096
0.0,0,0.01914454
0.0,0,0.31391403
0.0,0,0.08240204
1.0,1,0.9808772
0.0,0,0.01619145
0.0,0,0.34036112
1.0,0,0.5748229
1.0,1,0.98075897
1.0,1,0.95390743
0.0,0,0.02617511
1.0,1,0.8915383
0.0,0,0.03436461
0.0,0,0.34095052
1.0,1,0.8066828
1.0,1,0.9508343
1.0,1,0.9761418
0.0,1,0.7239586
0.0,0,0.0072073787
1.0,1,0.9680659
0.0,0,0.01570412
1.0,1,0.8639891
0.0,0,0.004607684
1.0,1,0.86709535
1.0,1,0.97667366
0.0,0,0.353098
1.0,1,0.92272633
0.0,0,0.13583405
0.0,0,0.001958307
1.0,1,0.95252204
0.0,0,0.44847053
0.0,0,0.06798586
0.0,0,0.30737573
1.0,0,0.56975305
1.0,1,0.984579
0.0,0,0.10847674
1.0,1,0.9822864
0.0,0,0.015446313
0.0,1,0.76693815
1.0,1,0.97636974
0.0,0,0.057246014
1.0,1,0.9656899
0.0,0,0.0070245992
0.0,0,0.04964447
1.0,1,0.84050226
1.0,1,0.9137695
1.0,1,0.7211867
1.0,1,0.9803059
1.0,1,0.9089459
1.0,1,0.83725375
0.0,1,0.7529335
1.0,1,0.98054695
0.0,0,0.0064612846
1.0,1,0.93745905
1.0,1,0.85600364
1.0,1,0.9679333
1.0,1,0.96588254
1.0,1,0.93040645
0.0,0,0.009846551
0.0,0,0.0069700307
1.0,1,0.9387941
1.0,1,0.91819215
1.0,0,0.45814642
1.0,1,0.98381925
1.0,1,0.9754877
1.0,1,0.83416075
0.0,0,0.0182723
1.0,1,0.87757516
0.0,1,0.6749189
1.0,1,0.92585546
0.0,0,0.07510061
1.0,1,0.9427013
0.0,0,0.05235731
0.0,0,0.2863397
1.0,0,0.6084281
1.0,1,0.96133447
0.0,0,0.06514617
0.0,0,0.0018836233
0.0,0,0.18248199
1.0,1,0.9856571
1.0,0,0.49806803
0.0,0,0.41761583
1.0,1,0.98760945
0.0,0,0.012889913
1.0,1,0.76582927
1.0,1,0.96480304
1.0,1,0.9814199
0.0,0,0.3460689
1.0,1,0.8836371
0.0,0,0.32283515
1.0,1,0.94524
1.0,0,0.6014958
1.0,1,0.97028166
1.0,1,0.9319234
1.0,1,0.95045316
1.0,1,0.9663663
1.0,0,0.6089382
1.0,1,0.9521258
0.0,0,0.06487874
1.0,1,0.7058229
0.0,0,0.01539416
0.0,0,0.4288487
0.0,0,0.009932052
1.0,1,0.9822588
0.0,0,0.0042993533
0.0,1,0.76417863
1.0,1,0.9444958
0.0,1,0.6745211
0.0,0,0.19173796
0.0,0,0.23164518
1.0,1,0.9690501
0.0,0,0.14669704
1.0,1,0.94734216
0.0,0,0.030080868
1.0,1,0.97944593
0.0,0,0.029006748
0.0,0,0.06162409
0.0,0,0.0104546435
1.0,1,0.97929794
0.0,1,0.7939116
0.0,0,0.10831932
0.0,0,0.009000331
0.0,0,0.47000954
0.0,0,0.6261104
1.0,1,0.7947002
0.0,0,0.003212521
0.0,0,0.04556034
0.0,0,0.006064925
1.0,1,0.934521
0.0,0,0.62469065
0.0,0,0.48674276
1.0,1,0.9409994
0.0,0,0.0011297119
0.0,0,0.010014465
1.0,0,0.57755476
1.0,1,0.98631483
0.0,1,0.6822161
1.0,1,0.7317834
0.0,0,0.007743126
0.0,0,0.063502885
0.0,0,0.056648463
1.0,1,0.93143135
1.0,0,0.6229117
0.0,0,0.28226286
1.0,1,0.9163607
0.0,0,0.0060344087
0.0,0,0.0508444
1.0,0,0.539504
0.0,0,0.0064074723
0.0,0,0.0057474696
0.0,0,0.007831804
0.0,0,0.010869155
0.0,0,0.24110754
0.0,0,0.26723763
0.0,0,0.6168548
1.0,1,0.93622464
0.0,0,0.013045244
1.0,1,0.8261098
1.0,1,0.9407723
0.0,0,0.10316613
0.0,0,0.004209897
0.0,0,0.1957483
1.0,0,0.64247346
1.0,1,0.97984684
0.0,0,0.0109647615
1.0,1,0.9474515
1.0,1,0.85985655
1.0,1,0.9267375
0.0,1,0.717641
1.0,1,0.86297166
0.0,0,0.011898961
1.0,0,0.59237254
0.0,0,0.2772729
0.0,0,0.04793995
0.0,0,0.0053475685
0.0,0,0.065367706
1.0,1,0.96882516
0.0,0,0.05383406
0.0,0,0.006133777
1.0,1,0.9816473
1.0,1,0.8205933
1.0,1,0.9388701
1.0,1,0.97008514
0.0,0,0.03288598
1.0,0,0.220838
0.0,0,0.010887415
0.0,0,0.5438829
1.0,1,0.98194927
0.0,1,0.8466226
1.0,1,0.9764735
0.0,0,0.1716298
0.0,0,0.010034482
0.0,0,0.27536955
0.0,0,0.06278608
1.0,1,0.69075185
1.0,1,0.9773417
0.0,0,0.4038497
0.0,0,0.008960212
1.0,1,0.9785439
1.0,1,0.9346052
1.0,1,0.982033
0.0,0,0.07545512
0.0,0,0.2916757
0.0,0,0.00961306
1.0,0,0.629074
1.0,0,0.63505447
0.0,0,0.23181641
0.0,0,0.08086033
0.0,0,0.441928
1.0,1,0.93162686
1.0,1,0.93379444
1.0,1,0.8716227
1.0,0,0.04359473
0.0,0,0.014126239
0.0,0,0.04727884
1.0,1,0.83679986
0.0,0,0.108935975
1.0,1,0.81257033
1.0,1,0.9712832
1.0,1,0.9095403
1.0,1,0.76691407
1.0,1,0.97992504
1.0,1,0.9234892
1.0,1,0.9342876
0.0,0,0.0068702875
0.0,1,0.66835225
1.0,1,0.6863277
0.0,0,0.033940714
1.0,1,0.98626965
1.0,1,0.97153974
0.0,0,0.03864569
0.0,0,0.25430188
0.0,0,0.021010902
1.0,1,0.9727436
1.0,1,0.95585203
0.0,0,0.24669132
0.0,0,0.13023253
1.0,1,0.94223714
1.0,1,0.9840699
0.0,0,0.1206246
1.0,1,0.87592155
1.0,0,0.33771947
1.0,1,0.871638
0.0,0,0.36227176
1.0,1,0.7822584
1.0,1,0.9285533
0.0,0,0.5069922
0.0,0,0.49105608
1.0,1,0.9580844
0.0,0,0.32725137
0.0,0,0.06450714
0.0,0,0.0018584382
0.0,0,0.61962026
1.0,1,0.91052186
1.0,1,0.73822427
0.0,0,0.04114964
1.0,1,0.9723352
0.0,0,0.33663815
0.0,0,0.013792193
1.0,1,0.96078986
1.0,1,0.73354185
0.0,0,0.010602094
1.0,1,0.9815993
1.0,1,0.90912855
0.0,0,0.04514065
1.0,1,0.96459717
0.0,0,0.03435761
1.0,1,0.9163039
0.0,0,0.0009768053
0.0,0,0.005030922
0.0,0,0.027454505
0.0,0,0.02487851
1.0,1,0.96811444
0.0,0,0.5308455
0.0,0,0.008803054
0.0,0,0.33363506
0.0,0,0.16814004
1.0,1,0.96041715
0.0,0,0.24685787
0.0,0,0.13803166
0.0,0,0.118912235
1.0,0,0.41506702
0.0,0,0.033412583
1.0,1,0.9614083
0.0,0,0.34585327
1.0,1,0.9455594
1.0,0,0.020852376
1.0,1,0.9420152
1.0,0,0.6564767
0.0,0,0.539184
0.0,0,0.017582573
1.0,1,0.9832386
1.0,1,0.9742805
0.0,0,0.22208387
0.0,0,0.34784448
0.0,0,0.014910243
1.0,1,0.84612924
0.0,0,0.1567587
1.0,1,0.85850817
1.0,1,0.98512536
0.0,0,0.008059784
0.0,0,0.6355711
0.0,1,0.9208788
0.0,1,0.71292675
1.0,1,0.77073514
1.0,1,0.985068
1.0,1,0.9740024
0.0,0,0.011091345
1.0,1,0.6783471
1.0,1,0.78851485
1.0,1,0.832468
1.0,1,0.8381107
0.0,0,0.011558298
0.0,0,0.119947694
1.0,1,0.9879017
1.0,1,0.81919086
1.0,0,0.62415475
1.0,1,0.9038899
1.0,1,0.9556421
1.0,1,0.967637
1.0,1,0.97112095
1.0,1,0.6701505
0.0,0,0.0032421472
0.0,0,0.016857734
1.0,1,0.94696015
1.0,1,0.96455973
1.0,1,0.9704674
0.0,0,0.00898499
0.0,0,0.34090975
0.0,0,0.01993481
1.0,1,0.8215262
1.0,1,0.7313503
1.0,1,0.89913595
1.0,1,0.8880427
1.0,1,0.8402827
1.0,1,0.9342032
0.0,0,0.0035311999
1.0,1,0.95628643
1.0,1,0.8301318
1.0,0,0.5241639
1.0,1,0.9736904
0.0,0,0.018070295
0.0,0,0.07519824
1.0,1,0.96917784
0.0,0,0.13225839
0.0,0,0.008313808
1.0,0,0.1774366
0.0,0,0.035655424
0.0,0,0.021552095
0.0,0,0.06693771
0.0,0,0.036553405
0.0,0,0.11531173
0.0,0,0.2393743
0.0,1,0.93490756
0.0,0,0.10864686
1.0,1,0.7742643
0.0,0,0.2437907
0.0,0,0.007860957
0.0,0,0.3234232
1.0,1,0.95727634
1.0,0,0.5327875
0.0,0,0.06305916
1.0,1,0.95216477
1.0,1,0.9588517
0.0,0,0.120739095
0.0,0,0.07866276
1.0,0,0.30138585
0.0,0,0.3899151
1.0,1,0.95140785
0.0,0,0.008749236
0.0,0,0.0035476661
1.0,1,0.9730614
0.0,0,0.0060619563
0.0,0,0.007864475
1.0,1,0.69713926
1.0,1,0.9686771
1.0,1,0.9820869
0.0,1,0.7528315
1.0,1,0.9670053
1.0,0,0.39672518
0.0,0,0.01401583
1.0,1,0.9857197
1.0,1,0.95384175
1.0,1,0.8894031
1.0,1,0.6991334
1.0,1,0.8735955
1.0,1,0.9669995
0.0,0,0.47564733
0.0,0,0.09546555
1.0,1,0.93199027
1.0,1,0.85645884
0.0,1,0.91807747
1.0,1,0.8428419
1.0,1,0.9667732
1.0,1,0.9057333
1.0,1,0.90663
1.0,1,0.77724284
0.0,0,0.019183386
0.0,0,0.34330148
0.0,0,0.020437544
0.0,0,0.008991847
1.0,1,0.9376957
0.0,0,0.0068786284
1.0,1,0.9009946
0.0,0,0.025145711
0.0,0,0.058459174
0.0,0,0.34754622
0.0,0,0.0069856653
0.0,0,0.1432017
1.0,1,0.93785876
0.0,0,0.11895563
0.0,0,0.42934084
1.0,1,0.9637988
0.0,0,0.63644004
1.0,1,0.88551444
1.0,1,0.8269057
0.0,0,0.009009174
1.0,1,0.90010625
0.0,0,0.2028029
1.0,1,0.97995055
0.0,0,0.025923947
1.0,0,0.45834097
1.0,1,0.9736981
1.0,1,0.8620708
0.0,0,0.24627586
1.0,1,0.8831743
1.0,1,0.92745566
1.0,1,0.9813325
0.0,0,0.008315648
1.0,1,0.9015478
0.0,0,0.313242
0.0,0,0.49964315
0.0,0,0.654688
1.0,0,0.578421
0.0,0,0.012771608
1.0,1,0.97449565
1.0,1,0.96261656
0.0,0,0.39024204
1.0,1,0.9763296
0.0,0,0.03997228
1.0,1,0.98562765
1.0,1,0.9809578
0.0,0,0.013097858
0.0,0,0.013239368
1.0,1,0.90443414
0.0,0,0.02479662
0.0,0,0.007846269
1.0,1,0.7776533
1.0,1,0.9073263
0.0,0,0.13127625
0.0,0,0.097706944
0.0,0,0.013219598
1.0,1,0.7523137
1.0,1,0.9683465
0.0,0,0.012582928
0.0,0,0.011722169
1.0,1,0.940888
0.0,0,0.006818466
1.0,1,0.8526103
0.0,0,0.44386727
0.0,0,0.073921226
1.0,1,0.90643704
1.0,1,0.8897871
0.0,0,0.13667442
1.0,1,0.89508903
1.0,1,0.8657474
0.0,0,0.041200247
0.0,0,0.40573165
0.0,0,0.017227504
1.0,1,0.98293835
0.0,0,0.07383189
0.0,0,0.1788595
1.0,1,0.8426625
0.0,0,0.32912704
1.0,1,0.9160551
0.0,1,0.91603523
0.0,0,0.009560988
1.0,1,0.9410594
1.0,0,0.5122079
0.0,0,0.017426662
1.0,1,0.9853766
1.0,1,0.8469521
1.0,1,0.7905368
0.0,0,0.43887877
0.0,0,0.19136676
1.0,1,0.8021837
0.0,0,0.008956909
1.0,1,0.9791447
1.0,1,0.8639892
1.0,1,0.9489955
1.0,1,0.87118876
0.0,1,0.7535452
1.0,0,0.6573683
0.0,0,0.59409034
1.0,1,0.96815276
0.0,0,0.001964625
0.0,0,0.04631913
1.0,1,0.8811032
0.0,0,0.016136838
1.0,1,0.7825704
1.0,1,0.9749633
0.0,0,0.08394136
1.0,1,0.9517091
1.0,1,0.98087597
0.0,0,0.032936778
0.0,0,0.055747088
1.0,1,0.9816128
0.0,0,0.06830056
1.0,1,0.9564074
1.0,1,0.9765016
0.0,1,0.76968026
0.0,0,0.33148676
1.0,1,0.965498
1.0,1,0.9740128
0.0,0,0.0010488463
1.0,1,0.89661723
1.0,1,0.9402051
0.0,0,0.30506983
0.0,0,0.014442883
0.0,0,0.018768819
0.0,0,0.580348
0.0,0,0.0079733245
1.0,1,0.94028485
0.0,1,0.78808296
0.0,0,0.0008314359
1.0,0,0.05333916
1.0,1,0.9473818
1.0,1,0.72890437
1.0,1,0.8816044
0.0,0,0.042461894
1.0,1,0.9757394
1.0,1,0.90880287
1.0,1,0.95598745
0.0,0,0.010517768
1.0,1,0.7675121
0.0,0,0.022542616
0.0,0,0.0050715054
0.0,1,0.85772395
0.0,0,0.14611304
1.0,1,0.9855019
1.0,1,0.66994154
1.0,1,0.9403114
1.0,1,0.977426
1.0,1,0.9839655
0.0,0,0.29372266
0.0,0,0.019907273
1.0,1,0.98045915
0.0,0,0.015958808
0.0,0,0.018767133
1.0,1,0.89199424
1.0,1,0.7646755
0.0,0,0.028252166
0.0,0,0.1575435
1.0,1,0.89999694
1.0,1,0.86665905
1.0,1,0.9054841
1.0,1,0.905293
1.0,1,0.9722209
0.0,0,0.010245494
1.0,1,0.7492652
1.0,1,0.9295253
0.0,0,0.05603216
1.0,1,0.9845417
1.0,0,0.6584958
1.0,1,0.9537606
0.0,0,0.036873706
0.0,0,0.4224552
0.0,0,0.008287815
0.0,0,0.01674315
0.0,0,0.0289883
0.0,0,0.015640976
1.0,1,0.8621784
1.0,1,0.783857
1.0,1,0.9375741
0.0,0,0.017453037
1.0,1,0.66419894
1.0,1,0.938808
0.0,0,0.24967238
1.0,1,0.8760373
0.0,0,0.009756055
1.0,1,0.9560917
0.0,0,0.009652274
0.0,0,0.10312229
1.0,1,0.8354757
1.0,1,0.7137039
1.0,1,0.92689186
0.0,0,0.009784366
1.0,1,0.95244706
1.0,1,0.9631837
0.0,0,0.018389752
0.0,0,0.017924476
0.0,0,0.114839785
1.0,1,0.7090806
0.0,0,0.0114581315
0.0,0,0.04590354
0.0,0,0.33049417
1.0,1,0.9760211
1.0,1,0.96688086
1.0,1,0.9408852
0.0,1,0.6726936
1.0,1,0.8775647
0.0,0,0.0692031
0.0,0,0.104917675
0.0,0,0.009959342
0.0,1,0.9675743
1.0,1,0.9766716
0.0,0,0.31974328
0.0,0,0.1766999
0.0,0,0.06900238
1.0,1,0.91468287
0.0,0,0.17117628
0.0,0,0.004009722
0.0,0,0.011309484
0.0,0,0.018646495
0.0,0,0.003225762
0.0,0,0.5633169
0.0,0,0.023343991
0.0,0,0.02179242
1.0,1,0.9835764
1.0,1,0.94495094
1.0,1,0.8984907
0.0,0,0.4503872
1.0,1,0.9772873
0.0,0,0.11232186
0.0,0,0.030074023
0.0,0,0.36642653
1.0,1,0.92960906
0.0,0,0.04634673
1.0,1,0.92271185
1.0,1,0.9813569
0.0,0,0.04358774
0.0,0,0.5123359
1.0,1,0.98024976
1.0,1,0.9519925
0.0,1,0.6977638
1.0,1,0.880841
0.0,0,0.63933563
1.0,1,0.9594538
0.0,0,0.0021500958
0.0,1,0.8013531
0.0,0,0.16881225
0.0,0,0.031811018
1.0,1,0.9763231
0.0,0,0.031289224
1.0,1,0.89447826
0.0,0,0.02890625
0.0,0,0.005021427
0.0,0,0.088777736
0.0,1,0.8414569
1.0,1,0.93983513
0.0,0,0.5866306
1.0,1,0.98294884
1.0,1,0.9019803
0.0,1,0.9354445
1.0,1,0.9213181
1.0,1,0.8360876
0.0,0,0.029703854
0.0,0,0.013212285
1.0,1,0.932385
0.0,0,0.027648795
0.0,0,0.03414983
0.0,0,0.028858611
1.0,1,0.9389722
1.0,1,0.9564439
1.0,1,0.92675424
0.0,1,0.85906726
1.0,0,0.6598766
1.0,1,0.98594016
0.0,0,0.085251056
0.0,0,0.036946848
0.0,0,0.00083569955
0.0,0,0.5092305
1.0,1,0.9859799
0.0,0,0.5904323
0.0,1,0.77977765
0.0,0,0.0014228015
1.0,0,0.5329895
1.0,1,0.8575674
1.0,1,0.9114548
1.0,1,0.9791747
0.0,0,0.0027416442
1.0,0,0.37645888
1.0,0,0.6435839
0.0,0,0.00462523
1.0,1,0.975329
0.0,1,0.91458905
1.0,1,0.84767205
0.0,0,0.008901382
1.0,1,0.7801018
0.0,0,0.022968253
0.0,0,0.029599657
0.0,0,0.30706754
0.0,0,0.011625952
1.0,1,0.9154376
0.0,0,0.09718005
1.0,1,0.9869197
1.0,1,0.70766705
1.0,1,0.9750225
0.0,0,0.005332646
0.0,0,0.30519548
1.0,1,0.96400464
1.0,0,0.4588493
1.0,1,0.94746065
0.0,0,0.11467398
0.0,0,0.6080353
0.0,0,0.014122646
0.0,0,0.11041087
0.0,0,0.13376836
1.0,1,0.9798592
0.0,0,0.01059296
0.0,0,0.05289358
1.0,1,0.9478177
0.0,0,0.0569319
1.0,1,0.94600534
1.0,0,0.5081239
1.0,1,0.90717643
0.0,0,0.08938322
1.0,1,0.8864976
1.0,1,0.7696847
0.0,0,0.38030773
1.0,1,0.8751046
0.0,0,0.0014661759
1.0,1,0.86898804
0.0,0,0.106435075
1.0,0,0.6042576
0.0,0,0.37268326
1.0,1,0.85083294
0.0,0,0.40835938
1.0,1,0.98664397
1.0,1,0.90517616
1.0,1,0.9818246
0.0,0,0.4423437
1.0,1,0.91764176
1.0,1,0.7159742
1.0,1,0.78913134
1.0,1,0.96108663
1.0,1,0.8826145
0.0,0,0.20416935
0.0,0,0.022386536
0.0,0,0.17036909
1.0,1,0.9523476
0.0,0,0.0015726936
0.0,0,0.18132754
1.0,1,0.8541417
1.0,1,0.97745466
0.0,0,0.04186341
1.0,1,0.9308636
0.0,0,0.013553584
1.0,1,0.96244013
1.0,1,0.9866202
1.0,1,0.8401028
1.0,1,0.7477581
1.0,1,0.97464716
0.0,0,0.38347253
0.0,0,0.017900998
0.0,0,0.01758975
1.0,1,0.96105343
0.0,0,0.09316395
0.0,1,0.7733952
0.0,0,0.011029132
0.0,0,0.0016439814
1.0,1,0.9376377
0.0,0,0.10962595
0.0,0,0.03464602
0.0,0,0.046938278
1.0,0,0.22955094
1.0,1,0.8913153
0.0,0,0.25525266
1.0,1,0.9450743
1.0,1,0.9698007
1.0,1,0.96998906
1.0,1,0.9323165
1.0,1,0.9784494
0.0,0,0.30745688
1.0,1,0.80226773
1.0,1,0.9430679
1.0,1,0.9561931
0.0,0,0.53148365
0.0,0,0.15665706
0.0,0,0.008200772
0.0,0,0.0025424883
1.0,1,0.9842724
1.0,1,0.9855814
1.0,0,0.09362959
1.0,1,0.7626861
1.0,1,0.98365057
0.0,0,0.08995719
0.0,0,0.081316516
0.0,1,0.74668616
1.0,1,0.6917924
0.0,0,0.034298956
1.0,1,0.7918991
1.0,1,0.82585746
1.0,1,0.94843197
0.0,0,0.02721931
0.0,0,0.017025841
0.0,0,0.49901634
0.0,0,0.3681707
1.0,1,0.9838416
1.0,1,0.9825009
0.0,0,0.34781376
0.0,0,0.036729485
0.0,0,0.070834965
1.0,1,0.969045
1.0,1,0.9833341
1.0,1,0.97592
0.0,0,0.0053372663
0.0,0,0.05925638
1.0,1,0.95177513
1.0,1,0.9398305
1.0,1,0.95174015
1.0,1,0.9128737
1.0,1,0.9542031
1.0,1,0.82817435
0.0,0,0.0061647138
1.0,1,0.9164321
0.0,1,0.7014449
0.0,0,0.02617509
0.0,0,0.03929647
0.0,0,0.07267786
0.0,0,0.021940561
1.0,1,0.9757095
1.0,1,0.8245331
1.0,1,0.8877276
0.0,0,0.42538938
0.0,0,0.31545046
1.0,1,0.9490722
0.0,0,0.025703954
1.0,1,0.8771924
0.0,0,0.008499758
1.0,1,0.6993365
0.0,0,0.36926994
1.0,0,0.4997615
1.0,1,0.951755
1.0,1,0.70014966
0.0,0,0.014883561
1.0,1,0.9408277
1.0,0,0.6483631
1.0,1,0.98304236
1.0,1,0.97635216
0.0,0,0.057419397
1.0,1,0.75114
0.0,0,0.26306945
1.0,1,0.9655145
1.0,0,0.45951623
0.0,0,0.20205611
0.0,1,0.7010355
0.0,0,0.13489518
1.0,1,0.967222
1.0,1,0.79854405
1.0,1,0.95596945
0.0,0,0.02072613
0.0,0,0.039065186
1.0,1,0.98449224
0.0,0,0.44422477
1.0,0,0.46531162
0.0,0,0.094323315
0.0,0,0.069885805
0.0,0,0.017048664
0.0,1,0.8418685
1.0,1,0.84492636
0.0,0,0.025273155
0.0,0,0.0047640475
1.0,0,0.3606607
0.0,0,0.010890917
1.0,1,0.9484632
1.0,1,0.73221874
0.0,0,0.053950336
0.0,0,0.004773158
0.0,0,0.030513985
0.0,0,0.0047410284
0.0,0,0.3578907
0.0,0,0.108018935
0.0,0,0.01272166
0.0,0,0.011940789
1.0,1,0.8581599
0.0,0,0.0026218202
1.0,1,0.9124698
1.0,1,0.8819412
0.0,0,0.008191764
0.0,0,0.013187075
1.0,1,0.98548645
0.0,0,0.40438414
0.0,0,0.0066079795
1.0,1,0.95853823
0.0,0,0.563493
0.0,0,0.013719633
1.0,1,0.8854182
1.0,0,0.5695233
1.0,1,0.93369406
0.0,0,0.032735117
1.0,1,0.9034254
0.0,0,0.2973883
0.0,0,0.2831179
1.0,1,0.90662766
0.0,0,0.13048558
0.0,0,0.0574077
1.0,1,0.9860136
1.0,0,0.12557088
0.0,0,0.40410554
0.0,0,0.17045987
0.0,0,0.24723357
1.0,1,0.98263204
1.0,0,0.5143377
0.0,0,0.007845774
1.0,0,0.4596192
1.0,1,0.9286094
1.0,1,0.92509997
1.0,1,0.95807743
0.0,0,0.02498953
1.0,0,0.45787203
0.0,0,0.012028157
0.0,0,0.13911507
0.0,0,0.14590192
0.0,0,0.010089026
1.0,1,0.9873541
1.0,0,0.46686742
0.0,0,0.5365391
1.0,1,0.96362376
0.0,0,0.56783545
0.0,0,0.020383699
1.0,1,0.96272856
1.0,1,0.8974702
1.0,1,0.83259696
1.0,1,0.970713
0.0,0,0.00983965
0.0,0,0.009532552
0.0,1,0.9782945
0.0,0,0.011383256
1.0,1,0.9605295
1.0,1,0.97786254
0.0,0,0.48708388
0.0,0,0.24572471
0.0,0,0.007974324
1.0,1,0.98362553
0.0,0,0.009115385
1.0,1,0.94049984
1.0,1,0.9621886
1.0,1,0.7700063
1.0,0,0.53179395
1.0,1,0.9677959
1.0,0,0.17535996
1.0,0,0.65209913
0.0,0,0.62312925
1.0,0,0.6376554
1.0,1,0.9810102
0.0,0,0.19640887
1.0,1,0.895731
0.0,1,0.8578596
0.0,0,0.014161171
0.0,1,0.7664918
0.0,0,0.018252147
0.0,0,0.040279713
1.0,1,0.81412584
0.0,0,0.0110904975
0.0,0,0.57481086
0.0,0,0.0128041385
0.0,0,0.39268655
0.0,0,0.007172436
0.0,0,0.23795171
0.0,0,0.084192894
1.0,1,0.83530647
0.0,0,0.3232968
1.0,1,0.82680404
0.0,0,0.024070948
1.0,1,0.95710975
0.0,0,0.1726575
1.0,1,0.92702323
1.0,1,0.96864605
1.0,1,0.98333746
1.0,1,0.6870434
0.0,0,0.09883665
0.0,0,0.16764708
1.0,1,0.899232
1.0,1,0.8710754
0.0,0,0.009758797
0.0,0,0.14839786
0.0,0,0.45158374
1.0,1,0.90073496
1.0,1,0.73244125
1.0,1,0.97238505
0.0,0,0.013609455
0.0,0,0.26913214
0.0,0,0.09264087
1.0,1,0.9688505
0.0,0,0.16360328
1.0,1,0.943497
0.0,0,0.037916444
1.0,1,0.95937216
0.0,0,0.05950407
0.0,0,0.44976205
0.0,0,0.23363003
1.0,1,0.66267884
0.0,1,0.8019364
0.0,0,0.56602585
1.0,1,0.9847767
1.0,1,0.96916354
1.0,1,0.7278965
0.0,0,0.0033361092
1.0,1,0.68255866
0.0,1,0.95937127
0.0,0,0.17920882
0.0,0,0.038254995
1.0,1,0.8869071
1.0,0,0.6195847
1.0,1,0.76248497
1.0,1,0.967795
0.0,0,0.5626325
0.0,0,0.015653227
1.0,1,0.9491513
1.0,1,0.96281904
0.0,0,0.0030198514
0.0,0,0.37452507
0.0,0,0.001713429
1.0,1,0.9620301
1.0,1,0.9227449
0.0,0,0.2603739
0.0,0,0.47366735
1.0,1,0.9119756
0.0,0,0.3396858
1.0,1,0.96842206
0.0,0,0.5981741
0.0,0,0.019609109
0.0,0,0.12622713
1.0,1,0.98777866
1.0,1,0.7637657
1.0,1,0.84456444
0.0,0,0.006580323
1.0,0,0.5972313
0.0,0,0.459534
0.0,0,0.64422464
0.0,0,0.42159554
1.0,1,0.80402845
1.0,1,0.87942433
1.0,1,0.82437503
0.0,0,0.1279331
1.0,1,0.9842349
0.0,0,0.014728213
1.0,1,0.8547907
1.0,1,0.96202004
0.0,0,0.0020181811
1.0,0,0.45857158
1.0,1,0.7759218
1.0,1,0.9506668
1.0,1,0.9666833
0.0,0,0.015615757
0.0,0,0.019444378
1.0,1,0.9720898
0.0,0,0.020035274
0.0,0,0.33805558
0.0,0,0.0010876578
0.0,0,0.010316097
0.0,0,0.0049635335
1.0,1,0.9639758
1.0,1,0.77572614
0.0,0,0.0077411407
0.0,0,0.49031577
1.0,1,0.88987285
0.0,0,0.09830708
0.0,0,0.01309291
1.0,1,0.96415323
0.0,1,0.9223231
1.0,1,0.8087601
1.0,1,0.79798186
0.0,0,0.55859625
0.0,1,0.7801602
1.0,1,0.9203015
1.0,1,0.94788045
1.0,1,0.69740903
0.0,0,0.028023055
0.0,0,0.023278307
1.0,1,0.8417025
1.0,1,0.9661901
0.0,0,0.006507425
0.0,0,0.18874747
0.0,0,0.009542335
1.0,0,0.6438162
1.0,1,0.9747023
1.0,1,0.9146977
0.0,0,0.0068212147
0.0,0,0.050370324
1.0,1,0.9447862
0.0,0,0.021309547
1.0,1,0.80911136
0.0,0,0.006706718
1.0,1,0.9612276
0.0,0,0.0125354845
0.0,0,0.0018150383
1.0,1,0.9613834
0.0,0,0.36143833
1.0,1,0.9468767
1.0,1,0.7527104
0.0,0,0.043879755
1.0,1,0.7194699
0.0,0,0.21322587
0.0,0,0.1832221
1.0,1,0.9119785
0.0,0,0.019188697
1.0,1,0.9842675
1.0,1,0.9658148
0.0,0,0.009540614
1.0,0,0.55457336
0.0,0,0.058377
1.0,1,0.98341984
0.0,0,0.021680282
1.0,1,0.78547275
0.0,0,0.31153926
1.0,1,0.9597343
0.0,0,0.0092359
1.0,1,0.9000081
0.0,0,0.18877535
0.0,0,0.10509741
0.0,0,0.021017598
1.0,0,0.4066377
0.0,0,0.21956573
0.0,0,0.1615157
1.0,1,0.71380615
1.0,1,0.90488964
1.0,1,0.75028205
0.0,0,0.20318131
0.0,0,0.0043471134
0.0,0,0.015727201
1.0,1,0.9381696
1.0,1,0.9746194
0.0,0,0.48739445
0.0,0,0.02184635
0.0,0,0.012158373
1.0,1,0.8647231
0.0,0,0.015823493
1.0,1,0.9710712
0.0,0,0.641787
0.0,1,0.71396506
0.0,0,0.038053017
0.0,0,0.012538637
0.0,0,0.19501153
1.0,1,0.98377484
1.0,0,0.524715
1.0,1,0.6626002
0.0,0,0.010953583
1.0,1,0.83687717
1.0,1,0.9805256
1.0,1,0.8441306
1.0,1,0.97807777
0.0,0,0.44146758
1.0,1,0.7978291
1.0,1,0.8744282
0.0,0,0.024269603
0.0,0,0.022985969
1.0,1,0.8190797
1.0,1,0.96067405
0.0,0,0.096410945
1.0,1,0.9329642
1.0,0,0.6537069
0.0,0,0.48601836
1.0,1,0.97539556
1.0,1,0.98222816
0.0,1,0.8333528
0.0,0,0.018939137
1.0,0,0.5930641
0.0,0,0.09902732
0.0,0,0.36987585
0.0,0,0.13722628
0.0,0,0.031989098
1.0,1,0.93299943
1.0,1,0.92959446
1.0,1,0.98364353
0.0,0,0.019616477
1.0,1,0.9231334
1.0,1,0.93755996
1.0,1,0.96493584
1.0,1,0.9674916
1.0,1,0.97371644
1.0,1,0.9160327
0.0,0,0.2121405
0.0,0,0.15786703
0.0,0,0.24782412
0.0,0,0.13464926
0.0,0,0.05950156
1.0,1,0.8683718
0.0,0,0.29889378
1.0,1,0.95728415
1.0,1,0.82168275
0.0,0,0.5465119
1.0,1,0.93158406
0.0,1,0.9652019
1.0,1,0.7373312
0.0,0,0.37258163
0.0,0,0.48232508
1.0,1,0.96167415
1.0,1,0.69193566
0.0,0,0.25818458
1.0,1,0.96296805
0.0,0,0.15203771
1.0,1,0.8909854
1.0,1,0.9742616
1.0,1,0.89008546
0.0,0,0.0038341386
1.0,1,0.9772452
1.0,0,0.6472392
1.0,1,0.97948885
1.0,1,0.95428044
0.0,0,0.013001617
1.0,1,0.75337213
0.0,0,0.03135924
0.0,0,0.22116797
0.0,0,0.42107856
0.0,0,0.16328198
0.0,0,0.37813783
0.0,0,0.0013864236
1.0,1,0.9022453
0.0,0,0.13381849
1.0,1,0.85666555
1.0,1,0.83213973
0.0,1,0.87070125
1.0,1,0.9129243
0.0,0,0.58863145
1.0,1,0.97785705
1.0,1,0.8957085
1.0,1,0.84398526
1.0,1,0.9860179
0.0,0,0.068941385
0.0,0,0.58496857
1.0,1,0.95457625
1.0,1,0.98329157
0.0,0,0.0069220555
1.0,1,0.96730494
0.0,0,0.25320482
1.0,0,0.64285284
0.0,0,0.06462494
0.0,0,0.00829617
0.0,0,0.1716671
1.0,1,0.96955043
0.0,1,0.8160249
0.0,0,0.0075816535
0.0,0,0.017819546
1.0,1,0.9816672
0.0,0,0.016206976
0.0,1,0.73108304
1.0,0,0.32372713
1.0,1,0.95813984
1.0,1,0.8694863
1.0,1,0.8977987
0.0,0,0.07344061
0.0,0,0.06158693
0.0,1,0.66821766
1.0,1,0.9525196
1.0,1,0.9833799
1.0,0,0.3396036
1.0,1,0.8793137
0.0,0,0.0024682486
1.0,1,0.9758748
0.0,0,0.08604172
1.0,1,0.98192424
1.0,1,0.9455835
1.0,1,0.9804047
1.0,1,0.8916507
0.0,0,0.32695454
0.0,0,0.1738887
1.0,1,0.9439606
1.0,1,0.8884469
1.0,1,0.8718884
1.0,1,0.9395037
0.0,0,0.016772816
0.0,0,0.13603128
0.0,0,0.16909373
0.0,0,0.043503094
0.0,0,0.018805096
1.0,1,0.7952938
1.0,1,0.95454234
0.0,0,0.579741
0.0,0,0.40195158
1.0,1,0.942884
0.0,0,0.055140033
0.0,0,0.47079417
1.0,1,0.8633962
0.0,0,0.53721964
1.0,1,0.666665
1.0,1,0.718384
0.0,0,0.09327848
0.0,0,0.16006614
0.0,0,0.016823014
1.0,1,0.8842043
1.0,1,0.98564726
0.0,0,0.118849955
0.0,0,0.23204294
1.0,1,0.90180767
1.0,1,0.9410229
0.0,0,0.24017651
1.0,1,0.8517559
0.0,0,0.31283608
1.0,1,0.98216903
1.0,0,0.5293995
0.0,0,0.52856207
0.0,0,0.44382837
0.0,0,0.5664433
1.0,1,0.98459244
1.0,0,0.51893735
1.0,1,0.926542
0.0,0,0.027457993
0.0,0,0.018431345
1.0,1,0.8698007
0.0,0,0.16385096
1.0,1,0.80980814
0.0,0,0.0055701314
0.0,0,0.004674138
1.0,1,0.980513
1.0,1,0.9410089
1.0,1,0.98771214
1.0,1,0.98736477
1.0,1,0.9686086
1.0,0,0.55614823
1.0,1,0.9109751
1.0,1,0.96415436
0.0,0,0.15852837
1.0,1,0.98383015
1.0,1,0.97201973
0.0,0,0.5901028
0.0,0,0.08385306
1.0,1,0.91042167
0.0,0,0.003578787
1.0,1,0.692286
1.0,1,0.9175305
1.0,1,0.9238911
0.0,0,0.57584953
1.0,1,0.9865529
0.0,0,0.4079278
0.0,0,0.029326502
0.0,0,0.20227061
0.0,0,0.33086067
0.0,1,0.7193714
1.0,1,0.9864721
0.0,0,0.44452304
0.0,0,0.18646137
0.0,0,0.00494613
0.0,1,0.9574915
1.0,1,0.80945194
1.0,1,0.72122
0.0,0,0.5590701
0.0,0,0.0052720364
0.0,1,0.8213848
1.0,1,0.7715956
0.0,0,0.018107425
1.0,1,0.93192065
0.0,0,0.06844689
0.0,0,0.072703995
0.0,0,0.08077075
0.0,0,0.6267134
0.0,1,0.7522879
0.0,0,0.0033835047
1.0,1,0.95409244
0.0,0,0.13978764
1.0,1,0.97918874
1.0,1,0.98614454
0.0,0,0.077215485
1.0,1,0.96597755
1.0,1,0.9806516
0.0,0,0.012523572
1.0,1,0.9822813
1.0,1,0.83695024
0.0,0,0.15527672
0.0,0,0.5733609
0.0,0,0.109656766
1.0,1,0.84287435
1.0,1,0.98067176
1.0,1,0.97559524
1.0,1,0.9471178
0.0,0,0.0028609424
0.0,0,0.17036991
1.0,1,0.97735155
1.0,1,0.795275
1.0,1,0.7713704
1.0,1,0.94729346
0.0,0,0.0016374819
1.0,1,0.97184086
0.0,0,0.112294
0.0,0,0.2608603
1.0,1,0.98385006
0.0,0,0.013128341
0.0,0,0.103685945
1.0,1,0.9705171
0.0,0,0.34181008
0.0,0,0.19854018
0.0,0,0.0430208
1.0,0,0.6267
1.0,1,0.94793177
0.0,0,0.119583026
1.0,1,0.95551974
1.0,1,0.97106665
1.0,1,0.939455
0.0,0,0.0007821885
1.0,1,0.9763071
0.0,0,0.013992102
0.0,0,0.017012248
0.0,0,0.036309898
0.0,0,0.0053896117
1.0,1,0.9543872
1.0,1,0.9630476
1.0,1,0.9732087
0.0,0,0.3155824
0.0,0,0.24421199
1.0,1,0.7993264
0.0,1,0.7468987
1.0,1,0.799897
1.0,1,0.9200458
1.0,1,0.97964984
0.0,0,0.0034900098
1.0,1,0.95868427
0.0,0,0.027222777
1.0,1,0.9807613
1.0,1,0.9652196
1.0,1,0.7985087
1.0,1,0.6994624
1.0,1,0.9033023
1.0,1,0.89695776
0.0,0,0.005053387
0.0,0,0.030855058
0.0,0,0.06438892
1.0,0,0.45876014
1.0,1,0.9762807
0.0,0,0.005977726
1.0,1,0.9083376
1.0,0,0.5640279
0.0,0,0.42341292
0.0,0,0.001014097
1.0,1,0.96548355
0.0,0,0.008121282
1.0,1,0.9622286
0.0,0,0.012152876
0.0,0,0.28590414
1.0,1,0.8979251
0.0,0,0.07003694
1.0,0,0.13594519
1.0,1,0.97680277
0.0,0,0.07894014
1.0,1,0.96801996
0.0,0,0.019855935
0.0,0,0.0041302573
1.0,1,0.83440536
0.0,1,0.7792743
0.0,0,0.019545142
0.0,0,0.2393711
0.0,0,0.115068264
1.0,1,0.9134631
1.0,1,0.96513045
1.0,1,0.9467149
1.0,1,0.97520685
0.0,0,0.03361183
0.0,0,0.0072564646
1.0,1,0.93690336
1.0,1,0.98392147
1.0,1,0.7024646
0.0,0,0.021571685
1.0,1,0.9800899
1.0,0,0.551053
0.0,0,0.02237748
0.0,0,0.13507763
0.0,0,0.023972804
1.0,0,0.5642973
0.0,0,0.43351686
1.0,1,0.97636354
1.0,0,0.63156533
0.0,0,0.03610715
0.0,1,0.7642095
0.0,0,0.28159156
1.0,0,0.6042801
0.0,0,0.019264525
1.0,1,0.75928724
0.0,0,0.010633763
1.0,0,0.6152302
1.0,1,0.77254856
1.0,1,0.74838614
0.0,0,0.64381766
1.0,1,0.97216606
1.0,0,0.5257811
0.0,0,0.024719723
0.0,0,0.07194905
0.0,0,0.0074504106
0.0,0,0.08274714
0.0,0,0.089272566
0.0,0,0.5263827
0.0,0,0.14664067
0.0,0,0.05267716
1.0,1,0.8966499
0.0,0,0.008353747
1.0,1,0.96238244
0.0,0,0.03160357
1.0,0,0.22395265
0.0,0,0.36121967
1.0,1,0.943083
0.0,0,0.10453995
1.0,1,0.9237267
1.0,1,0.94918364
0.0,1,0.9238096
1.0,1,0.6685865
0.0,0,0.03684627
1.0,1,0.916865
0.0,1,0.8559966
0.0,0,0.61728406
0.0,0,0.34430718
0.0,0,0.13436796
0.0,0,0.016407724
1.0,1,0.91785765
0.0,1,0.7654953
0.0,0,0.034788046
0.0,0,0.23757726
0.0,0,0.47196436
1.0,0,0.43991655
0.0,0,0.011411017
0.0,0,0.01817561
0.0,0,0.03216434
1.0,1,0.9405552
0.0,1,0.89977586
1.0,1,0.98035115
0.0,0,0.365575
0.0,0,0.6228292
0.0,0,0.046811104
1.0,1,0.7501231
1.0,1,0.9082214
1.0,1,0.9591911
0.0,0,0.00418781
0.0,0,0.09512013
1.0,1,0.9314219
0.0,0,0.43877771
1.0,1,0.71052164
0.0,1,0.8882745
0.0,0,0.36124235
1.0,1,0.97469014
1.0,1,0.8796686
0.0,0,0.25144315
0.0,0,0.007017289
1.0,0,0.5910477
0.0,0,0.017271671
0.0,0,0.42543736
0.0,0,0.020392776
1.0,1,0.9790839
1.0,1,0.84400153
0.0,0,0.07127099
0.0,0,0.2591137
1.0,1,0.8920111
1.0,1,0.96754515
0.0,0,0.28953445
1.0,1,0.95147073
1.0,1,0.9140497
1.0,1,0.98353946
0.0,0,0.036385704
0.0,0,0.6597085
1.0,1,0.72635484
1.0,1,0.96597856
1.0,1,0.92912805
0.0,0,0.3957381
1.0,1,0.97465163
0.0,0,0.45479015
0.0,1,0.7190156
0.0,0,0.04242452
1.0,1,0.8620692
0.0,0,0.34517425
1.0,1,0.79259497
0.0,0,0.4207774
0.0,0,0.05850403
1.0,1,0.96405625
0.0,0,0.5678935
1.0,0,0.51383495
1.0,1,0.9544272
1.0,1,0.8012621
0.0,0,0.4371286
1.0,1,0.9758114
0.0,0,0.007547266
0.0,0,0.064063795
0.0,0,0.12950927
1.0,1,0.9393313
1.0,0,0.5317776
1.0,1,0.93358564
1.0,1,0.9730175
1.0,1,0.9500345
1.0,1,0.80599034
1.0,1,0.93236905
1.0,1,0.94059765
1.0,1,0.8919444
1.0,1,0.87692165
1.0,0,0.5010038
1.0,1,0.8221817
1.0,0,0.38586393
1.0,1,0.84502804
0.0,0,0.33521053
1.0,1,0.93589914
1.0,1,0.7693476
1.0,1,0.8768854
0.0,0,0.011314827
1.0,1,0.87976307
0.0,1,0.94295
0.0,0,0.10765173
0.0,0,0.19772139
1.0,1,0.9804437
0.0,0,0.071455166
0.0,0,0.0026930869
0.0,0,0.013023009
0.0,0,0.009521415
1.0,1,0.68902445
0.0,0,0.010463848
0.0,0,0.09324832
1.0,1,0.9640764
1.0,1,0.8651591
0.0,0,0.20037766
0.0,0,0.3650809
0.0,0,0.026355192
1.0,1,0.85767674
0.0,0,0.015447866
0.0,0,0.25274745
0.0,0,0.15099418
0.0,0,0.004229307
0.0,0,0.36774883
1.0,1,0.874312
0.0,1,0.8113544
0.0,0,0.123490974
0.0,0,0.0023094465
0.0,0,0.1953594
1.0,1,0.9573938
1.0,1,0.84255666
1.0,1,0.9164215
1.0,0,0.6491333
1.0,1,0.9693621
0.0,0,0.04076431
1.0,1,0.7468575
1.0,1,0.97190833
0.0,0,0.14703791
0.0,0,0.43521816
1.0,1,0.95151335
1.0,1,0.95619214
1.0,1,0.7107606
1.0,1,0.8997948
0.0,0,0.11706876
0.0,1,0.9106728
1.0,1,0.9817968
1.0,1,0.9708781
0.0,0,0.2525051
0.0,0,0.01044046
0.0,0,0.35170966
1.0,1,0.7517377
0.0,0,0.14709967
0.0,0,0.016066771
0.0,0,0.026519846
0.0,0,0.010369091
1.0,1,0.8898973
0.0,0,0.56661916
0.0,0,0.34214625
0.0,0,0.41826323
0.0,0,0.018582297
1.0,1,0.95712316
1.0,1,0.97684425
0.0,0,0.509924
1.0,0,0.6151006
0.0,0,0.07034884
1.0,1,0.9716482
1.0,1,0.9745903
0.0,0,0.0064666867
1.0,1,0.9778628
1.0,1,0.9117675
1.0,1,0.9782539
0.0,0,0.6220019
0.0,0,0.13974541
0.0,0,0.0007314978
1.0,1,0.8741618
0.0,0,0.0074246507
1.0,0,0.6205704
0.0,1,0.9272241
1.0,1,0.8538634
1.0,1,0.77467275
1.0,1,0.97897565
0.0,0,0.23256527
1.0,1,0.97677994
0.0,0,0.15350854
0.0,0,0.15697527
0.0,0,0.0024406686
0.0,0,0.0056148665
0.0,0,0.22654569
0.0,1,0.6788755
1.0,0,0.4304645
0.0,0,0.08945938
1.0,1,0.7818362
1.0,1,0.97588736
1.0,1,0.9001772
1.0,0,0.45078275
0.0,0,0.00349368
1.0,1,0.7148272
0.0,0,0.03226959
0.0,0,0.3353676
1.0,0,0.6582551
0.0,0,0.081979856
1.0,1,0.9398693
0.0,0,0.043860864
1.0,1,0.96501404
1.0,0,0.17331457
0.0,0,0.5879105
1.0,1,0.8540436
1.0,0,0.18339694
1.0,1,0.8736007
0.0,0,0.25890568
1.0,1,0.9843516
1.0,1,0.9733238
1.0,1,0.78683233
0.0,0,0.054812007
1.0,0,0.6236855
0.0,0,0.09475999
0.0,0,0.00048655746
0.0,0,0.010350262
1.0,1,0.88334364
1.0,1,0.9618632
1.0,1,0.7858484
0.0,0,0.049543668
1.0,1,0.974162
0.0,0,0.003231028
0.0,1,0.86759955
1.0,1,0.95995224
0.0,0,0.2828859
1.0,1,0.80657893
0.0,0,0.036853287
1.0,1,0.8740506
0.0,0,0.02402122
1.0,1,0.92584324
0.0,0,0.3978276
1.0,1,0.90755516
0.0,0,0.010810043
0.0,0,0.0033603718
0.0,0,0.022935394
0.0,0,0.003941337
1.0,1,0.97765374
1.0,1,0.7417557
0.0,0,0.2900797
1.0,0,0.58404166
1.0,1,0.97104216
0.0,0,0.085422
0.0,0,0.05449145
0.0,0,0.07549573
1.0,1,0.8294285
0.0,0,0.6095505
1.0,1,0.9591183
0.0,1,0.68258286
0.0,0,0.0064323004
0.0,0,0.09712839
1.0,1,0.8822312
0.0,0,0.35505357
0.0,0,0.028251708
0.0,0,0.019073673
1.0,1,0.8157232
0.0,0,0.027053123
1.0,1,0.95962846
1.0,1,0.9362138
1.0,1,0.9595022
0.0,0,0.11152576
1.0,1,0.9663783
0.0,0,0.31757444
0.0,0,0.23122157
0.0,0,0.012429865
1.0,1,0.9420143
1.0,1,0.81881857
0.0,0,0.025470436
0.0,0,0.024142254
1.0,1,0.7109797
0.0,0,0.21463926
1.0,1,0.91703457
0.0,0,0.094628565
0.0,0,0.015921043
1.0,1,0.9642893
0.0,1,0.81423515
1.0,1,0.945601
1.0,0,0.4614933
0.0,0,0.06836773
0.0,0,0.01466768
1.0,0,0.600205
1.0,1,0.8778961
0.0,0,0.009601618
0.0,0,0.56950086
1.0,1,0.9760313
0.0,0,0.054543477
1.0,1,0.94251865
1.0,1,0.98355323
0.0,1,0.76809865
0.0,0,0.11606901
1.0,1,0.95939976
1.0,1,0.9222322
0.0,0,0.035858404
1.0,1,0.770801
0.0,0,0.046432946
0.0,0,0.029924171
1.0,1,0.9742215
1.0,0,0.59663546
0.0,0,0.5748629
0.0,0,0.06593092
1.0,1,0.8890021
0.0,1,0.79219186
0.0,0,0.0025323555
1.0,1,0.84785277
0.0,0,0.032370754
0.0,0,0.020691141
0.0,0,0.16529706
0.0,0,0.007666466
0.0,0,0.009382134
1.0,1,0.94217604
1.0,1,0.97314465
0.0,0,0.020845124
1.0,0,0.19951029
0.0,0,0.025218418
0.0,0,0.009580737
1.0,1,0.9774852
0.0,0,0.022255681
1.0,1,0.739625
0.0,0,0.0028772468
1.0,1,0.97634757
0.0,1,0.8083465
1.0,1,0.9275167
0.0,0,0.64465606
1.0,1,0.8977884
0.0,0,0.25753298
1.0,1,0.87725043
1.0,1,0.94417566
1.0,1,0.90987474
1.0,1,0.9817309
0.0,0,0.011033497
1.0,1,0.97266
0.0,0,0.1569271
0.0,0,0.15255345
0.0,0,0.016280353
1.0,1,0.98215675
0.0,0,0.41503608
0.0,0,0.042322155
1.0,1,0.95744485
0.0,0,0.13970393
1.0,1,0.8611448
0.0,0,0.54778445
1.0,1,0.9553045
0.0,0,0.15753521
1.0,1,0.9320314
1.0,1,0.9507708
1.0,1,0.7980217
1.0,1,0.9795376
1.0,1,0.66227007
1.0,0,0.44114578
0.0,0,0.041866094
1.0,1,0.9460907
1.0,1,0.876966
0.0,0,0.002627069
1.0,1,0.9042987
1.0,1,0.9609928
1.0,0,0.47509265
0.0,0,0.26267412
1.0,1,0.9840869
0.0,0,0.13406269
1.0,1,0.9685982
1.0,1,0.96757495
1.0,1,0.8349625
0.0,0,0.14705846
1.0,1,0.97091854
0.0,0,0.06584276
0.0,0,0.12051652
0.0,0,0.16132556
0.0,0,0.1579956
0.0,0,0.008094848
0.0,0,0.10467208
0.0,0,0.43259078
0.0,0,0.3698922
1.0,1,0.8072813
1.0,1,0.6619135
1.0,1,0.96411043
1.0,1,0.94601965
0.0,0,0.19327822
1.0,1,0.72833073
0.0,0,0.5793926
0.0,0,0.02994516
1.0,1,0.9605554
0.0,0,0.3088514
1.0,0,0.610441
1.0,1,0.87194157
0.0,0,0.34175745
0.0,0,0.009354183
1.0,1,0.9831889
0.0,0,0.0011234975
1.0,1,0.7721019
0.0,0,0.0060968976
0.0,0,0.01124848
1.0,1,0.9285142
0.0,0,0.0015247873
0.0,0,0.36202002
1.0,1,0.83622694
1.0,0,0.043183465
1.0,1,0.8470228
0.0,0,0.11278404
1.0,1,0.9876732
0.0,0,0.00066108705
0.0,0,0.0014228725
1.0,1,0.9689572
0.0,0,0.014857003
0.0,0,0.029310867
0.0,0,0.110189274
1.0,0,0.5081286
1.0,1,0.95751363
0.0,0,0.046905015
1.0,1,0.96753883
1.0,1,0.7102927
0.0,0,0.030348867
0.0,0,0.04324754
0.0,1,0.6762681
0.0,0,0.018169826
0.0,0,0.020634288
0.0,0,0.025066521
1.0,1,0.7949896
1.0,1,0.9363101
0.0,0,0.012916976
1.0,0,0.6563103
1.0,1,0.9640916
1.0,1,0.95921946
1.0,1,0.9000693
1.0,1,0.9574773
0.0,0,0.12911081
0.0,0,0.54778576
1.0,0,0.639588
0.0,1,0.9363396
1.0,1,0.72286963
0.0,0,0.0973567
0.0,0,0.27597353
1.0,1,0.87973946
0.0,0,0.04257398
0.0,0,0.034367707
0.0,0,0.014318909
1.0,1,0.84447074
1.0,1,0.8102321
0.0,0,0.035026304
1.0,1,0.9769198
0.0,0,0.33437112
0.0,0,0.0053146225
1.0,1,0.76257503
1.0,1,0.94148606
1.0,1,0.9871637
0.0,0,0.0055178995
1.0,0,0.4845511
1.0,1,0.9639054
1.0,0,0.40324375
1.0,1,0.9785184
0.0,0,0.11776545
0.0,0,0.285352
0.0,0,0.07959833
0.0,0,0.019055463
0.0,0,0.4297213
1.0,1,0.9800196
1.0,1,0.78314745
1.0,1,0.7393184
1.0,0,0.33097202
1.0,1,0.86144024
1.0,1,0.8720752
0.0,0,0.0034388257
1.0,1,0.91322434
0.0,0,0.4753484
1.0,1,0.8509827
1.0,1,0.97085196
0.0,0,0.044102453
0.0,1,0.7889157
0.0,0,0.041131478
1.0,1,0.7714443
0.0,0,0.0017644587
1.0,1,0.9860831
1.0,1,0.9496019
1.0,1,0.85571086
1.0,1,0.94901115
1.0,1,0.8145552
1.0,1,0.9778813
0.0,0,0.21784912
0.0,0,0.02434406
0.0,0,0.05632907
1.0,1,0.92521226
0.0,0,0.05197341
1.0,1,0.797591
0.0,0,0.0072591174
1.0,1,0.9109175
1.0,1,0.9545388
0.0,0,0.01914385
0.0,0,0.004624726
1.0,1,0.7586316
0.0,0,0.30163068
1.0,1,0.86669755
0.0,0,0.59084636
1.0,1,0.9849725
1.0,0,0.39892405
0.0,0,0.022983592
0.0,0,0.38847256
1.0,1,0.78612494
1.0,1,0.9746815
0.0,0,0.516502
1.0,1,0.8620749
1.0,1,0.9169691
0.0,0,0.3372576
0.0,0,0.03978591
0.0,0,0.062248677
0.0,0,0.55714667
0.0,0,0.613125
0.0,0,0.0072882217
1.0,1,0.9593177
0.0,0,0.35202423
1.0,1,0.853271
0.0,0,0.120387174
1.0,1,0.977875
1.0,1,0.980211
0.0,1,0.882139
1.0,1,0.9826398
0.0,0,0.2105435
0.0,0,0.5318124
0.0,0,0.16706723
0.0,0,0.12984672
1.0,1,0.9522525
1.0,1,0.98445505
1.0,1,0.77812785
0.0,0,0.2635313
0.0,0,0.036367796
0.0,0,0.15568413
1.0,1,0.85079104
1.0,1,0.9823388
1.0,0,0.32458854
1.0,1,0.9610928
1.0,1,0.9087291
1.0,1,0.9831172
1.0,1,0.9821757
0.0,0,0.0019296152
0.0,0,0.06665905
1.0,1,0.98054105
1.0,1,0.9584797
0.0,0,0.054898053
1.0,1,0.9779396
0.0,0,0.21274994
0.0,0,0.02008697
0.0,0,0.007823831
0.0,0,0.14135568
0.0,0,0.025695331
1.0,1,0.93471026
1.0,1,0.8505206
1.0,1,0.8045343
0.0,0,0.52294946
1.0,1,0.6983667
0.0,1,0.68896997
0.0,0,0.23905215
1.0,1,0.9756905
1.0,1,0.90592563
0.0,0,0.026310947
1.0,1,0.967763
1.0,0,0.501866
1.0,1,0.98297036
0.0,0,0.65477395
1.0,1,0.9621674
0.0,1,0.8914979
1.0,1,0.75043017
1.0,1,0.96468246
0.0,0,0.41058376
1.0,1,0.860434
1.0,1,0.9727922
0.0,0,0.0005081856
0.0,0,0.041941542
0.0,0,0.30537403
1.0,1,0.86643845
1.0,1,0.9753921
0.0,0,0.0015468915
1.0,1,0.8638167
1.0,1,0.8860235
1.0,1,0.96591806
0.0,0,0.18875982
1.0,1,0.9606132
0.0,0,0.052726284
1.0,1,0.9625325
0.0,0,0.08296531
1.0,1,0.9758462
0.0,0,0.0018065554
1.0,1,0.8960015
1.0,1,0.98197323
1.0,1,0.8668151
0.0,1,0.7449764
1.0,1,0.86117816
1.0,1,0.97253555
0.0,1,0.8229127
1.0,1,0.775753
0.0,0,0.40881994
1.0,1,0.86927277
1.0,1,0.8869285
1.0,1,0.9617831
1.0,1,0.955615
1.0,1,0.9427847
1.0,1,0.9831909
1.0,1,0.9586976
1.0,1,0.9784825
1.0,1,0.7509302
1.0,1,0.8692579
0.0,0,0.015045505
0.0,0,0.644287
0.0,0,0.42924803
0.0,0,0.23079196
0.0,0,0.03609706
0.0,0,0.6224097
0.0,0,0.093798056
0.0,0,0.54072666
0.0,0,0.016544059
0.0,0,0.101019785
0.0,0,0.0044178413
1.0,1,0.9010376
0.0,0,0.0003043384
0.0,0,0.51510125
1.0,1,0.9694136
1.0,1,0.9446329
0.0,0,0.20987768
0.0,0,0.13425493
0.0,0,0.6437968
0.0,0,0.026577353
1.0,1,0.9774655
1.0,1,0.9849525
0.0,0,0.54587126
0.0,0,0.6439302
0.0,0,0.09216257
1.0,1,0.98856884
0.0,0,0.070893556
0.0,0,0.6249163
1.0,1,0.9419972
0.0,0,0.010244091
1.0,1,0.98044187
1.0,0,0.5912618
1.0,1,0.9664146
1.0,1,0.97572434
0.0,0,0.23622936
1.0,1,0.9829402
0.0,0,0.13773373
1.0,1,0.94908655
0.0,0,0.18135473
0.0,0,0.006155926
0.0,0,0.21161571
1.0,1,0.8494801
1.0,1,0.9761959
0.0,0,0.34625357
1.0,1,0.98068124
1.0,1,0.961978
1.0,1,0.967249
1.0,1,0.76319283
0.0,0,0.009703105
1.0,1,0.8484565
0.0,0,0.30850768
1.0,1,0.94961745
0.0,0,0.025267469
1.0,1,0.896044
1.0,1,0.93450445
1.0,1,0.88598686
1.0,1,0.97492117
1.0,1,0.9215742
1.0,1,0.87796456
1.0,0,0.6594091
1.0,1,0.83624566
0.0,0,0.022728845
1.0,1,0.94916004
0.0,0,0.011624313
0.0,0,0.053449757
0.0,0,0.04880688
1.0,1,0.95402277
1.0,1,0.8780681
0.0,0,0.11810221
1.0,1,0.9843489
0.0,0,0.3476353
0.0,0,0.0036647357
0.0,0,0.118521065
0.0,0,0.084133364
1.0,1,0.9716462
0.0,0,0.29947162
0.0,0,0.018727677
1.0,1,0.98434436
0.0,0,0.010779655
0.0,0,0.18012573
0.0,0,0.30288425
0.0,0,0.023497328
1.0,1,0.96108127
1.0,1,0.9787304
1.0,1,0.8929702
1.0,1,0.9865181
1.0,1,0.8110597
1.0,0,0.5894356
0.0,0,0.4064441
0.0,0,0.015790168
0.0,1,0.7343755
0.0,0,0.0070632435
0.0,0,0.1646457
0.0,1,0.7522218
1.0,1,0.8184474
0.0,0,0.0027637398
1.0,1,0.82866883
1.0,1,0.9827891
0.0,0,0.114850044
0.0,0,0.008767448
1.0,1,0.7883946
0.0,0,0.012797426
0.0,0,0.033220578
1.0,1,0.9676656
1.0,1,0.9367611
0.0,0,0.13023421
1.0,1,0.97444475
1.0,0,0.3971011
0.0,0,0.012400976
0.0,0,0.12705657
1.0,1,0.7228428
1.0,1,0.9622965
0.0,0,0.14410613
0.0,0,0.018312108
0.0,0,0.43976444
1.0,1,0.8584837
0.0,0,0.23301262
0.0,0,0.00610526
1.0,1,0.97107923
1.0,1,0.98335606
1.0,0,0.23923042
1.0,0,0.5474726
0.0,0,0.34993604
1.0,1,0.9753471
0.0,0,0.3968803
1.0,1,0.90430164
0.0,0,0.006283176
1.0,1,0.7393018
1.0,1,0.71998525
0.0,0,0.0058006295
0.0,0,0.13036802
1.0,1,0.9599927
0.0,0,0.53649426
1.0,1,0.92414486
1.0,1,0.7668585
1.0,1,0.9341394
0.0,0,0.012748932
0.0,0,0.06827191
1.0,0,0.5120764
1.0,1,0.9845957
0.0,0,0.4244162
1.0,1,0.9122689
1.0,0,0.5108403
0.0,1,0.9786393
1.0,1,0.9149086
0.0,1,0.854784
0.0,0,0.024008326
1.0,1,0.8255185
0.0,0,0.017776383
0.0,0,0.013045533
1.0,1,0.90922105
0.0,1,0.6994399
1.0,1,0.97682506
0.0,0,0.006645546
0.0,0,0.018683327
0.0,0,0.019934747
1.0,1,0.8971974
1.0,1,0.85438246
0.0,0,0.014668017
1.0,0,0.5818611
1.0,1,0.9696867
1.0,1,0.9209604
1.0,1,0.93949646
1.0,1,0.98311305
1.0,1,0.6683196
1.0,0,0.5090816
0.0,0,0.0014084144
1.0,1,0.9291504
0.0,0,0.099355645
0.0,0,0.4455309
0.0,0,0.0035400921
0.0,0,0.269204
1.0,1,0.97804016
0.0,0,0.19991833
0.0,0,0.06945129
0.0,0,0.012444331
1.0,1,0.860867
0.0,0,0.021112652
0.0,0,0.14011118
0.0,0,0.0026398585
0.0,0,0.629514
0.0,0,0.00084438117
0.0,0,0.01837079
1.0,1,0.956618
0.0,0,0.43164873
0.0,0,0.08032632
0.0,0,0.030434925
0.0,0,0.017456405
0.0,0,0.013580942
0.0,0,0.009222968
0.0,0,0.016194938
0.0,0,0.0005727114
1.0,1,0.9398089
0.0,0,0.45866212
1.0,1,0.9535616
1.0,0,0.57707083
0.0,0,0.010016034
1.0,1,0.92531693
0.0,0,0.0026642801
1.0,1,0.82009804
0.0,0,0.021797007
1.0,1,0.9731003
0.0,0,0.05054012
1.0,1,0.9497676
0.0,0,0.3431202
1.0,1,0.94391686
1.0,1,0.86156386
0.0,1,0.723809
0.0,0,0.019114228
0.0,0,0.004976064
1.0,1,0.8265884
0.0,0,0.0022504174
1.0,1,0.973806
0.0,0,0.19345301
0.0,0,0.50457126
0.0,0,0.5631139
0.0,1,0.8352861
1.0,1,0.9496264
1.0,1,0.9677449
0.0,0,0.007081509
1.0,1,0.9787687
0.0,0,0.60127616
0.0,0,0.12148307
1.0,1,0.8955387
0.0,0,0.009426342
0.0,1,0.8858011
1.0,1,0.97892106
1.0,1,0.8208331
0.0,0,0.19789031
1.0,1,0.90625197
1.0,0,0.50310373
1.0,1,0.9710703
1.0,1,0.96823555
1.0,1,0.9609789
0.0,0,0.43462533
1.0,1,0.98452634
0.0,0,0.14650626
0.0,0,0.21432498
0.0,0,0.26259336
0.0,0,0.024356462
1.0,1,0.9598101
0.0,0,0.020536594
0.0,0,0.6420806
1.0,1,0.9491247
0.0,1,0.8301996
0.0,0,0.0034344427
1.0,1,0.91134137
1.0,1,0.96870655
0.0,0,0.011248449
0.0,1,0.8706391
0.0,0,0.023693584
1.0,1,0.93029916
0.0,1,0.734802
0.0,1,0.8464106
0.0,0,0.010621234
1.0,1,0.8796966
0.0,0,0.15203463
0.0,1,0.97193176
0.0,0,0.018674944
0.0,0,0.046051484
0.0,0,0.022354009
0.0,0,0.18650672
0.0,0,0.068231516
0.0,0,0.3165258
0.0,0,0.13868207
0.0,0,0.6005604
0.0,0,0.001297169
1.0,1,0.972285
1.0,1,0.92739415
1.0,1,0.9765973
1.0,1,0.82632035
0.0,0,0.009284047
1.0,1,0.9861616
1.0,1,0.98870486
1.0,1,0.9886593
1.0,1,0.78948605
0.0,0,0.4637542
1.0,0,0.22991006
1.0,1,0.89808977
1.0,1,0.9643535
0.0,0,0.0052573932
1.0,1,0.97201574
1.0,1,0.91208255
1.0,1,0.9340034
1.0,1,0.9188683
0.0,0,0.35064667
0.0,0,0.1119388
0.0,0,0.08470708
0.0,0,0.013401048
1.0,1,0.9226565
1.0,1,0.945182
1.0,1,0.95249987
0.0,0,0.002030559
0.0,0,0.11657317
1.0,1,0.91802317
0.0,1,0.95800406
0.0,0,0.008161222
0.0,0,0.01571522
1.0,1,0.98434234
0.0,0,0.004330237
0.0,0,0.0268418
1.0,1,0.9045254
1.0,1,0.9821393
0.0,0,0.09481245
0.0,0,0.56578094
0.0,0,0.46490029
1.0,1,0.98108387
1.0,1,0.8828046
0.0,0,0.02462165
0.0,0,0.010611253
0.0,0,0.60510147
0.0,1,0.8599703
1.0,1,0.98606163
0.0,0,0.011394627
0.0,0,0.02758069
0.0,0,0.0050291778
0.0,0,0.013779458
1.0,1,0.8266833
0.0,0,0.006384511
1.0,1,0.98213917
1.0,1,0.96131915
1.0,1,0.94178945
0.0,0,0.21237946
1.0,1,0.70611393
1.0,0,0.61769676
1.0,1,0.8742039
1.0,1,0.94595015
0.0,0,0.099623695
1.0,1,0.98066306
1.0,1,0.8568924
0.0,0,0.12068033
0.0,0,0.033421453
0.0,0,0.010340731
1.0,1,0.8955062
1.0,1,0.72044086
0.0,0,0.028222192
0.0,0,0.0783336
1.0,1,0.96564597
1.0,1,0.9782365
0.0,0,0.021664578
1.0,1,0.8716117
0.0,0,0.38732913
1.0,1,0.8800661
1.0,1,0.955877
1.0,1,0.9846215
0.0,0,0.02562416
1.0,1,0.8718458
0.0,0,0.014713509
1.0,1,0.7598715
0.0,0,0.065267265
0.0,0,0.05055233
1.0,1,0.98197883
1.0,1,0.7008796
1.0,0,0.494296
0.0,0,0.007078083
0.0,0,0.18172088
1.0,1,0.81920666
0.0,0,0.19678819
1.0,1,0.7758145
1.0,1,0.88459456
0.0,0,0.13341239
0.0,0,0.15245593
0.0,0,0.0029880577
1.0,1,0.98413527
0.0,0,0.008528946
1.0,1,0.95792574
1.0,1,0.894972
1.0,1,0.97708654
1.0,1,0.9642312
0.0,0,0.20164195
1.0,0,0.64982224
0.0,0,0.47956327
1.0,1,0.98146516
0.0,0,0.05126202
0.0,0,0.026886411
0.0,0,0.037316162
0.0,1,0.70850074
0.0,0,0.36295098
1.0,1,0.88709843
0.0,1,0.78933126
0.0,0,0.01284137
1.0,1,0.98241234
0.0,0,0.19722661
0.0,0,0.21747705
0.0,0,0.1854987
1.0,1,0.90076077
0.0,0,0.145298
1.0,1,0.8199607
1.0,1,0.8939752
1.0,1,0.9722577
0.0,0,0.022427753
1.0,1,0.9607556
1.0,1,0.6923343
1.0,1,0.7723307
0.0,0,0.14955774
0.0,0,0.40722337
1.0,1,0.8507738
0.0,0,0.0974863
1.0,0,0.074532725
1.0,1,0.7096497
0.0,0,0.30151242
1.0,1,0.888148
0.0,0,0.24425372
1.0,1,0.98529893
1.0,0,0.2904327
0.0,0,0.034803096
1.0,1,0.94364274
0.0,0,0.1882239
0.0,0,0.013341462
1.0,1,0.97496885
0.0,0,0.0023147087
0.0,0,0.12865674
1.0,1,0.8705119
0.0,0,0.31432223
0.0,1,0.7202593
0.0,0,0.46674025
0.0,0,0.42477682
1.0,1,0.9826734
1.0,1,0.67850226
1.0,1,0.90535164
1.0,1,0.86522615
0.0,0,0.26141974
0.0,0,0.0067402082
0.0,0,0.029218718
1.0,1,0.9021113
0.0,0,0.33586028
0.0,0,0.0034291751
1.0,1,0.73242867
0.0,0,0.016659023
1.0,1,0.9082941
1.0,1,0.9287027
1.0,1,0.9859347
0.0,0,0.63312787
1.0,1,0.85803056
1.0,1,0.96201384
1.0,1,0.9725134
1.0,1,0.86100304
1.0,1,0.98549163
1.0,1,0.87164396
0.0,0,0.11639506
0.0,0,0.36930677
0.0,0,0.08505128
0.0,0,0.37027043
1.0,1,0.97244495
1.0,1,0.88367593
1.0,1,0.9547528
1.0,1,0.75398237
0.0,0,0.47418875
0.0,0,0.021259723
0.0,0,0.041305766
1.0,1,0.71458685
0.0,0,0.1709001
0.0,0,0.10293347
0.0,1,0.9297432
1.0,1,0.7701932
1.0,1,0.972859
1.0,1,0.76895845
1.0,0,0.20389031
1.0,1,0.6916875
1.0,1,0.92974323
0.0,0,0.08075741
1.0,1,0.9425002
0.0,0,0.028312802
0.0,0,0.21452951
1.0,1,0.75380176
1.0,1,0.9316853
1.0,1,0.98032236
0.0,1,0.8137874
1.0,1,0.7904988
1.0,1,0.90690684
0.0,0,0.4891233
0.0,0,0.25974333
0.0,0,0.6015906
0.0,0,0.0028201407
0.0,0,0.30202955
1.0,1,0.8745176
0.0,0,0.010539848
1.0,1,0.81596816
1.0,1,0.9753191
1.0,1,0.9616447
1.0,1,0.8460566
0.0,0,0.0038843972
1.0,1,0.9739246
0.0,0,0.0050088726
0.0,0,0.16968879
0.0,0,0.45140278
1.0,1,0.9596294
0.0,0,0.23771192
1.0,1,0.9726042
0.0,0,0.008107807
0.0,1,0.77945906
0.0,0,0.1658031
1.0,0,0.6410527
1.0,1,0.9227881
0.0,0,0.23087117
0.0,0,0.02465591
0.0,0,0.1548387
0.0,0,0.4597233
0.0,0,0.013859639
1.0,1,0.82750905
1.0,1,0.91153514
0.0,0,0.12823947
0.0,0,0.054752734
1.0,1,0.9670276
1.0,1,0.89422935
0.0,0,0.0016392954
0.0,0,0.27171668
0.0,0,0.007962037
0.0,0,0.039227776
0.0,0,0.4113543
0.0,0,0.0040348317
1.0,1,0.98369575
1.0,1,0.9159871
1.0,0,0.6222855
0.0,0,0.008996709
0.0,0,0.077287056
1.0,1,0.94527763
0.0,0,0.012903121
0.0,0,0.076272525
0.0,0,0.2985968
1.0,1,0.900839
1.0,1,0.8872342
1.0,1,0.9799648
0.0,0,0.0066594705
1.0,0,0.57148427
0.0,0,0.1517403
0.0,0,0.05169157
1.0,1,0.98529667
1.0,1,0.8859124
0.0,0,0.58086264
1.0,1,0.96336615
0.0,1,0.8112507
0.0,0,0.0064130565
0.0,0,0.07584715
1.0,0,0.35130528
1.0,1,0.8362855
0.0,0,0.21326582
0.0,0,0.07262107
1.0,1,0.98134166
0.0,0,0.33864695
0.0,0,0.015561339
0.0,0,0.18390377
1.0,1,0.8806549
1.0,1,0.70707536
0.0,0,0.17241846
0.0,0,0.27739885
1.0,1,0.8917731
1.0,1,0.9637161
0.0,0,0.06148207
1.0,1,0.6873938
0.0,0,0.22929649
0.0,0,0.24280035
0.0,0,0.15971234
1.0,1,0.6696812
1.0,1,0.96085423
0.0,0,0.047874473
0.0,1,0.92996234
0.0,1,0.7951208
0.0,0,0.0066153235
1.0,1,0.93455017
1.0,1,0.889609
1.0,0,0.58819693
1.0,1,0.9801845
1.0,1,0.9620868
1.0,1,0.903783
1.0,1,0.73261607
0.0,0,0.0067562754
1.0,1,0.93871766
0.0,0,0.47118178
1.0,1,0.76637715
0.0,0,0.36049736
1.0,1,0.87042916
0.0,0,0.46060207
0.0,0,0.17907794
0.0,0,0.362984
1.0,1,0.87648386
1.0,1,0.83736074
0.0,0,0.035245832
0.0,0,0.007685084
1.0,0,0.5977508
0.0,0,0.013580067
0.0,0,0.06399414
0.0,0,0.018760689
0.0,0,0.10458769
1.0,1,0.843827
1.0,1,0.94478345
1.0,1,0.7729728
1.0,1,0.8381406
1.0,1,0.9677674
1.0,1,0.9868043
0.0,0,0.025655122
1.0,1,0.95563275
0.0,0,0.07201929
0.0,0,0.008237181
1.0,1,0.96383893
0.0,0,0.0040708994
1.0,1,0.87947315
0.0,0,0.11663871
0.0,0,0.0062956363
0.0,0,0.07977334
1.0,0,0.6492605
0.0,0,0.06114421
1.0,1,0.83689654
0.0,0,0.0036386102
1.0,1,0.8062482
1.0,1,0.98058134
1.0,1,0.9304213
0.0,0,0.24122237
1.0,1,0.96021616
0.0,0,0.41169274
1.0,1,0.9835244
0.0,0,0.01674186
1.0,1,0.9632823
1.0,0,0.37969384
0.0,0,0.17230345
0.0,0,0.010496365
0.0,0,0.00712157
1.0,1,0.98216
0.0,0,0.42906836
1.0,1,0.85536224
1.0,1,0.8341322
0.0,0,0.44912675
1.0,1,0.9770199
1.0,1,0.7297045
0.0,0,0.0060610254
1.0,1,0.9603345
0.0,1,0.7872251
0.0,0,0.024111655
1.0,1,0.963958
1.0,1,0.86640185
1.0,1,0.91802573
1.0,1,0.81308633
1.0,1,0.9075672
0.0,0,0.006444577
0.0,0,0.04540102
0.0,0,0.45442435
1.0,1,0.765739
0.0,0,0.011556543
0.0,0,0.0156211825
1.0,1,0.9808695
0.0,0,0.043429825
0.0,0,0.36561427
0.0,0,0.06363695
0.0,0,0.051793743
1.0,0,0.46762297
1.0,1,0.9591848
1.0,1,0.9016564
1.0,1,0.94055015
0.0,0,0.0044537336
0.0,1,0.67414427
1.0,1,0.9791805
0.0,0,0.0016240644
0.0,0,0.012931308
0.0,1,0.80259895
0.0,0,0.060546502
0.0,0,0.019176748
1.0,0,0.60207236
1.0,1,0.98065925
0.0,0,0.32400626
1.0,1,0.98429257
1.0,1,0.933809
0.0,0,0.0040357136
1.0,1,0.9703907
1.0,1,0.9209971
0.0,0,0.001752752
1.0,1,0.952724
1.0,1,0.98321015
0.0,1,0.8140571
1.0,1,0.94635856
0.0,0,0.024018938
1.0,1,0.857031
1.0,1,0.8465603
0.0,0,0.008940755
1.0,1,0.9569745
1.0,1,0.979576
1.0,1,0.7883685
1.0,1,0.891759
1.0,1,0.9006181
0.0,0,0.07874323
1.0,1,0.9809343
1.0,1,0.9360758
0.0,1,0.7895465
0.0,0,0.20816235
1.0,1,0.8512337
1.0,1,0.9810712
0.0,0,0.31975517
0.0,0,0.107176974
0.0,0,0.0016284424
1.0,1,0.8289913
0.0,0,0.058145642
0.0,0,0.31637833
1.0,1,0.83305573
0.0,0,0.08380272
0.0,0,0.10974548
1.0,1,0.9678201
0.0,0,0.07925577
0.0,0,0.0076553556
0.0,0,0.026386896
1.0,1,0.9703936
0.0,0,0.052783683
0.0,0,0.14443512
0.0,0,0.126395
0.0,0,0.32630515
1.0,1,0.9478446
1.0,1,0.7932108
1.0,0,0.6451643
1.0,1,0.9834135
1.0,1,0.8745151
1.0,1,0.96743906
1.0,1,0.9422625
0.0,0,0.23364396
1.0,1,0.7882804
0.0,1,0.67413044
0.0,0,0.12587284
0.0,0,0.06685506
1.0,1,0.94608957
1.0,1,0.98489916
0.0,0,0.009934275
1.0,1,0.9282578
0.0,0,0.061204024
1.0,1,0.6737203
0.0,0,0.22546338
1.0,1,0.97387695
0.0,0,0.15626389
1.0,1,0.71349823
0.0,0,0.22821279
1.0,1,0.9808248
0.0,0,0.005219277
0.0,0,0.47236186
1.0,1,0.92849314
0.0,0,0.100126065
0.0,0,0.2198673
0.0,0,0.002414664
0.0,0,0.046357546
1.0,1,0.98529226
0.0,0,0.033843357
0.0,0,0.25227782
0.0,0,0.47196344
0.0,0,0.048528027
0.0,0,0.006407305
1.0,1,0.97550243
0.0,0,0.028756699
0.0,0,0.10964711
0.0,0,0.48056754
0.0,0,0.0065781013
1.0,1,0.97178656
0.0,0,0.040693916
0.0,0,0.025384258
0.0,0,0.44015035
0.0,0,0.003432351
1.0,1,0.9664258
0.0,0,0.45605615
1.0,1,0.94015944
0.0,0,0.12782128
1.0,1,0.8167459
1.0,1,0.9515585
0.0,0,0.018678475
1.0,1,0.9567298
1.0,1,0.96925956
0.0,1,0.82961965
0.0,0,0.09251152
1.0,1,0.96757036
0.0,0,0.016759563
0.0,0,0.049947407
0.0,0,0.58175075
1.0,1,0.97416
0.0,0,0.14743009
0.0,0,0.4938519
0.0,0,0.103716515
1.0,1,0.98231626
1.0,1,0.9834634
0.0,0,0.05625082
0.0,0,0.012943144
0.0,0,0.10995725
0.0,0,0.007046371
1.0,1,0.9800573
0.0,0,0.016127681
1.0,0,0.57620984
0.0,0,0.001365015
0.0,0,0.5818893
1.0,1,0.96702063
1.0,1,0.97090584
1.0,1,0.96508235
1.0,1,0.94914174
1.0,1,0.9622881
0.0,1,0.9601331
1.0,1,0.9081987
0.0,0,0.05429786
0.0,0,0.58668363
1.0,1,0.9716018
1.0,1,0.98086464
1.0,1,0.89774644
1.0,1,0.93808466
1.0,1,0.96398354
0.0,0,0.298247
1.0,1,0.975901
0.0,0,0.11333211
1.0,1,0.86530167
0.0,0,0.46878168
0.0,0,0.40575483
0.0,0,0.008810039
1.0,1,0.9753751
1.0,1,0.9737126
1.0,1,0.87147874
0.0,0,0.08432195
1.0,0,0.52886736
1.0,1,0.87529856
1.0,1,0.9814464
0.0,0,0.42716068
1.0,1,0.85391945
0.0,1,0.86629313
1.0,1,0.9600013
1.0,1,0.96847266
0.0,0,0.28675294
0.0,0,0.4754276
0.0,1,0.6708492
0.0,0,0.009497732
0.0,0,0.009567452
0.0,0,0.6076821
0.0,0,0.46555898
1.0,1,0.8140636
1.0,1,0.9806576
1.0,1,0.968227
1.0,1,0.875721
1.0,0,0.18587367
1.0,1,0.98188835
0.0,0,0.39110863
1.0,0,0.600534
0.0,0,0.30825102
1.0,1,0.93288255
0.0,0,0.008993406
1.0,1,0.776702
0.0,0,0.12524596
0.0,0,0.34082744
1.0,1,0.95549023
0.0,0,0.031080425
1.0,1,0.98393565
1.0,1,0.96238863
0.0,0,0.19078782
1.0,1,0.9722317
1.0,1,0.9359043
1.0,1,0.96494055
1.0,1,0.7773131
1.0,1,0.97465724
0.0,0,0.035747904
0.0,0,0.13298932
1.0,1,0.97002137
0.0,0,0.08087865
0.0,0,0.0049511045
1.0,0,0.59671366
0.0,0,0.057778586
1.0,1,0.9410736
1.0,1,0.83670926
0.0,0,0.023932839
1.0,0,0.4856648
1.0,1,0.8675756
1.0,1,0.9811166
1.0,1,0.9821769
1.0,1,0.9317373
1.0,1,0.8253883
0.0,0,0.012518667
0.0,0,0.017380044
1.0,0,0.19975984
0.0,0,0.049021874
0.0,0,0.21295667
1.0,1,0.83997095
1.0,1,0.9533058
0.0,0,0.023050277
0.0,0,0.02388405
1.0,1,0.708472
0.0,0,0.3603197
0.0,1,0.7866817
1.0,1,0.95451075
0.0,0,0.025598852
1.0,1,0.7658002
1.0,1,0.98380476
1.0,1,0.92285854
0.0,0,0.13235645
0.0,0,0.015142821
0.0,1,0.69873965
0.0,0,0.001547578
1.0,1,0.950349
1.0,1,0.9213884
0.0,0,0.024821667
0.0,0,0.034873325
0.0,0,0.035346676
1.0,1,0.96627975
1.0,1,0.964808
1.0,1,0.7905549
1.0,1,0.9525768
0.0,0,0.030497152
0.0,0,0.039470296
1.0,1,0.8702637
1.0,1,0.9544411
1.0,1,0.92714834
1.0,1,0.6773739
1.0,0,0.5875998
0.0,0,0.18645214
1.0,0,0.64478284
0.0,0,0.23785587
1.0,0,0.20599674
1.0,1,0.92082715
1.0,1,0.9497931
0.0,0,0.030516565
0.0,0,0.13679506
1.0,1,0.6975383
0.0,0,0.2784994
1.0,1,0.9691413
0.0,0,0.19056432
0.0,0,0.20450576
1.0,1,0.9622287
1.0,1,0.856748
1.0,0,0.64008164
1.0,1,0.93924516
0.0,0,0.019918589
1.0,1,0.8288525
1.0,0,0.038407277
0.0,0,0.08575818
1.0,1,0.956212
0.0,0,0.1968668
0.0,0,0.0018813772
1.0,1,0.6938751
1.0,1,0.9688165
0.0,0,0.01029429
1.0,1,0.921425
0.0,0,0.016029216
0.0,1,0.6817589
0.0,0,0.001295242
0.0,0,0.03959918
1.0,1,0.8917477
0.0,0,0.6309606
0.0,0,0.3547903
0.0,0,0.63586295
0.0,0,0.02305468
0.0,0,0.13763568
0.0,0,0.013514979
1.0,1,0.98135823
0.0,0,0.08891415
1.0,1,0.9618741
0.0,0,0.0064840927
0.0,0,0.4217007
0.0,0,0.6523224
1.0,0,0.403567
0.0,0,0.04427153
0.0,0,0.65251184
1.0,1,0.961655
0.0,0,0.17798682
1.0,1,0.9840895
0.0,0,0.20210919
1.0,1,0.836614
1.0,1,0.9769849
0.0,0,0.0028130368
1.0,1,0.9645425
0.0,1,0.7076256
0.0,0,0.19904874
0.0,0,0.016187128
1.0,1,0.97535217
0.0,0,0.005864574
0.0,0,0.33407602
0.0,0,0.010633868
1.0,1,0.81885225
0.0,0,0.01068989
0.0,0,0.011138998
1.0,1,0.9878328
1.0,1,0.9818211
0.0,0,0.021500526
1.0,0,0.44573814
1.0,0,0.53726315
1.0,1,0.98372895
1.0,1,0.96909714
1.0,1,0.90070236
1.0,1,0.9771569
0.0,0,0.026114965
1.0,1,0.98170453
0.0,0,0.027922135
1.0,1,0.81877863
0.0,0,0.029610824
0.0,0,0.017075244
0.0,0,0.02119861
1.0,1,0.825767
0.0,0,0.07409203
0.0,0,0.0073891655
0.0,0,0.091679975
1.0,1,0.81508607
1.0,1,0.98658866
0.0,0,0.027077816
1.0,1,0.92536306
0.0,0,0.0025757113
1.0,1,0.9759195
1.0,1,0.8950713
1.0,1,0.91128564
1.0,1,0.98397577
0.0,0,0.029040959
0.0,0,0.4234761
1.0,0,0.13845894
0.0,0,0.0026310296
0.0,0,0.009387302
1.0,0,0.6427634
0.0,0,0.19947532
0.0,0,0.017632606
0.0,0,0.017864065
0.0,0,0.011170804
0.0,0,0.01428076
1.0,1,0.7283368
0.0,0,0.019667596
0.0,0,0.4679071
1.0,1,0.9757469
1.0,1,0.94602555
0.0,0,0.082787275
1.0,1,0.95755816
0.0,0,0.045753703
1.0,1,0.8593155
0.0,0,0.3107429
0.0,0,0.64423704
1.0,1,0.8363656
1.0,1,0.7069119
1.0,1,0.9303479
1.0,1,0.91140884
1.0,1,0.981549
0.0,0,0.109899014
0.0,0,0.048207574
1.0,1,0.98414785
0.0,0,0.03066507
1.0,1,0.8878673
0.0,0,0.0008287765
1.0,1,0.9449942
1.0,1,0.93687373
0.0,0,0.019411732
0.0,0,0.005337373
1.0,1,0.9161983
1.0,1,0.95957863
0.0,0,0.019232793
0.0,0,0.42323983
0.0,0,0.3916459
1.0,1,0.9664007
1.0,1,0.6914875
0.0,0,0.007347857
0.0,1,0.7046062
0.0,0,0.18384016
0.0,1,0.7810397
1.0,1,0.96726817
0.0,0,0.016487308
0.0,0,0.12049799
0.0,0,0.5903642
0.0,0,0.013319894
1.0,1,0.83757937
0.0,0,0.19546242
1.0,1,0.9487104
0.0,0,0.0065425583
0.0,0,0.41520116
1.0,1,0.9779673
0.0,0,0.05477126
0.0,0,0.00080241455
1.0,1,0.9839036
0.0,0,0.0755739
1.0,1,0.84434724
0.0,1,0.6727039
0.0,0,0.012227734
1.0,1,0.90233105
1.0,1,0.8906901
0.0,0,0.33299685
1.0,1,0.7670897
0.0,1,0.6905011
1.0,1,0.9872216
1.0,0,0.4616462
0.0,0,0.3805506
0.0,1,0.97704935
0.0,0,0.5316508
0.0,0,0.01011297
0.0,0,0.084427245
1.0,1,0.7634933
0.0,0,0.19647883
1.0,1,0.957569
0.0,0,0.026442379
1.0,1,0.95206344
0.0,0,0.09945332
1.0,1,0.7422816
1.0,1,0.9798148
0.0,0,0.09636876
1.0,1,0.9772706
0.0,0,0.007602929
1.0,1,0.79126745
0.0,0,0.015369576
1.0,0,0.61406314
1.0,1,0.9375135
1.0,1,0.93490297
0.0,0,0.027078243
1.0,1,0.9119593
1.0,1,0.94634426
1.0,1,0.98599523
0.0,0,0.033330508
0.0,0,0.14588732
1.0,1,0.73182684
0.0,0,0.0015538565
0.0,0,0.08885673
0.0,0,0.016294053
1.0,1,0.8279469
0.0,0,0.0029289678
1.0,1,0.97298205
0.0,0,0.035603274
0.0,0,0.22648273
1.0,1,0.9766824
0.0,0,0.016271131
0.0,0,0.0122376485
1.0,1,0.67111635
1.0,1,0.9568715
0.0,0,0.017257374
0.0,0,0.10823473
1.0,1,0.96104187
1.0,1,0.9588214
0.0,0,0.011091872
1.0,1,0.95382327
0.0,0,0.016956195
0.0,0,0.12025144
0.0,0,0.22277904
0.0,0,0.05343396
0.0,0,0.09297065
0.0,0,0.03243892
0.0,0,0.0010846008
0.0,0,0.030555971
1.0,0,0.34466052
0.0,0,0.62253994
1.0,1,0.9780876
0.0,0,0.27934894
1.0,1,0.8719721
1.0,0,0.572933
0.0,0,0.013163769
1.0,1,0.98431325
0.0,1,0.73807216
0.0,0,0.26896307
0.0,0,0.011552846
0.0,0,0.09898404
0.0,0,0.020007234
1.0,1,0.94989014
0.0,0,0.32960695
1.0,1,0.80587065
0.0,0,0.27720448
1.0,1,0.9487828
0.0,1,0.95522225
1.0,1,0.9555393
1.0,0,0.3053829
0.0,0,0.009584357
0.0,0,0.17641139
0.0,1,0.67731106
0.0,0,0.015447459
1.0,1,0.7920126
1.0,1,0.9671419
0.0,0,0.0038055626
0.0,0,0.13602369
0.0,0,0.4927788
1.0,0,0.53782964
1.0,1,0.95050526
1.0,1,0.9815833
0.0,0,0.003187352
0.0,0,0.144004
0.0,0,0.42715842
0.0,0,0.44133976
1.0,1,0.8387677
1.0,0,0.619503
1.0,1,0.6908735
1.0,0,0.49950355
1.0,1,0.93207014
0.0,1,0.7062303
1.0,1,0.96734595
0.0,0,0.011122081
0.0,0,0.043536205
0.0,0,0.0058814907
0.0,0,0.47589839
0.0,0,0.0110184755
1.0,1,0.9872145
0.0,0,0.123691246
1.0,1,0.88919145
0.0,0,0.11917796
0.0,0,0.047756206
1.0,1,0.7836007
0.0,0,0.009002927
0.0,0,0.012379783
1.0,0,0.2822679
0.0,0,0.012143034
0.0,0,0.028942974
1.0,1,0.9663288
1.0,1,0.94921315
0.0,0,0.11351805
1.0,1,0.9853536
0.0,0,0.06752803
0.0,0,0.15821148
1.0,1,0.82003987
0.0,1,0.77952415
0.0,1,0.85607326
0.0,0,0.25425032
0.0,0,0.002502873
0.0,0,0.45279637
1.0,1,0.9395141
0.0,0,0.5868584
0.0,0,0.5122045
1.0,0,0.536138
1.0,1,0.7732139
0.0,0,0.055347435
1.0,1,0.788407
0.0,0,0.0042615337
0.0,0,0.5110531
1.0,1,0.96567583
0.0,0,0.012540437
0.0,0,0.068769224
1.0,1,0.8578422
1.0,1,0.7979765
1.0,0,0.6592831
1.0,1,0.90962064
0.0,0,0.028484698
0.0,0,0.5966755
0.0,0,0.045936283
0.0,0,0.2193743
1.0,1,0.9703168
0.0,0,0.014100489
0.0,0,0.08751955
1.0,1,0.8834836
1.0,1,0.96793425
1.0,1,0.80142635
0.0,1,0.6895623
0.0,0,0.023033079
0.0,0,0.21683061
0.0,0,0.21479292
0.0,0,0.025201391
0.0,0,0.007569805
1.0,1,0.66989815
0.0,0,0.01002293
1.0,1,0.94873524
0.0,0,0.008252875
0.0,0,0.4328478
1.0,1,0.9397675
1.0,1,0.74131227
1.0,1,0.7289123
0.0,1,0.70340025
1.0,1,0.9809475
1.0,1,0.98633105
1.0,1,0.8400141
1.0,1,0.8925078
1.0,1,0.9830814
1.0,1,0.9533683
1.0,1,0.87750137
0.0,0,0.029997554
1.0,0,0.42096964
0.0,0,0.11763938
1.0,1,0.91058135
0.0,0,0.056422543
0.0,0,0.055870835
1.0,1,0.7359299
1.0,1,0.8648083
0.0,0,0.060112618
1.0,0,0.5852315
1.0,1,0.7134614
0.0,0,0.00982575
1.0,1,0.85460454
0.0,0,0.06285598
1.0,0,0.04346966
0.0,0,0.010901628
1.0,1,0.87098914
0.0,0,0.058837797
0.0,1,0.7266379
0.0,0,0.30826262
1.0,1,0.8617634
1.0,1,0.9203066
1.0,1,0.97977436
1.0,0,0.5981325
0.0,0,0.20293818
0.0,0,0.17632227
0.0,0,0.012913388
0.0,0,0.004933363
0.0,0,0.4903071
1.0,1,0.90055525
1.0,1,0.9641346
0.0,0,0.077139854
0.0,0,0.15743631
0.0,0,0.0071357177
0.0,0,0.036007717
1.0,1,0.67021906
1.0,0,0.5839894
1.0,1,0.9788895
1.0,1,0.9867995
1.0,1,0.97527474
1.0,1,0.98039407
0.0,0,0.11444974
1.0,0,0.5578085
1.0,1,0.8447032
0.0,0,0.082905866
1.0,1,0.9811439
1.0,1,0.97693443
0.0,0,0.015856534
1.0,1,0.9758385
1.0,1,0.9679548
1.0,1,0.9808685
1.0,1,0.94963866
0.0,0,0.015099885
0.0,0,0.06348081
0.0,0,0.0013376323
0.0,1,0.8649503
1.0,1,0.87371886
1.0,1,0.9815184
1.0,1,0.7392684
0.0,0,0.64700747
0.0,0,0.031874318
0.0,0,0.012923191
1.0,1,0.7625958
0.0,0,0.17112811
0.0,0,0.04430378
1.0,1,0.9447804
1.0,1,0.9847939
1.0,1,0.96781296
0.0,0,0.038028985
1.0,1,0.9545257
0.0,0,0.022936307
0.0,0,0.13736956
1.0,1,0.8854628
0.0,0,0.19592217
1.0,0,0.28418416
0.0,0,0.025215767
1.0,1,0.9382181
0.0,0,0.019274104
0.0,0,0.30274484
0.0,0,0.023245074
1.0,1,0.9573399
1.0,1,0.9465105
0.0,0,0.0036875394
0.0,0,0.20780353
1.0,1,0.94135463
1.0,1,0.78760767
0.0,0,0.02825159
0.0,0,0.07417871
1.0,1,0.8307857
0.0,0,0.4255991
0.0,0,0.19232704
0.0,0,0.003456848
1.0,1,0.9761716
0.0,0,0.014851295
0.0,0,0.009519927
1.0,0,0.21612342
1.0,1,0.98129255
1.0,0,0.42226973
0.0,0,0.004999162
1.0,1,0.9558172
1.0,1,0.9668218
1.0,0,0.20850092
0.0,0,0.010316778
0.0,0,0.010053778
0.0,0,0.021071024
1.0,1,0.9268712
1.0,1,0.91220087
1.0,1,0.9861991
0.0,0,0.014064573
1.0,1,0.97215664
0.0,0,0.019367216
1.0,0,0.56668454
0.0,0,0.20680468
1.0,1,0.7441584
1.0,1,0.9645002
1.0,0,0.17647153
0.0,0,0.27188167
1.0,1,0.80265915
0.0,0,0.10032159
0.0,0,0.011185408
0.0,0,0.036435947
0.0,0,0.21692322
1.0,1,0.7677498
0.0,0,0.02886385
0.0,0,0.02633507
1.0,1,0.95518476
1.0,1,0.96621877
0.0,0,0.5429626
1.0,1,0.9551935
0.0,1,0.97497714
0.0,0,0.0057441546
0.0,0,0.016899155
1.0,1,0.96862364
1.0,1,0.88234967
1.0,1,0.97564393
1.0,1,0.94035095
1.0,1,0.9236916
1.0,1,0.9792911
0.0,0,0.02840521
0.0,0,0.1943706
0.0,0,0.20238899
0.0,0,0.034781393
1.0,1,0.676423
0.0,0,0.09961744
1.0,1,0.96429
0.0,1,0.8105305
1.0,1,0.939335
0.0,0,0.10437624
0.0,0,0.26326695
0.0,0,0.024991723
0.0,0,0.040749
1.0,1,0.7947056
1.0,1,0.9771862
1.0,1,0.82277125
1.0,1,0.78348297
1.0,1,0.894375
1.0,1,0.90456754
0.0,0,0.2653351
1.0,1,0.71837497
1.0,1,0.9693757
0.0,0,0.123778045
1.0,1,0.96422523
1.0,0,0.6433259
1.0,1,0.93669254
1.0,1,0.96060264
0.0,1,0.8077867
0.0,0,0.08214655
1.0,1,0.8968976
0.0,1,0.8857628
0.0,1,0.8740591
1.0,1,0.92579204
0.0,0,0.063371345
1.0,1,0.9785158
0.0,0,0.5671858
0.0,0,0.009611735
0.0,0,0.07969227
0.0,0,0.43237862
0.0,1,0.9520385
1.0,0,0.6288148
0.0,0,0.52753055
0.0,0,0.40759414
1.0,1,0.96695256
0.0,0,0.016268536
1.0,1,0.9648375
1.0,1,0.9604224
0.0,0,0.0336829
1.0,1,0.824278
1.0,1,0.95133215
1.0,1,0.76092947
1.0,1,0.94055855
0.0,0,0.012308511
0.0,0,0.463763
0.0,0,0.008921298
0.0,0,0.007816803
0.0,0,0.5662824
1.0,1,0.97531104
0.0,0,0.004373295
0.0,0,0.036697563
1.0,1,0.96808267
0.0,0,0.009232524
0.0,0,0.15331644
1.0,0,0.3421867
0.0,1,0.92389476
1.0,1,0.9787752
1.0,1,0.9712713
0.0,0,0.15285641
1.0,1,0.86794156
0.0,0,0.2730874
1.0,0,0.5563302
1.0,1,0.9450254
1.0,1,0.94930047
1.0,1,0.9442822
0.0,0,0.025905456
0.0,0,0.02235894
0.0,0,0.0019552445
0.0,0,0.5272808
0.0,0,0.017186137
0.0,0,0.006209064
0.0,0,0.067325465
1.0,1,0.9833886
1.0,1,0.98441607
1.0,1,0.9631921
1.0,1,0.6968907
0.0,0,0.3448932
0.0,0,0.2038138
1.0,1,0.81874883
1.0,1,0.968377
0.0,0,0.045157705
0.0,0,0.042177174
0.0,0,0.029569836
0.0,0,0.36212218
0.0,0,0.6562208
1.0,1,0.7176504
1.0,1,0.9630644
1.0,1,0.7641878
1.0,1,0.97106844
0.0,0,0.016887348
0.0,0,0.07991759
1.0,0,0.6491325
0.0,0,0.010025192
1.0,1,0.9603007
1.0,1,0.98473644
1.0,1,0.9448834
0.0,0,0.2656692
1.0,1,0.9749892
0.0,0,0.007856993
0.0,0,0.52605826
0.0,0,0.49014086
1.0,1,0.9708803
1.0,1,0.7829405
0.0,0,0.061349012
1.0,1,0.8884162
0.0,0,0.36893013
0.0,0,0.034588777
1.0,1,0.8275021
1.0,1,0.98530525
0.0,0,0.41788793
1.0,1,0.8674049
1.0,1,0.9765688
1.0,1,0.975989
1.0,1,0.9653563
1.0,1,0.6647806
1.0,1,0.9564491
0.0,0,0.011897895
0.0,0,0.012211222
1.0,1,0.97686577
1.0,1,0.9481221
1.0,1,0.82787186
0.0,0,0.011608125
0.0,0,0.44387576
0.0,0,0.027429258
1.0,0,0.60658944
1.0,1,0.92115664
1.0,1,0.8311932
0.0,0,0.016964836
0.0,0,0.036254507
1.0,1,0.9799229
1.0,1,0.7580912
1.0,0,0.65402853
0.0,0,0.057113186
0.0,0,0.020390673
1.0,1,0.74060047
1.0,1,0.8962889
1.0,1,0.9815921
1.0,1,0.9160228
1.0,1,0.7611716
1.0,1,0.9835139
1.0,1,0.9851021
1.0,1,0.7935959
0.0,0,0.0067232535
1.0,1,0.9686059
0.0,0,0.17191975
0.0,1,0.7330702
0.0,0,0.03306137
0.0,0,0.057626948
1.0,1,0.9607678
0.0,0,0.043850727
1.0,1,0.96227664
1.0,1,0.97964305
1.0,1,0.85083985
0.0,0,0.01966926
1.0,1,0.98003787
1.0,1,0.9806386
0.0,1,0.7329278
1.0,1,0.78076005
1.0,1,0.94984674
0.0,0,0.019735163
0.0,0,0.016659522
0.0,0,0.037590053
1.0,1,0.6796379
0.0,0,0.0017646074
0.0,0,0.01489138
0.0,1,0.764623
0.0,1,0.6836922
1.0,1,0.7243072
0.0,0,0.161208
0.0,0,0.1465857
0.0,0,0.08520072
0.0,0,0.27871403
0.0,0,0.30883107
0.0,0,0.1121418
1.0,1,0.9222214
0.0,0,0.02840817
1.0,1,0.960962
1.0,1,0.6928942
0.0,0,0.4711625
1.0,1,0.8810658
0.0,0,0.0077272127
1.0,1,0.9834173
0.0,0,0.031496648
1.0,1,0.93752426
1.0,1,0.8298495
0.0,0,0.012282713
1.0,1,0.98140347
0.0,0,0.008249433
0.0,0,0.2303148
1.0,0,0.40928736
1.0,1,0.96342504
0.0,0,0.110487044
1.0,1,0.95572966
1.0,1,0.8071942
0.0,0,0.35813928
0.0,0,0.009046433
0.0,0,0.11625455
1.0,1,0.96197164
1.0,0,0.4694012
0.0,0,0.33992058
0.0,0,0.17805125
0.0,0,0.048430815
1.0,1,0.97894627
0.0,1,0.7960449
0.0,0,0.30691212
0.0,0,0.007336768
0.0,0,0.031072216
0.0,0,0.009814427
1.0,1,0.90760434
0.0,0,0.08068703
0.0,0,0.029738994
0.0,0,0.17631052
1.0,1,0.9284121
1.0,1,0.87427825
0.0,1,0.7430028
1.0,1,0.9603557
1.0,1,0.983869
1.0,1,0.9855137
0.0,0,0.03579472
1.0,1,0.9804781
0.0,0,0.11496724
1.0,0,0.42219844
1.0,1,0.9821645
0.0,0,0.07760843
1.0,1,0.962212
0.0,0,0.40816936
0.0,0,0.17255963
1.0,1,0.81939995
1.0,1,0.9294244
1.0,1,0.93632823
0.0,0,0.1460044
1.0,1,0.9842434
0.0,0,0.008479889
1.0,1,0.9683354
1.0,1,0.7276325
1.0,1,0.9232118
1.0,1,0.97460675
1.0,1,0.7941218
1.0,1,0.9725081
1.0,1,0.9647614
1.0,1,0.66774815
1.0,1,0.9854973
1.0,1,0.7149992
0.0,0,0.23512597
0.0,1,0.7171744
0.0,0,0.008478165
1.0,1,0.8921823
1.0,1,0.93627906
1.0,1,0.8079739
1.0,1,0.97948253
1.0,1,0.87531656
1.0,0,0.32971844
0.0,0,0.07928377
1.0,1,0.7426624
0.0,0,0.5472448
0.0,0,0.07184522
1.0,1,0.8353312
1.0,1,0.8741232
0.0,0,0.10104802
1.0,1,0.9674949
1.0,1,0.9074954
1.0,1,0.8348981
1.0,1,0.7578986
1.0,1,0.964355
0.0,0,0.006347977
1.0,1,0.9804474
0.0,1,0.7243223
0.0,0,0.044222105
1.0,1,0.98397505
0.0,0,0.18199956
0.0,1,0.6736988
0.0,0,0.16658938
1.0,1,0.8581567
0.0,0,0.3109961
1.0,1,0.88938016
1.0,0,0.61635935
0.0,0,0.024292197
1.0,1,0.9187213
1.0,1,0.9793625
0.0,0,0.005654241
1.0,1,0.9355825
0.0,0,0.0108588105
0.0,0,0.045074947
1.0,1,0.9582156
0.0,0,0.029712493
0.0,0,0.0034566377
1.0,1,0.77114344
1.0,1,0.89521736
1.0,1,0.91074514
0.0,0,0.071700305
0.0,0,0.34101573
1.0,1,0.74052393
1.0,1,0.9861587
0.0,0,0.008878464
0.0,0,0.015238108
0.0,0,0.0008738375
0.0,0,0.006127716
0.0,0,0.20833096
0.0,0,0.13623448
0.0,0,0.016619831
1.0,1,0.956258
0.0,0,0.071633585
1.0,1,0.907846
1.0,1,0.96881604
0.0,0,0.011383213
0.0,0,0.60410917
0.0,0,0.63867724
1.0,1,0.98554075
0.0,0,0.01632839
0.0,0,0.43925634
0.0,0,0.08799193
1.0,1,0.98649675
1.0,1,0.9737602
0.0,0,0.10741448
1.0,1,0.85611284
0.0,0,0.009659049
0.0,0,0.20845613
0.0,0,0.0010906507
0.0,0,0.053433876
0.0,0,0.39903387
1.0,1,0.6950656
1.0,1,0.95421416
0.0,0,0.03727069
1.0,1,0.8888173
1.0,1,0.7730137
0.0,0,0.09006583
0.0,0,0.024377747
0.0,0,0.052053962
1.0,1,0.8468424
0.0,0,0.00095297
0.0,0,0.026061391
1.0,0,0.27411455
1.0,1,0.9655423
1.0,1,0.8877377
1.0,0,0.6197698
1.0,1,0.7499924
0.0,0,0.17491475
0.0,0,0.052533016
0.0,0,0.51944804
0.0,0,0.00949175
1.0,1,0.94640666
1.0,1,0.97736895
0.0,1,0.8208699
1.0,1,0.9811224
1.0,1,0.97214913
1.0,1,0.9811237
1.0,1,0.9528485
0.0,0,0.26250654
0.0,0,0.42597333
1.0,1,0.9714924
0.0,0,0.021941664
0.0,0,0.025456125
1.0,0,0.6180129
0.0,0,0.26908866
0.0,0,0.019947877
1.0,1,0.91943336
0.0,0,0.04250577
0.0,0,0.5091411
1.0,1,0.92787665
1.0,1,0.66735774
1.0,1,0.98324347
1.0,1,0.9003757
0.0,1,0.8035203
1.0,1,0.9517333
1.0,1,0.7975849
0.0,0,0.6139011
1.0,1,0.7079241
1.0,1,0.83416605
1.0,1,0.73751605
0.0,0,0.12867135
1.0,1,0.98032063
1.0,1,0.8588454
0.0,0,0.023596872
0.0,0,0.23201805
1.0,1,0.98200655
1.0,1,0.95650876
0.0,0,0.0038813283
1.0,1,0.97687685
1.0,1,0.9632429
0.0,0,0.0066239866
1.0,1,0.7175218
1.0,1,0.9791712
0.0,0,0.012535891
0.0,0,0.00857766
1.0,1,0.74734545
1.0,1,0.9190294
1.0,1,0.9855292
0.0,0,0.13713263
1.0,1,0.96596694
0.0,0,0.4826987
0.0,0,0.020389933
1.0,1,0.9574304
1.0,1,0.97365063
0.0,0,0.342794
1.0,1,0.98218626
1.0,1,0.8246103
1.0,1,0.72907245
0.0,0,0.051340267
0.0,0,0.180224
1.0,0,0.43499392
1.0,1,0.97889066
0.0,0,0.10701528
0.0,0,0.043554656
1.0,1,0.87317216
0.0,0,0.0584561
1.0,1,0.98086
0.0,0,0.20296894
1.0,1,0.9763518
0.0,0,0.22283174
0.0,0,0.4305508
0.0,0,0.015559643
1.0,1,0.8850116
0.0,0,0.009270102
1.0,1,0.8710358
1.0,1,0.95106506
0.0,0,0.05840406
0.0,0,0.018528797
1.0,1,0.667824
0.0,0,0.19207336
0.0,0,0.0035122691
1.0,1,0.96818954
0.0,0,0.12538844
0.0,0,0.080260426
1.0,1,0.98298377
0.0,0,0.008446733
0.0,0,0.027753955
1.0,1,0.97717977
1.0,1,0.79968417
0.0,0,0.023109172
1.0,1,0.87436634
1.0,1,0.8614992
1.0,0,0.45762175
1.0,1,0.7853916
1.0,1,0.94426274
1.0,0,0.43018332
1.0,1,0.96110046
0.0,0,0.5397601
0.0,0,0.15190937
1.0,0,0.4857036
1.0,1,0.7804901
1.0,1,0.980174
0.0,0,0.0885506
0.0,0,0.012971332
1.0,1,0.9768327
1.0,1,0.94424236
1.0,1,0.84008014
1.0,1,0.9364037
0.0,0,0.016265927
0.0,0,0.07922899
0.0,0,0.009660805
1.0,1,0.9844193
0.0,0,0.09795645
1.0,1,0.9221398
0.0,0,0.055041607
0.0,0,0.013622777
0.0,0,0.016889852
1.0,1,0.7406666
1.0,1,0.97248656
1.0,1,0.8572277
0.0,0,0.05329193
0.0,0,0.0025859654
0.0,0,0.13001081
0.0,0,0.056130894
1.0,1,0.95045996
1.0,1,0.9361914
1.0,1,0.9638875
1.0,1,0.80623245
0.0,1,0.8116276
0.0,0,0.22168924
1.0,0,0.20114736
0.0,1,0.81082374
0.0,0,0.03573807
0.0,0,0.12061705
1.0,1,0.8423682
0.0,0,0.08500117
0.0,0,0.018166518
1.0,1,0.98169714
0.0,0,0.011550144
1.0,1,0.9860325
0.0,0,0.058977894
0.0,0,0.28792107
0.0,0,0.16817087
1.0,1,0.9759216
0.0,0,0.046686787
0.0,0,0.00885421
0.0,0,0.060683873
0.0,0,0.030419482
0.0,0,0.24483651
0.0,0,0.003651156
0.0,0,0.14377949
1.0,1,0.9685865
0.0,0,0.54862165
0.0,0,0.01914317
0.0,0,0.0025255664
0.0,1,0.9754454
1.0,1,0.6647943
0.0,0,0.05818907
1.0,1,0.9814127
0.0,0,0.47796527
0.0,0,0.008941964
0.0,0,0.015176422
0.0,0,0.07249206
1.0,1,0.7274599
0.0,0,0.21633554
0.0,0,0.6442224
1.0,1,0.92018247
1.0,1,0.98279715
1.0,1,0.89238095
0.0,0,0.5674355
1.0,1,0.7081189
1.0,1,0.98067236
0.0,0,0.0017288693
1.0,1,0.84444463
0.0,0,0.614856
0.0,0,0.021323385
1.0,1,0.91243666
1.0,1,0.9118825
1.0,0,0.4042328
0.0,0,0.010779152
1.0,1,0.82887733
0.0,0,0.047844242
1.0,1,0.9298532
0.0,0,0.039281946
0.0,0,0.016238512
0.0,1,0.85136545
0.0,0,0.541323
0.0,0,0.053882886
0.0,0,0.009780099
0.0,0,0.0066561718
0.0,0,0.09205311
0.0,0,0.0085151065
0.0,0,0.057947703
0.0,0,0.0042553646
1.0,1,0.7503659
1.0,1,0.98298913
0.0,0,0.01321545
1.0,1,0.9538207
0.0,0,0.39325488
1.0,1,0.97169024
0.0,0,0.36423996
1.0,1,0.98581696
0.0,0,0.0060807522
1.0,1,0.9601209
1.0,1,0.98011625
0.0,0,0.10942598
0.0,1,0.7203822
0.0,0,0.42961344
1.0,1,0.72211486
1.0,1,0.96644205
0.0,0,0.0016226061
1.0,1,0.9541261
0.0,1,0.9251403
0.0,0,0.6576658
1.0,1,0.8529847
0.0,0,0.061404742
0.0,0,0.11057204
1.0,1,0.9791152
1.0,1,0.85616094
1.0,1,0.7183223
1.0,1,0.80253047
0.0,0,0.019156147
0.0,0,0.02045639
1.0,1,0.8337351
0.0,0,0.0049360623
0.0,0,0.19844276
0.0,0,0.014909186
0.0,0,0.13182361
1.0,1,0.98316556
0.0,0,0.20064035
1.0,1,0.982144
0.0,0,0.018258763
0.0,0,0.05396215
1.0,1,0.88051325
1.0,1,0.9359019
1.0,1,0.98742276
1.0,1,0.95855534
1.0,1,0.82366925
1.0,1,0.98528624
1.0,1,0.93443394
0.0,0,0.29073626
0.0,0,0.08171843
1.0,1,0.75458336
0.0,0,0.40662125
0.0,0,0.6318344
0.0,1,0.9732934
1.0,1,0.9425297
1.0,1,0.9328609
0.0,0,0.559304
0.0,0,0.47322193
1.0,1,0.88573474
0.0,0,0.04315081
0.0,0,0.20079711
0.0,0,0.06890482
1.0,1,0.8795014
1.0,0,0.4122696
1.0,1,0.97718686
0.0,0,0.08670499
1.0,1,0.93622607
0.0,0,0.040148564
0.0,0,0.0045905523
0.0,0,0.00961065
1.0,1,0.94003
1.0,1,0.94823855
1.0,1,0.9672484
1.0,1,0.8957557
1.0,1,0.96645635
1.0,1,0.82088536
0.0,0,0.28597146
1.0,0,0.56685364
1.0,1,0.9652871
1.0,1,0.9788669
0.0,0,0.007158368
0.0,0,0.2539005
0.0,0,0.10099607
0.0,0,0.3897576
1.0,1,0.723073
1.0,1,0.8124063
0.0,0,0.082085
0.0,0,0.23371579
0.0,0,0.14520973
1.0,1,0.985193
1.0,1,0.9569977
0.0,0,0.016455095
1.0,1,0.8404362
0.0,0,0.011952576
1.0,1,0.88051236
0.0,0,0.40896347
1.0,1,0.90850353
1.0,1,0.83560234
1.0,0,0.61693037
1.0,1,0.69594157
1.0,1,0.7960879
0.0,0,0.12671454
0.0,0,0.5552453
1.0,1,0.9469107
0.0,0,0.00505273
0.0,0,0.03299428
1.0,1,0.95177996
0.0,0,0.48003405
1.0,1,0.9424211
0.0,0,0.02533888
1.0,1,0.76838535
1.0,1,0.97401893
0.0,0,0.21115398
0.0,0,0.0044849147
1.0,1,0.9371497
1.0,1,0.9003316
1.0,1,0.9414436
1.0,0,0.4602424
0.0,0,0.019146662
1.0,0,0.62241554
1.0,1,0.714743
0.0,0,0.010782935
0.0,0,0.0070712343
0.0,0,0.013178862
1.0,1,0.8286411
0.0,0,0.12157338
1.0,1,0.96632576
0.0,0,0.18474673
1.0,1,0.7077111
0.0,0,0.004452818
0.0,0,0.004647928
0.0,0,0.024621893
1.0,1,0.9481155
0.0,0,0.19265376
0.0,1,0.9767528
0.0,0,0.38522148
0.0,0,0.13445894
0.0,0,0.10114604
1.0,1,0.8579384
1.0,1,0.91722953
0.0,0,0.009626008
0.0,0,0.008225163
0.0,0,0.0032224183
1.0,1,0.981926
1.0,1,0.6897843
1.0,1,0.9258683
1.0,1,0.9742557
0.0,0,0.0011847465
0.0,0,0.0258855
0.0,0,0.087789945
1.0,1,0.9492288
0.0,0,0.25825804
1.0,1,0.97865874
0.0,0,0.07578107
1.0,1,0.9482353
0.0,0,0.31969398
1.0,1,0.8139718
0.0,0,0.6244039
0.0,0,0.020702431
1.0,1,0.9191084
0.0,0,0.35278964
0.0,0,0.21759789
0.0,0,0.0028532818
0.0,0,0.01091171
1.0,1,0.9163717
0.0,0,0.0030449734
1.0,1,0.9774894
1.0,1,0.9702085
1.0,0,0.18735035
1.0,1,0.8016584
1.0,1,0.9119946
1.0,1,0.92654353
1.0,1,0.8513261
1.0,1,0.9016812
1.0,1,0.93501365
0.0,0,0.00899004
0.0,0,0.31664872
1.0,1,0.97329813
1.0,1,0.97388285
1.0,1,0.974959
0.0,0,0.30845562
1.0,1,0.9750556
0.0,0,0.017291373
1.0,1,0.9799144
1.0,1,0.89863706
0.0,0,0.19533245
0.0,0,0.25911734
1.0,1,0.9720997
1.0,1,0.98435324
0.0,0,0.033029296
1.0,1,0.98569196
1.0,1,0.9533067
1.0,1,0.97928864
0.0,0,0.23765856
0.0,1,0.9184127
0.0,0,0.52526593
1.0,1,0.9120991
0.0,0,0.06226788
0.0,1,0.79477453
1.0,0,0.3094577
1.0,1,0.7902186
0.0,0,0.02485465
0.0,0,0.016709192
0.0,0,0.017969145
1.0,1,0.67199695
0.0,0,0.029954975
0.0,0,0.022119682
0.0,0,0.19389126
1.0,1,0.9794771
1.0,1,0.948158
0.0,0,0.025747431
0.0,0,0.34861422
0.0,0,0.0037050785
1.0,1,0.7399844
0.0,0,0.0022068447
1.0,1,0.9797143
1.0,1,0.9756432
1.0,1,0.9280028
0.0,1,0.9410142
0.0,0,0.3144866
1.0,1,0.97283
0.0,0,0.012736059
1.0,1,0.67666155
1.0,1,0.9840762
1.0,1,0.8014641
1.0,1,0.89545363
0.0,0,0.26149887
1.0,1,0.98252136
0.0,0,0.02100672
1.0,1,0.90754586
1.0,1,0.85526025
0.0,0,0.19788034
0.0,0,0.5936651
0.0,0,0.107022285
1.0,1,0.88532794
1.0,1,0.9749493
1.0,1,0.9177652
0.0,0,0.044253215
0.0,0,0.0012372715
1.0,1,0.8717313
0.0,0,0.006457004
1.0,1,0.9685098
0.0,0,0.12770584
0.0,0,0.017566878
1.0,1,0.96670973
0.0,0,0.00806748
1.0,1,0.9454768
1.0,1,0.8063396
0.0,0,0.0046791034
1.0,1,0.9645967
1.0,1,0.9756382
0.0,0,0.012183465
0.0,0,0.52024317
0.0,0,0.033427294
0.0,0,0.09770009
0.0,1,0.69877887
0.0,0,0.63186336
0.0,0,0.013006812
1.0,1,0.9206849
1.0,1,0.98852885
1.0,1,0.94870925
1.0,1,0.98236954
1.0,1,0.7787207
1.0,1,0.9502635
1.0,1,0.8408967
1.0,1,0.95749474
1.0,1,0.9193413
1.0,1,0.9873476
0.0,0,0.0069015394
1.0,1,0.85792917
0.0,0,0.45391437
1.0,1,0.76022804
1.0,1,0.9719527
1.0,1,0.9604442
1.0,0,0.61989784
0.0,0,0.0027784002
0.0,0,0.013862363
0.0,0,0.15941846
1.0,1,0.97962576
0.0,0,0.012595014
0.0,0,0.04481351
1.0,0,0.6466932
0.0,0,0.20177609
1.0,0,0.41832352
0.0,0,0.6342527
1.0,1,0.92728645
1.0,1,0.6940156
1.0,1,0.97272146
1.0,1,0.9713632
0.0,0,0.006508323
1.0,1,0.8024459
0.0,0,0.13590819
1.0,1,0.9125206
1.0,1,0.91866493
0.0,0,0.04220419
1.0,1,0.73388386
1.0,1,0.9720533
0.0,0,0.008820203
0.0,1,0.80410314
0.0,0,0.09860254
1.0,1,0.87758255
0.0,0,0.007892357
1.0,1,0.8373928
0.0,0,0.52943826
1.0,1,0.9750791
0.0,0,0.034798797
0.0,0,0.43805447
0.0,0,0.47330087
0.0,0,0.63766634
1.0,1,0.9152147
1.0,0,0.37484035
1.0,1,0.94952106
0.0,0,0.6086112
1.0,1,0.9281194
1.0,1,0.9642305
0.0,0,0.09438828
0.0,0,0.009544833
0.0,0,0.017386373
0.0,0,0.08096085
1.0,0,0.3814431
0.0,0,0.0050817532
0.0,0,0.10196846
1.0,1,0.85511875
1.0,1,0.89141285
0.0,1,0.7181115
0.0,0,0.0015591504
0.0,1,0.7965822
0.0,0,0.072357595
1.0,1,0.9756891
0.0,0,0.030635701
1.0,1,0.86236686
1.0,1,0.9240825
0.0,0,0.24053352
1.0,1,0.9822065
1.0,1,0.8993421
0.0,0,0.0069262753
0.0,0,0.054554496
1.0,1,0.98289037
1.0,1,0.8993474
0.0,0,0.028044721
1.0,1,0.9834086
0.0,0,0.010939468
1.0,1,0.94190794
1.0,1,0.92908925
1.0,1,0.953357
0.0,0,0.15218453
1.0,1,0.9838808
1.0,1,0.868834
0.0,0,0.21487126
1.0,1,0.9747831
0.0,0,0.3668566
0.0,0,0.005644392
1.0,1,0.7890512
0.0,0,0.15778783
0.0,0,0.019078838
0.0,0,0.37892908
1.0,1,0.8593842
1.0,1,0.97357273
1.0,1,0.9063795
0.0,0,0.5087359
0.0,0,0.0036345464
0.0,0,0.07131725
1.0,1,0.95791537
1.0,1,0.7890203
0.0,0,0.0025212865
1.0,1,0.7866671
1.0,1,0.97678983
0.0,0,0.014623384
0.0,0,0.0017418275
0.0,1,0.98362
1.0,1,0.71943593
1.0,1,0.89501685
1.0,1,0.97838354
1.0,1,0.9874052
0.0,1,0.66362095
0.0,0,0.008798154
0.0,0,0.035976455
0.0,0,0.13590963
0.0,0,0.013859327
0.0,0,0.007372373
0.0,0,0.16898184
0.0,0,0.016160846
0.0,0,0.016945206
0.0,0,0.029414907
1.0,0,0.40965647
1.0,1,0.9515278
1.0,1,0.9671254
1.0,1,0.98670435
1.0,1,0.7477875
0.0,0,0.032431953
0.0,0,0.011875633
1.0,1,0.9082828
0.0,0,0.34239608
1.0,1,0.88241655
0.0,0,0.37421346
0.0,0,0.08537282
0.0,0,0.040530786
0.0,0,0.18147923
1.0,1,0.98569006
1.0,1,0.95599854
0.0,0,0.008708259
1.0,1,0.9851635
1.0,1,0.9253907
1.0,0,0.52075803
0.0,0,0.26860666
0.0,0,0.0018407818
0.0,0,0.4691155
0.0,0,0.0713387
0.0,0,0.35255456
1.0,1,0.9708811
1.0,1,0.9263817
1.0,1,0.7188343
1.0,0,0.57412124
0.0,0,0.06041828
0.0,0,0.069058046
1.0,1,0.94035494
1.0,1,0.82152563
1.0,1,0.6921376
0.0,0,0.3980389
1.0,1,0.9612814
1.0,1,0.9307568
0.0,0,0.26772824
0.0,0,0.004513354
1.0,1,0.9764509
1.0,1,0.8266976
1.0,1,0.9058975
1.0,1,0.9731488
1.0,1,0.7993845
0.0,0,0.032898538
0.0,0,0.44257426
0.0,0,0.024810461
0.0,0,0.25027913
0.0,0,0.33287793
1.0,1,0.85142463
0.0,0,0.0038336744
1.0,1,0.9498647
0.0,0,0.2848469
1.0,1,0.9679875
0.0,0,0.31728438
1.0,1,0.90503156
1.0,1,0.92622656
0.0,0,0.016564483
1.0,1,0.9617451
0.0,0,0.009456413
1.0,1,0.78731734
1.0,1,0.8498957
0.0,0,0.0020248727
0.0,0,0.38637275
1.0,0,0.6565686
1.0,1,0.9355825
0.0,0,0.00694842
0.0,0,0.23082744
0.0,0,0.48426682
1.0,0,0.6404719
0.0,0,0.0065389085
1.0,1,0.9821713
0.0,1,0.73457575
1.0,1,0.734703
1.0,1,0.68821955
0.0,0,0.006083612
1.0,1,0.67444813
1.0,1,0.9566014
1.0,0,0.42542186
0.0,0,0.015571027
1.0,1,0.90826404
1.0,1,0.9724001
1.0,1,0.9537466
0.0,0,0.10350445
1.0,1,0.9381584
0.0,0,0.013681058
1.0,1,0.9524073
0.0,0,0.2909279
0.0,0,0.11073958
1.0,1,0.9657221
1.0,1,0.6896148
0.0,0,0.06713687
0.0,0,0.17322923
1.0,1,0.9832492
0.0,0,0.4190189
1.0,1,0.9558948
1.0,1,0.7007393
0.0,0,0.47122172
1.0,1,0.98400366
0.0,0,0.5956454
1.0,1,0.7963277
1.0,1,0.9106914
1.0,1,0.95440596
0.0,0,0.62800527
1.0,1,0.9677437
0.0,0,0.08447281
0.0,1,0.83854413
1.0,1,0.9841285
1.0,1,0.97649354
1.0,1,0.7461382
1.0,1,0.9685213
0.0,0,0.02163372
1.0,0,0.6021004
1.0,1,0.9006136
1.0,1,0.81915975
1.0,1,0.9688039
1.0,1,0.8569484
1.0,1,0.9796474
1.0,1,0.8303061
0.0,0,0.0099736
0.0,0,0.22634394
0.0,1,0.98438144
1.0,1,0.95988816
0.0,0,0.0030160923
0.0,0,0.11971768
0.0,0,0.4489007
0.0,0,0.20814212
1.0,1,0.9670501
1.0,1,0.9789914
1.0,0,0.41213554
1.0,1,0.8201493
1.0,1,0.9116883
0.0,0,0.13227788
0.0,0,0.011108827
1.0,1,0.9870177
0.0,0,0.31464288
0.0,0,0.2300793
0.0,0,0.123430625
0.0,0,0.21113376
1.0,1,0.97252506
1.0,1,0.9748934
1.0,1,0.9492826
1.0,1,0.97572136
1.0,1,0.9845491
1.0,1,0.7442554
0.0,0,0.20216611
1.0,1,0.9484688
0.0,0,0.014894725
1.0,1,0.87884986
1.0,1,0.96347207
0.0,0,0.1483726
0.0,0,0.2533553
1.0,0,0.26945773
0.0,0,0.08805165
0.0,0,0.44828352
0.0,0,0.007322543
1.0,1,0.97602385
0.0,0,0.0049749683
0.0,0,0.06687648
0.0,0,0.15280119
0.0,0,0.019208254
0.0,0,0.015199802
1.0,1,0.9641184
0.0,0,0.03918957
0.0,0,0.01582318
0.0,0,0.020385718
0.0,0,0.30540246
0.0,0,0.016115041
0.0,0,0.027186831
0.0,1,0.83078414
1.0,1,0.81347394
0.0,0,0.33040103
0.0,1,0.8206823
1.0,1,0.93951416
0.0,1,0.85651755
0.0,0,0.012538028
1.0,1,0.92416495
1.0,1,0.959787
0.0,0,0.052572787
0.0,0,0.63956106
1.0,1,0.97978
0.0,0,0.028350923
0.0,0,0.14688589
0.0,0,0.1925738
1.0,1,0.9862388
1.0,1,0.8581748
1.0,1,0.8095705
0.0,0,0.038556192
1.0,1,0.95524013
1.0,1,0.83197165
1.0,1,0.88839036
1.0,1,0.94524604
1.0,1,0.9801373
1.0,1,0.8273009
0.0,1,0.83377826
1.0,1,0.96338886
0.0,1,0.74178076
1.0,1,0.9849862
0.0,0,0.23308325
0.0,0,0.006302754
1.0,1,0.9599665
0.0,0,0.016782444
1.0,1,0.94389707
0.0,0,0.05392372
0.0,0,0.3236985
0.0,0,0.0014153525
0.0,0,0.086341366
0.0,0,0.014597379
1.0,1,0.96547776
0.0,0,0.004588984
0.0,0,0.5976197
0.0,0,0.6554895
0.0,0,0.19182715
0.0,0,0.33929256
0.0,1,0.90150213
0.0,1,0.93531036
1.0,1,0.9794665
1.0,1,0.98198694
0.0,0,0.0025587734
1.0,1,0.8872728
0.0,1,0.82652193
1.0,1,0.98145264
1.0,1,0.9477343
1.0,1,0.8846056
0.0,0,0.26357192
0.0,0,0.009419444
1.0,1,0.9114824
1.0,1,0.8239282
0.0,1,0.6659218
1.0,0,0.35829175
1.0,1,0.7979142
0.0,1,0.7768198
0.0,1,0.7942678
1.0,1,0.7585609
1.0,1,0.8227713
1.0,1,0.93692946
1.0,1,0.9427582
0.0,0,0.00868395
0.0,1,0.6851101
0.0,0,0.013028831
0.0,0,0.0029900218
0.0,1,0.74822223
0.0,0,0.0042938245
0.0,0,0.19438294
0.0,0,0.6548115
1.0,1,0.9615815
0.0,1,0.8519262
1.0,1,0.8787762
0.0,0,0.03058222
0.0,0,0.012236324
0.0,0,0.007169462
0.0,0,0.33497927
1.0,1,0.9742648
0.0,0,0.64031744
1.0,1,0.7487507
1.0,0,0.3914591
1.0,1,0.9807999
1.0,1,0.90658045
1.0,1,0.9596424
0.0,0,0.013880608
1.0,0,0.43200034
1.0,1,0.95894057
1.0,1,0.9624691
0.0,0,0.19940697
1.0,1,0.903894
0.0,0,0.06150527
0.0,0,0.34872293
0.0,0,0.011941026
0.0,0,0.00782009
1.0,1,0.7428912
1.0,1,0.89984345
1.0,1,0.9734513
0.0,0,0.006753501
1.0,0,0.5573605
0.0,0,0.3434171
1.0,1,0.98646855
1.0,1,0.91252863
0.0,0,0.0061377976
1.0,1,0.9670056
0.0,0,0.010304742
0.0,0,0.30770823
0.0,0,0.5473585
1.0,1,0.87968755
0.0,0,0.061877232
1.0,1,0.89350635
1.0,1,0.98491484
0.0,0,0.5077714
0.0,0,0.051936958
1.0,1,0.9794201
0.0,0,0.54908466
0.0,1,0.8498472
0.0,0,0.64709616
1.0,1,0.94777215
1.0,1,0.9704177
0.0,0,0.02101704
1.0,1,0.9779597
0.0,0,0.11027626
0.0,0,0.48480332
0.0,0,0.08080829
0.0,0,0.033826716
1.0,1,0.8575018
1.0,1,0.98009735
0.0,0,0.21014075
0.0,0,0.059147306
1.0,1,0.9818361
1.0,1,0.7796188
1.0,1,0.95884126
1.0,1,0.78162223
1.0,1,0.9435847
1.0,1,0.96389264
0.0,0,0.007847877
0.0,0,0.005210639
1.0,1,0.90302825
0.0,0,0.11104202
0.0,0,0.06491037
0.0,0,0.10225177
1.0,1,0.728778
1.0,1,0.7775719
1.0,1,0.855794
0.0,0,0.25047365
1.0,0,0.57537556
0.0,1,0.8907215
1.0,1,0.90413326
1.0,0,0.65675366
0.0,0,0.0020392868
1.0,1,0.9848796
0.0,0,0.03054384
0.0,0,0.033096474
1.0,1,0.9604495
0.0,0,0.059977107
0.0,0,0.009922189
1.0,1,0.9867333
1.0,1,0.9313111
0.0,0,0.015561667
0.0,0,0.05441876
0.0,0,0.0034413447
0.0,0,0.00529459
1.0,1,0.91639876
0.0,0,0.001817399
1.0,1,0.8380632
0.0,0,0.019190008
0.0,1,0.6680111
0.0,0,0.0073188283
1.0,1,0.7186159
0.0,0,0.18610032
0.0,0,0.095681
1.0,1,0.9837187
1.0,1,0.9474147
1.0,1,0.9345546
1.0,1,0.8953381
1.0,1,0.8796678
0.0,0,0.2552843
1.0,1,0.97388744
1.0,1,0.7064922
1.0,1,0.97551346
0.0,0,0.19207829
0.0,0,0.13302135
0.0,0,0.024374783
1.0,1,0.9391662
1.0,1,0.9691672
0.0,0,0.023154518
0.0,0,0.36361566
1.0,1,0.956616
0.0,0,0.14829078
1.0,1,0.98133975
0.0,0,0.014839503
0.0,0,0.012936464
0.0,1,0.8716508
1.0,1,0.9721041
0.0,0,0.013465887
0.0,0,0.016608192
1.0,1,0.9167864
1.0,1,0.97132725
1.0,1,0.9630686
0.0,0,0.0037737924
0.0,0,0.0016326389
1.0,1,0.707191
0.0,0,0.036535267
1.0,1,0.8253157
1.0,1,0.70583713
1.0,1,0.9677657
1.0,1,0.96160907
1.0,0,0.65159047
0.0,0,0.50241345
0.0,0,0.0050625876
0.0,0,0.016598882
0.0,0,0.002212521
0.0,0,0.16444522
1.0,1,0.9789924
0.0,0,0.19552249
0.0,0,0.028825194
0.0,0,0.013565722
1.0,1,0.8699223
1.0,1,0.7467538
1.0,1,0.76641905
1.0,1,0.9301126
1.0,1,0.7658001
0.0,0,0.016792761
1.0,1,0.82634425
1.0,1,0.94888103
0.0,0,0.009538032
1.0,1,0.9545604
1.0,1,0.98163986
1.0,1,0.8030312
0.0,0,0.002161171
1.0,1,0.9772668
1.0,1,0.9780449
1.0,0,0.18891814
0.0,1,0.7369582
1.0,1,0.924178
0.0,0,0.007601606
1.0,1,0.9815448
0.0,0,0.19461149
1.0,1,0.9350122
1.0,1,0.971129
0.0,0,0.013337339
1.0,1,0.80119514
0.0,0,0.27202782
0.0,0,0.08385885
0.0,0,0.5351191
1.0,1,0.8733699
0.0,0,0.22987075
0.0,0,0.0004496792
0.0,0,0.31241506
1.0,1,0.9359027
0.0,1,0.6806551
1.0,1,0.8996867
0.0,0,0.1081155
0.0,0,0.01344066
0.0,0,0.17980936
1.0,1,0.9506711
1.0,1,0.9828096
1.0,1,0.89969456
0.0,0,0.024581062
1.0,1,0.84401166
0.0,0,0.2454938
0.0,0,0.086257234
0.0,0,0.09259636
0.0,0,0.14332809
1.0,1,0.6606786
1.0,1,0.9562954
0.0,0,0.002644211
0.0,1,0.9603057
1.0,1,0.9511349
1.0,1,0.9786469
0.0,0,0.008001333
1.0,1,0.9796622
1.0,1,0.89807713
0.0,0,0.3308792
0.0,0,0.24996522
1.0,1,0.7791105
1.0,1,0.9833507
0.0,0,0.5098053
0.0,1,0.6944791
0.0,0,0.0020895575
0.0,0,0.004852978
0.0,0,0.1289189
1.0,1,0.9345693
1.0,1,0.9835923
1.0,1,0.89876723
0.0,0,0.003576817
1.0,1,0.97822136
0.0,0,0.008076891
0.0,0,0.000848092
1.0,1,0.9471628
0.0,0,0.048734434
0.0,0,0.5024344
0.0,0,0.437639
1.0,1,0.98347455
0.0,0,0.001554242
0.0,0,0.044381738
0.0,0,0.16618672
1.0,1,0.97469693
0.0,0,0.26191866
1.0,0,0.58979666
1.0,1,0.94355845
0.0,0,0.0042283577
1.0,1,0.76393014
0.0,1,0.8861914
1.0,1,0.7469175
0.0,0,0.077019565
1.0,1,0.98040587
1.0,1,0.8831899
0.0,0,0.21688084
0.0,0,0.029964916
0.0,0,0.048964184
0.0,1,0.7284056
0.0,0,0.053381395
1.0,1,0.9492493
1.0,1,0.8871592
1.0,1,0.9726501
0.0,0,0.01344178
0.0,0,0.36831167
1.0,1,0.98318994
1.0,1,0.9772957
0.0,1,0.8892378
0.0,0,0.36466214
1.0,1,0.9749579
0.0,1,0.7820945
1.0,1,0.96750325
0.0,0,0.017531365
1.0,1,0.9329141
0.0,0,0.18122593
1.0,0,0.64324963
0.0,1,0.9137837
0.0,0,0.0033065367
0.0,0,0.3114677
1.0,1,0.9425827
1.0,1,0.9775919
0.0,0,0.017512254
1.0,1,0.9261126
1.0,1,0.9465798
0.0,0,0.18136826
1.0,1,0.9487988
1.0,1,0.9466004
0.0,0,0.22599061
1.0,1,0.9404564
0.0,0,0.49836656
1.0,1,0.8818871
0.0,0,0.024981296
0.0,0,0.5552566
0.0,0,0.0042307572
0.0,0,0.026848242
0.0,0,0.039536063
0.0,0,0.03551678
0.0,0,0.05490692
0.0,0,0.46511647
0.0,0,0.2968429
0.0,0,0.53735375
0.0,0,0.17966834
1.0,1,0.97710675
1.0,0,0.47797668
1.0,1,0.85632634
0.0,0,0.039071295
0.0,0,0.37342665
1.0,0,0.03074247
1.0,1,0.98510015
1.0,1,0.79834247
1.0,1,0.9546191
1.0,1,0.92380124
0.0,0,0.048811153
1.0,1,0.9644071
1.0,1,0.82937795
0.0,0,0.0055036545
0.0,0,0.05970273
0.0,1,0.71788985
0.0,0,0.0033311725
0.0,0,0.0018534705
1.0,1,0.9493188
0.0,1,0.92321205
0.0,0,0.17293143
1.0,0,0.44352075
0.0,1,0.77454686
1.0,0,0.5390364
1.0,1,0.8267308
0.0,0,0.5669079
1.0,1,0.9784467
0.0,0,0.011448661
0.0,0,0.013618093
0.0,0,0.21631052
0.0,0,0.32699612
1.0,1,0.88519895
0.0,0,0.1032363
1.0,0,0.6329142
0.0,1,0.86265594
0.0,0,0.0116399815
1.0,1,0.9605472
1.0,1,0.9783219
0.0,0,0.014806817
0.0,0,0.100082844
1.0,1,0.9814923
1.0,1,0.97787005
1.0,1,0.97472054
1.0,1,0.6984157
0.0,0,0.017434191
1.0,1,0.8670711
0.0,0,0.023488307
0.0,0,0.07841694
0.0,1,0.8676838
0.0,0,0.017311746
0.0,0,0.04568642
1.0,1,0.97963303
1.0,1,0.9804043
1.0,1,0.962578
0.0,0,0.5570725
0.0,0,0.01270441
1.0,1,0.9844065
0.0,0,0.0043422375
1.0,1,0.9845575
0.0,0,0.015493382
0.0,0,0.0023117
1.0,1,0.92776346
1.0,1,0.9816765
0.0,0,0.04001782
1.0,1,0.88822895
0.0,1,0.76629347
1.0,1,0.94125307
0.0,0,0.0048576896
0.0,0,0.2794485
0.0,0,0.0958176
1.0,1,0.9806489
0.0,0,0.02442545
0.0,0,0.013786272
0.0,1,0.78051084
0.0,0,0.017770775
0.0,0,0.6280941
1.0,1,0.97001314
1.0,1,0.9529649
1.0,1,0.9475564
1.0,1,0.76789993
0.0,0,0.13854024
1.0,1,0.9791907
0.0,0,0.21587983
0.0,0,0.008298137
1.0,1,0.7843677
1.0,1,0.9798794
0.0,0,0.032061245
0.0,1,0.8639159
1.0,1,0.97111374
1.0,1,0.9378584
0.0,0,0.501626
1.0,1,0.95844626
1.0,0,0.5292119
1.0,0,0.65716064
0.0,0,0.009662953
1.0,1,0.88407946
1.0,1,0.84289896
0.0,0,0.0036418908
1.0,1,0.93064165
0.0,0,0.0025966964
1.0,1,0.8107344
0.0,0,0.06889554
0.0,0,0.45582166
0.0,0,0.005278878
0.0,0,0.4160871
0.0,0,0.027622342
1.0,1,0.97390074
1.0,1,0.79618716
0.0,0,0.16674842
0.0,0,0.0060815187
1.0,1,0.963173
1.0,1,0.8523456
1.0,1,0.9239718
0.0,0,0.008856164
0.0,0,0.022616692
0.0,0,0.65896034
0.0,0,0.4858906
1.0,1,0.8850457
1.0,0,0.6397184
1.0,0,0.32308942
0.0,0,0.034425974
1.0,1,0.8817775
1.0,1,0.97351307
0.0,0,0.4974343
1.0,1,0.7762939
1.0,1,0.97882444
0.0,0,0.01860137
0.0,0,0.01878502
0.0,0,0.16091219
0.0,0,0.01769408
0.0,1,0.6827167
0.0,0,0.6588049
0.0,0,0.005379973
1.0,1,0.80860853
1.0,1,0.9516761
1.0,1,0.8816118
1.0,1,0.8205159
1.0,1,0.9597777
1.0,1,0.88215744
1.0,1,0.92966413
0.0,0,0.37435597
0.0,0,0.60151136
0.0,0,0.034857966
1.0,1,0.94142085
0.0,0,0.17747888
0.0,0,0.6308607
0.0,1,0.7129793
1.0,0,0.5628282
0.0,0,0.1445969
0.0,1,0.95372707
0.0,0,0.15122795
1.0,1,0.8728725
1.0,1,0.86173016
1.0,1,0.8669139
1.0,1,0.90413326
1.0,1,0.9710981
0.0,0,0.03347187
0.0,0,0.19412601
0.0,0,0.0070610526
1.0,0,0.48607442
1.0,1,0.8974478
1.0,1,0.9738241
0.0,0,0.037009515
0.0,0,0.013531728
1.0,1,0.97050905
1.0,1,0.91062206
0.0,0,0.0034430807
0.0,1,0.8380257
1.0,1,0.78051466
1.0,1,0.971796
0.0,0,0.010757614
1.0,1,0.9397433
1.0,0,0.25256428
0.0,0,0.033267774
0.0,0,0.122365
1.0,1,0.9824417
0.0,0,0.4195038
0.0,0,0.49081033
0.0,0,0.10767013
1.0,1,0.71827734
1.0,1,0.97819626
1.0,0,0.5407895
0.0,0,0.094996504
0.0,0,0.034427874
0.0,0,0.29089728
1.0,1,0.94050324
1.0,1,0.9494942
1.0,1,0.9331887
1.0,1,0.9543651
0.0,0,0.48283672
0.0,1,0.6806321
1.0,1,0.823347
0.0,0,0.3998702
0.0,0,0.32860327
1.0,1,0.73380923
1.0,1,0.96391517
0.0,0,0.08207372
1.0,1,0.94012725
0.0,0,0.20242076
1.0,1,0.78832304
1.0,1,0.9744453
1.0,1,0.76566684
1.0,1,0.95662665
1.0,1,0.9622582
1.0,1,0.66487503
1.0,0,0.59216416
0.0,0,0.0063848286
1.0,1,0.97554946
1.0,1,0.9742528
0.0,0,0.15816279
1.0,1,0.9832178
0.0,0,0.20919013
0.0,0,0.0104600955
0.0,0,0.025394531
0.0,0,0.037206925
0.0,1,0.9689724
0.0,1,0.6919449
1.0,1,0.9018164
1.0,1,0.9596147
1.0,1,0.9719733
0.0,0,0.00070207467
0.0,0,0.017154334
0.0,1,0.7208731
1.0,1,0.9092813
1.0,1,0.95008284
1.0,1,0.9696191
0.0,0,0.03355791
1.0,0,0.6293199
0.0,0,0.15399247
0.0,0,0.005645816
0.0,0,0.45697045
0.0,1,0.85704356
1.0,0,0.61652327
1.0,1,0.86778283
0.0,0,0.005134567
0.0,0,0.15498401
1.0,1,0.8896748
1.0,1,0.97937685
1.0,1,0.96464807
1.0,1,0.97159386
1.0,1,0.95096993
1.0,1,0.9571984
0.0,0,0.25721794
1.0,1,0.772631
0.0,0,0.013614353
1.0,1,0.9460176
1.0,1,0.9434073
1.0,1,0.8959798
1.0,1,0.9824349
1.0,1,0.97406673
1.0,1,0.98059857
0.0,0,0.3461346
1.0,1,0.95335543
0.0,0,0.101700775
0.0,0,0.0066260584
0.0,0,0.009084616
1.0,1,0.97823507
1.0,1,0.96932876
1.0,1,0.98591036
1.0,1,0.98138994
0.0,0,0.3329766
0.0,0,0.036215335
0.0,0,0.02477179
0.0,0,0.04190733
1.0,1,0.86955905
1.0,1,0.87049973
1.0,1,0.8812265
1.0,1,0.9300754
1.0,1,0.9072866
0.0,0,0.008116091
0.0,0,0.056247544
1.0,1,0.9842824
1.0,1,0.9224558
0.0,0,0.008015622
0.0,0,0.25085032
1.0,1,0.9788835
1.0,1,0.89187306
1.0,1,0.66725475
1.0,1,0.980725
1.0,1,0.96468717
0.0,0,0.009728949
1.0,1,0.96077734
0.0,0,0.0038551823
1.0,1,0.97105384
0.0,0,0.1741858
0.0,0,0.0032968782
0.0,0,0.093514815
1.0,1,0.9177835
1.0,0,0.3904526
0.0,0,0.62590647
1.0,1,0.9339169
0.0,0,0.1313376
1.0,1,0.9807064
1.0,1,0.6614069
0.0,0,0.1955837
1.0,1,0.9574692
1.0,1,0.9470155
0.0,0,0.007953673
0.0,0,0.08887924
1.0,1,0.9028047
1.0,1,0.73416615
1.0,1,0.9517006
0.0,0,0.0144296875
0.0,0,0.019088835
1.0,1,0.931231
1.0,1,0.67284346
1.0,0,0.3988065
0.0,0,0.052425526
1.0,1,0.9850723
1.0,1,0.96886235
0.0,0,0.013315502
1.0,0,0.25900045
1.0,0,0.22671458
1.0,1,0.8959174
0.0,0,0.5967591
1.0,1,0.8857791
0.0,0,0.5211551
0.0,0,0.008034248
0.0,0,0.0058317003
0.0,0,0.09438304
0.0,0,0.013354035
1.0,1,0.90345746
0.0,0,0.56447804
1.0,1,0.97007126
0.0,0,0.21502581
0.0,0,0.08515798
1.0,1,0.9792738
1.0,1,0.9628841
1.0,1,0.96758175
0.0,0,0.0066054696
0.0,0,0.012491263
1.0,1,0.9283237
1.0,1,0.74911773
0.0,0,0.32219678
0.0,0,0.011396563
0.0,0,0.012452831
0.0,1,0.7945313
1.0,1,0.97158164
0.0,0,0.003795528
1.0,1,0.7191181
0.0,0,0.4466317
0.0,0,0.0023462297
0.0,0,0.0029931124
0.0,0,0.055029433
0.0,0,0.22733882
1.0,0,0.64469635
1.0,1,0.9812569
1.0,1,0.93208677
1.0,1,0.8871189
0.0,0,0.40166467
1.0,1,0.9805543
1.0,1,0.83629733
1.0,1,0.9531674
1.0,1,0.93897307
0.0,0,0.24388643
0.0,0,0.029066902
1.0,1,0.75042903
1.0,1,0.9177377
1.0,1,0.7278758
1.0,0,0.22066694
1.0,1,0.79237884
0.0,0,0.13266993
1.0,1,0.7054057
1.0,1,0.9422411
1.0,1,0.7897984
1.0,1,0.97890157
0.0,1,0.6836854
0.0,0,0.0020682325
1.0,1,0.95824665
1.0,1,0.90227824
0.0,0,0.025324984
1.0,0,0.41941682
1.0,1,0.97890216
0.0,0,0.0121272
0.0,0,0.00032969195
0.0,1,0.8559077
0.0,0,0.14347258
0.0,0,0.48880666
0.0,0,0.30839586
1.0,1,0.97795326
1.0,1,0.8841332
0.0,0,0.004222601
1.0,0,0.27451754
1.0,1,0.9529757
1.0,1,0.8524909
0.0,0,0.0014077908
1.0,1,0.93942744
0.0,0,0.04308601
1.0,1,0.910757
1.0,1,0.9697234
0.0,0,0.33617464
1.0,1,0.9457519
1.0,1,0.98460287
0.0,0,0.020746283
1.0,1,0.9769819
1.0,1,0.9475505
0.0,0,0.24165972
0.0,0,0.49861056
0.0,0,0.5349448
1.0,1,0.96821487
1.0,1,0.96648
1.0,1,0.9573536
0.0,0,0.0068073086
0.0,0,0.005033154
1.0,1,0.973276
1.0,1,0.964995
0.0,1,0.9452643
1.0,1,0.9021194
0.0,0,0.18090114
0.0,1,0.7420905
1.0,1,0.9052014
1.0,0,0.396293
0.0,0,0.012677072
0.0,0,0.5037078
1.0,1,0.9726807
0.0,0,0.54610187
0.0,0,0.003112214
1.0,1,0.9371845
0.0,0,0.42096493
0.0,0,0.011199234
1.0,1,0.9797824
0.0,0,0.007565947
1.0,1,0.69937485
0.0,0,0.005802923
1.0,0,0.41360447
0.0,0,0.0007936792
0.0,1,0.8325133
1.0,1,0.8977985
1.0,1,0.9228892
0.0,0,0.122292295
1.0,1,0.8984444
0.0,0,0.47599512
1.0,1,0.8937992
1.0,0,0.6098619
0.0,0,0.55107605
1.0,1,0.9843009
0.0,0,0.34571716
1.0,1,0.68511164
0.0,0,0.19883747
0.0,0,0.105658345
0.0,0,0.24434884
1.0,1,0.9251648
1.0,1,0.9667916
0.0,1,0.82228756
1.0,1,0.6700433
0.0,0,0.0021808776
1.0,1,0.9162348
0.0,0,0.10555475
0.0,0,0.47144178
1.0,1,0.9848862
0.0,0,0.32337534
0.0,0,0.043743115
0.0,0,0.14395955
0.0,0,0.09496599
1.0,1,0.9734839
0.0,0,0.058122262
0.0,0,0.10576342
1.0,1,0.9123654
0.0,0,0.019971188
1.0,1,0.896102
0.0,0,0.019667007
0.0,0,0.023347206
0.0,0,0.12411563
1.0,1,0.886219
0.0,0,0.011395869
0.0,0,0.5002948
1.0,1,0.93104863
1.0,1,0.8995778
0.0,0,0.018579375
0.0,0,0.053251997
0.0,0,0.011738874
0.0,0,0.00947694
0.0,0,0.026667902
1.0,1,0.944611
1.0,1,0.9037323
1.0,1,0.88754517
1.0,1,0.9771428
0.0,0,0.3195887
0.0,0,0.2510924
0.0,0,0.46421015
0.0,0,0.007055398
0.0,0,0.014115603
0.0,0,0.008568852
1.0,0,0.5877482
1.0,1,0.95326275
1.0,1,0.89081424
1.0,0,0.41263357
1.0,1,0.833059
0.0,0,0.41272965
0.0,0,0.0043789586
0.0,0,0.0770534
0.0,0,0.057877917
1.0,1,0.9827379
0.0,1,0.7963531
0.0,1,0.9351935
1.0,1,0.80184686
1.0,0,0.5346265
0.0,0,0.15838514
1.0,1,0.97159135
0.0,0,0.008065482
0.0,0,0.030860804
1.0,1,0.88654536
0.0,0,0.022009186
1.0,0,0.6405454
0.0,0,0.00952191
1.0,1,0.9840218
1.0,0,0.41193813
0.0,1,0.7102395
0.0,0,0.32366765
0.0,0,0.1079227
1.0,1,0.93302643
1.0,1,0.98540676
1.0,1,0.68172157
1.0,1,0.8404635
1.0,0,0.25751886
0.0,1,0.86982566
0.0,0,0.051441588
1.0,1,0.8255643
0.0,0,0.26330632
0.0,0,0.045561288
1.0,1,0.7147464
1.0,0,0.23496763
0.0,0,0.017690813
0.0,0,0.043435674
1.0,1,0.985649
0.0,0,0.10150352
0.0,0,0.028760253
0.0,0,0.01866074
0.0,0,0.0075469986
0.0,0,0.39627102
1.0,1,0.6712004
0.0,0,0.037393957
1.0,1,0.9731655
0.0,0,0.20298783
1.0,1,0.9541393
0.0,0,0.19776626
1.0,1,0.96958685
1.0,1,0.78614223
0.0,0,0.07231869
0.0,0,0.004373829
1.0,1,0.93213814
1.0,1,0.98492074
0.0,0,0.20446739
1.0,1,0.9836317
1.0,1,0.983643
1.0,1,0.86129415
0.0,1,0.8895839
0.0,0,0.40275088
0.0,1,0.7285971
0.0,0,0.37150702
0.0,0,0.04403166
1.0,1,0.97291976
1.0,1,0.9800681
0.0,0,0.18776377
1.0,1,0.9758276
1.0,1,0.9737878
0.0,0,0.0274488
0.0,0,0.16156861
1.0,1,0.9278444
0.0,0,0.027505068
1.0,1,0.91731304
1.0,0,0.5909929
1.0,1,0.74954426
0.0,0,0.03648266
1.0,1,0.97349447
1.0,1,0.98563427
0.0,0,0.0029826418
1.0,1,0.98082715
0.0,0,0.0016689107
1.0,1,0.84657484
1.0,1,0.7328947
1.0,1,0.9681519
1.0,1,0.6832713
1.0,1,0.6939779
1.0,1,0.7948699
1.0,1,0.94054693
1.0,1,0.8655807
1.0,1,0.9814307
1.0,1,0.9128244
0.0,0,0.03023677
0.0,0,0.6191261
1.0,1,0.939178
0.0,0,0.63518935
1.0,1,0.91303945
0.0,1,0.6838664
1.0,1,0.70301205
1.0,1,0.98006314
1.0,1,0.7753949
1.0,1,0.872168
0.0,0,0.06858075
1.0,1,0.91729593
1.0,1,0.9013423
0.0,1,0.93249553
1.0,1,0.9858575
0.0,0,0.008912482
1.0,1,0.8458423
1.0,1,0.96118945
0.0,0,0.119114086
0.0,0,0.6572024
0.0,0,0.0765922
1.0,1,0.9185301
0.0,0,0.36378825
0.0,0,0.009846072
0.0,0,0.007622674
0.0,0,0.4244846
0.0,0,0.0048109074
1.0,1,0.7445431
1.0,1,0.80356634
1.0,0,0.5079261
0.0,0,0.17891152
1.0,1,0.9558351
0.0,0,0.3211818
1.0,1,0.84467304
1.0,1,0.9816438
0.0,0,0.099032536
1.0,1,0.9222653
1.0,1,0.9506424
0.0,0,0.28688625
0.0,0,0.10309246
0.0,1,0.84197444
0.0,0,0.6088175
0.0,0,0.02222649
0.0,0,0.64759445
1.0,1,0.7811839
1.0,1,0.9414638
1.0,1,0.96114624
0.0,1,0.7927449
1.0,1,0.95957035
0.0,0,0.017593613
0.0,0,0.19783121
0.0,0,0.19946817
1.0,1,0.9736562
1.0,0,0.5621309
1.0,1,0.98045486
0.0,1,0.83807474
0.0,0,0.037454367
0.0,0,0.008537227
0.0,0,0.009281846
1.0,1,0.96746874
0.0,0,0.27134085
1.0,1,0.8066586
0.0,0,0.004578415
1.0,1,0.8240082
1.0,1,0.95584613
0.0,0,0.051391337
1.0,1,0.92049223
0.0,0,0.04024113
1.0,1,0.9770197
1.0,1,0.7983538
1.0,1,0.9301565
1.0,1,0.98296475
0.0,0,0.018002227
0.0,0,0.010739849
0.0,0,0.040397935
1.0,1,0.86796534
1.0,1,0.8768961
1.0,1,0.9666332
0.0,0,0.45259884
0.0,0,0.006996231
0.0,0,0.011993144
1.0,1,0.9866039
0.0,0,0.018423963
1.0,1,0.98419166
0.0,0,0.22204515
0.0,0,0.016261205
1.0,1,0.9431293
0.0,0,0.33872798
0.0,0,0.2747077
0.0,0,0.0041658585
1.0,1,0.9408481
1.0,1,0.9608587
1.0,1,0.9695675
0.0,0,0.023692362
0.0,0,0.16294819
1.0,1,0.90506417
1.0,1,0.963241
1.0,1,0.67748046
1.0,1,0.98380727
1.0,1,0.8305651
1.0,1,0.8372594
0.0,1,0.6686679
1.0,1,0.95494854
0.0,0,0.6596283
1.0,1,0.9799467
0.0,0,0.0018183587
1.0,1,0.9704627
0.0,0,0.15802781
0.0,0,0.008169047
0.0,0,0.007068064
0.0,1,0.70782816
1.0,1,0.9392283
0.0,0,0.017087782
1.0,1,0.9732221
0.0,0,0.018479018
0.0,0,0.2685312
1.0,1,0.8337535
1.0,1,0.94950354
1.0,1,0.7831728
1.0,1,0.98335916
0.0,1,0.68623996
0.0,0,0.054865092
1.0,1,0.97963935
1.0,0,0.6123113
1.0,1,0.9760323
1.0,1,0.8438114
0.0,0,0.045572028
1.0,1,0.98764676
1.0,1,0.96726644
1.0,1,0.9816059
1.0,0,0.30518982
0.0,0,0.0051188166
0.0,0,0.09187913
0.0,0,0.22828256
0.0,0,0.002437544
1.0,1,0.9679096
0.0,0,0.45541403
0.0,0,0.060721464
1.0,1,0.69496584
1.0,1,0.70776606
1.0,1,0.91724783
1.0,1,0.76489437
1.0,1,0.80971766
1.0,1,0.976398
0.0,0,0.32006603
0.0,0,0.014939835
1.0,1,0.9583236
1.0,1,0.971236
0.0,1,0.6762862
1.0,1,0.9387113
0.0,0,0.043770526
1.0,1,0.9840903
0.0,0,0.03025705
1.0,1,0.6658479
1.0,1,0.96574235
1.0,1,0.9490444
0.0,0,0.0047926465
0.0,0,0.33557132
1.0,1,0.80492985
1.0,1,0.90339524
0.0,0,0.3645028
1.0,1,0.7183546
1.0,1,0.9790645
1.0,1,0.9843967
0.0,0,0.09713641
1.0,1,0.9296725
0.0,1,0.6786716
0.0,0,0.15780413
0.0,0,0.4474187
1.0,0,0.38419765
0.0,1,0.71688306
0.0,0,0.49466714
1.0,1,0.91357464
1.0,1,0.96019757
1.0,1,0.9064532
1.0,1,0.8676167
1.0,1,0.97155994
0.0,0,0.62498325
0.0,0,0.014120037
0.0,0,0.0070147077
1.0,1,0.9833186
0.0,0,0.015860144
0.0,0,0.14264153
0.0,0,0.60414654
1.0,1,0.9494246
0.0,0,0.07943508
0.0,0,0.18663006
1.0,1,0.9149826
0.0,0,0.011294973
1.0,1,0.7154044
0.0,0,0.03331454
1.0,1,0.90919256
1.0,0,0.620595
1.0,1,0.8882166
1.0,1,0.98525655
0.0,0,0.006308461
0.0,0,0.027315313
1.0,1,0.9739252
1.0,1,0.91647404
0.0,0,0.34526363
1.0,1,0.9819083
1.0,1,0.77196276
1.0,1,0.93965864
0.0,0,0.008425577
1.0,1,0.87037164
1.0,1,0.8199817
0.0,0,0.07343773
0.0,0,0.0027121971
1.0,1,0.9551351
1.0,0,0.6522885
0.0,0,0.51140344
0.0,0,0.47986883
0.0,0,0.023206813
0.0,1,0.7462381
0.0,0,0.65701115
1.0,1,0.96858406
1.0,1,0.88949645
1.0,1,0.9243752
1.0,1,0.981604
0.0,0,0.012347976
1.0,1,0.878753
0.0,0,0.10628978
1.0,0,0.43754852
0.0,0,0.006651032
0.0,0,0.2587545
1.0,0,0.58063376
1.0,1,0.71906054
0.0,0,0.00082175486
1.0,1,0.82730764
1.0,1,0.96799207
1.0,1,0.9737597
0.0,0,0.573973
1.0,1,0.8896963
0.0,0,0.033388007
1.0,1,0.7889618
1.0,1,0.9566071
1.0,1,0.96460783
0.0,0,0.0021061432
0.0,0,0.4452407
1.0,1,0.969933
0.0,0,0.549034
0.0,0,0.004683949
0.0,0,0.019867362
1.0,1,0.85213554
1.0,1,0.89618784
1.0,1,0.9630689
0.0,0,0.064917155
0.0,0,0.009763183
0.0,0,0.01835873
0.0,0,0.023711594
1.0,1,0.8287613
0.0,0,0.2486071
1.0,1,0.9511692
1.0,1,0.9093364
0.0,0,0.2651607
1.0,1,0.956608
0.0,1,0.66062886
1.0,1,0.9630457
1.0,0,0.61276764
1.0,1,0.9073122
0.0,0,0.18640454
1.0,1,0.83002883
0.0,1,0.7232686
0.0,0,0.006276888
1.0,0,0.5838049
1.0,1,0.95759296
0.0,0,0.33896172
1.0,1,0.9730401
0.0,0,0.16575187
0.0,0,0.035591397
0.0,0,0.5659771
0.0,0,0.009686857
1.0,1,0.92806137
1.0,1,0.97969776
1.0,1,0.9726372
0.0,0,0.053610854
0.0,0,0.005766857
1.0,1,0.89686596
0.0,0,0.31336278
0.0,0,0.016470877
1.0,1,0.86543274
1.0,1,0.95561725
1.0,1,0.9822677
1.0,0,0.61666083
0.0,0,0.081721075
0.0,0,0.0039508822
0.0,1,0.7146921
0.0,0,0.0076534646
1.0,1,0.9839094
1.0,1,0.9420691
1.0,1,0.9161623
0.0,0,0.00094563665
1.0,1,0.78426296
1.0,1,0.8700112
0.0,0,0.018914452
0.0,0,0.613098
0.0,0,0.09886033
1.0,1,0.94920284
1.0,1,0.9852551
1.0,1,0.8780257
1.0,1,0.8253868
1.0,1,0.8410761
0.0,1,0.7395619
0.0,0,0.051533625
0.0,0,0.2534948
1.0,1,0.911086
0.0,0,0.49308497
0.0,0,0.017271096
1.0,1,0.978565
0.0,1,0.85178524
0.0,0,0.26161632
0.0,0,0.48724842
0.0,0,0.023827286
1.0,1,0.8415355
1.0,1,0.9850221
1.0,1,0.94652545
0.0,1,0.7349698
0.0,0,0.3854059
0.0,0,0.028842364
1.0,1,0.9750063
0.0,0,0.30334243
0.0,0,0.3171333
1.0,1,0.93088907
1.0,0,0.5570119
1.0,1,0.8856491
0.0,0,0.17670067
0.0,1,0.66647696
0.0,1,0.67780143
0.0,0,0.6004443
0.0,0,0.0969299
1.0,1,0.94986665
1.0,1,0.942493
1.0,1,0.9774998
1.0,1,0.95152557
0.0,0,0.026666835
0.0,0,0.42969227
1.0,1,0.9677775
0.0,0,0.18390897
0.0,0,0.1858097
0.0,0,0.03288997
1.0,1,0.87912035
1.0,1,0.9776393
0.0,0,0.04354501
1.0,1,0.82767427
1.0,1,0.93797696
1.0,0,0.02071135
1.0,1,0.86609495
0.0,0,0.3082084
1.0,1,0.66243744
1.0,1,0.9792116
1.0,1,0.89690334
1.0,1,0.79535335
0.0,0,0.0016259141
1.0,1,0.8725541
1.0,1,0.9540946
0.0,0,0.0016529431
0.0,0,0.12506205
0.0,1,0.8148733
0.0,0,0.00158551
0.0,0,0.31411633
1.0,1,0.8791477
0.0,0,0.32676154
1.0,1,0.8549801
1.0,1,0.94079506
1.0,1,0.9296202
1.0,1,0.88166565
0.0,0,0.007137377
1.0,1,0.9806717
0.0,0,0.18814962
1.0,1,0.9523107
0.0,0,0.105929814
1.0,1,0.8673018
1.0,1,0.9486385
1.0,1,0.9590338
0.0,0,0.020496473
1.0,0,0.6422337
1.0,1,0.9796319
1.0,1,0.79930377
0.0,0,0.12903214
1.0,0,0.38432884
1.0,1,0.9327529
0.0,0,0.2048351
0.0,0,0.0011465613
1.0,1,0.7460512
0.0,0,0.42878354
0.0,1,0.7773374
0.0,0,0.6010394
0.0,0,0.26683867
0.0,0,0.43453935
0.0,0,0.051021617
1.0,1,0.96695256
0.0,0,0.0795564
0.0,0,0.4171555
1.0,1,0.8872277
1.0,1,0.939691
1.0,1,0.97144496
0.0,0,0.64359343
1.0,1,0.73120624
0.0,0,0.07114195
0.0,1,0.8640348
1.0,1,0.91063166
1.0,1,0.9584166
0.0,0,0.4306288
1.0,1,0.908069
1.0,1,0.9776268
0.0,0,0.008800212
1.0,1,0.9611734
1.0,1,0.9821015
1.0,1,0.94480354
0.0,0,0.03389749
1.0,1,0.96914583
1.0,1,0.98398656
0.0,0,0.05565661
1.0,1,0.8829003
1.0,1,0.8523178
0.0,0,0.06171614
0.0,0,0.058798008
1.0,1,0.97519976
1.0,1,0.98492664
1.0,1,0.9530581
1.0,1,0.872008
0.0,0,0.018290503
1.0,1,0.77886856
1.0,0,0.51888585
0.0,0,0.21378574
0.0,0,0.054235306
1.0,1,0.86216086
1.0,1,0.83594996
1.0,1,0.9047458
0.0,0,0.15674257
0.0,0,0.0022815478
0.0,0,0.29398388
1.0,1,0.9705577
0.0,0,0.57196254
0.0,0,0.41943923
0.0,0,0.22083138
0.0,0,0.012268848
0.0,0,0.6181048
0.0,0,0.18120168
0.0,0,0.015764218
0.0,0,0.005493024
0.0,0,0.037722867
0.0,1,0.6869459
0.0,0,0.0071369144
0.0,0,0.510246
1.0,1,0.95818675
0.0,0,0.001787866
1.0,1,0.9010328
1.0,1,0.9837653
0.0,0,0.018796675
0.0,0,0.16451706
1.0,1,0.9651961
1.0,1,0.95263857
1.0,0,0.41997987
0.0,0,0.60518414
0.0,0,0.022191264
1.0,1,0.8030161
1.0,1,0.98802686
1.0,1,0.9746115
1.0,0,0.5727241
1.0,1,0.9333495
0.0,0,0.19930275
1.0,1,0.97213745
1.0,1,0.72708905
1.0,0,0.4701108
0.0,0,0.17099302
0.0,0,0.19260277
1.0,1,0.7756494
1.0,1,0.91582966
0.0,0,0.009169232
0.0,0,0.012729891
1.0,1,0.94228095
1.0,1,0.964496
0.0,0,0.17509513
1.0,1,0.93097585
1.0,1,0.92825335
1.0,1,0.7784776
0.0,0,0.2654748
0.0,0,0.16065542
0.0,0,0.0035779437
0.0,0,0.46199417
0.0,0,0.010792563
0.0,0,0.024785386
1.0,1,0.9511428
0.0,0,0.015272003
1.0,1,0.94204354
1.0,1,0.978032
1.0,1,0.97493213
1.0,1,0.7302806
0.0,0,0.021767521
1.0,1,0.9384981
0.0,0,0.110548586
0.0,0,0.004265991
0.0,0,0.09885777
1.0,1,0.9390073
0.0,0,0.42134118
1.0,1,0.75585514
1.0,1,0.9803326
0.0,0,0.10631801
1.0,1,0.96750337
1.0,1,0.92852944
0.0,0,0.013435053
0.0,0,0.23615733
1.0,1,0.7880426
0.0,0,0.62803686
1.0,1,0.9646294
0.0,0,0.016907778
0.0,0,0.034283545
1.0,1,0.97883785
0.0,0,0.011458687
1.0,1,0.810612
1.0,1,0.9832982
0.0,0,0.053707406
1.0,1,0.93911755
1.0,1,0.9753714
0.0,0,0.09987355
0.0,0,0.021735875
1.0,1,0.9198188
1.0,1,0.9810272
1.0,1,0.9699606
1.0,1,0.8643015
0.0,0,0.09285959
1.0,1,0.9719303
1.0,0,0.64752024
0.0,0,0.364903
1.0,1,0.74088395
0.0,0,0.119240835
0.0,0,0.33602202
1.0,1,0.9732743
1.0,1,0.98078763
0.0,0,0.037130527
1.0,1,0.9845927
0.0,0,0.40885782
1.0,1,0.97738945
0.0,0,0.0008142363
1.0,0,0.58171713
0.0,0,0.49522844
0.0,0,0.08037712
0.0,0,0.02985681
0.0,1,0.72867596
1.0,1,0.96425194
1.0,1,0.8203409
1.0,1,0.9528048
0.0,0,0.050189327
0.0,0,0.3298321
0.0,0,0.5333257
0.0,0,0.2617183
1.0,1,0.9707243
1.0,1,0.942679
0.0,0,0.6405901
0.0,0,0.0008929018
1.0,0,0.44257084
0.0,0,0.064446636
1.0,1,0.88117087
1.0,1,0.9523465
1.0,1,0.9608659
0.0,1,0.89872664
0.0,0,0.00924153
0.0,0,0.14833334
1.0,1,0.8615617
1.0,1,0.95603347
1.0,1,0.6819335
1.0,1,0.935586
0.0,0,0.1289179
0.0,0,0.0023663703
1.0,1,0.8956513
1.0,1,0.8800718
0.0,0,0.028688608
1.0,1,0.9442791
1.0,1,0.9716332
1.0,1,0.7546002
1.0,1,0.88724864
1.0,1,0.88856304
0.0,1,0.7778064
1.0,1,0.97920704
1.0,1,0.97997963
1.0,1,0.9108918
1.0,1,0.97718406
1.0,0,0.18410836
1.0,1,0.85917157
1.0,1,0.9667299
0.0,0,0.014730455
0.0,0,0.030445488
1.0,1,0.9200501
1.0,1,0.90165037
1.0,1,0.9244702
1.0,1,0.93500084
0.0,0,0.40068415
1.0,1,0.8395181
1.0,1,0.8257883
1.0,1,0.97898936
0.0,0,0.05739873
1.0,1,0.8435094
1.0,1,0.9485155
0.0,0,0.0072994535
0.0,0,0.030314634
1.0,1,0.96924126
1.0,1,0.97642565
1.0,1,0.97326034
0.0,0,0.19857895
0.0,0,0.12053428
0.0,0,0.055103526
0.0,0,0.0022772849
1.0,1,0.9822739
0.0,0,0.023643417
1.0,1,0.8865869
0.0,0,0.27744403
1.0,1,0.98032403
0.0,0,0.24877639
1.0,1,0.7027787
1.0,1,0.98520726
1.0,1,0.97353023
1.0,1,0.86977315
1.0,1,0.9773609
1.0,1,0.82546216
1.0,1,0.74186194
0.0,0,0.21428616
1.0,0,0.4324071
1.0,1,0.9766236
0.0,0,0.009969259
1.0,1,0.98623085
0.0,0,0.04332992
0.0,0,0.06696068
1.0,1,0.9625567
0.0,0,0.26929006
0.0,0,0.63583106
0.0,0,0.0038399675
1.0,1,0.67606354
0.0,1,0.8401351
0.0,0,0.06717348
1.0,1,0.98185724
0.0,0,0.15383328
0.0,0,0.0017417646
1.0,1,0.9335493
0.0,0,0.0059817224
1.0,1,0.97993785
0.0,0,0.028641934
0.0,0,0.4636225
1.0,1,0.92221785
0.0,0,0.02136105
0.0,0,0.42043078
1.0,1,0.929558
1.0,1,0.95871687
0.0,1,0.70535785
1.0,1,0.94663954
1.0,0,0.4631141
1.0,1,0.95400095
0.0,0,0.024646673
0.0,0,0.5259694
0.0,0,0.5621375
1.0,1,0.94745874
0.0,0,0.0055245548
0.0,0,0.075878985
1.0,1,0.9690389
0.0,0,0.17140613
1.0,1,0.8529134
0.0,0,0.619627
1.0,0,0.40472025
1.0,1,0.84901947
1.0,1,0.85619783
0.0,0,0.030452652
1.0,1,0.8718719
1.0,0,0.42270255
0.0,0,0.028723225
0.0,0,0.23841682
1.0,1,0.8130503
1.0,1,0.81893575
0.0,0,0.043348853
1.0,0,0.653314
1.0,1,0.9834306
0.0,0,0.0012615403
1.0,1,0.766333
1.0,1,0.83873534
1.0,1,0.9447527
0.0,0,0.01738598
1.0,1,0.95557874
0.0,0,0.22898754
0.0,1,0.8501431
1.0,1,0.97239673
1.0,1,0.7861594
1.0,1,0.8466598
1.0,1,0.8965482
0.0,0,0.258098
0.0,0,0.021360075
0.0,0,0.17879866
0.0,0,0.2708892
0.0,0,0.0055696056
0.0,0,0.110850096
1.0,1,0.9843454
1.0,1,0.70405215
1.0,1,0.8245984
1.0,1,0.97882015
1.0,1,0.9778242
1.0,1,0.9822386
1.0,1,0.8792522
1.0,0,0.5597353
0.0,0,0.23567943
0.0,0,0.035142142
1.0,1,0.9256437
0.0,0,0.122829005
1.0,1,0.69022214
1.0,1,0.7955052
0.0,0,0.049239654
0.0,0,0.11204361
1.0,1,0.71636784
1.0,1,0.93340313
0.0,0,0.02733722
0.0,0,0.5259635
1.0,1,0.90041846
0.0,0,0.04705686
0.0,0,0.22279678
1.0,0,0.60300845
0.0,0,0.20142162
0.0,0,0.14129747
0.0,0,0.18539508
1.0,1,0.81147075
0.0,0,0.047619563
1.0,1,0.95614666
1.0,1,0.982502
0.0,0,0.008622006
0.0,0,0.60852116
0.0,0,0.041995086
0.0,0,0.48832425
1.0,1,0.92757183
0.0,0,0.0074201785
1.0,1,0.97835076
0.0,0,0.09241145
1.0,1,0.8625368
0.0,1,0.9477411
1.0,1,0.7837621
0.0,0,0.008535779
1.0,0,0.5937266
0.0,0,0.036889512
0.0,1,0.776589
0.0,0,0.03191108
0.0,0,0.0050853402
1.0,1,0.9541887
0.0,0,0.011844121
0.0,0,0.02919071
0.0,0,0.28034374
1.0,1,0.90030897
1.0,0,0.61634934
1.0,1,0.9806836
0.0,0,0.020115467
1.0,1,0.9479233
0.0,0,0.011345792
0.0,0,0.028163083
0.0,0,0.007788753
1.0,1,0.98239416
1.0,1,0.94450593
0.0,0,0.009600879
1.0,0,0.65454555
1.0,1,0.7983819
0.0,0,0.008704185
0.0,0,0.0019022378
0.0,0,0.07944819
1.0,1,0.9574952
1.0,1,0.946454
0.0,0,0.09960925
1.0,1,0.88184625
0.0,0,0.013176841
0.0,0,0.069315135
1.0,1,0.9042244
0.0,0,0.02937779
0.0,0,0.14415571
0.0,0,0.10725882
1.0,1,0.97142327
1.0,1,0.9842197
0.0,0,0.0046667657
0.0,0,0.03283041
1.0,1,0.8849664
1.0,1,0.8901193
1.0,1,0.80435544
1.0,0,0.65852785
0.0,0,0.15308656
0.0,1,0.71755624
1.0,1,0.9836042
1.0,1,0.8261709
1.0,1,0.9408975
1.0,1,0.98437613
0.0,0,0.021033764
0.0,0,0.052773885
0.0,0,0.08914015
0.0,0,0.18814348
1.0,1,0.9873344
1.0,1,0.90696484
0.0,0,0.023348954
1.0,1,0.77061605
0.0,0,0.015783917
1.0,1,0.92487675
0.0,0,0.0772788
1.0,0,0.63224924
1.0,1,0.9250466
0.0,0,0.13240197
0.0,0,0.11668542
0.0,0,0.36000872
0.0,0,0.037238147
0.0,0,0.583555
0.0,0,0.04677207
1.0,1,0.89596844
0.0,0,0.009687891
1.0,1,0.9467585
1.0,1,0.84528536
0.0,0,0.00259412
1.0,1,0.74370664
1.0,1,0.8203065
1.0,0,0.6164638
1.0,1,0.92859685
1.0,0,0.5186322
1.0,1,0.85035986
1.0,1,0.9653205
0.0,0,0.46289262
1.0,1,0.909833
0.0,0,0.015565179
1.0,1,0.9639357
0.0,0,0.008019141
1.0,1,0.6792383
0.0,0,0.56296194
0.0,0,0.12512682
0.0,0,0.5665432
0.0,0,0.0046295403
0.0,0,0.016219191
1.0,1,0.9857548
1.0,1,0.89852846
1.0,0,0.5089298
1.0,0,0.2002874
1.0,1,0.95983076
1.0,1,0.93099004
1.0,1,0.96511835
1.0,1,0.9289951
0.0,0,0.10701013
0.0,0,0.050372332
0.0,0,0.0036368677
0.0,1,0.66818047
1.0,1,0.98140144
0.0,0,0.36277768
1.0,1,0.96057683
0.0,0,0.052166168
0.0,0,0.08441064
0.0,0,0.058257226
0.0,0,0.115684725
1.0,1,0.96878296
0.0,1,0.66147596
1.0,1,0.88383186
0.0,0,0.13880952
1.0,1,0.92273957
1.0,1,0.9306745
0.0,0,0.003069532
1.0,1,0.9007236
0.0,0,0.0158156
0.0,0,0.043388825
1.0,1,0.78924
0.0,0,0.028976269
0.0,0,0.020055477
0.0,0,0.0053189523
0.0,0,0.009816754
0.0,0,0.10500078
0.0,0,0.17179275
1.0,1,0.70900863
0.0,0,0.053958725
1.0,1,0.97273284
0.0,1,0.7297958
1.0,1,0.7740128
0.0,0,0.401056
0.0,0,0.026091464
1.0,0,0.020854952
0.0,0,0.052771457
0.0,0,0.101707794
1.0,1,0.9184612
1.0,1,0.9801874
1.0,1,0.96954286
0.0,0,0.0070358035
1.0,1,0.98277026
1.0,1,0.95181596
1.0,1,0.9846142
1.0,1,0.9809406
1.0,1,0.9046925
0.0,0,0.011374276
1.0,1,0.89032394
1.0,1,0.833184
0.0,0,0.29198065
0.0,0,0.0058281273
0.0,0,0.3235188
1.0,1,0.94081134
0.0,0,0.0049491883
0.0,0,0.020706095
0.0,0,0.5891735
0.0,0,0.05647222
1.0,1,0.83297145
0.0,0,0.010222039
1.0,1,0.8943525
1.0,1,0.97677064
1.0,0,0.6417192
0.0,1,0.7618056
1.0,1,0.8613478
0.0,0,0.020719934
1.0,1,0.8653405
1.0,1,0.9472174
0.0,0,0.018708287
1.0,1,0.96854943
1.0,0,0.59901863
1.0,1,0.9015266
0.0,0,0.5955449
1.0,1,0.83758795
1.0,1,0.98748416
1.0,1,0.97973835
1.0,1,0.9165667
1.0,1,0.69448435
1.0,1,0.97705156
1.0,1,0.9578162
0.0,0,0.021761348
1.0,1,0.90408283
1.0,1,0.98194855
1.0,1,0.8756423
1.0,1,0.72935724
0.0,1,0.75524855
0.0,0,0.08664014
1.0,1,0.928928
1.0,1,0.97856575
0.0,0,0.3684918
0.0,0,0.04752191
1.0,1,0.98246443
0.0,0,0.01464728
1.0,1,0.86253434
1.0,1,0.73613846
1.0,1,0.7661144
0.0,0,0.25530943
1.0,1,0.93816185
1.0,1,0.88155186
1.0,1,0.91676986
0.0,0,0.25018883
0.0,0,0.017280025
1.0,1,0.8962601
1.0,1,0.8579062
0.0,0,0.020362334
1.0,1,0.9430307
0.0,1,0.7941015
1.0,1,0.97324115
0.0,0,0.00996963
1.0,1,0.9599428
1.0,1,0.9701107
1.0,1,0.9701262
1.0,1,0.98010194
0.0,0,0.0053925
0.0,1,0.7066971
1.0,1,0.97618884
0.0,0,0.51387346
0.0,0,0.00943645
1.0,1,0.9733343
0.0,0,0.23381177
0.0,1,0.7257254
1.0,1,0.9463988
0.0,1,0.76482177
0.0,0,0.01782355
0.0,0,0.053164054
1.0,0,0.105018586
0.0,0,0.0027347654
0.0,0,0.61938953
1.0,1,0.98234564
1.0,1,0.9396535
1.0,1,0.97496533
0.0,0,0.024205558
0.0,0,0.43922868
0.0,0,0.2502736
0.0,1,0.9321315
0.0,1,0.85126996
0.0,0,0.11819674
0.0,0,0.0021490578
1.0,1,0.8850808
0.0,0,0.029314058
1.0,1,0.89919496
0.0,0,0.108570255
0.0,0,0.05234348
1.0,1,0.864764
1.0,1,0.94758695
1.0,1,0.95662546
1.0,1,0.96307933
1.0,1,0.7298677
1.0,0,0.6206193
1.0,1,0.89231217
1.0,1,0.963966
0.0,0,0.056910697
0.0,0,0.21171117
0.0,0,0.15625806
1.0,1,0.9835131
1.0,1,0.8955541
0.0,0,0.026130741
0.0,0,0.0055015534
0.0,0,0.31724858
0.0,0,0.009779807
0.0,1,0.6965409
1.0,1,0.91487
0.0,0,0.06763374
1.0,1,0.98523486
1.0,1,0.92039496
1.0,1,0.9405462
0.0,0,0.009781553
0.0,0,0.011141519
1.0,1,0.8685339
1.0,1,0.9887202
1.0,1,0.979541
0.0,0,0.39975116
1.0,1,0.8308507
1.0,1,0.9287226
1.0,1,0.95585865
0.0,0,0.0070179165
1.0,1,0.8845327
1.0,1,0.979661
1.0,1,0.92174137
1.0,1,0.69835377
0.0,0,0.002480169
1.0,1,0.93362814
0.0,0,0.43549067
0.0,0,0.0043229554
0.0,0,0.0067982874
1.0,1,0.7563908
1.0,1,0.713042
1.0,0,0.38814032
0.0,0,0.019068213
0.0,0,0.015448693
1.0,0,0.079924084
0.0,0,0.02036008
0.0,0,0.02515615
0.0,0,0.11240124
1.0,1,0.9820043
1.0,1,0.953741
1.0,1,0.9398738
1.0,1,0.90275675
1.0,1,0.8946941
1.0,1,0.8847728
0.0,0,0.15487719
1.0,1,0.96756786
0.0,0,0.012061715
1.0,1,0.97579885
1.0,1,0.95647657
1.0,1,0.9806531
0.0,0,0.00850567
1.0,1,0.9235428
0.0,0,0.012320464
0.0,0,0.037742916
0.0,0,0.01476396
1.0,0,0.6148039
1.0,1,0.79282486
0.0,0,0.002608367
0.0,0,0.077906504
0.0,0,0.0021236904
1.0,1,0.96894646
0.0,0,0.04313338
0.0,0,0.027397217
1.0,1,0.7067865
0.0,0,0.13276604
1.0,1,0.9201172
1.0,1,0.8368007
1.0,1,0.90729856
1.0,1,0.830827
0.0,0,0.012417638
1.0,1,0.7521237
0.0,0,0.0034253853
1.0,1,0.8093085
0.0,0,0.009592264
1.0,1,0.9862018
0.0,0,0.15157135
0.0,0,0.01737502
0.0,0,0.024004918
0.0,0,0.3709301
0.0,0,0.017489027
0.0,0,0.010478799
1.0,1,0.95573854
0.0,0,0.033091325
1.0,1,0.98145384
1.0,1,0.773477
1.0,1,0.91683656
0.0,0,0.06651035
1.0,1,0.94571877
0.0,0,0.022216674
0.0,0,0.029873999
1.0,1,0.78613394
0.0,0,0.15182982
1.0,1,0.77778625
1.0,1,0.94093144
1.0,1,0.8685389
0.0,0,0.63155556
1.0,1,0.97493434
1.0,1,0.854965
0.0,0,0.0060743117
1.0,1,0.90655535
1.0,1,0.7753955
0.0,0,0.2893292
1.0,1,0.87242013
0.0,0,0.01443626
1.0,1,0.98259157
0.0,1,0.9542591
0.0,0,0.016250117
0.0,0,0.113482445
1.0,1,0.9291094
0.0,0,0.2751437
1.0,1,0.9642894
0.0,0,0.18854335
0.0,0,0.096157774
0.0,0,0.18518642
0.0,0,0.18682769
0.0,0,0.02151971
1.0,1,0.78225505
0.0,0,0.0013901693
0.0,0,0.011534155
0.0,0,0.2242619
1.0,1,0.8451009
0.0,0,0.00967254
1.0,0,0.23157707
0.0,0,0.29074132
0.0,0,0.4098743
1.0,1,0.8360886
0.0,0,0.014244143
1.0,1,0.9794318
1.0,1,0.9000533
0.0,0,0.0865408
1.0,1,0.9410422
1.0,1,0.96191645
0.0,0,0.5291986
1.0,1,0.94389486
0.0,0,0.0057478948
1.0,0,0.52340525
0.0,0,0.24472126
0.0,0,0.06691519
1.0,1,0.6817411
1.0,1,0.95578617
1.0,1,0.8970921
1.0,1,0.85729384
1.0,1,0.7018206
1.0,1,0.81122786
0.0,0,0.3180896
1.0,1,0.98216426
0.0,0,0.19139333
0.0,0,0.3898623
0.0,0,0.0013172929
0.0,0,0.0058384053
1.0,0,0.3481223
1.0,1,0.75854963
1.0,1,0.8224655
0.0,0,0.21284766
0.0,0,0.20736589
1.0,1,0.9781272
1.0,1,0.9811955
0.0,1,0.7032616
0.0,0,0.049212445
0.0,0,0.6574769
1.0,1,0.94294715
0.0,0,0.009043764
1.0,1,0.87183094
1.0,1,0.9063787
0.0,0,0.046042677
0.0,0,0.032330006
1.0,1,0.93701893
1.0,1,0.984353
1.0,1,0.9432564
0.0,0,0.010218383
1.0,1,0.9686521
1.0,1,0.985247
0.0,0,0.55596673
1.0,1,0.903545
1.0,1,0.82760125
0.0,0,0.015775332
0.0,0,0.36243814
1.0,1,0.713325
1.0,1,0.9249852
0.0,0,0.010873149
0.0,0,0.029007027
1.0,0,0.48371807
0.0,0,0.24314426
0.0,0,0.03622247
1.0,1,0.8529405
1.0,1,0.81098676
0.0,0,0.19474332
1.0,1,0.800709
0.0,1,0.7825038
1.0,1,0.9814844
0.0,0,0.2255472
1.0,1,0.93859094
0.0,1,0.6880913
1.0,1,0.9656201
0.0,0,0.0035913666
1.0,1,0.97921664
1.0,1,0.98229754
1.0,1,0.97057474
0.0,0,0.016098643
1.0,1,0.8289523
0.0,0,0.4126295
1.0,1,0.9317266
0.0,0,0.08708231
1.0,1,0.90873945
1.0,1,0.91119254
0.0,0,0.6375128
0.0,0,0.17426762
0.0,0,0.32096112
1.0,1,0.98518705
1.0,1,0.9561993
0.0,0,0.0057802526
1.0,1,0.9869009
1.0,1,0.91724575
1.0,1,0.9049214
1.0,1,0.9824589
1.0,1,0.7909275
1.0,1,0.9340144
1.0,1,0.9548927
0.0,0,0.12540634
1.0,1,0.9652288
0.0,1,0.6875236
0.0,0,0.024301989
1.0,1,0.97672343
0.0,1,0.6698946
1.0,1,0.8094561
1.0,1,0.959622
1.0,1,0.9579705
1.0,1,0.8356653
0.0,0,0.04936103
1.0,1,0.94642085
0.0,0,0.6372592
0.0,0,0.027801381
1.0,1,0.8190682
1.0,1,0.9541136
1.0,1,0.6966924
1.0,1,0.98672503
1.0,1,0.9845582
0.0,0,0.086876065
1.0,1,0.839454
0.0,0,0.53509647
1.0,1,0.7197406
1.0,1,0.91856366
1.0,1,0.9563503
0.0,0,0.0075582718
0.0,0,0.089903824
0.0,0,0.11563823
1.0,1,0.88743126
0.0,0,0.34753546
1.0,1,0.9473508
0.0,1,0.72102344
0.0,0,0.0015226927
1.0,1,0.8934917
1.0,1,0.7080691
0.0,0,0.111666605
1.0,1,0.9145107
0.0,0,0.25595832
1.0,1,0.95460117
0.0,0,0.005191732
0.0,0,0.10933546
0.0,0,0.012696039
0.0,0,0.28003842
0.0,0,0.05577999
1.0,1,0.9864567
1.0,1,0.94992924
1.0,1,0.98313636
1.0,1,0.93602145
0.0,0,0.23692043
1.0,1,0.8372258
0.0,0,0.087364435
0.0,0,0.065562055
0.0,0,0.14160301
0.0,0,0.16067572
0.0,0,0.24552812
1.0,1,0.98041475
0.0,0,0.1788322
1.0,1,0.7384999
1.0,1,0.9412328
1.0,1,0.9672948
1.0,1,0.87972736
0.0,0,0.0026274284
1.0,1,0.9774664
0.0,0,0.029032134
1.0,1,0.93293184
1.0,1,0.9477514
0.0,0,0.012164777
0.0,0,0.09986496
0.0,0,0.011708885
0.0,0,0.021525217
1.0,1,0.873469
1.0,1,0.69920313
1.0,1,0.7733341
1.0,1,0.975199
1.0,0,0.05941944
0.0,0,0.03148021
1.0,1,0.957818
0.0,0,0.00364611
0.0,0,0.06463688
1.0,1,0.95275
0.0,0,0.36286733
0.0,0,0.19580038
0.0,0,0.012626168
0.0,0,0.06395923
0.0,1,0.84153754
0.0,1,0.7385379
1.0,1,0.86761856
1.0,1,0.7080743
1.0,1,0.96663404
1.0,1,0.7628153
1.0,0,0.24210404
0.0,1,0.76275265
0.0,0,0.33353308
1.0,1,0.7018914
0.0,0,0.082274556
0.0,1,0.8020679
1.0,0,0.571138
0.0,0,0.16084118
1.0,1,0.8698161
0.0,0,0.2517895
1.0,1,0.91415656
0.0,1,0.84624636
1.0,1,0.9654283
0.0,0,0.4198189
1.0,1,0.97152907
0.0,0,0.16556211
0.0,0,0.023683282
1.0,1,0.7003238
1.0,1,0.96896607
0.0,0,0.3117202
1.0,1,0.914818
1.0,1,0.921387
1.0,1,0.91241103
1.0,1,0.84087026
1.0,1,0.95051044
0.0,0,0.34747162
0.0,0,0.025796866
1.0,1,0.74400604
0.0,0,0.08570895
1.0,1,0.9271498
1.0,1,0.93304425
0.0,0,0.30630842
1.0,1,0.8762525
0.0,0,0.14580387
1.0,1,0.70978713
0.0,0,0.2773491
1.0,0,0.4917225
1.0,1,0.8944284
0.0,0,0.26463825
1.0,0,0.17073014
0.0,0,0.18530504
1.0,1,0.9684573
1.0,1,0.9420643
0.0,0,0.020264782
0.0,0,0.022117885
1.0,0,0.32871708
0.0,0,0.017109502
1.0,1,0.77644676
1.0,1,0.9555778
1.0,0,0.14377938
1.0,1,0.8774084
0.0,0,0.0017704791
0.0,0,0.4653253
0.0,1,0.77551997
1.0,1,0.98231214
0.0,0,0.5928664
0.0,0,0.014679668
0.0,0,0.0049075945
0.0,0,0.021166628
0.0,0,0.25777107
1.0,1,0.9837671
1.0,1,0.77608395
0.0,0,0.41787493
0.0,0,0.072021686
0.0,0,0.04181003
1.0,1,0.93006545
1.0,0,0.44356394
0.0,0,0.12932427
0.0,0,0.020026155
1.0,1,0.9589952
1.0,1,0.79040337
1.0,1,0.9255929
0.0,0,0.3446695
0.0,0,0.007977516
0.0,0,0.41041946
1.0,1,0.91420835
1.0,1,0.9259025
0.0,0,0.56548125
1.0,1,0.8052287
0.0,0,0.062281977
0.0,0,0.26502597
1.0,1,0.9706372
0.0,0,0.08746486
0.0,0,0.012529524
1.0,0,0.33743942
0.0,0,0.43864334
1.0,1,0.95612395
1.0,1,0.9812837
1.0,1,0.91418505
0.0,0,0.53964424
0.0,0,0.01113552
0.0,0,0.004349915
1.0,1,0.9836876
1.0,1,0.93531513
1.0,1,0.95761085
0.0,0,0.190928
1.0,0,0.6223974
1.0,1,0.950662
1.0,1,0.9638038
0.0,1,0.80283535
0.0,1,0.6708641
1.0,1,0.7906252
0.0,0,0.021245321
0.0,0,0.006402428
0.0,0,0.01658728
1.0,1,0.980109
1.0,1,0.92966837
0.0,0,0.062441234
0.0,0,0.25351396
1.0,1,0.9039172
1.0,1,0.9200697
1.0,1,0.8745795
1.0,1,0.7779994
0.0,0,0.42112124
1.0,1,0.9608518
0.0,0,0.019530088
1.0,1,0.76155543
0.0,0,0.42949003
0.0,0,0.5195935
1.0,1,0.9639831
1.0,1,0.873193
1.0,1,0.98150504
1.0,1,0.93729097
1.0,1,0.9249091
1.0,1,0.8349035
1.0,1,0.9084342
0.0,1,0.7131796
1.0,0,0.4598385
0.0,0,0.06590237
1.0,1,0.96052873
1.0,1,0.9814637
1.0,0,0.54309976
1.0,1,0.8773272
1.0,1,0.9578037
1.0,1,0.84324133
0.0,0,0.021416517
1.0,1,0.9676491
0.0,0,0.008187554
1.0,1,0.81246275
1.0,1,0.95297134
0.0,0,0.110792585
0.0,0,0.009190562
0.0,0,0.13315342
1.0,1,0.81376845
1.0,1,0.98241293
0.0,0,0.06606101
0.0,0,0.008479913
0.0,0,0.3842884
0.0,0,0.5574943
1.0,1,0.8267213
0.0,0,0.26197144
0.0,1,0.9430993
1.0,1,0.93679625
1.0,1,0.78387403
0.0,0,0.0012106881
0.0,0,0.53895557
0.0,1,0.96045315
0.0,0,0.09407342
0.0,0,0.058828663
0.0,0,0.09809716
1.0,1,0.95801014
0.0,0,0.0112659205
1.0,1,0.81374896
0.0,0,0.02148044
1.0,1,0.86137426
1.0,1,0.9269857
0.0,0,0.016331287
0.0,0,0.5792295
0.0,0,0.60982895
0.0,0,0.010396411
1.0,1,0.9823544
1.0,1,0.9841972
0.0,0,0.14113083
1.0,1,0.9832887
1.0,1,0.9637009
0.0,0,0.0032209542
1.0,0,0.33165604
0.0,0,0.009844706
1.0,1,0.9607986
0.0,0,0.07985586
0.0,0,0.0062289527
0.0,0,0.124290615
1.0,1,0.96738625
0.0,0,0.0101238405
0.0,0,0.010413882
0.0,0,0.039383132
0.0,0,0.25604975
0.0,0,0.009891519
0.0,0,0.42087498
1.0,1,0.8811395
0.0,0,0.074959315
1.0,1,0.93744546
1.0,1,0.9757964
1.0,1,0.89189947
1.0,1,0.88539034
0.0,0,0.026929252
1.0,1,0.9684315
0.0,0,0.060497634
1.0,0,0.62481105
0.0,0,0.00073672726
0.0,0,0.004995812
0.0,0,0.65192735
0.0,0,0.01882041
1.0,1,0.81850857
1.0,1,0.9713971
0.0,0,0.41763082
1.0,1,0.85389656
1.0,1,0.9818763
0.0,0,0.021390593
1.0,1,0.900085
1.0,1,0.9348886
1.0,1,0.9726788
0.0,0,0.027891908
1.0,1,0.9700555
1.0,1,0.949383
0.0,0,0.12564673
0.0,0,0.121998
0.0,0,0.0073226816
0.0,0,0.00066020497
0.0,0,0.57233644
0.0,0,0.5932848
1.0,1,0.968802
0.0,0,0.13988489
1.0,1,0.9668752
1.0,1,0.9657973
1.0,1,0.9538486
0.0,0,0.008625066
0.0,1,0.6924714
0.0,1,0.76539457
0.0,0,0.24439
1.0,1,0.9036375
1.0,1,0.9635546
0.0,0,0.4340726
0.0,0,0.0042527425
1.0,1,0.9732135
1.0,1,0.9871119
1.0,1,0.9602377
1.0,1,0.92280227
1.0,1,0.951705
0.0,0,0.076131135
0.0,0,0.021490635
1.0,1,0.93146557
1.0,1,0.98530024
1.0,1,0.9125048
0.0,0,0.12164174
1.0,0,0.5599538
0.0,0,0.015245508
1.0,1,0.9789135
1.0,0,0.29078078
0.0,1,0.9587808
1.0,1,0.8524604
0.0,0,0.030060258
1.0,1,0.9831476
1.0,1,0.7850856
0.0,1,0.66378534
0.0,0,0.04377468
0.0,0,0.013609213
1.0,1,0.9314741
1.0,1,0.95250237
0.0,0,0.00514877
1.0,1,0.9279464
0.0,0,0.45930037
0.0,0,0.0067500924
0.0,0,0.110077046
1.0,1,0.9689822
0.0,0,0.010025439
0.0,0,0.013833515
1.0,1,0.9784893
0.0,0,0.37382883
1.0,1,0.93976855
0.0,0,0.0064292233
0.0,0,0.30212164
0.0,0,0.03423097
1.0,1,0.7702427
0.0,1,0.9513398
0.0,0,0.047704138
0.0,0,0.17144565
0.0,0,0.007355802
0.0,0,0.43341374
0.0,0,0.009634175
0.0,0,0.22873399
0.0,0,0.50494266
1.0,1,0.97659355
1.0,1,0.9794245
1.0,1,0.864285
1.0,0,0.6314162
1.0,1,0.9089132
0.0,0,0.09182977
0.0,0,0.011349991
1.0,1,0.961851
1.0,0,0.55926275
0.0,1,0.9358413
1.0,0,0.47270396
1.0,0,0.39179716
0.0,0,0.32769403
0.0,0,0.4834664
0.0,0,0.33487314
1.0,1,0.97635627
1.0,1,0.9779251
0.0,0,0.3124389
0.0,1,0.77056044
0.0,0,0.57124496
1.0,1,0.72849363
1.0,1,0.96091783
0.0,0,0.095642425
1.0,1,0.97629684
1.0,1,0.94761986
1.0,1,0.96651953
0.0,0,0.57728285
1.0,1,0.93015647
1.0,1,0.8818135
1.0,1,0.97831357
0.0,0,0.010378041
0.0,0,0.20085754
1.0,1,0.98553973
0.0,0,0.060449433
0.0,1,0.80058914
0.0,0,0.019965261
0.0,0,0.07621843
0.0,0,0.3957659
0.0,0,0.06455007
1.0,1,0.9775608
1.0,1,0.93866426
0.0,1,0.6749238
0.0,0,0.36609855
1.0,1,0.9853947
0.0,0,0.030119596
0.0,0,0.38004455
0.0,0,0.022394802
0.0,0,0.41513094
1.0,1,0.9836019
0.0,0,0.03831627
0.0,0,0.13944905
1.0,1,0.95244473
1.0,1,0.98294306
0.0,0,0.055791605
0.0,0,0.043679453
1.0,1,0.88468695
1.0,0,0.60637134
0.0,0,0.64362234
0.0,0,0.010058563
1.0,1,0.87156343
0.0,0,0.4838574
0.0,0,0.012413732
0.0,0,0.013273207
0.0,0,0.419295
1.0,1,0.8085923
0.0,0,0.0047807116
1.0,0,0.24148926
1.0,1,0.98595196
0.0,0,0.013594587
0.0,0,0.019644836
0.0,0,0.08380924
1.0,1,0.9862433
0.0,0,0.028608428
0.0,0,0.29134667
0.0,0,0.011414983
0.0,0,0.019630946
1.0,0,0.42397887
0.0,0,0.4958238
0.0,0,0.078433335
1.0,1,0.81218046
1.0,1,0.9455526
0.0,0,0.0027002348
0.0,0,0.13593468
0.0,0,0.0010528438
1.0,0,0.6140799
1.0,1,0.9822566
0.0,0,0.009569896
1.0,1,0.8408536
1.0,1,0.88805664
1.0,1,0.9846148
1.0,1,0.98171294
0.0,0,0.002126358
0.0,0,0.55857974
0.0,0,0.6575525
0.0,0,0.0026484937
0.0,0,0.39464274
1.0,1,0.9712287
0.0,1,0.9433477
1.0,1,0.95468676
1.0,1,0.95156604
0.0,0,0.5605445
1.0,1,0.93475443
0.0,0,0.013098973
1.0,0,0.55979884
1.0,1,0.9801385
0.0,0,0.007964135
0.0,0,0.035330087
1.0,1,0.9665432
1.0,1,0.8072282
1.0,1,0.9594444
0.0,0,0.016654251
0.0,0,0.1812343
1.0,1,0.71165466
0.0,0,0.22623985
1.0,1,0.94363004
1.0,0,0.62728757
1.0,1,0.89242685
0.0,0,0.24100329
1.0,1,0.945531
0.0,0,0.0047781216
0.0,0,0.0036535833
1.0,1,0.7061049
1.0,1,0.97959495
0.0,0,0.39773044
1.0,1,0.97536856
0.0,0,0.00057859556
1.0,1,0.9240315
0.0,0,0.2248767
0.0,0,0.0031771979
0.0,0,0.03182349
1.0,1,0.75452363
0.0,0,0.17343697
0.0,1,0.72089994
0.0,0,0.02637635
1.0,1,0.9826216
1.0,1,0.9597957
1.0,1,0.9748757
1.0,1,0.9572288
1.0,1,0.94483054
0.0,0,0.022974685
1.0,0,0.6493279
1.0,1,0.983071
0.0,0,0.01649405
0.0,1,0.6625403
1.0,1,0.9706238
0.0,0,0.13105565
1.0,1,0.96540564
1.0,1,0.9717731
0.0,0,0.038884766
0.0,1,0.7715098
1.0,1,0.9108373
0.0,0,0.46478304
0.0,0,0.013111037
1.0,1,0.83971405
0.0,0,0.16963841
1.0,1,0.83999836
1.0,1,0.9826183
1.0,1,0.74299777
0.0,0,0.6020925
1.0,1,0.9640029
0.0,1,0.72396445
1.0,1,0.9782807
0.0,0,0.22110115
1.0,1,0.9732458
1.0,1,0.9820573
1.0,0,0.54402244
1.0,1,0.98529404
1.0,1,0.96807253
0.0,0,0.3506228
0.0,0,0.0807243
0.0,0,0.0094561
1.0,1,0.9891096
0.0,0,0.0059371563
1.0,0,0.64920366
0.0,0,0.63815916
1.0,1,0.9482397
0.0,1,0.92856735
0.0,0,0.008944153
0.0,1,0.98142976
0.0,0,0.36281776
1.0,1,0.9685722
1.0,0,0.46303836
0.0,0,0.03484074
0.0,0,0.4219805
0.0,0,0.0067084744
1.0,0,0.63822705
1.0,0,0.64563686
1.0,0,0.6259955
0.0,0,0.36619747
0.0,0,0.112316
1.0,1,0.9648615
1.0,1,0.85726774
1.0,1,0.9401521
1.0,1,0.8428449
1.0,1,0.9733672
0.0,0,0.51326466
1.0,1,0.77336323
0.0,0,0.58526766
1.0,1,0.96430236
1.0,1,0.974431
0.0,0,0.03000707
0.0,0,0.049535535
1.0,1,0.79033095
1.0,1,0.9504213
0.0,0,0.17603222
1.0,1,0.7169456
1.0,0,0.37911618
1.0,1,0.9830472
1.0,1,0.8146802
1.0,1,0.963422
0.0,0,0.036114067
1.0,1,0.9629223
1.0,1,0.9669548
0.0,0,0.0023567772
1.0,1,0.9420612
0.0,0,0.0041366876
0.0,0,0.5273266
1.0,1,0.70564145
1.0,1,0.8005817
0.0,0,0.13159628
1.0,1,0.94631207
1.0,1,0.70780414
0.0,0,0.058812603
1.0,1,0.95648134
1.0,1,0.94591653
1.0,1,0.9701679
0.0,0,0.045754574
0.0,0,0.073005974
1.0,1,0.8415553
1.0,1,0.96708536
0.0,0,0.026439538
0.0,0,0.1309517
1.0,1,0.94791573
0.0,0,0.09400215
0.0,0,0.07113186
0.0,0,0.11683504
1.0,0,0.4726377
0.0,0,0.18527815
1.0,1,0.8918703
1.0,1,0.8900493
0.0,0,0.35446352
0.0,0,0.07392012
1.0,0,0.4876478
1.0,1,0.8462705
1.0,1,0.8956077
1.0,1,0.9576849
1.0,1,0.7003426
1.0,1,0.9489318
1.0,1,0.9499424
1.0,1,0.9767059
1.0,0,0.240194
0.0,0,0.10596972
1.0,0,0.559254
0.0,0,0.4695812
0.0,0,0.13035114
0.0,1,0.9114931
0.0,0,0.017420229
1.0,1,0.9276476
0.0,0,0.07667429
1.0,1,0.9301026
0.0,0,0.00782401
0.0,1,0.7136415
1.0,1,0.79740274
1.0,1,0.96902823
0.0,0,0.54171944
0.0,0,0.5617286
0.0,0,0.010660299
1.0,1,0.9768975
0.0,0,0.0006210708
0.0,0,0.034806572
0.0,0,0.16137533
0.0,0,0.010836118
0.0,0,0.1809864
1.0,1,0.91484255
1.0,1,0.93568987
1.0,1,0.98264563
0.0,0,0.007824549
0.0,1,0.8446706
0.0,0,0.06545385
1.0,1,0.92015696
0.0,0,0.26037437
1.0,1,0.7272136
1.0,0,0.46530044
0.0,0,0.15618367
1.0,1,0.9854861
0.0,0,0.32473883
0.0,0,0.4760365
0.0,0,0.59728587
0.0,0,0.019732019
0.0,0,0.022528699
0.0,0,0.01730803
1.0,1,0.96553034
1.0,1,0.96438515
1.0,1,0.900211
0.0,0,0.017864868
1.0,1,0.98180264
0.0,0,0.018575497
1.0,1,0.9116612
0.0,0,0.1570645
1.0,1,0.9632686
1.0,0,0.53009176
0.0,0,0.005056495
1.0,0,0.31260645
1.0,1,0.80644506
1.0,1,0.92750734
1.0,1,0.98357093
0.0,0,0.21150117
0.0,0,0.24668674
1.0,1,0.94698554
1.0,1,0.9059188
1.0,1,0.8550334
1.0,1,0.9362399
0.0,0,0.08284011
1.0,1,0.9678416
1.0,1,0.7542187
0.0,0,0.011991206
1.0,1,0.9752048
1.0,1,0.98577213
0.0,0,0.04915746
0.0,0,0.5618403
0.0,0,0.009915243
0.0,0,0.008031462
0.0,0,0.0044855494
1.0,1,0.97693956
1.0,1,0.95562077
1.0,1,0.9800072
1.0,1,0.71158683
0.0,0,0.17173223
0.0,1,0.8097351
1.0,1,0.6657903
1.0,1,0.95877385
1.0,1,0.8840847
1.0,1,0.9614265
0.0,0,0.004426028
1.0,1,0.9826261
0.0,0,0.27723622
1.0,1,0.7853111
1.0,1,0.98020226
1.0,1,0.69725764
1.0,1,0.963729
1.0,1,0.97715735
1.0,0,0.26654527
0.0,0,0.14149997
0.0,0,0.38538846
0.0,0,0.52228546
0.0,0,0.004413217
0.0,0,0.048194036
1.0,1,0.97084534
1.0,1,0.86200356
0.0,0,0.54740727
1.0,1,0.9161788
0.0,0,0.028431257
1.0,1,0.9780205
1.0,1,0.9139362
0.0,0,0.12283218
0.0,0,0.004096212
1.0,1,0.9194899
0.0,0,0.26937532
1.0,1,0.9844016
0.0,0,0.002751432
0.0,0,0.046863224
1.0,1,0.72025275
1.0,0,0.56885064
0.0,0,0.03565337
0.0,0,0.5446287
1.0,1,0.8851791
0.0,0,0.43294606
0.0,0,0.0061853384
1.0,1,0.9524875
1.0,1,0.9553748
0.0,0,0.34024334
0.0,0,0.50298417
1.0,1,0.9805918
0.0,0,0.25811887
1.0,1,0.9658133
0.0,0,0.024551101
1.0,1,0.93067074
0.0,0,0.55594814
0.0,0,0.1458915
0.0,1,0.9369739
1.0,1,0.9570825
1.0,1,0.70399535
0.0,0,0.00045963618
0.0,0,0.011751793
1.0,1,0.75876844
1.0,1,0.9130076
1.0,1,0.94062346
1.0,1,0.9733778
1.0,1,0.9849832
0.0,0,0.5601937
1.0,1,0.92216593
1.0,0,0.37398294
0.0,0,0.0018650176
1.0,1,0.89775884
1.0,1,0.9710588
0.0,0,0.070893064
0.0,0,0.026076214
0.0,0,0.07756964
0.0,0,0.01524797
1.0,1,0.72256196
1.0,1,0.86650425
0.0,0,0.00471075
0.0,0,0.042752475
0.0,0,0.010593136
0.0,0,0.08710183
0.0,0,0.022614159
0.0,0,0.47942692
0.0,0,0.19629529
1.0,1,0.8996333
1.0,1,0.9181749
0.0,0,0.030732842
0.0,0,0.05438574
1.0,1,0.9765477
0.0,0,0.03692079
1.0,1,0.7303593
1.0,1,0.9771458
0.0,0,0.31507617
1.0,1,0.89706695
0.0,0,0.050995108
0.0,0,0.05161166
0.0,1,0.7994001
0.0,0,0.008375719
1.0,1,0.8074925
0.0,0,0.39978078
1.0,1,0.9841446
0.0,0,0.0139228925
0.0,0,0.34435833
0.0,0,0.10269854
0.0,0,0.019958358
0.0,0,0.005304514
0.0,0,0.010998156
0.0,0,0.0025847345
0.0,0,0.65116644
1.0,1,0.928992
1.0,1,0.94358945
0.0,1,0.82711524
1.0,1,0.8576949
0.0,0,0.11977453
1.0,0,0.60864663
1.0,1,0.8517154
1.0,1,0.9533152
0.0,0,0.40882027
1.0,1,0.9858822
0.0,0,0.1605513
1.0,1,0.95424956
1.0,1,0.98125017
1.0,1,0.90396345
0.0,0,0.004345361
0.0,0,0.5925158
1.0,1,0.97113943
1.0,1,0.93512017
1.0,1,0.98469806
1.0,1,0.9063957
0.0,0,0.011876545
1.0,1,0.8992149
0.0,0,0.012905108
1.0,1,0.9840732
1.0,1,0.9631078
1.0,1,0.8870941
0.0,0,0.11436392
0.0,0,0.019217653
1.0,1,0.98368496
0.0,0,0.39138016
1.0,1,0.89424574
0.0,0,0.030505361
1.0,0,0.24924959
1.0,1,0.96598434
0.0,0,0.12526228
1.0,0,0.13828386
1.0,1,0.76766664
0.0,0,0.45751154
1.0,1,0.9334779
1.0,1,0.8651784
1.0,0,0.05144331
1.0,0,0.655962
1.0,1,0.947043
1.0,0,0.65709233
1.0,1,0.9718607
0.0,0,0.00996143
1.0,1,0.91223526
1.0,1,0.9484381
1.0,1,0.80762196
1.0,1,0.8433818
1.0,1,0.9400274
1.0,1,0.8239129
1.0,1,0.97652495
0.0,0,0.022406723
0.0,0,0.06624124
1.0,1,0.976119
0.0,0,0.036357455
0.0,1,0.8165257
0.0,0,0.04879124
1.0,1,0.98303616
1.0,0,0.3714815
0.0,0,0.022753296
0.0,0,0.22660643
1.0,1,0.95044076
0.0,0,0.4728071
0.0,0,0.4577518
0.0,1,0.6869454
1.0,1,0.6925454
0.0,0,0.22871403
0.0,0,0.16763075
1.0,1,0.9167241
1.0,0,0.221336
0.0,0,0.1457229
0.0,0,0.2291205
0.0,0,0.025133679
0.0,0,0.0037432332
1.0,1,0.9573053
0.0,0,0.47477105
1.0,1,0.970307
0.0,0,0.0045112274
1.0,1,0.8581395
1.0,1,0.93114054
1.0,1,0.9262322
1.0,1,0.7756083
0.0,0,0.3197442
1.0,1,0.88708663
1.0,1,0.81978893
1.0,0,0.5914737
0.0,0,0.19834936
1.0,1,0.8889149
0.0,0,0.16980474
1.0,1,0.6707462
1.0,1,0.8610711
0.0,0,0.072044246
1.0,1,0.9706153
1.0,1,0.9793899
1.0,1,0.9381591
0.0,0,0.0029646766
0.0,0,0.5195995
0.0,0,0.0034341388
1.0,1,0.8079789
0.0,0,0.0028061904
1.0,0,0.51876956
0.0,0,0.0105271945
0.0,0,0.066195995
0.0,0,0.021813149
1.0,1,0.9745879
1.0,1,0.9258651
1.0,1,0.9760372
1.0,1,0.9534981
1.0,1,0.9638682
1.0,1,0.98064166
1.0,1,0.88936055
0.0,0,0.0050438545
1.0,1,0.9788236
0.0,0,0.17989488
1.0,1,0.9821561
0.0,0,0.6440041
0.0,0,0.23275399
0.0,0,0.35833892
0.0,0,0.57071257
1.0,1,0.92747664
0.0,0,0.007601411
1.0,1,0.932325
1.0,1,0.6611815
1.0,1,0.94683063
1.0,1,0.9276203
0.0,0,0.46272042
0.0,0,0.19310123
1.0,1,0.98394775
0.0,0,0.003202757
1.0,1,0.9492429
0.0,1,0.8377288
0.0,0,0.20597656
1.0,1,0.9598031
0.0,0,0.02971367
1.0,1,0.9866031
0.0,0,0.26159745
0.0,0,0.0037965889
0.0,1,0.74173975
1.0,1,0.984589
0.0,0,0.23350315
0.0,0,0.010017802
0.0,0,0.0037347511
1.0,1,0.7469192
1.0,0,0.5587889
0.0,0,0.11674149
1.0,1,0.9749545
0.0,0,0.14986941
1.0,0,0.33755502
1.0,1,0.9340969
0.0,0,0.026867652
0.0,0,0.016652338
0.0,0,0.0052419594
0.0,0,0.35763577
0.0,0,0.017689422
0.0,0,0.1399768
0.0,0,0.10583181
1.0,1,0.96880907
0.0,0,0.3198907
1.0,1,0.93818676
0.0,0,0.14696477
0.0,0,0.022580707
1.0,1,0.78305215
1.0,1,0.98239845
0.0,0,0.002121085
1.0,1,0.9846331
0.0,0,0.011814017
0.0,0,0.047956392
1.0,0,0.6361581
1.0,1,0.93600667
0.0,0,0.02920995
0.0,0,0.014828556
1.0,1,0.8471942
0.0,0,0.1070561
1.0,1,0.9536157
1.0,1,0.9833539
1.0,1,0.9050471
0.0,1,0.76142335
0.0,0,0.36117494
0.0,0,0.13402045
0.0,0,0.26273465
1.0,1,0.9781953
0.0,0,0.049453188
0.0,0,0.049165852
0.0,0,0.020741638
1.0,1,0.98781705
1.0,1,0.7839793
1.0,1,0.86960495
1.0,1,0.8339961
1.0,1,0.89685565
0.0,0,0.20154522
1.0,1,0.7482076
1.0,0,0.56850684
0.0,0,0.02233362
1.0,0,0.5685811
0.0,0,0.011510467
1.0,1,0.9815068
0.0,0,0.010419558
1.0,1,0.9628942
1.0,1,0.9659097
1.0,1,0.88172865
0.0,0,0.007392328
0.0,0,0.2491194
1.0,1,0.8297579
0.0,0,0.004953102
0.0,0,0.62110704
1.0,1,0.89463544
1.0,1,0.9744078
1.0,1,0.9660418
1.0,1,0.8228789
0.0,0,0.04111701
1.0,1,0.6622102
0.0,0,0.005820857
0.0,0,0.3348523
1.0,1,0.8080648
1.0,1,0.986232
1.0,1,0.9804051
1.0,1,0.98546773
0.0,0,0.06007262
0.0,0,0.07607057
1.0,1,0.88144755
1.0,1,0.9320657
0.0,0,0.007811124
0.0,0,0.068520136
0.0,0,0.05136676
0.0,0,0.052822128
1.0,1,0.9345941
1.0,1,0.9298618
1.0,1,0.867969
0.0,0,0.06601942
1.0,1,0.9602548
1.0,1,0.8790104
1.0,1,0.9168479
1.0,1,0.9883801
0.0,0,0.39286357
1.0,1,0.97965115
1.0,1,0.8712158
1.0,1,0.986634
1.0,1,0.88589334
0.0,0,0.02310217
0.0,0,0.008515605
0.0,0,0.004546036
1.0,0,0.39344203
0.0,0,0.0007365451
0.0,0,0.01897926
1.0,1,0.98235834
0.0,0,0.17768393
1.0,1,0.9826763
0.0,1,0.8093457
1.0,0,0.43756858
1.0,1,0.9803726
0.0,0,0.029997258
1.0,1,0.949028
0.0,0,0.014765369
1.0,1,0.9360761
0.0,0,0.49628368
0.0,0,0.012226922
1.0,1,0.69636416
0.0,0,0.0008505887
0.0,0,0.0046095215
1.0,1,0.9675184
1.0,1,0.92509836
1.0,1,0.85438025
1.0,1,0.98005545
1.0,1,0.9718771
0.0,0,0.018307205
1.0,1,0.9212374
0.0,0,0.011028716
0.0,0,0.15774411
0.0,0,0.37381
1.0,0,0.41054618
1.0,1,0.9805399
1.0,1,0.782874
1.0,1,0.93441904
0.0,0,0.35013244
1.0,0,0.4783525
0.0,0,0.21352898
1.0,0,0.6589427
0.0,0,0.0044660447
1.0,1,0.9607117
0.0,0,0.00614982
1.0,1,0.83745736
0.0,0,0.009518404
1.0,1,0.9815356
0.0,0,0.028997744
0.0,0,0.32599673
1.0,1,0.9851872
1.0,1,0.9409283
0.0,0,0.034386534
0.0,0,0.020677416
1.0,1,0.9025188
0.0,0,0.33832306
0.0,0,0.16038981
0.0,0,0.47629344
1.0,1,0.97253287
0.0,0,0.6537536
1.0,0,0.3414409
1.0,1,0.8625654
0.0,0,0.036470108
0.0,1,0.7095562
1.0,1,0.97846323
1.0,1,0.9696067
0.0,0,0.3322697
0.0,0,0.6590693
0.0,0,0.027903754
1.0,1,0.97727704
1.0,1,0.9749262
0.0,1,0.6929016
1.0,1,0.9834016
1.0,1,0.98114324
0.0,0,0.6563239
0.0,0,0.09058492
1.0,1,0.9806797
0.0,0,0.044320576
1.0,1,0.9170472
1.0,1,0.96751887
