True Label,Predicted Label,Confidence
0.0,1,0.4346539
0.0,0,0.17055984
1.0,1,0.9445207
0.0,0,0.019809078
1.0,1,0.65491736
1.0,1,0.9654197
1.0,1,0.87184834
0.0,0,0.05224185
1.0,1,0.90005195
1.0,1,0.96950275
0.0,0,0.0051611024
0.0,1,0.7941699
0.0,1,0.6979177
0.0,0,0.012046161
1.0,1,0.8200094
0.0,0,0.023261484
1.0,1,0.91714203
0.0,0,0.004924189
1.0,1,0.9633334
0.0,0,0.012487634
0.0,0,0.018879443
1.0,1,0.95374894
0.0,1,0.8595664
1.0,1,0.68525505
1.0,1,0.9698801
1.0,1,0.7501503
1.0,1,0.96603376
0.0,0,0.16738738
1.0,1,0.5517148
1.0,1,0.79589325
1.0,0,0.23771262
1.0,0,0.19967553
1.0,1,0.8988044
0.0,0,0.012836274
1.0,1,0.9699083
0.0,1,0.5409235
0.0,0,0.0185429
1.0,1,0.4763956
0.0,1,0.44365188
1.0,1,0.9793324
0.0,0,0.10268397
1.0,1,0.689719
1.0,1,0.93749356
0.0,0,0.046008572
1.0,1,0.9830683
1.0,1,0.9735636
1.0,1,0.5841217
1.0,1,0.47127852
0.0,0,0.021289408
0.0,0,0.057522327
1.0,1,0.977474
1.0,1,0.9423775
1.0,1,0.97805417
1.0,1,0.751755
1.0,0,0.18011235
0.0,0,0.24510497
0.0,0,0.011180372
1.0,1,0.98408866
1.0,0,0.39618734
1.0,1,0.7704465
1.0,1,0.9511571
1.0,1,0.8906544
0.0,0,0.0032602618
1.0,1,0.7657441
1.0,1,0.91173005
0.0,0,0.0249705
1.0,1,0.8561537
0.0,0,0.02399829
0.0,0,0.07635491
1.0,1,0.9846718
1.0,1,0.98151237
0.0,0,0.027551048
0.0,0,0.023047183
1.0,1,0.80856216
1.0,1,0.98090523
1.0,1,0.97406954
1.0,1,0.93472266
1.0,1,0.98257244
1.0,1,0.9266382
0.0,0,0.053317674
1.0,1,0.97881687
1.0,1,0.8313262
1.0,1,0.9729026
0.0,0,0.09962971
1.0,1,0.96095365
0.0,0,0.0026054275
0.0,0,0.05535115
1.0,1,0.9775417
0.0,1,0.7707969
1.0,1,0.9802941
0.0,0,0.36062425
1.0,1,0.907451
1.0,1,0.9686218
1.0,1,0.9670634
0.0,0,0.024299609
0.0,0,0.027943887
1.0,1,0.9608846
1.0,1,0.96839404
1.0,1,0.8625378
0.0,0,0.22496434
0.0,0,0.017421838
0.0,0,0.10925838
0.0,0,0.01919631
1.0,1,0.9848174
0.0,0,0.3110442
0.0,1,0.66827464
1.0,1,0.97242343
1.0,1,0.9024373
0.0,0,0.055739194
0.0,0,0.011474027
1.0,0,0.20668332
0.0,0,0.047390494
0.0,0,0.335143
1.0,1,0.83717805
1.0,1,0.94604266
1.0,1,0.9316642
1.0,1,0.9681388
1.0,1,0.68510807
1.0,1,0.9620965
0.0,0,0.34271058
1.0,1,0.7274431
0.0,0,0.0076293503
0.0,0,0.045469433
0.0,0,0.082131855
1.0,1,0.9612179
0.0,0,0.13487999
1.0,0,0.13720635
1.0,1,0.78656554
1.0,1,0.91605186
0.0,0,0.008679825
1.0,1,0.9732698
0.0,0,0.05334455
1.0,1,0.96550447
0.0,0,0.017473394
0.0,0,0.4006343
0.0,0,0.015120457
1.0,1,0.52419305
0.0,1,0.48886782
1.0,1,0.89483225
1.0,1,0.60348654
1.0,1,0.7196778
1.0,1,0.9353062
0.0,0,0.01963594
0.0,0,0.0379682
1.0,1,0.96664417
0.0,0,0.04818066
1.0,1,0.9645471
1.0,1,0.9716951
0.0,0,0.0992936
1.0,0,0.29680628
0.0,1,0.856069
0.0,1,0.45011827
1.0,0,0.13176462
0.0,0,0.30448967
1.0,1,0.9146745
0.0,0,0.06614665
0.0,1,0.47629434
0.0,0,0.02943923
0.0,0,0.027036918
0.0,0,0.008159941
0.0,0,0.017453078
0.0,0,0.0903961
1.0,1,0.8828065
0.0,0,0.008224383
0.0,0,0.009394475
0.0,0,0.0011105599
0.0,0,0.10868937
0.0,0,0.029218048
1.0,1,0.53274655
1.0,1,0.7427918
1.0,1,0.98020124
0.0,0,0.013805942
1.0,1,0.9076867
1.0,1,0.9742366
1.0,1,0.73215085
1.0,0,0.33326265
0.0,0,0.010988195
1.0,1,0.8442086
0.0,1,0.7995018
0.0,0,0.1937655
0.0,1,0.9325386
0.0,0,0.2701768
1.0,1,0.9339428
1.0,1,0.97761786
1.0,1,0.94025177
1.0,1,0.6552975
0.0,0,0.2923523
1.0,1,0.57591
0.0,0,0.040312365
0.0,0,0.036896694
0.0,0,0.07628566
0.0,0,0.31313992
1.0,1,0.56205255
1.0,1,0.8835484
1.0,1,0.87214506
1.0,1,0.9824532
1.0,1,0.97104067
0.0,0,0.037835453
1.0,1,0.7522922
1.0,1,0.654346
0.0,0,0.003975612
0.0,0,0.012185199
1.0,1,0.9812942
0.0,0,0.0033089702
1.0,1,0.97748023
1.0,1,0.9039103
0.0,0,0.04541558
1.0,1,0.8126839
0.0,0,0.010490498
0.0,0,0.004139236
0.0,0,0.017187756
0.0,0,0.0168834
0.0,0,0.0012636142
0.0,0,0.013063083
1.0,1,0.980922
1.0,1,0.96876615
0.0,0,0.09539084
0.0,0,0.011820588
0.0,0,0.005808045
0.0,0,0.109519
0.0,0,0.35697037
0.0,0,0.046276327
1.0,1,0.9780646
0.0,0,0.03269466
0.0,0,0.040364128
0.0,1,0.4668785
1.0,1,0.97280425
1.0,1,0.9697585
1.0,1,0.97033864
0.0,0,0.0073003205
1.0,1,0.8500081
0.0,0,0.019841608
0.0,0,0.05531504
1.0,1,0.9258853
1.0,1,0.9381019
0.0,0,0.115393616
0.0,0,0.007286394
0.0,1,0.57258326
1.0,1,0.776295
0.0,0,0.063061014
1.0,1,0.9527362
0.0,0,0.11428085
0.0,0,0.38350105
1.0,1,0.9329587
1.0,1,0.8869551
1.0,1,0.73565245
0.0,0,0.11134167
0.0,0,0.06309295
0.0,0,0.026485713
0.0,0,0.0033650496
0.0,1,0.7292631
0.0,0,0.22673534
0.0,0,0.1837883
1.0,1,0.9554627
1.0,1,0.7591275
0.0,0,0.17333862
1.0,1,0.96443164
0.0,0,0.0024808014
0.0,0,0.016794046
0.0,0,0.19354618
1.0,1,0.97927535
0.0,0,0.0023853772
0.0,0,0.026510905
0.0,1,0.86176676
1.0,1,0.9709323
1.0,1,0.96948206
1.0,1,0.95738393
1.0,1,0.9354991
0.0,1,0.6172117
1.0,1,0.83711714
0.0,0,0.005156017
1.0,0,0.33278242
0.0,0,0.061025452
0.0,0,0.015432426
0.0,1,0.68219614
0.0,0,0.0047935494
0.0,0,0.1661515
0.0,0,0.37537292
0.0,0,0.011242362
0.0,0,0.08166134
1.0,1,0.89880323
1.0,1,0.77035284
0.0,0,0.09230627
0.0,0,0.021925429
0.0,0,0.37308064
1.0,1,0.9269138
0.0,0,0.12633713
0.0,0,0.018656429
0.0,0,0.050812945
0.0,0,0.038936943
1.0,1,0.8876604
0.0,1,0.5964402
1.0,1,0.9722347
1.0,1,0.97764087
0.0,1,0.5009045
1.0,1,0.9795946
0.0,0,0.02597682
0.0,1,0.7590692
1.0,1,0.94224983
0.0,0,0.007907916
1.0,1,0.9607002
0.0,0,0.021893298
0.0,0,0.009398789
1.0,1,0.97759265
1.0,1,0.94123906
1.0,1,0.9162373
0.0,0,0.34836763
1.0,1,0.87873185
1.0,1,0.6045687
1.0,1,0.9699219
0.0,1,0.42346537
1.0,1,0.97068506
0.0,0,0.0011196027
1.0,0,0.34736633
0.0,0,0.15125233
1.0,1,0.781031
0.0,0,0.039742984
0.0,0,0.044204436
0.0,1,0.5698377
1.0,1,0.9139331
1.0,1,0.8668272
1.0,0,0.39137056
0.0,0,0.13415515
0.0,0,0.0039052593
0.0,0,0.2778741
1.0,1,0.8192588
1.0,1,0.92060304
0.0,0,0.02439925
0.0,0,0.002789621
0.0,0,0.015513004
1.0,1,0.96705407
0.0,0,0.10080367
0.0,0,0.01718894
1.0,1,0.980318
1.0,1,0.9604514
1.0,1,0.8525897
0.0,0,0.032522436
0.0,0,0.0113477595
0.0,0,0.09567666
1.0,1,0.88863313
1.0,1,0.5218262
0.0,0,0.008115375
0.0,0,0.029442057
1.0,1,0.97342306
1.0,1,0.47234958
1.0,1,0.95926994
1.0,1,0.8361233
0.0,0,0.059911914
1.0,1,0.9548928
0.0,1,0.91718376
1.0,1,0.941057
0.0,0,0.05672971
0.0,0,0.039761294
1.0,0,0.31289688
0.0,0,0.021833953
0.0,0,0.010883005
0.0,0,0.0023556834
1.0,1,0.9808291
0.0,0,0.032139115
1.0,1,0.87850946
0.0,0,0.0036416433
0.0,0,0.0029376494
1.0,1,0.9571553
1.0,1,0.8374305
1.0,1,0.923825
0.0,0,0.055428367
1.0,1,0.80860305
0.0,0,0.07045238
1.0,1,0.80114233
0.0,0,0.3001553
1.0,1,0.9108774
0.0,0,0.18327482
0.0,0,0.018336555
0.0,1,0.50779843
0.0,0,0.08387711
0.0,1,0.8587192
1.0,1,0.9246908
0.0,0,0.015098758
1.0,1,0.93620163
0.0,1,0.77662134
1.0,1,0.95754844
0.0,0,0.08734805
1.0,1,0.97701406
0.0,0,0.025482582
1.0,1,0.7655202
1.0,1,0.53528374
1.0,1,0.922925
0.0,0,0.055175517
0.0,0,0.01821118
1.0,1,0.84637606
1.0,1,0.6843552
1.0,1,0.82335436
0.0,1,0.55280507
0.0,0,0.017740885
0.0,0,0.3578194
1.0,1,0.9749287
1.0,1,0.9811747
0.0,0,0.060650524
0.0,1,0.63872087
0.0,0,0.033395126
0.0,0,0.063701436
1.0,1,0.92993546
1.0,1,0.9822137
0.0,0,0.06592782
1.0,1,0.88715076
0.0,0,0.020358663
0.0,0,0.01963751
1.0,1,0.8533325
0.0,0,0.012956463
1.0,1,0.9769468
0.0,0,0.11462163
0.0,0,0.005723096
1.0,1,0.62073874
1.0,1,0.9499197
1.0,0,0.35520202
1.0,1,0.66080403
1.0,1,0.96718794
1.0,1,0.81801796
0.0,0,0.024457566
1.0,0,0.26760477
1.0,1,0.65126765
1.0,1,0.93546164
0.0,1,0.9095168
1.0,1,0.96786654
0.0,0,0.009831165
1.0,1,0.97142243
0.0,0,0.24138056
0.0,0,0.28846115
1.0,1,0.96642786
1.0,1,0.9608209
1.0,1,0.9598722
0.0,0,0.020542488
1.0,1,0.97619283
0.0,1,0.92596865
1.0,1,0.56156766
1.0,1,0.96553856
0.0,0,0.11744915
1.0,1,0.97778964
1.0,1,0.9741794
1.0,1,0.9695734
1.0,1,0.53172797
1.0,0,0.39675573
1.0,1,0.9773945
0.0,0,0.09327655
1.0,1,0.9567756
1.0,1,0.93530935
1.0,1,0.71756864
0.0,0,0.07396498
1.0,1,0.948631
1.0,1,0.88469905
0.0,0,0.026233487
0.0,0,0.18793269
1.0,1,0.74017584
0.0,0,0.24304494
0.0,0,0.0063375128
1.0,1,0.9741425
0.0,0,0.029809238
1.0,1,0.9154317
0.0,0,0.0054779956
1.0,1,0.92165077
1.0,1,0.90150785
0.0,0,0.15385567
0.0,0,0.03194216
1.0,0,0.2470481
1.0,1,0.97481954
1.0,1,0.97332925
0.0,0,0.15925616
1.0,1,0.55944896
0.0,0,0.027859857
0.0,0,0.009250018
0.0,0,0.007621438
1.0,1,0.583209
0.0,1,0.6555611
0.0,0,0.014993141
0.0,0,0.15342201
0.0,0,0.014096359
1.0,1,0.922468
1.0,1,0.97619134
0.0,0,0.06968851
0.0,0,0.021355448
0.0,0,0.06664685
0.0,0,0.039984863
0.0,0,0.010202514
1.0,1,0.8385297
0.0,0,0.0087132
0.0,0,0.050573982
0.0,0,0.0026734753
0.0,0,0.0011798638
1.0,1,0.9683878
1.0,1,0.93567854
1.0,1,0.9370986
0.0,0,0.031710204
0.0,0,0.007856933
0.0,0,0.13177532
1.0,1,0.7863761
0.0,0,0.023853874
0.0,0,0.023883395
0.0,0,0.0136748385
1.0,1,0.9800022
0.0,0,0.18057221
0.0,0,0.19538838
1.0,1,0.96602774
1.0,1,0.8769162
0.0,1,0.4521984
1.0,1,0.8747366
1.0,1,0.79019356
0.0,0,0.03200744
1.0,1,0.96164894
0.0,0,0.01349557
1.0,0,0.37285507
0.0,0,0.013829523
1.0,1,0.7929239
0.0,0,0.0060301973
1.0,1,0.93064725
1.0,1,0.9819439
0.0,0,0.009527559
1.0,0,0.3825365
1.0,1,0.9627784
1.0,1,0.97647715
0.0,0,0.33829856
1.0,1,0.9164217
1.0,1,0.94108325
1.0,1,0.71899986
1.0,1,0.93483865
1.0,1,0.98091644
1.0,1,0.9830042
0.0,0,0.01572777
1.0,1,0.69932246
0.0,0,0.26980755
1.0,1,0.86485237
1.0,1,0.9531527
0.0,1,0.53074986
1.0,1,0.9162618
1.0,1,0.5775227
1.0,1,0.86061686
1.0,1,0.97627664
1.0,1,0.98388714
0.0,0,0.4025225
1.0,1,0.9824853
1.0,1,0.9751055
0.0,0,0.14784382
1.0,1,0.9771795
1.0,1,0.98145825
1.0,1,0.9391395
0.0,1,0.85039854
0.0,0,0.019563828
1.0,1,0.95853895
0.0,0,0.036263496
0.0,0,0.01112685
0.0,0,0.0012952117
0.0,0,0.032752424
1.0,1,0.95818937
1.0,1,0.70494455
1.0,1,0.97284985
0.0,0,0.09359836
0.0,0,0.0018672958
0.0,0,0.055420402
0.0,1,0.54903543
1.0,1,0.82828283
0.0,0,0.1922183
0.0,0,0.14474387
1.0,1,0.9745846
0.0,0,0.2689366
0.0,0,0.009520888
0.0,1,0.47349653
1.0,1,0.82541275
1.0,1,0.42896646
0.0,0,0.016460693
1.0,1,0.9820574
1.0,1,0.9777446
0.0,0,0.13508064
1.0,1,0.9834729
1.0,1,0.94729555
0.0,0,0.032685272
0.0,0,0.026675213
1.0,1,0.9750297
1.0,0,0.19655576
1.0,1,0.98335475
0.0,0,0.2715796
0.0,0,0.008935978
0.0,0,0.04028067
1.0,1,0.9668992
1.0,1,0.91151494
1.0,1,0.8749679
1.0,0,0.14800808
0.0,0,0.045790832
0.0,0,0.009640269
0.0,0,0.096026324
1.0,1,0.586239
1.0,1,0.9819754
0.0,0,0.00040269402
1.0,1,0.95613396
0.0,0,0.27542642
0.0,0,0.065509796
0.0,1,0.48558545
1.0,1,0.98228705
0.0,0,0.009876805
1.0,1,0.86353683
1.0,1,0.92932993
1.0,1,0.9679378
1.0,1,0.9286089
0.0,0,0.12192596
0.0,0,0.022079835
0.0,0,0.01854351
1.0,1,0.89470434
1.0,1,0.91989547
0.0,1,0.62839603
1.0,1,0.8686526
0.0,0,0.006629533
1.0,1,0.8782427
0.0,1,0.94928163
1.0,1,0.62808496
0.0,0,0.016013985
1.0,0,0.32169366
0.0,0,0.25673172
1.0,0,0.26025453
1.0,0,0.39380616
1.0,1,0.42102295
1.0,1,0.64116526
1.0,1,0.9416668
1.0,1,0.97918963
0.0,1,0.49264327
0.0,0,0.16912697
0.0,1,0.8127767
0.0,0,0.35910523
0.0,0,0.36097074
1.0,1,0.94958586
1.0,0,0.022519894
0.0,0,0.009519374
1.0,1,0.8620558
1.0,1,0.8855104
0.0,1,0.49332663
1.0,1,0.78700614
0.0,0,0.02297903
1.0,1,0.9182858
0.0,0,0.048493326
0.0,0,0.0018958261
0.0,0,0.26629403
1.0,1,0.7103356
0.0,0,0.035193205
1.0,1,0.9303322
0.0,0,0.055370923
1.0,1,0.9334138
0.0,0,0.08334871
0.0,1,0.77457714
1.0,1,0.97882956
0.0,1,0.6422132
0.0,0,0.013668439
0.0,0,0.01838487
1.0,1,0.974797
1.0,1,0.9848414
1.0,1,0.8786396
0.0,0,0.03335103
0.0,0,0.15601787
1.0,1,0.82998013
1.0,1,0.978358
0.0,0,0.013954339
0.0,0,0.007328538
1.0,0,0.15268032
0.0,0,0.09996176
0.0,0,0.21055055
0.0,0,0.053857792
0.0,0,0.0115948925
1.0,1,0.9808399
0.0,0,0.039318778
0.0,1,0.60845125
1.0,1,0.8828034
1.0,1,0.8281912
1.0,1,0.9732622
1.0,1,0.95149523
1.0,1,0.9699124
1.0,1,0.9527642
1.0,1,0.9692691
1.0,0,0.23422082
0.0,0,0.0154840965
0.0,0,0.2275539
1.0,1,0.88564336
0.0,0,0.092021264
1.0,1,0.65301347
1.0,1,0.50463915
1.0,1,0.4840425
0.0,0,0.008681638
1.0,1,0.95674354
0.0,0,0.12784068
0.0,1,0.450793
1.0,1,0.74717855
0.0,0,0.0073267133
1.0,1,0.54551625
1.0,1,0.8548441
0.0,0,0.0076819677
1.0,1,0.46234217
0.0,0,0.25907272
0.0,0,0.0620466
0.0,1,0.69988894
0.0,1,0.96446395
0.0,0,0.028118266
0.0,0,0.00781451
1.0,1,0.9784987
0.0,0,0.22619936
0.0,0,0.012902351
0.0,0,0.19205303
0.0,0,0.250546
0.0,0,0.004259276
0.0,0,0.048588578
0.0,0,0.023801446
0.0,0,0.10485513
0.0,0,0.10856243
0.0,0,0.32424796
0.0,0,0.14836393
0.0,0,0.013813904
0.0,0,0.020288391
1.0,1,0.6542145
0.0,0,0.0034986623
1.0,1,0.8897674
1.0,1,0.9716007
1.0,0,0.2053257
1.0,0,0.11220923
1.0,1,0.94075567
0.0,0,0.05204236
1.0,0,0.12757888
1.0,1,0.8723284
1.0,1,0.5048248
1.0,1,0.9690708
0.0,0,0.0032087013
0.0,0,0.3815782
1.0,1,0.8555694
1.0,1,0.92519385
0.0,0,0.016149046
1.0,1,0.8946572
0.0,0,0.3284036
0.0,0,0.015901692
1.0,1,0.9803101
1.0,1,0.938005
1.0,1,0.8520156
0.0,0,0.09639685
0.0,0,0.011563692
1.0,1,0.96559656
0.0,0,0.3567941
1.0,0,0.3248471
1.0,1,0.7062321
1.0,0,0.23225658
0.0,0,0.0053628003
0.0,0,0.029394794
1.0,1,0.926766
1.0,1,0.77650714
1.0,1,0.8012339
1.0,1,0.9656518
0.0,0,0.025479253
1.0,1,0.9828175
0.0,0,0.1079231
1.0,1,0.9588681
1.0,1,0.97957134
0.0,1,0.8763413
0.0,0,0.2856016
1.0,1,0.9385035
1.0,0,0.0789735
1.0,1,0.96144646
1.0,1,0.92976826
0.0,0,0.05214303
1.0,1,0.7723309
1.0,1,0.94929516
1.0,1,0.9680043
1.0,1,0.96122795
1.0,1,0.9027602
0.0,0,0.01974344
1.0,1,0.9002745
0.0,0,0.038872667
1.0,1,0.97986823
0.0,0,0.0335762
1.0,1,0.91010344
1.0,1,0.8270439
1.0,1,0.95521325
0.0,0,0.029467154
0.0,0,0.06866015
1.0,1,0.8054196
0.0,0,0.008875837
1.0,1,0.896801
1.0,0,0.38544846
1.0,1,0.93482274
0.0,1,0.9624844
0.0,0,0.013073417
0.0,0,0.049585715
1.0,1,0.97199106
1.0,1,0.91426265
0.0,0,0.033354696
0.0,0,0.027098162
0.0,0,0.41873983
0.0,0,0.02758883
0.0,0,0.0121658705
0.0,0,0.011854004
0.0,1,0.7624732
0.0,0,0.37399516
1.0,1,0.94162965
1.0,1,0.646219
0.0,1,0.59505326
1.0,1,0.970134
0.0,0,0.015414186
0.0,0,0.20225132
0.0,1,0.5106431
0.0,0,0.006374074
0.0,0,0.087537974
0.0,0,0.07305996
1.0,1,0.9756723
1.0,0,0.29681882
0.0,1,0.8979409
0.0,0,0.028290575
0.0,0,0.10250718
1.0,1,0.97778034
0.0,0,0.19398525
1.0,1,0.75181115
1.0,1,0.9723218
0.0,0,0.19695963
0.0,0,0.008648759
1.0,1,0.94375885
1.0,1,0.97961277
0.0,0,0.12389837
1.0,1,0.9623882
1.0,1,0.9225805
1.0,1,0.9719526
1.0,1,0.9385917
1.0,1,0.9618454
0.0,0,0.034105983
0.0,0,0.023263691
0.0,0,0.20624003
0.0,0,0.025271896
1.0,1,0.92079324
1.0,1,0.9787672
0.0,0,0.13792051
0.0,0,0.028239371
1.0,1,0.9358351
1.0,1,0.97233486
0.0,0,0.01733511
1.0,1,0.9806883
0.0,0,0.029256284
1.0,1,0.87283754
0.0,0,0.009674022
1.0,1,0.9646784
0.0,0,0.005918651
0.0,0,0.21865548
1.0,1,0.6302695
1.0,1,0.8151474
1.0,1,0.98332524
0.0,0,0.02660074
0.0,0,0.00604313
0.0,0,0.011514889
1.0,1,0.5745997
0.0,0,0.021389283
1.0,1,0.71985406
1.0,1,0.9592015
1.0,1,0.8502938
0.0,0,0.03939182
0.0,0,0.013569781
1.0,1,0.9641096
0.0,0,0.037691947
0.0,1,0.4254115
1.0,1,0.88790536
1.0,0,0.36128145
0.0,1,0.66348565
0.0,0,0.06845427
1.0,1,0.94132507
0.0,0,0.08801789
1.0,1,0.9635393
0.0,0,0.044789024
0.0,1,0.7810045
1.0,1,0.97463906
0.0,0,0.035374783
0.0,0,0.022282384
1.0,1,0.9609812
1.0,1,0.9631101
0.0,0,0.14699261
1.0,0,0.3615902
1.0,1,0.57772255
1.0,1,0.97648877
1.0,1,0.84761405
1.0,1,0.6127963
1.0,1,0.8856236
1.0,1,0.92899966
0.0,1,0.85534066
1.0,1,0.8198692
0.0,0,0.006112981
1.0,1,0.76217425
0.0,0,0.04293315
1.0,1,0.79073703
0.0,0,0.024143578
1.0,1,0.97598016
1.0,1,0.78249145
0.0,1,0.82844543
0.0,0,0.019571338
1.0,1,0.85827607
0.0,0,0.032839276
0.0,0,0.024315726
1.0,1,0.8681241
0.0,1,0.6284006
1.0,1,0.9612994
0.0,0,0.023117658
0.0,0,0.14980975
0.0,0,0.03274174
0.0,1,0.6243262
1.0,1,0.91684866
0.0,0,0.012966827
0.0,0,0.03440507
0.0,0,0.013600778
0.0,0,0.007117563
0.0,0,0.019953495
1.0,1,0.985359
1.0,0,0.12961556
0.0,0,0.04314654
1.0,1,0.9847128
0.0,1,0.5690243
0.0,1,0.454043
0.0,0,0.21196602
0.0,0,0.045797214
1.0,1,0.9705642
0.0,0,0.04003116
1.0,1,0.97988313
0.0,0,0.1360003
0.0,0,0.12195409
1.0,1,0.71185434
0.0,0,0.015112577
0.0,0,0.12341758
0.0,1,0.57898223
0.0,1,0.6917618
0.0,1,0.85984915
0.0,0,0.32422602
0.0,0,0.05480694
0.0,0,0.046675187
1.0,1,0.97942346
1.0,1,0.72860926
1.0,1,0.9748439
0.0,0,0.012145569
1.0,1,0.866791
1.0,1,0.9684164
0.0,0,0.16070804
0.0,0,0.17010581
0.0,0,0.057730235
0.0,0,0.4160461
1.0,1,0.8658417
1.0,0,0.25838464
0.0,0,0.028575076
0.0,1,0.5219157
0.0,0,0.029742477
1.0,1,0.9587879
0.0,0,0.154417
0.0,0,0.008637617
0.0,0,0.25016788
1.0,1,0.9816816
0.0,0,0.0592576
0.0,0,0.003624095
1.0,1,0.9690351
1.0,1,0.9731999
1.0,1,0.7151041
1.0,1,0.81611407
0.0,0,0.016817423
0.0,1,0.80626535
0.0,0,0.38256666
0.0,0,0.019948572
1.0,1,0.968702
1.0,1,0.9783272
1.0,1,0.67354846
1.0,1,0.65269506
0.0,0,0.021816168
0.0,0,0.26651752
0.0,0,0.015728818
1.0,1,0.9565597
1.0,1,0.58092725
1.0,1,0.9786522
0.0,0,0.049320344
0.0,0,0.0064902115
0.0,0,0.020820485
0.0,0,0.36138436
1.0,0,0.3647866
0.0,0,0.010066344
1.0,1,0.97752553
1.0,1,0.9470673
0.0,0,0.005250034
0.0,0,0.05558628
0.0,0,0.015878865
0.0,0,0.006210659
1.0,1,0.95247024
1.0,1,0.6697438
1.0,1,0.803392
0.0,1,0.84125227
1.0,1,0.98037446
0.0,0,0.028610112
1.0,1,0.9331276
1.0,1,0.97926116
0.0,0,0.025561532
0.0,0,0.027365254
1.0,1,0.89000934
1.0,1,0.8897659
1.0,1,0.7742361
0.0,0,0.018858366
1.0,1,0.79582536
0.0,0,0.008347375
0.0,0,0.05489534
1.0,1,0.6988831
1.0,1,0.98149586
1.0,1,0.97258943
0.0,1,0.47950107
1.0,1,0.8725453
1.0,1,0.9737428
1.0,1,0.48687133
1.0,0,0.10545987
0.0,0,0.029828163
1.0,1,0.8577492
1.0,1,0.983103
1.0,1,0.65587264
0.0,0,0.020932792
1.0,1,0.9762242
1.0,1,0.93248904
0.0,0,0.0060407645
1.0,1,0.9563694
1.0,1,0.9793608
0.0,0,0.29704252
0.0,0,0.15459335
1.0,1,0.87422395
0.0,0,0.005848597
0.0,0,0.03747927
0.0,0,0.0095216
0.0,0,0.37671605
1.0,1,0.96721005
1.0,1,0.97856456
1.0,1,0.9689052
0.0,0,0.0025988102
1.0,1,0.86573887
0.0,0,0.0074199643
0.0,1,0.45350164
1.0,1,0.98331654
0.0,0,0.03723073
0.0,0,0.014690562
0.0,0,0.009418028
0.0,0,0.17421116
0.0,1,0.9046229
1.0,1,0.9374342
0.0,1,0.8578874
1.0,1,0.95636773
1.0,1,0.97836494
1.0,1,0.9398844
0.0,0,0.0058079353
1.0,1,0.5007669
0.0,0,0.02445049
1.0,1,0.97335386
0.0,0,0.0136655215
0.0,0,0.008461573
0.0,0,0.14087227
0.0,0,0.10051146
0.0,0,0.030689897
0.0,0,0.1794562
0.0,1,0.5691999
1.0,0,0.28282806
1.0,1,0.9655087
1.0,1,0.9758586
0.0,1,0.54616976
0.0,1,0.94024616
1.0,1,0.9389354
0.0,0,0.021442518
0.0,0,0.016525388
0.0,1,0.48639324
0.0,0,0.004622271
0.0,0,0.1502645
1.0,1,0.9662253
0.0,0,0.008868471
1.0,1,0.83925575
1.0,1,0.93074566
1.0,1,0.9672748
0.0,0,0.01243815
1.0,1,0.95662695
0.0,0,0.013849235
0.0,0,0.0066196835
1.0,1,0.5536488
1.0,1,0.97632146
1.0,1,0.8115941
1.0,1,0.9644665
1.0,1,0.97498935
0.0,1,0.4388796
1.0,1,0.9591145
0.0,0,0.0043595973
1.0,1,0.92337275
0.0,0,0.1131088
1.0,1,0.9731394
1.0,1,0.96342623
0.0,0,0.21296538
1.0,1,0.9313794
0.0,0,0.045249276
0.0,0,0.102252886
0.0,0,0.37760353
1.0,1,0.83408684
0.0,0,0.019704837
0.0,0,0.027170787
0.0,0,0.18102805
1.0,1,0.96295196
1.0,0,0.025107987
1.0,1,0.6841912
1.0,1,0.9781698
1.0,1,0.9520872
1.0,1,0.82362807
0.0,0,0.13848133
0.0,0,0.0031829919
0.0,0,0.018964902
1.0,1,0.83846664
1.0,1,0.97949
0.0,0,0.027294239
1.0,1,0.940105
1.0,1,0.837655
0.0,0,0.13364644
0.0,0,0.2602213
1.0,1,0.8317066
1.0,1,0.81138027
0.0,0,0.28143278
1.0,1,0.79163086
1.0,1,0.89140224
0.0,0,0.014136675
0.0,0,0.008247311
0.0,0,0.013131981
0.0,0,0.045065716
1.0,1,0.97785175
1.0,1,0.9047546
1.0,1,0.8229681
1.0,1,0.97539973
1.0,1,0.9454053
0.0,0,0.16719031
1.0,1,0.5650948
1.0,1,0.9650343
1.0,1,0.7285087
0.0,0,0.25680327
0.0,0,0.049578637
0.0,0,0.02421212
1.0,1,0.98442745
1.0,1,0.98285586
0.0,0,0.043003976
0.0,0,0.024706643
0.0,0,0.004491833
1.0,1,0.9540072
0.0,0,0.26373312
1.0,1,0.95449686
0.0,0,0.09625317
1.0,1,0.9715864
0.0,0,0.0025304472
0.0,0,0.009816305
1.0,1,0.78581357
1.0,1,0.5804652
0.0,0,0.2997124
1.0,1,0.9443542
0.0,0,0.0076553156
1.0,1,0.64904404
1.0,1,0.47815827
0.0,0,0.2945368
0.0,0,0.09312018
0.0,0,0.0346679
1.0,0,0.085388444
0.0,1,0.8224951
0.0,0,0.028284552
0.0,0,0.39554724
0.0,0,0.025682341
1.0,0,0.018704679
1.0,1,0.9818603
0.0,0,0.016994156
0.0,0,0.01900211
1.0,1,0.94931847
0.0,0,0.027922621
0.0,0,0.065703355
0.0,0,0.09186397
1.0,1,0.98402196
0.0,0,0.017869612
1.0,1,0.9828571
0.0,0,0.00067432714
1.0,1,0.95220345
0.0,1,0.474045
0.0,0,0.0068524852
0.0,0,0.003600124
1.0,1,0.97947544
1.0,1,0.81605375
0.0,0,0.066082634
1.0,1,0.9662578
0.0,0,0.0057109008
1.0,1,0.8423393
0.0,0,0.032645825
0.0,0,0.16930626
0.0,0,0.0077835564
0.0,0,0.06983855
0.0,0,0.036748983
0.0,0,0.025768325
1.0,1,0.9123516
0.0,0,0.036721967
1.0,1,0.8397886
0.0,0,0.04255006
0.0,0,0.27318725
0.0,0,0.013572997
1.0,1,0.8814676
0.0,0,0.015951142
1.0,1,0.91906214
0.0,0,0.025959225
0.0,0,0.20804307
0.0,0,0.056183126
1.0,1,0.96414125
0.0,0,0.058909886
1.0,1,0.8882097
0.0,0,0.03629317
0.0,0,0.005833257
0.0,0,0.13563979
0.0,1,0.5150219
0.0,0,0.04007937
0.0,1,0.44630852
0.0,0,0.0106719425
1.0,1,0.98589
0.0,0,0.0085033225
1.0,1,0.9712371
1.0,0,0.06360444
1.0,1,0.70689666
1.0,1,0.89109564
1.0,1,0.9772908
1.0,0,0.021403652
0.0,0,0.22681536
1.0,1,0.9662981
1.0,1,0.7152775
0.0,0,0.0064108516
0.0,0,0.015142032
1.0,1,0.98204404
0.0,0,0.017701466
1.0,1,0.9239639
1.0,1,0.9342804
0.0,0,0.0019128378
0.0,0,0.03366664
0.0,0,0.05640916
0.0,0,0.0024273228
1.0,1,0.9320995
1.0,1,0.9235695
0.0,0,0.031844534
1.0,1,0.65215343
0.0,1,0.7214292
0.0,0,0.38585895
0.0,0,0.01789544
1.0,1,0.944365
1.0,1,0.9803879
0.0,0,0.006481369
1.0,1,0.98256904
0.0,0,0.010984678
0.0,0,0.34682783
0.0,0,0.19721723
0.0,0,0.1074924
1.0,1,0.9026117
1.0,1,0.79115283
0.0,0,0.007919717
1.0,1,0.8843129
0.0,0,0.00996436
0.0,1,0.49771002
1.0,1,0.8974502
0.0,0,0.08252794
0.0,0,0.007588516
1.0,1,0.77837354
0.0,0,0.0050585563
1.0,1,0.85317004
0.0,0,0.041761648
1.0,1,0.94305414
1.0,1,0.977989
1.0,1,0.90999866
0.0,1,0.8448188
0.0,0,0.05999725
0.0,0,0.09345905
1.0,1,0.97392225
0.0,0,0.08164713
1.0,1,0.96535563
1.0,1,0.85048234
1.0,0,0.34679094
1.0,1,0.95115656
0.0,0,0.01140635
0.0,0,0.016503919
0.0,0,0.27730966
0.0,0,0.007885745
0.0,0,0.004720999
0.0,0,0.04862872
0.0,0,0.014894403
0.0,0,0.006413628
0.0,0,0.1383099
1.0,1,0.96095616
0.0,0,0.00051206653
0.0,0,0.046361435
1.0,1,0.9594833
0.0,0,0.029985908
0.0,0,0.073444426
1.0,1,0.8667269
1.0,1,0.558848
1.0,1,0.9250684
1.0,1,0.95516217
1.0,0,0.1136947
1.0,1,0.97778034
1.0,1,0.9412188
0.0,0,0.02880186
1.0,0,0.12427072
1.0,0,0.39604712
1.0,1,0.9697951
1.0,1,0.9135875
1.0,1,0.9302296
1.0,1,0.95786625
1.0,0,0.3331167
1.0,1,0.97589856
1.0,1,0.92795366
0.0,0,0.0047780196
0.0,0,0.028032325
1.0,1,0.8596072
1.0,1,0.9616506
1.0,1,0.8781002
1.0,1,0.8359937
0.0,0,0.30925405
0.0,1,0.5394126
0.0,0,0.08583404
0.0,0,0.003654019
1.0,1,0.9527799
1.0,1,0.9272085
1.0,1,0.8178754
0.0,0,0.0051924814
1.0,1,0.96578467
1.0,1,0.9611313
0.0,0,0.3142013
1.0,1,0.7636845
0.0,0,0.03159494
1.0,1,0.89796567
0.0,0,0.0685723
1.0,1,0.89801466
0.0,0,0.078574054
0.0,1,0.5887233
1.0,1,0.96505123
0.0,0,0.004290397
0.0,0,0.007812015
0.0,0,0.0064827385
1.0,1,0.93566656
1.0,1,0.86609966
1.0,1,0.7898872
1.0,1,0.97889
0.0,0,0.029103091
1.0,1,0.85895747
1.0,1,0.49929044
0.0,0,0.024792854
1.0,1,0.97301936
1.0,1,0.84082866
1.0,1,0.9265156
0.0,0,0.041250523
0.0,1,0.48442683
0.0,1,0.4483132
0.0,0,0.35074183
1.0,1,0.7017261
1.0,1,0.9286031
0.0,0,0.012165254
0.0,0,0.031038856
1.0,1,0.96341294
1.0,1,0.8285574
1.0,1,0.9487936
0.0,0,0.01048832
0.0,0,0.18381417
0.0,0,0.008558824
0.0,0,0.021286767
0.0,1,0.43569311
1.0,1,0.836687
0.0,1,0.6782851
1.0,1,0.8533609
1.0,1,0.9628719
1.0,1,0.93569124
1.0,1,0.9425918
0.0,0,0.22233263
1.0,1,0.9469356
0.0,0,0.0038602124
1.0,1,0.9774296
1.0,1,0.95401806
1.0,1,0.71045315
0.0,0,0.019154202
0.0,0,0.016761407
1.0,1,0.9640629
1.0,1,0.9628574
0.0,0,0.002247674
0.0,0,0.052071467
1.0,1,0.9430528
0.0,0,0.110789366
1.0,1,0.6684806
1.0,1,0.95506
1.0,1,0.980832
0.0,0,0.063120246
1.0,1,0.73356235
1.0,1,0.9801858
0.0,0,0.00960233
0.0,0,0.192881
1.0,0,0.17796819
0.0,0,0.04337267
0.0,0,0.008721775
0.0,0,0.1719156
1.0,1,0.4622513
1.0,1,0.96453667
1.0,1,0.93613756
0.0,0,0.09096893
1.0,1,0.9827475
1.0,1,0.46096578
0.0,0,0.08194321
1.0,1,0.96509933
1.0,1,0.6072643
1.0,1,0.97919065
1.0,1,0.4358794
1.0,1,0.96082914
0.0,0,0.37210533
0.0,1,0.6696544
0.0,0,0.053639904
0.0,0,0.008725754
0.0,0,0.022063818
0.0,0,0.15961812
0.0,0,0.0016930727
1.0,0,0.12824318
0.0,1,0.62131095
0.0,0,0.03472476
1.0,1,0.97833824
0.0,0,0.044971053
0.0,0,0.05904605
0.0,1,0.79562646
1.0,1,0.8356941
1.0,1,0.9809764
1.0,1,0.97976536
0.0,0,0.0355809
0.0,0,0.028391007
1.0,1,0.9707254
1.0,1,0.974116
0.0,0,0.0035204242
0.0,0,0.0053594187
0.0,0,0.0055037066
0.0,0,0.25407985
1.0,1,0.97434556
1.0,1,0.91186357
1.0,1,0.957427
1.0,1,0.9865631
1.0,1,0.9532646
0.0,0,0.023304805
1.0,1,0.93397975
0.0,0,0.22340715
1.0,1,0.73634064
1.0,1,0.98274666
1.0,1,0.9457636
1.0,1,0.945408
0.0,0,0.039829843
0.0,0,0.020640694
0.0,0,0.04637804
0.0,1,0.483173
0.0,0,0.30283937
1.0,1,0.56834567
0.0,0,0.008989692
1.0,1,0.7656342
1.0,1,0.6556965
1.0,1,0.9722874
0.0,1,0.8707982
0.0,0,0.0450684
1.0,1,0.8725191
1.0,1,0.9524358
1.0,1,0.7411429
1.0,1,0.96704483
0.0,0,0.019179787
0.0,1,0.79230905
1.0,1,0.9740802
1.0,1,0.82115394
1.0,1,0.7858069
1.0,0,0.33953425
1.0,0,0.30393064
0.0,0,0.1064927
1.0,1,0.973671
0.0,0,0.20577288
0.0,0,0.12939563
0.0,1,0.7104081
1.0,1,0.88270134
0.0,0,0.051341902
1.0,1,0.8314566
1.0,1,0.7543719
1.0,1,0.97876847
1.0,1,0.8928839
0.0,0,0.024558324
1.0,1,0.94805044
1.0,0,0.039264746
1.0,1,0.9434523
1.0,1,0.97503203
1.0,1,0.6661204
0.0,0,0.15229478
1.0,1,0.96935767
1.0,1,0.8504801
1.0,1,0.90169626
0.0,1,0.6963685
1.0,1,0.79945076
1.0,1,0.956699
0.0,0,0.018103061
1.0,0,0.31111363
0.0,0,0.022701535
1.0,1,0.8005619
1.0,1,0.95018506
0.0,0,0.009679624
1.0,1,0.95699483
0.0,0,0.022603665
0.0,1,0.78191113
0.0,0,0.094906926
0.0,1,0.8620864
1.0,1,0.9697223
1.0,1,0.93741167
0.0,0,0.02114856
0.0,0,0.010331128
1.0,1,0.9563334
1.0,1,0.97272825
1.0,1,0.8787072
0.0,1,0.9105272
1.0,1,0.9587151
1.0,1,0.97104925
0.0,0,0.02065537
0.0,0,0.008914369
1.0,1,0.9705799
1.0,1,0.96433914
0.0,0,0.05108262
0.0,0,0.012992135
1.0,1,0.97150576
0.0,0,0.049273204
1.0,1,0.8758162
1.0,1,0.97985613
1.0,0,0.3444646
1.0,1,0.9698204
0.0,0,0.23257391
1.0,0,0.38767833
1.0,1,0.97368556
1.0,1,0.66239285
0.0,0,0.012713343
1.0,1,0.9600215
0.0,1,0.83606815
0.0,0,0.008010254
1.0,1,0.9786278
0.0,1,0.6020246
0.0,0,0.004831308
1.0,1,0.96612895
0.0,0,0.02632636
1.0,1,0.8119707
0.0,0,0.053782675
1.0,1,0.97774506
0.0,0,0.03277971
0.0,0,0.04940896
0.0,1,0.7109077
1.0,1,0.98058707
1.0,1,0.7748575
0.0,0,0.102658905
0.0,0,0.06658458
0.0,0,0.021235311
0.0,0,0.14798042
1.0,1,0.9031728
0.0,0,0.31661433
0.0,1,0.7847196
0.0,0,0.038321044
1.0,1,0.9678566
1.0,1,0.98147905
1.0,1,0.7689322
1.0,1,0.9739304
0.0,0,0.08574539
1.0,1,0.9807633
0.0,0,0.08420973
0.0,0,0.1927703
1.0,1,0.9326578
1.0,1,0.9816836
1.0,1,0.98110163
1.0,1,0.5191131
0.0,0,0.31059834
1.0,1,0.9340903
0.0,0,0.048067685
0.0,0,0.09049578
0.0,0,0.0020673256
1.0,1,0.97801846
0.0,0,0.30232084
0.0,0,0.077736035
1.0,1,0.6846014
0.0,0,0.34507683
1.0,1,0.9616384
1.0,1,0.97667545
1.0,1,0.9205675
0.0,0,0.02122758
1.0,1,0.96640056
1.0,1,0.8066596
0.0,0,0.32812288
0.0,0,0.30993754
1.0,1,0.8940333
1.0,1,0.87489206
1.0,1,0.9781986
1.0,1,0.9774642
0.0,0,0.19796546
1.0,1,0.8554967
1.0,1,0.5597859
1.0,0,0.08008733
0.0,0,0.022298692
1.0,1,0.96724397
1.0,1,0.96451706
1.0,1,0.9619688
0.0,0,0.0031887114
1.0,1,0.7673808
1.0,1,0.7053319
0.0,0,0.013742514
1.0,1,0.9291378
0.0,0,0.03242095
1.0,1,0.71397936
1.0,1,0.9604145
1.0,1,0.975365
0.0,0,0.017287998
0.0,0,0.011956236
1.0,1,0.9711575
1.0,1,0.72595537
0.0,0,0.01057417
0.0,0,0.02278695
1.0,1,0.986428
1.0,1,0.8975134
1.0,1,0.942244
1.0,1,0.8116286
1.0,1,0.9185542
0.0,0,0.027079752
1.0,1,0.7232026
1.0,1,0.8570039
0.0,0,0.121079616
0.0,0,0.010158971
0.0,0,0.011569084
0.0,0,0.01946591
0.0,1,0.7770946
0.0,0,0.012800504
1.0,1,0.9600559
0.0,0,0.10374095
0.0,0,0.18005373
0.0,1,0.7133465
0.0,0,0.02943564
0.0,0,0.04656524
1.0,1,0.97556853
1.0,1,0.5944463
1.0,0,0.37095436
0.0,0,0.03427983
0.0,0,0.14995056
1.0,1,0.8690586
0.0,0,0.23657285
0.0,1,0.4240794
0.0,1,0.80021
1.0,1,0.97527206
1.0,0,0.4183571
0.0,0,0.019788643
0.0,0,0.15130816
1.0,1,0.98369235
0.0,0,0.002668764
1.0,1,0.82831514
1.0,1,0.96214837
0.0,0,0.004652777
1.0,1,0.98028046
0.0,0,0.13489573
0.0,0,0.019535832
1.0,1,0.93928885
1.0,0,0.05738514
0.0,0,0.2410609
0.0,0,0.037967186
0.0,0,0.0057478677
0.0,0,0.014762726
1.0,1,0.77546674
0.0,0,0.024819441
0.0,1,0.7895198
0.0,0,0.009558619
1.0,1,0.7271733
1.0,1,0.8563427
1.0,1,0.8808687
1.0,1,0.9814073
1.0,1,0.97233105
1.0,1,0.9351633
1.0,1,0.8828154
0.0,0,0.0023457296
0.0,0,0.054801483
0.0,0,0.069106065
1.0,1,0.8165534
0.0,1,0.57853216
1.0,1,0.43719077
1.0,1,0.8315544
0.0,1,0.5455649
1.0,1,0.98089826
0.0,0,0.044443797
0.0,0,0.18829319
0.0,0,0.20934539
0.0,0,0.0018090551
0.0,0,0.012575696
0.0,0,0.014281465
1.0,0,0.18507466
1.0,1,0.96461946
0.0,0,0.0033365292
0.0,0,0.06485303
1.0,1,0.7761493
0.0,0,0.0035006544
1.0,1,0.97801286
0.0,0,0.03961745
0.0,0,0.26533645
0.0,0,0.025313515
0.0,0,0.23313
1.0,1,0.7171153
0.0,0,0.014916169
0.0,0,0.0028933028
1.0,1,0.9079418
0.0,0,0.08449269
1.0,1,0.93828136
1.0,1,0.9742219
0.0,0,0.014550429
0.0,0,0.28796133
0.0,0,0.2966379
0.0,1,0.65128624
0.0,0,0.06688044
0.0,0,0.0022196474
1.0,1,0.9369813
1.0,1,0.96904016
0.0,0,0.011801132
0.0,0,0.07027621
1.0,1,0.9678291
1.0,1,0.9622027
0.0,0,0.022412442
1.0,1,0.98708516
1.0,1,0.8798001
0.0,0,0.41872895
1.0,1,0.72094285
1.0,1,0.9738364
0.0,1,0.8479824
1.0,1,0.76217645
1.0,1,0.9289667
0.0,0,0.20586185
1.0,1,0.96557856
0.0,0,0.016642151
1.0,1,0.96135694
1.0,1,0.8040344
0.0,0,0.014970139
0.0,0,0.009948896
1.0,1,0.9769946
1.0,1,0.9325317
0.0,0,0.14175434
1.0,1,0.7133476
0.0,0,0.16165783
1.0,1,0.9829443
1.0,1,0.9728509
0.0,1,0.9255119
0.0,1,0.7546407
1.0,1,0.9048144
1.0,1,0.9704175
1.0,1,0.9742745
0.0,1,0.5135658
0.0,0,0.056449447
0.0,0,0.0030345053
1.0,1,0.46063718
1.0,1,0.9683472
0.0,1,0.5233841
0.0,1,0.82867503
1.0,1,0.8928923
1.0,1,0.9064733
0.0,0,0.19175296
0.0,1,0.90953505
0.0,0,0.36824062
1.0,1,0.97553825
0.0,0,0.016530966
0.0,1,0.507318
1.0,1,0.9757642
1.0,1,0.9406083
0.0,0,0.05015199
1.0,1,0.98115885
0.0,0,0.15491948
1.0,1,0.9655325
0.0,0,0.07424923
1.0,1,0.9776745
0.0,0,0.12767549
0.0,0,0.1353453
0.0,0,0.16614705
0.0,0,0.0042601177
1.0,1,0.6650549
0.0,0,0.05752072
1.0,1,0.7629362
1.0,1,0.97338265
1.0,1,0.97704834
0.0,0,0.028606612
1.0,1,0.9018157
1.0,1,0.97743344
1.0,0,0.023613716
1.0,1,0.9842959
0.0,1,0.5628853
0.0,0,0.20648219
0.0,0,0.015153442
0.0,0,0.02726994
1.0,1,0.62552154
0.0,0,0.33010823
1.0,1,0.9823493
0.0,0,0.05187997
0.0,0,0.0011645843
1.0,1,0.9835801
0.0,0,0.025974069
1.0,1,0.77985036
0.0,0,0.17627907
1.0,1,0.98497844
0.0,1,0.44114345
0.0,0,0.3808433
0.0,0,0.011377892
0.0,0,0.0075054294
0.0,0,0.009146689
0.0,0,0.008905771
1.0,1,0.9445216
1.0,1,0.8934988
1.0,1,0.9723331
0.0,0,0.01744402
1.0,1,0.9504623
1.0,1,0.9838706
0.0,0,0.19246256
0.0,0,0.13195501
1.0,1,0.8886609
1.0,0,0.07145555
1.0,1,0.80779254
1.0,1,0.69982207
0.0,0,0.011258268
0.0,0,0.013094499
0.0,0,0.026938332
0.0,0,0.0013544764
0.0,0,0.023237662
0.0,0,0.14098352
0.0,0,0.016073866
1.0,1,0.80831695
1.0,1,0.9526276
1.0,1,0.97291714
1.0,1,0.97221684
0.0,0,0.0036531463
0.0,1,0.44912255
0.0,0,0.05876566
0.0,0,0.057304304
0.0,0,0.032126304
0.0,0,0.03327963
0.0,0,0.01621633
0.0,0,0.027055306
0.0,0,0.017376656
0.0,0,0.027772876
0.0,1,0.97939146
0.0,0,0.058511343
0.0,0,0.01663573
1.0,1,0.97572994
0.0,0,0.047793712
0.0,0,0.14655913
1.0,1,0.8074744
0.0,0,0.04052763
0.0,0,0.02392614
1.0,1,0.69412845
0.0,0,0.022484895
1.0,1,0.8748927
1.0,1,0.962195
1.0,1,0.9518341
1.0,1,0.9768148
1.0,1,0.9143134
1.0,1,0.5078321
1.0,1,0.75058526
0.0,0,0.031259272
1.0,1,0.97010374
0.0,0,0.02738995
0.0,0,0.18538651
1.0,1,0.623369
1.0,1,0.7795205
1.0,1,0.8438351
0.0,0,0.110175505
0.0,0,0.004871272
1.0,1,0.7775145
0.0,0,0.13718787
0.0,1,0.4422941
0.0,1,0.71289325
0.0,0,0.060766343
0.0,0,0.046307124
0.0,0,0.032704946
0.0,0,0.030090893
1.0,1,0.9093845
0.0,0,0.047398727
1.0,1,0.4626533
0.0,0,0.024788393
1.0,1,0.95011926
1.0,0,0.34808075
0.0,0,0.010607787
0.0,0,0.039760552
1.0,1,0.98399204
1.0,1,0.7585318
0.0,0,0.012624647
0.0,0,0.13526066
0.0,0,0.0072343596
1.0,1,0.7195405
1.0,1,0.9800098
1.0,1,0.9476416
1.0,1,0.95504105
0.0,0,0.0020774412
1.0,1,0.9549943
0.0,0,0.03273122
1.0,1,0.9353208
1.0,1,0.66558385
1.0,1,0.5167052
0.0,0,0.1562122
1.0,1,0.8867809
1.0,1,0.9405714
0.0,0,0.05975959
0.0,0,0.025587305
0.0,0,0.18043931
0.0,0,0.09561563
0.0,0,0.27955306
1.0,0,0.11493021
1.0,1,0.9122435
0.0,0,0.011027458
0.0,0,0.050906524
0.0,0,0.13871084
1.0,1,0.9752982
0.0,1,0.92110723
0.0,0,0.019124305
0.0,0,0.012139596
0.0,0,0.006123638
1.0,1,0.6459979
0.0,0,0.021351725
1.0,1,0.70070434
1.0,1,0.72351396
0.0,0,0.17395288
1.0,1,0.90936846
0.0,0,0.013351666
1.0,1,0.97374326
0.0,0,0.03832633
1.0,1,0.963994
0.0,0,0.047326498
1.0,1,0.96162635
0.0,1,0.83776605
0.0,0,0.0076834946
1.0,1,0.9757477
0.0,0,0.08338358
1.0,1,0.8046811
0.0,0,0.009466489
0.0,0,0.04565161
1.0,1,0.49578077
0.0,0,0.017780805
1.0,1,0.91832554
0.0,1,0.44534406
1.0,1,0.81245637
1.0,1,0.9715938
0.0,0,0.008683002
0.0,0,0.41239554
0.0,1,0.62277
1.0,1,0.64451975
0.0,0,0.016751848
1.0,1,0.9402924
0.0,0,0.0855938
0.0,0,0.0626698
0.0,1,0.60005033
1.0,1,0.9711901
1.0,1,0.9357808
0.0,0,0.2423394
0.0,0,0.37128067
1.0,1,0.7977941
1.0,1,0.8159094
0.0,1,0.85323584
0.0,0,0.24339853
1.0,1,0.5893128
0.0,0,0.07769124
0.0,0,0.4150398
0.0,0,0.011884495
1.0,1,0.9388698
1.0,1,0.74630165
1.0,1,0.59552175
1.0,1,0.6980263
1.0,1,0.85990775
0.0,1,0.6887276
0.0,0,0.028937373
0.0,0,0.0012206092
1.0,1,0.8936414
1.0,1,0.9044836
0.0,1,0.7051904
1.0,0,0.3946558
0.0,0,0.0112404
1.0,1,0.94010234
1.0,1,0.9782065
1.0,1,0.95986897
1.0,1,0.9778193
0.0,0,0.02033347
0.0,0,0.050637104
0.0,0,0.005497746
1.0,1,0.84762937
1.0,1,0.9823455
0.0,0,0.026363244
1.0,1,0.9799979
0.0,0,0.008335298
0.0,0,0.0093348725
0.0,1,0.8411614
0.0,0,0.2867301
1.0,1,0.86597246
1.0,1,0.93024623
1.0,1,0.919655
1.0,1,0.8528614
1.0,1,0.90556246
0.0,0,0.017355446
1.0,1,0.74250126
0.0,0,0.031795308
0.0,0,0.050872367
1.0,1,0.94841814
0.0,0,0.054828756
0.0,0,0.031131487
0.0,0,0.20970485
0.0,0,0.03604407
1.0,1,0.9786265
0.0,1,0.5555015
0.0,1,0.7959707
1.0,1,0.9739575
0.0,0,0.013466349
1.0,1,0.7879614
0.0,0,0.11677344
1.0,1,0.6741549
1.0,1,0.96721417
0.0,0,0.008871844
1.0,1,0.9807047
1.0,1,0.92357457
0.0,0,0.11823875
1.0,1,0.7940539
0.0,0,0.019017084
1.0,1,0.95409954
1.0,0,0.26731396
0.0,0,0.008729491
1.0,1,0.8073603
1.0,1,0.9493894
0.0,0,0.12532477
0.0,0,0.0014427335
0.0,0,0.0037533843
0.0,1,0.44914716
0.0,0,0.016291494
0.0,1,0.8243511
1.0,1,0.9308531
0.0,0,0.22715689
0.0,0,0.20766735
0.0,0,0.011522913
0.0,1,0.8020496
1.0,1,0.91339827
0.0,0,0.29892227
1.0,1,0.9705373
0.0,0,0.02927289
0.0,0,0.06352823
1.0,1,0.9164791
0.0,0,0.27241975
1.0,1,0.96892
0.0,0,0.02159082
1.0,1,0.5948534
1.0,1,0.9536654
1.0,1,0.935018
1.0,1,0.9471638
0.0,0,0.25189623
0.0,0,0.028126353
1.0,1,0.9212395
1.0,1,0.9844547
0.0,0,0.060904082
0.0,0,0.013976689
1.0,1,0.8921197
1.0,1,0.9619833
1.0,1,0.97773916
0.0,0,0.04862521
1.0,1,0.9172309
0.0,0,0.24806428
0.0,0,0.046699032
0.0,0,0.061737627
0.0,0,0.08430718
0.0,0,0.039106272
0.0,0,0.01895988
1.0,1,0.8754889
1.0,1,0.931013
1.0,1,0.9427999
0.0,0,0.03105672
0.0,0,0.038335335
0.0,0,0.024960764
1.0,1,0.80324495
0.0,1,0.48145506
0.0,0,0.009875878
1.0,1,0.95513946
1.0,1,0.9554222
0.0,0,0.024169637
1.0,1,0.94529736
1.0,1,0.7343822
0.0,0,0.26992533
1.0,1,0.93391734
0.0,0,0.022004684
0.0,0,0.1661101
1.0,1,0.9713928
0.0,0,0.015564765
1.0,0,0.1536481
0.0,1,0.57636094
1.0,1,0.6339569
1.0,1,0.90267384
1.0,1,0.9539516
1.0,1,0.93965364
1.0,1,0.6594364
0.0,0,0.049228158
1.0,1,0.7145417
0.0,0,0.1383109
0.0,0,0.021453498
0.0,0,0.26246646
1.0,1,0.95871156
0.0,0,0.007261599
0.0,0,0.039439615
1.0,1,0.5823139
0.0,1,0.9733672
0.0,0,0.09071505
1.0,1,0.9641586
1.0,1,0.93318266
1.0,1,0.91002226
0.0,0,0.026622392
1.0,1,0.9701272
1.0,1,0.8611396
1.0,1,0.9832728
0.0,0,0.01965574
1.0,1,0.5808239
1.0,1,0.9185397
0.0,1,0.796177
0.0,1,0.9041559
1.0,1,0.77180445
0.0,0,0.06303493
1.0,1,0.94454426
0.0,0,0.025562372
1.0,1,0.9760781
1.0,1,0.74731797
1.0,1,0.9807718
0.0,0,0.009195209
1.0,0,0.32241994
1.0,1,0.9824493
0.0,0,0.003943232
1.0,1,0.98270357
0.0,1,0.5735248
0.0,0,0.005026642
0.0,0,0.012879427
1.0,1,0.8110779
1.0,1,0.9505786
1.0,1,0.9527166
0.0,1,0.6663296
1.0,1,0.92055845
0.0,0,0.15655626
1.0,1,0.68844664
1.0,1,0.5234901
1.0,1,0.7882596
1.0,1,0.96247756
1.0,1,0.87363565
1.0,0,0.164514
1.0,1,0.97450626
0.0,0,0.03003946
0.0,0,0.0756175
0.0,0,0.068699956
0.0,1,0.6868805
1.0,1,0.9369327
0.0,0,0.114896275
0.0,0,0.10820474
1.0,1,0.6480477
0.0,0,0.026392428
0.0,0,0.3779827
1.0,1,0.9064263
1.0,1,0.9173449
0.0,0,0.17482346
1.0,1,0.979064
0.0,0,0.024753386
0.0,0,0.31549188
1.0,1,0.9493907
1.0,1,0.8873912
1.0,1,0.97615093
1.0,1,0.9764333
1.0,1,0.9037111
0.0,0,0.2983816
1.0,1,0.93288213
0.0,0,0.1125446
0.0,0,0.0064400113
0.0,1,0.6079056
1.0,1,0.9573689
1.0,0,0.3226932
1.0,1,0.8894095
1.0,1,0.90469086
0.0,0,0.028933361
0.0,0,0.07454956
1.0,1,0.9814857
0.0,0,0.12965004
1.0,1,0.97763985
0.0,0,0.012123236
1.0,1,0.97933716
1.0,1,0.8912102
1.0,1,0.91284215
1.0,1,0.92540795
0.0,0,0.007521914
1.0,1,0.9534741
0.0,0,0.025188087
0.0,0,0.08999841
0.0,0,0.10213621
1.0,1,0.9268255
0.0,0,0.33827728
0.0,0,0.007615615
0.0,0,0.32257184
1.0,1,0.8144657
1.0,1,0.9479498
1.0,1,0.79972744
0.0,0,0.090314955
0.0,0,0.011105599
1.0,1,0.9739914
1.0,1,0.47712606
1.0,1,0.9334091
1.0,0,0.3788267
0.0,0,0.014025193
0.0,0,0.08636809
1.0,1,0.60314953
1.0,1,0.9751352
0.0,0,0.027982427
1.0,1,0.95247704
1.0,1,0.9124404
0.0,0,0.26580492
0.0,0,0.007492198
0.0,1,0.49934143
1.0,1,0.8241348
0.0,0,0.05187055
0.0,0,0.023078045
0.0,0,0.07846719
1.0,1,0.9744284
0.0,0,0.020677196
0.0,1,0.69901276
1.0,1,0.90919936
1.0,1,0.97999233
0.0,1,0.97413874
0.0,0,0.0043234844
0.0,0,0.005238522
0.0,0,0.011603847
0.0,0,0.084511794
1.0,1,0.9637164
1.0,1,0.96184486
1.0,1,0.9742946
1.0,1,0.96979904
0.0,0,0.008072425
0.0,1,0.42838338
0.0,0,0.03168875
0.0,1,0.8769398
1.0,1,0.982629
0.0,0,0.31588233
1.0,1,0.97998387
1.0,0,0.41056204
1.0,1,0.5100225
1.0,1,0.984482
1.0,1,0.95418817
1.0,1,0.93312037
0.0,0,0.00888878
1.0,1,0.95626444
1.0,1,0.91198975
1.0,1,0.93648326
0.0,0,0.014192779
0.0,0,0.1496456
1.0,1,0.98034537
0.0,0,0.040465135
0.0,0,0.026621785
0.0,0,0.32075408
1.0,1,0.9699812
1.0,1,0.9844114
0.0,0,0.11936061
0.0,0,0.011123949
1.0,0,0.2587816
1.0,1,0.8395237
1.0,0,0.2702873
1.0,1,0.77725035
1.0,1,0.9777532
1.0,0,0.23276901
0.0,0,0.025865357
0.0,0,0.011911874
1.0,1,0.975919
1.0,1,0.5654501
0.0,1,0.604321
1.0,1,0.8079018
0.0,1,0.5618625
0.0,0,0.05714033
1.0,1,0.95311546
1.0,1,0.9602304
0.0,0,0.07522073
1.0,1,0.9837561
0.0,1,0.75862324
0.0,0,0.004394234
1.0,1,0.9655454
1.0,1,0.9450097
1.0,1,0.9743866
1.0,1,0.9434569
1.0,1,0.9410078
1.0,1,0.982652
0.0,0,0.38364393
1.0,1,0.87384486
0.0,0,0.27098915
1.0,1,0.83084226
1.0,1,0.9742581
0.0,0,0.02568965
0.0,0,0.025617292
1.0,1,0.8153056
1.0,1,0.93981886
0.0,0,0.015618892
1.0,1,0.6671488
1.0,1,0.85602134
0.0,0,0.006206302
1.0,1,0.8097652
1.0,1,0.95114386
1.0,1,0.98165935
1.0,1,0.7824576
0.0,0,0.03633479
1.0,1,0.9246823
1.0,1,0.85670793
0.0,1,0.79205924
1.0,1,0.976595
1.0,1,0.96055603
1.0,1,0.974945
0.0,0,0.017769668
1.0,0,0.19850387
0.0,0,0.046581686
1.0,1,0.9572307
0.0,0,0.014095426
0.0,0,0.2700782
0.0,0,0.033916198
1.0,1,0.973034
1.0,1,0.7164858
0.0,0,0.24021068
0.0,0,0.012470254
1.0,1,0.626545
1.0,1,0.87947387
0.0,0,0.060948152
1.0,1,0.7864274
0.0,0,0.019359022
1.0,1,0.6661359
1.0,0,0.31716788
1.0,1,0.881645
0.0,0,0.23186146
1.0,1,0.9148081
1.0,1,0.5968746
1.0,1,0.9777975
1.0,1,0.961003
1.0,1,0.98220265
1.0,1,0.97281563
1.0,1,0.88816524
0.0,0,0.35435086
0.0,0,0.110246554
1.0,1,0.7456153
0.0,0,0.026293164
0.0,0,0.28969342
0.0,0,0.010134176
0.0,0,0.03235808
1.0,1,0.9639998
1.0,1,0.8981848
1.0,1,0.80220133
0.0,0,0.011193468
1.0,1,0.9397674
1.0,1,0.97075236
0.0,0,0.019227173
0.0,1,0.44919923
0.0,0,0.012302431
1.0,1,0.8212271
1.0,0,0.27625033
1.0,1,0.855775
1.0,1,0.7156724
0.0,0,0.10980096
0.0,0,0.00088304165
1.0,1,0.4734998
1.0,1,0.98083764
0.0,0,0.25441995
0.0,0,0.009933052
1.0,1,0.7653709
0.0,0,0.12469721
1.0,1,0.9787545
0.0,1,0.59047484
1.0,1,0.7806898
0.0,0,0.013687784
0.0,0,0.30783463
0.0,0,0.031017559
0.0,1,0.5703384
0.0,0,0.1176726
1.0,1,0.7194911
1.0,1,0.85951555
0.0,0,0.24611697
0.0,0,0.003188752
1.0,1,0.8583016
1.0,1,0.93442184
0.0,0,0.038066946
0.0,0,0.024397925
1.0,1,0.9657733
1.0,1,0.95821196
1.0,1,0.97604555
0.0,0,0.0061557186
1.0,1,0.9806181
1.0,1,0.97082335
1.0,1,0.9121689
0.0,0,0.018759398
0.0,0,0.010136334
0.0,0,0.07014407
1.0,1,0.6861336
0.0,0,0.011797535
0.0,0,0.07527647
0.0,0,0.008031778
1.0,1,0.9766473
0.0,0,0.007299339
0.0,0,0.22704624
1.0,1,0.7997551
0.0,0,0.027764585
0.0,0,0.041682813
1.0,1,0.8533637
0.0,1,0.73835194
0.0,0,0.025800187
1.0,1,0.9824023
0.0,0,0.00047042314
1.0,1,0.9259728
0.0,0,0.07609527
1.0,1,0.96080714
1.0,1,0.91768175
1.0,1,0.8797693
0.0,0,0.39187387
0.0,0,0.09013811
1.0,1,0.979247
0.0,0,0.06868528
1.0,1,0.85212874
0.0,0,0.011222173
0.0,0,0.0012831852
0.0,0,0.10246479
1.0,1,0.9624658
0.0,0,0.022874938
0.0,0,0.19792497
0.0,1,0.6958248
1.0,1,0.97356
0.0,1,0.6635861
0.0,0,0.25078192
0.0,0,0.018737027
0.0,0,0.0034475697
0.0,0,0.004461292
0.0,0,0.06096043
0.0,0,0.0034166877
1.0,1,0.9716664
0.0,0,0.109973066
1.0,1,0.97460824
1.0,1,0.9644401
1.0,1,0.8926458
0.0,0,0.026714817
0.0,1,0.65446544
0.0,0,0.024746856
1.0,1,0.4555042
0.0,0,0.060363464
1.0,0,0.2082357
0.0,0,0.092958786
1.0,1,0.97709
1.0,1,0.96519226
0.0,1,0.88327634
1.0,1,0.89933145
1.0,1,0.93736935
1.0,0,0.40350786
0.0,0,0.0062298975
0.0,0,0.04472978
0.0,0,0.033651814
1.0,1,0.6174201
1.0,1,0.9594116
0.0,0,0.090555534
1.0,0,0.1519552
1.0,1,0.98303527
0.0,0,0.0041389395
0.0,1,0.86338264
0.0,0,0.0018173245
1.0,1,0.7980573
1.0,1,0.9680836
0.0,0,0.013640491
1.0,1,0.77068275
0.0,0,0.20608164
0.0,1,0.9471835
0.0,0,0.009842916
1.0,1,0.8331479
0.0,1,0.7944412
0.0,0,0.057899635
0.0,0,0.013662154
0.0,0,0.016547542
0.0,0,0.19668734
1.0,1,0.79956657
0.0,0,0.009629541
1.0,1,0.97231215
1.0,1,0.96938
1.0,1,0.93927634
0.0,0,0.019249108
1.0,1,0.82948995
0.0,0,0.07168311
0.0,1,0.8424896
1.0,1,0.9732334
0.0,0,0.05364812
1.0,1,0.9842522
0.0,0,0.21545018
0.0,0,0.0020863186
1.0,1,0.9363238
0.0,0,0.008495993
0.0,0,0.0073059625
1.0,1,0.9360566
1.0,1,0.9817998
0.0,0,0.011003775
1.0,1,0.90097594
0.0,0,0.013713545
1.0,0,0.37731764
1.0,1,0.8146814
1.0,1,0.8540381
1.0,1,0.86527526
0.0,1,0.820825
0.0,0,0.01595558
0.0,1,0.8381539
0.0,0,0.0963308
0.0,0,0.010299792
1.0,1,0.97815025
1.0,1,0.7924324
0.0,0,0.0035313799
1.0,1,0.5311992
1.0,1,0.7037381
1.0,1,0.49806356
0.0,0,0.02161564
1.0,1,0.97721916
1.0,1,0.98510385
0.0,0,0.07972277
0.0,0,0.10940444
1.0,1,0.9026548
1.0,1,0.7546145
1.0,1,0.8735197
1.0,1,0.6796206
0.0,0,0.006455398
1.0,1,0.97989917
1.0,1,0.8210804
0.0,0,0.16739044
1.0,1,0.8475412
1.0,1,0.9483465
0.0,0,0.016025312
1.0,1,0.93294984
0.0,0,0.0072551803
1.0,1,0.88374364
0.0,0,0.003602528
1.0,1,0.8073961
0.0,0,0.1094537
0.0,0,0.026251826
1.0,1,0.8898982
1.0,1,0.97827995
0.0,0,0.023556404
0.0,0,0.0893079
1.0,1,0.8159469
0.0,0,0.04821877
1.0,1,0.9592888
1.0,1,0.93032
0.0,0,0.014649414
0.0,0,0.3615063
0.0,0,0.29545483
1.0,1,0.65824604
0.0,0,0.00446589
1.0,1,0.93170506
0.0,0,0.02321504
0.0,1,0.9217495
1.0,1,0.4481713
1.0,1,0.9639726
0.0,1,0.7035327
0.0,0,0.23801747
0.0,0,0.024166927
0.0,0,0.10510052
1.0,1,0.9671072
0.0,0,0.09497485
0.0,0,0.018661205
0.0,0,0.3171627
0.0,0,0.01035997
0.0,1,0.75256735
1.0,1,0.93403363
1.0,1,0.9749723
1.0,1,0.9836639
1.0,1,0.6573408
0.0,0,0.012429086
0.0,0,0.30140802
0.0,0,0.00528732
1.0,1,0.7839623
0.0,0,0.010324553
1.0,1,0.88688916
1.0,1,0.9729862
0.0,0,0.004996094
1.0,1,0.8926099
1.0,0,0.3860343
1.0,1,0.9836794
0.0,0,0.007591332
1.0,1,0.9376575
1.0,1,0.66486657
1.0,1,0.9034143
1.0,1,0.88681364
0.0,0,0.17874207
0.0,0,0.0037647234
1.0,1,0.8768451
1.0,1,0.93714714
0.0,0,0.010173494
1.0,1,0.69256
1.0,1,0.80681515
0.0,1,0.6464484
0.0,0,0.029343085
0.0,0,0.3173482
0.0,0,0.11398893
1.0,1,0.5447633
1.0,1,0.83534604
0.0,0,0.0074383114
0.0,0,0.04196777
0.0,0,0.01648614
1.0,1,0.81551486
1.0,1,0.9498341
0.0,0,0.13698003
0.0,0,0.06333273
0.0,0,0.25528398
0.0,1,0.44304097
0.0,0,0.3685139
0.0,0,0.046170585
0.0,0,0.020754697
1.0,1,0.9585435
1.0,1,0.8034465
0.0,0,0.11339326
1.0,1,0.8440244
0.0,1,0.4402818
1.0,1,0.96602595
1.0,1,0.88757175
1.0,1,0.9272451
1.0,1,0.79698193
1.0,1,0.95044816
1.0,1,0.7986032
0.0,0,0.01711177
0.0,1,0.4387038
1.0,1,0.8650512
1.0,1,0.4977873
1.0,1,0.9795956
1.0,1,0.9780383
0.0,0,0.1227578
1.0,1,0.9580037
0.0,0,0.05222656
1.0,1,0.9702283
1.0,1,0.9734379
1.0,1,0.95754737
0.0,0,0.35091206
1.0,1,0.8408065
0.0,0,0.13979241
1.0,1,0.98451525
0.0,0,0.03486339
0.0,0,0.27125198
1.0,1,0.98861545
1.0,1,0.9395423
0.0,0,0.041191593
0.0,0,0.13122126
1.0,1,0.90699005
0.0,0,0.04075683
0.0,0,0.021928232
0.0,0,0.08764484
1.0,1,0.98778147
1.0,1,0.9632474
0.0,0,0.09584735
1.0,1,0.8987967
1.0,1,0.9577955
1.0,1,0.8053266
0.0,0,0.044261433
0.0,0,0.01062429
1.0,1,0.50077784
1.0,1,0.772842
0.0,0,0.031203775
0.0,0,0.028094422
1.0,1,0.91078156
1.0,1,0.9451466
1.0,1,0.973616
0.0,0,0.061338983
1.0,1,0.75171584
0.0,0,0.033377316
0.0,0,0.02669197
1.0,1,0.56284076
1.0,1,0.82319796
0.0,0,0.05068302
1.0,1,0.9753871
1.0,1,0.97492087
0.0,0,0.01346607
1.0,1,0.66274357
0.0,0,0.016848687
0.0,0,0.0123725105
0.0,1,0.51517946
0.0,0,0.10550219
0.0,1,0.7633944
1.0,1,0.7383392
0.0,0,0.00976481
0.0,0,0.0067477496
0.0,0,0.036935117
0.0,0,0.2416671
0.0,1,0.86237746
0.0,0,0.05741481
1.0,1,0.94799906
0.0,0,0.19166365
0.0,0,0.00218681
1.0,1,0.86559534
0.0,0,0.009322013
0.0,0,0.027553016
1.0,1,0.9522748
1.0,1,0.9732462
1.0,1,0.95095736
0.0,0,0.013313535
0.0,0,0.18303242
0.0,1,0.59456104
0.0,0,0.01070857
1.0,1,0.9744923
0.0,0,0.0022056722
0.0,0,0.082087904
0.0,0,0.0071681514
1.0,1,0.97121733
0.0,0,0.09064111
0.0,0,0.024150375
0.0,0,0.14964156
1.0,1,0.8745357
1.0,1,0.89604944
1.0,1,0.8730384
0.0,0,0.29905918
0.0,0,0.1372895
0.0,0,0.0066444254
1.0,1,0.8873903
0.0,0,0.044865057
1.0,1,0.9108293
1.0,1,0.95742273
0.0,0,0.23150693
0.0,0,0.1565918
1.0,1,0.9557688
0.0,0,0.019566773
1.0,0,0.1479352
0.0,0,0.047565855
0.0,0,0.0057370863
1.0,1,0.9220724
0.0,0,0.24103943
1.0,1,0.9754621
0.0,0,0.03176545
0.0,1,0.8284683
0.0,0,0.0373429
1.0,1,0.6609719
0.0,0,0.026691895
0.0,0,0.0016431113
1.0,1,0.8315398
0.0,0,0.21803874
0.0,1,0.75340044
0.0,0,0.32050437
0.0,0,0.003733744
1.0,1,0.96178395
1.0,1,0.56879175
0.0,0,0.30198976
0.0,0,0.07051945
0.0,0,0.03764008
0.0,0,0.03460382
0.0,0,0.0054106195
0.0,0,0.011918902
0.0,0,0.40349817
0.0,0,0.07709867
0.0,0,0.03267419
0.0,0,0.0150110675
0.0,0,0.013037511
1.0,1,0.9564469
0.0,1,0.6991943
0.0,0,0.36828485
0.0,0,0.00705998
1.0,1,0.8366021
1.0,1,0.9812489
0.0,1,0.6202407
1.0,1,0.7943325
0.0,1,0.82121766
0.0,1,0.56881106
0.0,0,0.0019246453
1.0,1,0.9713748
0.0,0,0.009453363
1.0,0,0.397563
0.0,1,0.9201936
0.0,1,0.60321665
0.0,0,0.07119232
0.0,0,0.040724173
0.0,1,0.43445352
1.0,1,0.9812279
0.0,1,0.48543033
1.0,1,0.98183906
0.0,1,0.61154795
1.0,1,0.6322608
1.0,0,0.28656173
0.0,0,0.38032097
1.0,1,0.9812681
1.0,1,0.97883785
0.0,0,0.027397571
0.0,0,0.14121461
1.0,1,0.6657845
0.0,0,0.019265626
0.0,0,0.15135662
0.0,0,0.13285582
1.0,1,0.5849738
1.0,1,0.9779494
1.0,1,0.9750694
1.0,1,0.9392325
1.0,1,0.89295083
0.0,0,0.02495025
1.0,1,0.5284064
0.0,0,0.022609735
1.0,1,0.95768803
1.0,1,0.9826975
1.0,1,0.6713765
1.0,1,0.79657924
0.0,0,0.080743775
1.0,1,0.9879317
1.0,1,0.9736277
0.0,1,0.43545496
0.0,1,0.76713043
1.0,1,0.97302073
1.0,1,0.9800863
0.0,1,0.77514267
1.0,0,0.3260686
1.0,1,0.93417084
0.0,0,0.028425995
0.0,1,0.75149655
0.0,0,0.023011547
0.0,1,0.49987096
0.0,0,0.06507133
0.0,1,0.80855525
1.0,1,0.73663175
1.0,1,0.9834537
0.0,0,0.012389424
0.0,0,0.024916386
0.0,0,0.009309959
0.0,0,0.054522574
1.0,1,0.9649645
1.0,1,0.87428087
0.0,0,0.39996308
1.0,1,0.88285434
0.0,0,0.23076066
1.0,1,0.9697522
0.0,0,0.23203644
1.0,1,0.84574944
0.0,0,0.321153
0.0,0,0.017856572
0.0,0,0.0161382
1.0,1,0.93757564
1.0,1,0.96352845
1.0,1,0.88152933
0.0,0,0.26409605
0.0,0,0.1310638
0.0,0,0.020015923
0.0,0,0.1426505
0.0,0,0.037080795
1.0,1,0.9759805
0.0,0,0.052567273
0.0,1,0.5854683
0.0,0,0.2224677
0.0,1,0.9174447
0.0,0,0.2912175
0.0,0,0.024872718
1.0,1,0.9276693
0.0,0,0.03134262
1.0,1,0.7684796
1.0,1,0.75452125
1.0,1,0.84142894
1.0,1,0.9733974
1.0,1,0.77140355
1.0,1,0.9713963
1.0,1,0.9013425
0.0,0,0.095754795
1.0,1,0.9726847
1.0,1,0.8708225
0.0,1,0.51126707
1.0,1,0.85080034
0.0,0,0.0076329513
0.0,0,0.17997696
1.0,1,0.96748495
1.0,1,0.98079324
1.0,1,0.8783648
0.0,0,0.17979656
0.0,0,0.019772848
1.0,1,0.96404976
1.0,1,0.9465293
1.0,1,0.9661982
1.0,1,0.46624675
1.0,1,0.9678333
1.0,1,0.9718381
1.0,1,0.9408964
0.0,0,0.065688655
1.0,1,0.87888813
0.0,0,0.102227345
0.0,1,0.5522815
0.0,0,0.027497958
1.0,1,0.9351102
0.0,1,0.5645677
0.0,0,0.013969871
0.0,0,0.11430964
0.0,0,0.006052181
1.0,0,0.062831335
1.0,1,0.65983987
0.0,0,0.17208649
0.0,0,0.054443963
0.0,0,0.012003064
0.0,1,0.47212818
0.0,0,0.35976183
0.0,0,0.04076813
0.0,0,0.100439526
1.0,1,0.9092814
0.0,0,0.01264371
0.0,0,0.01602695
1.0,1,0.7167884
1.0,1,0.9373983
1.0,1,0.97743326
0.0,0,0.06895375
1.0,1,0.68394697
1.0,1,0.68798864
1.0,1,0.97117066
1.0,1,0.9329741
0.0,1,0.96143407
0.0,0,0.013787452
1.0,1,0.9784993
0.0,0,0.037394457
0.0,0,0.033097543
1.0,1,0.69823605
1.0,0,0.31297818
0.0,0,0.3675722
1.0,1,0.54376626
0.0,0,0.39743897
1.0,1,0.96498394
1.0,1,0.7758678
1.0,0,0.029998353
1.0,1,0.8770251
1.0,1,0.51356804
0.0,0,0.020167595
1.0,1,0.9536174
0.0,0,0.17447384
1.0,1,0.96547353
0.0,0,0.055860702
0.0,0,0.008018249
1.0,1,0.42126164
1.0,1,0.968241
1.0,1,0.67922777
0.0,1,0.54945016
0.0,1,0.6025721
1.0,1,0.9092798
0.0,0,0.00970218
0.0,0,0.05960936
1.0,1,0.9760764
1.0,1,0.7509613
1.0,1,0.80314064
0.0,0,0.067749545
1.0,1,0.98197603
1.0,1,0.9813967
0.0,0,0.24730694
1.0,1,0.80739415
1.0,1,0.97876
0.0,0,0.008292225
0.0,0,0.029981377
0.0,0,0.04425055
0.0,1,0.4432793
1.0,1,0.95908105
0.0,0,0.0024054847
0.0,0,0.023055833
1.0,1,0.9775954
0.0,0,0.041024063
0.0,0,0.008710683
0.0,0,0.019156892
0.0,0,0.39962044
1.0,1,0.9867098
1.0,1,0.9324753
1.0,1,0.95747286
1.0,1,0.9778847
1.0,1,0.90218955
1.0,0,0.23910308
1.0,1,0.50766474
1.0,1,0.9442289
1.0,1,0.9270824
1.0,0,0.08062152
1.0,1,0.5992174
1.0,1,0.9750985
0.0,0,0.023118658
0.0,0,0.07634687
0.0,0,0.011665403
1.0,1,0.47419518
0.0,0,0.019322494
1.0,1,0.4997319
1.0,1,0.96348274
0.0,0,0.024408657
0.0,0,0.024105951
0.0,0,0.016661447
1.0,1,0.94775236
1.0,0,0.40254626
0.0,0,0.27507928
0.0,1,0.91960657
0.0,0,0.026170677
1.0,1,0.87090254
1.0,0,0.39858595
0.0,1,0.54173446
0.0,0,0.34582776
0.0,0,0.010233195
1.0,1,0.9185336
1.0,1,0.9646044
1.0,1,0.88522804
1.0,1,0.92119384
1.0,1,0.93410856
0.0,0,0.28609905
0.0,0,0.069894455
0.0,0,0.031726416
0.0,0,0.03202937
0.0,0,0.041256465
1.0,1,0.7560386
0.0,0,0.06740873
0.0,0,0.04091703
1.0,1,0.97257423
1.0,1,0.9468691
0.0,0,0.06395829
0.0,0,0.0062781516
0.0,0,0.0011473092
0.0,0,0.016966006
0.0,0,0.010162203
1.0,0,0.26145962
0.0,0,0.023444137
1.0,1,0.96747214
1.0,1,0.95634764
0.0,0,0.005923211
0.0,0,0.010831372
1.0,1,0.83045673
1.0,1,0.9410936
1.0,1,0.9839079
1.0,1,0.5017488
0.0,0,0.033913676
0.0,0,0.018861242
1.0,1,0.8413126
1.0,1,0.76305723
0.0,0,0.16169702
0.0,0,0.008238392
0.0,0,0.006229446
0.0,0,0.37272057
1.0,1,0.97277373
0.0,0,0.006712552
0.0,0,0.022569181
1.0,1,0.93881243
1.0,1,0.5226973
0.0,1,0.7394556
0.0,0,0.05354841
1.0,1,0.9661533
1.0,1,0.8450707
0.0,0,0.017200489
1.0,1,0.76759404
1.0,1,0.95182717
1.0,1,0.9652022
0.0,0,0.18363528
1.0,1,0.97248274
0.0,0,0.19533707
1.0,1,0.980795
1.0,1,0.9845185
0.0,0,0.10558701
0.0,0,0.0033773312
1.0,1,0.959625
0.0,0,0.018364856
1.0,1,0.97924966
0.0,1,0.9713298
1.0,1,0.9310301
0.0,0,0.074348606
0.0,0,0.016670361
1.0,1,0.9335998
0.0,0,0.035424232
0.0,0,0.0022075714
0.0,0,0.16519119
1.0,1,0.87951547
0.0,0,0.019456767
0.0,0,0.0076379473
1.0,1,0.5584655
0.0,0,0.024896538
0.0,0,0.12928748
1.0,1,0.9658227
1.0,0,0.123203814
0.0,0,0.0113176275
0.0,0,0.093620524
1.0,1,0.9388131
0.0,0,0.017534167
1.0,1,0.80166703
1.0,0,0.33929792
0.0,0,0.005792119
0.0,1,0.58133924
0.0,0,0.007135661
0.0,0,0.018268466
1.0,1,0.9177369
1.0,1,0.57379884
0.0,0,0.17048159
1.0,1,0.52610445
0.0,0,0.2596438
0.0,0,0.100782365
1.0,1,0.8130596
1.0,1,0.9743424
0.0,0,0.0029354626
1.0,1,0.7787082
1.0,1,0.7601955
1.0,1,0.671244
0.0,0,0.024532009
0.0,1,0.6180005
1.0,1,0.93776023
0.0,1,0.5990236
0.0,0,0.10796175
1.0,1,0.97856146
1.0,1,0.9350271
0.0,0,0.18490028
0.0,0,0.01723045
1.0,1,0.980812
0.0,0,0.0018720761
1.0,1,0.96828336
0.0,0,0.056085907
1.0,1,0.98445255
1.0,1,0.96105474
0.0,0,0.031180874
1.0,1,0.94554037
1.0,1,0.9824605
0.0,1,0.88500476
0.0,0,0.0028960141
0.0,0,0.1253714
0.0,0,0.04488812
1.0,1,0.9639109
0.0,1,0.76874936
0.0,0,0.053009175
0.0,0,0.048050236
1.0,1,0.9447518
0.0,0,0.017083805
0.0,0,0.1133183
0.0,0,0.008248071
1.0,1,0.95777714
1.0,1,0.80458176
1.0,1,0.96748227
1.0,1,0.5202631
1.0,1,0.9813328
0.0,0,0.008859628
1.0,1,0.97951037
1.0,1,0.95253044
0.0,0,0.007291338
1.0,1,0.6337863
1.0,1,0.95710915
1.0,1,0.92480177
0.0,1,0.44491136
1.0,1,0.8472283
0.0,1,0.53763664
0.0,0,0.107254505
0.0,0,0.11720549
1.0,1,0.81299657
1.0,1,0.8250587
0.0,0,0.25435448
0.0,0,0.16214734
1.0,1,0.9695699
1.0,1,0.75268614
0.0,0,0.107907966
1.0,1,0.9453041
1.0,1,0.9672025
0.0,1,0.6121207
1.0,1,0.95366406
1.0,1,0.840842
0.0,0,0.0030461256
0.0,0,0.018297585
1.0,1,0.9592788
0.0,0,0.014187477
1.0,1,0.82074213
0.0,1,0.6891887
1.0,1,0.93303597
0.0,0,0.012897784
0.0,0,0.25937676
1.0,1,0.89288855
0.0,0,0.071993396
1.0,1,0.9299211
0.0,0,0.01713803
1.0,1,0.93605614
0.0,1,0.57919365
0.0,1,0.5723207
0.0,0,0.1283384
0.0,0,0.005784427
1.0,0,0.36703187
1.0,1,0.8824351
0.0,0,0.0009497925
0.0,0,0.031572763
0.0,0,0.018143127
1.0,1,0.97034097
1.0,1,0.8532215
0.0,0,0.27702412
0.0,0,0.014500909
0.0,0,0.20102753
1.0,1,0.8282187
0.0,0,0.028943088
0.0,0,0.013726391
1.0,1,0.9666719
1.0,1,0.8532089
1.0,1,0.7469331
1.0,1,0.94949573
1.0,1,0.9828052
0.0,0,0.00924903
0.0,0,0.022384513
0.0,0,0.022273386
0.0,0,0.003451046
1.0,1,0.98091644
1.0,1,0.8472824
0.0,0,0.04097722
1.0,1,0.8411219
0.0,0,0.010442697
1.0,1,0.97886467
1.0,1,0.75090945
0.0,0,0.025497662
1.0,1,0.8777978
0.0,0,0.078428164
0.0,0,0.023472076
0.0,0,0.0019514164
0.0,1,0.76896954
1.0,1,0.93429816
1.0,0,0.23090221
1.0,1,0.9012604
0.0,1,0.78325874
0.0,0,0.35884145
0.0,0,0.026456872
1.0,1,0.9043356
1.0,1,0.80753523
1.0,1,0.9134416
1.0,1,0.9648352
0.0,1,0.55069995
1.0,1,0.9379047
1.0,1,0.95580894
0.0,0,0.021640142
0.0,0,0.0758945
1.0,1,0.9028842
1.0,1,0.96881104
1.0,1,0.6850617
0.0,0,0.012619712
0.0,0,0.03943232
0.0,0,0.008161246
0.0,0,0.2183345
0.0,0,0.21395123
0.0,0,0.013418983
1.0,1,0.97073746
0.0,0,0.00602746
1.0,1,0.66129845
0.0,0,0.01336345
1.0,1,0.7893722
1.0,1,0.8460056
1.0,1,0.8894172
0.0,0,0.18621826
1.0,1,0.9688966
1.0,1,0.9723557
1.0,1,0.9424883
0.0,0,0.25236386
0.0,0,0.32209274
0.0,0,0.03396779
0.0,0,0.020822076
0.0,0,0.30762622
1.0,1,0.7170725
1.0,1,0.93498635
1.0,1,0.84711784
1.0,1,0.93906933
1.0,1,0.92183733
0.0,0,0.0780734
0.0,1,0.8240918
1.0,1,0.9118744
0.0,0,0.044841383
1.0,1,0.94412863
1.0,1,0.9800054
0.0,1,0.78937507
1.0,1,0.96906126
1.0,1,0.980989
0.0,0,0.040890127
0.0,0,0.39195842
0.0,0,0.049181156
1.0,1,0.85412824
0.0,0,0.08070253
1.0,1,0.9595185
1.0,1,0.8248193
1.0,1,0.96611583
0.0,0,0.28477356
0.0,1,0.8682688
0.0,0,0.040272184
1.0,1,0.9827615
0.0,1,0.45977145
1.0,1,0.9083993
0.0,1,0.5886762
1.0,1,0.9797637
1.0,1,0.84755397
1.0,1,0.94369286
0.0,0,0.0033041728
0.0,1,0.5277395
0.0,0,0.015910884
0.0,1,0.50386465
1.0,1,0.96395534
1.0,1,0.954511
1.0,1,0.9615443
0.0,1,0.5562413
1.0,1,0.9819288
0.0,0,0.3110881
1.0,1,0.6342079
1.0,1,0.97721285
1.0,1,0.92211795
0.0,0,0.271874
0.0,0,0.24809283
0.0,1,0.48044267
1.0,1,0.8087129
1.0,1,0.90825063
0.0,1,0.44114023
1.0,1,0.97563607
1.0,1,0.84805787
1.0,1,0.9203572
1.0,1,0.951149
1.0,0,0.28460228
0.0,1,0.8557334
0.0,0,0.016942354
1.0,1,0.9853978
0.0,0,0.018317707
0.0,0,0.30478674
1.0,1,0.82627547
0.0,0,0.0061788405
1.0,1,0.9519164
0.0,0,0.14373612
1.0,1,0.9610357
0.0,0,0.08710074
0.0,0,0.11912221
1.0,1,0.88558185
1.0,1,0.98569447
0.0,0,0.01905606
0.0,0,0.113344856
1.0,1,0.93940103
0.0,0,0.090038896
0.0,0,0.024355263
0.0,0,0.0059769265
1.0,1,0.88544077
0.0,0,0.02102257
1.0,0,0.37117216
0.0,0,0.30857104
1.0,1,0.7860607
0.0,0,0.005584062
0.0,0,0.20994022
1.0,1,0.94808304
0.0,1,0.9383462
1.0,1,0.9744688
1.0,1,0.97660744
0.0,0,0.15537775
0.0,0,0.02652976
0.0,0,0.27545115
1.0,0,0.1273191
1.0,1,0.9157227
1.0,1,0.95582855
1.0,1,0.76618326
1.0,1,0.95414495
1.0,1,0.95074046
0.0,0,0.14934382
0.0,0,0.0068559777
1.0,1,0.9757867
0.0,0,0.12097753
1.0,1,0.8545825
1.0,1,0.96822804
1.0,1,0.9600451
1.0,1,0.734728
0.0,0,0.19266713
1.0,1,0.60112315
1.0,1,0.9752488
0.0,0,0.4098314
1.0,1,0.9760101
1.0,1,0.6037373
0.0,0,0.029980933
1.0,0,0.23295635
1.0,1,0.7826525
0.0,0,0.06553547
1.0,1,0.979655
0.0,1,0.50996405
0.0,1,0.48423088
0.0,0,0.00085927016
0.0,0,0.0057562017
1.0,1,0.86912537
0.0,0,0.035634734
0.0,0,0.23327611
1.0,1,0.9679123
0.0,0,0.17308709
1.0,1,0.47606075
0.0,0,0.17122342
1.0,1,0.9770176
0.0,0,0.3437222
0.0,0,0.109522946
1.0,1,0.97161984
0.0,0,0.00963065
0.0,0,0.05174226
1.0,1,0.5753689
1.0,1,0.92578715
1.0,1,0.83514446
0.0,0,0.00619346
1.0,1,0.8534713
1.0,1,0.9524262
0.0,0,0.012686748
1.0,1,0.9510205
1.0,1,0.8719478
0.0,0,0.004574511
1.0,1,0.9313337
1.0,1,0.98730433
1.0,1,0.9619562
1.0,1,0.98268896
0.0,0,0.007905967
0.0,0,0.003622243
0.0,0,0.025807928
0.0,0,0.022766508
1.0,1,0.79224044
1.0,1,0.8800102
0.0,0,0.0823345
1.0,1,0.9652234
0.0,0,0.03559836
1.0,1,0.96371996
0.0,0,0.010200541
1.0,1,0.9739207
0.0,0,0.06254119
0.0,0,0.0034905474
1.0,1,0.9040602
0.0,0,0.14712957
0.0,0,0.080127046
0.0,0,0.19716723
0.0,0,0.096966766
0.0,0,0.0075192736
0.0,0,0.011333891
1.0,1,0.8553146
0.0,0,0.016836774
1.0,1,0.9864452
0.0,0,0.012553712
0.0,0,0.0038696022
0.0,1,0.49271503
0.0,0,0.0151478
0.0,0,0.06723399
1.0,1,0.9516652
0.0,0,0.2522526
0.0,1,0.789257
0.0,0,0.005522441
1.0,0,0.3603698
1.0,1,0.8325871
0.0,0,0.116401866
1.0,1,0.9511901
0.0,0,0.18303725
0.0,0,0.022239167
0.0,0,0.3011178
0.0,0,0.012445743
1.0,1,0.80886567
0.0,0,0.002576748
0.0,0,0.29309016
1.0,1,0.9269138
1.0,1,0.9755428
0.0,0,0.002752869
0.0,0,0.17113195
0.0,1,0.4227177
0.0,0,0.02331788
0.0,0,0.05882766
1.0,1,0.9744314
0.0,1,0.93159926
0.0,0,0.010881639
1.0,1,0.95274967
0.0,0,0.089216724
0.0,0,0.02917436
1.0,1,0.9711713
1.0,1,0.42153603
1.0,1,0.8690443
1.0,1,0.930657
0.0,0,0.019500062
0.0,0,0.001761795
0.0,0,0.025043618
1.0,1,0.8080913
0.0,0,0.08709918
1.0,1,0.6660127
0.0,1,0.9393057
1.0,1,0.9740989
1.0,0,0.41000736
0.0,0,0.0768603
1.0,1,0.92779714
1.0,1,0.9645394
1.0,1,0.6543796
1.0,1,0.9459355
0.0,0,0.1543333
1.0,1,0.7047885
0.0,0,0.008106682
0.0,0,0.19350965
1.0,1,0.47324795
0.0,0,0.09047403
1.0,1,0.97975194
1.0,1,0.6035381
0.0,0,0.12625793
1.0,1,0.6850604
1.0,1,0.62855685
1.0,1,0.667467
1.0,1,0.96025205
0.0,0,0.06948345
1.0,1,0.894173
1.0,1,0.4600211
1.0,1,0.9340396
0.0,0,0.2693829
0.0,0,0.038844
0.0,1,0.9519333
1.0,1,0.45028445
0.0,0,0.023870679
0.0,0,0.29567158
1.0,1,0.98424554
0.0,0,0.040668275
0.0,1,0.52598727
1.0,1,0.50854754
1.0,1,0.5021771
1.0,1,0.97105134
1.0,1,0.50975907
1.0,1,0.9513237
0.0,0,0.015428521
1.0,1,0.94668597
0.0,0,0.25407487
1.0,1,0.6618368
1.0,1,0.8702138
1.0,1,0.96071106
0.0,0,0.07842386
1.0,1,0.9785838
1.0,1,0.8159031
0.0,0,0.07907681
0.0,0,0.035167165
0.0,0,0.24856927
0.0,0,0.013178296
1.0,1,0.9507337
1.0,1,0.80103946
0.0,0,0.08142377
0.0,0,0.019545197
0.0,0,0.26249164
0.0,0,0.19800228
1.0,1,0.96042764
1.0,1,0.6824011
0.0,0,0.20122123
1.0,1,0.9682893
1.0,1,0.7460457
1.0,1,0.9465145
0.0,0,0.022322925
1.0,1,0.75430185
1.0,1,0.92598766
1.0,1,0.6219551
1.0,1,0.92427135
1.0,1,0.9810414
1.0,1,0.84381926
1.0,1,0.80550635
1.0,1,0.9595345
0.0,0,0.002898324
0.0,0,0.02069149
1.0,1,0.94878715
0.0,1,0.5483364
0.0,1,0.9784371
1.0,1,0.8866881
0.0,0,0.31865615
0.0,0,0.007729944
1.0,1,0.92871016
0.0,0,0.032732088
1.0,1,0.9796419
0.0,0,0.007397221
1.0,1,0.96366954
0.0,1,0.71771383
1.0,1,0.9760248
0.0,0,0.017381722
1.0,1,0.7976382
1.0,1,0.93862945
1.0,1,0.76058316
0.0,0,0.30013573
1.0,1,0.93140393
0.0,0,0.37250057
1.0,1,0.9844271
0.0,0,0.071077384
1.0,1,0.70778465
0.0,0,0.013299868
0.0,0,0.084455036
1.0,1,0.93887067
1.0,1,0.9656315
0.0,0,0.05282875
1.0,1,0.9676049
0.0,0,0.011115351
0.0,0,0.07229524
1.0,1,0.93291634
0.0,0,0.045830168
1.0,1,0.7585154
0.0,0,0.107410274
0.0,0,0.14725968
0.0,1,0.9431319
0.0,0,0.018308286
0.0,0,0.27439567
1.0,1,0.9498857
0.0,0,0.27190033
1.0,1,0.86376023
0.0,0,0.009547311
1.0,0,0.24384905
0.0,0,0.014923178
1.0,0,0.35520017
1.0,1,0.980116
1.0,1,0.87686706
1.0,1,0.87649
0.0,1,0.73793507
1.0,1,0.9845391
0.0,0,0.18898296
0.0,0,0.017376777
0.0,0,0.2929678
1.0,0,0.16799445
0.0,0,0.003932715
1.0,1,0.958913
1.0,1,0.9846163
1.0,1,0.9861345
0.0,0,0.009517644
1.0,1,0.96335745
0.0,0,0.25354332
0.0,0,0.011428729
1.0,1,0.7620113
1.0,1,0.78048784
1.0,1,0.98100513
0.0,0,0.09836711
0.0,0,0.07254748
1.0,1,0.73506653
0.0,0,0.09865006
1.0,1,0.90793294
0.0,1,0.8536572
1.0,1,0.97425807
1.0,1,0.9827311
1.0,1,0.9444458
1.0,1,0.95997524
0.0,0,0.025148783
1.0,1,0.9685379
1.0,1,0.97646123
1.0,1,0.9476348
1.0,1,0.97451144
0.0,0,0.2859177
1.0,1,0.9171994
1.0,1,0.9842459
0.0,0,0.049225483
0.0,0,0.17766172
1.0,1,0.9643324
1.0,1,0.9695075
0.0,0,0.008884965
1.0,0,0.37274152
1.0,1,0.983523
0.0,1,0.45029593
1.0,1,0.93743527
0.0,0,0.050425027
0.0,0,0.1994314
0.0,0,0.013833158
0.0,0,0.0095133325
1.0,1,0.91277736
1.0,1,0.9560368
0.0,0,0.09748563
0.0,0,0.0057877027
1.0,1,0.9616522
0.0,0,0.38562962
0.0,1,0.88057864
0.0,0,0.020619854
1.0,1,0.9586562
1.0,1,0.8981819
1.0,0,0.34585136
1.0,1,0.9455575
1.0,1,0.61141574
1.0,1,0.97070765
1.0,0,0.24971549
1.0,0,0.03253746
1.0,1,0.940243
1.0,1,0.97275805
1.0,1,0.97349787
1.0,1,0.9515598
1.0,1,0.97194666
0.0,0,0.09221699
1.0,1,0.89555085
0.0,0,0.031591266
1.0,1,0.6112803
0.0,0,0.021440562
1.0,1,0.95167816
0.0,0,0.015442334
0.0,0,0.040645182
0.0,0,0.032069843
1.0,1,0.9472753
1.0,1,0.92146146
0.0,1,0.7661489
1.0,1,0.7696048
0.0,0,0.10840932
1.0,1,0.9834507
0.0,0,0.029603457
1.0,1,0.9503188
0.0,1,0.7054002
1.0,1,0.67585397
1.0,1,0.96475786
1.0,1,0.9435712
1.0,1,0.68172765
1.0,1,0.95544815
1.0,1,0.9174565
1.0,1,0.97839344
1.0,1,0.9722285
0.0,0,0.025283756
0.0,0,0.01683192
0.0,1,0.44125712
0.0,0,0.008378805
1.0,1,0.46424302
0.0,0,0.002315525
0.0,0,0.012126656
1.0,1,0.84135437
1.0,1,0.8540391
0.0,1,0.51301545
0.0,0,0.049084496
1.0,1,0.9681838
1.0,1,0.9590361
0.0,1,0.6218655
0.0,0,0.090817325
1.0,1,0.55138266
1.0,1,0.85723615
1.0,1,0.9789862
1.0,1,0.985089
1.0,1,0.96389985
0.0,0,0.06948505
0.0,0,0.017027047
1.0,1,0.97601444
1.0,1,0.96228653
0.0,0,0.13278863
0.0,0,0.0032757479
1.0,0,0.1467147
0.0,0,0.20752022
1.0,1,0.93711114
0.0,0,0.03071449
0.0,0,0.41288203
0.0,0,0.022661751
0.0,0,0.10748207
0.0,0,0.01802013
0.0,0,0.0016997381
1.0,1,0.97657895
1.0,1,0.5860641
0.0,1,0.9765723
1.0,1,0.87457085
1.0,1,0.97213566
1.0,1,0.94598025
0.0,0,0.21754125
0.0,0,0.3940607
1.0,1,0.9861026
1.0,1,0.9825782
0.0,0,0.11590493
1.0,1,0.88514704
0.0,0,0.013009109
1.0,1,0.85415184
1.0,1,0.6442012
0.0,1,0.71739113
1.0,1,0.9223857
1.0,1,0.8893686
0.0,1,0.47517863
0.0,1,0.76231027
0.0,1,0.50583434
1.0,1,0.65217865
1.0,1,0.86308587
1.0,1,0.96466184
1.0,1,0.86639404
1.0,1,0.92232746
0.0,0,0.3255672
0.0,1,0.8139109
0.0,0,0.0024018278
0.0,0,0.012152242
1.0,1,0.5929818
1.0,1,0.96538806
0.0,0,0.029246232
1.0,1,0.9535098
1.0,1,0.7314013
0.0,0,0.031395476
1.0,1,0.76666355
0.0,0,0.08170638
1.0,1,0.9819818
1.0,1,0.9196962
0.0,1,0.7059929
0.0,0,0.012769901
1.0,1,0.98383856
1.0,1,0.9668698
0.0,0,0.072989725
0.0,0,0.004750242
1.0,0,0.41657838
0.0,0,0.31521425
1.0,1,0.9587922
1.0,1,0.544902
0.0,0,0.08055756
0.0,0,0.033107873
0.0,0,0.0515535
0.0,0,0.011877967
0.0,0,0.3490827
0.0,0,0.03834792
1.0,1,0.9862885
0.0,0,0.0937475
0.0,0,0.15878193
1.0,1,0.9799041
1.0,1,0.96057516
0.0,0,0.044946894
1.0,1,0.8800894
0.0,0,0.26066047
0.0,0,0.007405362
1.0,1,0.9068086
0.0,0,0.22177938
1.0,1,0.5499344
0.0,0,0.021009438
1.0,1,0.9445783
1.0,1,0.9566937
0.0,0,0.02347129
1.0,1,0.97646457
0.0,0,0.044209745
1.0,1,0.9559492
0.0,0,0.39091745
1.0,1,0.9110461
0.0,1,0.51111054
0.0,0,0.1736281
0.0,0,0.03281596
1.0,1,0.87307084
1.0,1,0.96739227
0.0,0,0.06845851
0.0,1,0.63444567
1.0,1,0.87588817
0.0,0,0.039676487
1.0,0,0.13786536
1.0,1,0.96214074
0.0,0,0.027741445
1.0,0,0.13085626
1.0,1,0.8268485
1.0,1,0.9004333
0.0,0,0.24041548
1.0,1,0.9647037
0.0,0,0.28582847
1.0,1,0.8662982
0.0,0,0.41080707
0.0,0,0.07857517
0.0,0,0.033417586
1.0,1,0.45031244
0.0,0,0.009899443
1.0,1,0.95403475
1.0,1,0.9461156
1.0,1,0.9564871
0.0,0,0.049059194
0.0,0,0.052566204
1.0,1,0.97591704
0.0,0,0.04284371
1.0,1,0.84090304
1.0,1,0.9702155
1.0,1,0.9651933
0.0,1,0.6255342
1.0,1,0.9409307
0.0,0,0.09755312
0.0,0,0.26446554
0.0,1,0.52293676
1.0,1,0.8575309
0.0,0,0.017966544
1.0,0,0.24294022
0.0,0,0.030241556
0.0,0,0.008385666
0.0,1,0.8909541
0.0,0,0.009673514
1.0,1,0.8940571
0.0,0,0.009020858
0.0,0,0.06837235
0.0,1,0.9457652
1.0,1,0.9072299
0.0,0,0.00602445
0.0,0,0.27285656
0.0,0,0.37024584
1.0,1,0.96983737
0.0,0,0.025780486
0.0,0,0.18699199
1.0,1,0.9622187
0.0,1,0.9659796
0.0,0,0.18666169
1.0,1,0.9656985
0.0,0,0.30583897
1.0,1,0.8527281
0.0,0,0.16559044
0.0,0,0.023465486
1.0,1,0.9553422
0.0,0,0.090190485
0.0,0,0.020628301
0.0,0,0.2828797
0.0,0,0.18668884
0.0,0,0.05006809
1.0,1,0.98287755
1.0,1,0.83179367
0.0,0,0.17361102
1.0,1,0.9493048
0.0,0,0.015757374
1.0,1,0.8941237
1.0,1,0.97812176
0.0,0,0.0035376993
1.0,1,0.8091629
1.0,1,0.84381807
1.0,1,0.9489621
1.0,1,0.80414814
0.0,1,0.51417136
1.0,1,0.67075133
1.0,1,0.9450645
0.0,0,0.00830978
1.0,1,0.8982497
1.0,1,0.9590779
0.0,0,0.04846682
0.0,0,0.0030564943
0.0,0,0.010708746
0.0,0,0.08561229
1.0,1,0.67707324
0.0,0,0.017992863
1.0,1,0.9770298
1.0,1,0.71979046
0.0,0,0.1943079
1.0,1,0.90363574
0.0,0,0.08688278
1.0,1,0.8996911
0.0,0,0.380197
1.0,1,0.8944243
1.0,1,0.9662254
1.0,1,0.9757173
1.0,1,0.9661779
1.0,1,0.9324457
0.0,0,0.09174371
1.0,1,0.9766359
1.0,1,0.8917308
0.0,1,0.4716221
1.0,1,0.9750675
1.0,1,0.9511909
1.0,1,0.84005785
0.0,0,0.11384877
0.0,0,0.0050516804
0.0,0,0.079753675
0.0,0,0.015909467
1.0,1,0.89300203
0.0,0,0.051031422
1.0,1,0.7422799
0.0,0,0.0023023677
0.0,0,0.16863096
1.0,1,0.9480351
1.0,1,0.78370047
0.0,0,0.09190019
0.0,0,0.03404032
1.0,1,0.96358734
0.0,0,0.28858063
0.0,0,0.042909883
0.0,0,0.0068487735
0.0,0,0.09165133
1.0,1,0.94321144
1.0,1,0.7533381
1.0,1,0.9753328
1.0,1,0.96942323
1.0,1,0.9846041
0.0,0,0.07506834
0.0,0,0.024534566
1.0,1,0.7652727
0.0,0,0.22032832
0.0,1,0.78838354
0.0,0,0.00557457
1.0,1,0.97577053
1.0,1,0.9675092
1.0,1,0.9817579
1.0,0,0.3116758
1.0,0,0.34399456
1.0,1,0.7273921
0.0,0,0.23190354
1.0,1,0.7673708
1.0,1,0.9493275
1.0,1,0.96315086
0.0,0,0.005776502
0.0,0,0.024639133
0.0,0,0.017307164
0.0,0,0.052521147
0.0,0,0.115391865
1.0,1,0.92512774
1.0,1,0.7797938
1.0,1,0.79127675
1.0,1,0.9106841
0.0,0,0.016671509
0.0,0,0.03168178
0.0,0,0.3252497
0.0,0,0.032341935
1.0,1,0.97353864
1.0,1,0.9780503
0.0,0,0.017057218
0.0,0,0.15387248
1.0,1,0.8998887
1.0,1,0.9420208
1.0,1,0.96005934
0.0,0,0.007974263
1.0,1,0.9694563
1.0,0,0.14491345
1.0,1,0.83227754
0.0,0,0.019564368
1.0,1,0.7015435
1.0,1,0.9795264
0.0,0,0.1708329
0.0,0,0.042538427
1.0,1,0.95726955
1.0,1,0.852159
0.0,0,0.040963296
1.0,1,0.9795866
1.0,1,0.7123244
1.0,1,0.86179703
0.0,0,0.018987458
0.0,0,0.026259784
1.0,1,0.69260085
1.0,1,0.936188
0.0,0,0.23553567
0.0,0,0.05494841
1.0,1,0.6340951
0.0,0,0.23143554
1.0,1,0.97849345
0.0,0,0.029536206
1.0,1,0.96657926
1.0,1,0.77311516
0.0,0,0.009663151
0.0,0,0.34412146
1.0,1,0.9409451
0.0,0,0.006348242
0.0,0,0.38552547
0.0,1,0.49022055
1.0,1,0.7617815
0.0,0,0.10469761
1.0,1,0.9799242
1.0,1,0.9782501
0.0,1,0.95016587
0.0,0,0.2099935
1.0,1,0.89517075
1.0,1,0.79931825
0.0,0,0.03441429
0.0,0,0.18362531
0.0,0,0.077096924
1.0,1,0.9730884
1.0,1,0.8457399
0.0,0,0.38652614
0.0,0,0.1461472
0.0,0,0.022012712
0.0,0,0.009497781
1.0,1,0.96523094
1.0,1,0.9486445
0.0,0,0.015405143
0.0,1,0.6442007
0.0,0,0.12092868
0.0,0,0.011104097
1.0,1,0.86085796
0.0,0,0.00091869716
0.0,1,0.5368818
0.0,0,0.2825008
0.0,0,0.027103374
0.0,0,0.13081709
0.0,0,0.056374796
1.0,1,0.7931235
1.0,1,0.89320004
0.0,0,0.097041
0.0,0,0.12933215
0.0,1,0.86743474
0.0,0,0.008763627
1.0,1,0.97347766
0.0,0,0.10408181
0.0,0,0.11294032
0.0,0,0.008130806
0.0,0,0.014112804
0.0,0,0.0047691576
1.0,1,0.96387917
1.0,1,0.71089196
0.0,0,0.38389498
0.0,0,0.19272727
1.0,1,0.9257344
1.0,1,0.9568175
1.0,1,0.9840164
0.0,0,0.10415615
1.0,1,0.9108926
1.0,1,0.9005106
1.0,1,0.9124797
0.0,0,0.18210068
1.0,1,0.86792725
1.0,1,0.7300238
0.0,0,0.00083070924
0.0,0,0.019115256
0.0,0,0.0010012662
1.0,1,0.9717289
0.0,0,0.41650373
1.0,1,0.47628158
0.0,1,0.4649981
1.0,1,0.88605976
1.0,1,0.82381135
0.0,0,0.08704884
1.0,1,0.94510376
1.0,0,0.074725755
1.0,1,0.946833
1.0,1,0.6787334
0.0,0,0.003587717
1.0,1,0.80485064
1.0,1,0.8033308
0.0,0,0.20470682
0.0,0,0.0035403294
0.0,0,0.028331848
0.0,0,0.005091186
1.0,1,0.82020986
1.0,1,0.9756974
1.0,1,0.95830154
1.0,1,0.50930965
0.0,0,0.008398545
0.0,0,0.004212778
1.0,1,0.7025819
1.0,1,0.92980134
1.0,0,0.2904709
0.0,0,0.026146192
0.0,0,0.0054864474
1.0,1,0.97631353
0.0,0,0.0148789
1.0,1,0.9667754
0.0,0,0.06452823
0.0,0,0.0047337036
0.0,0,0.03764797
1.0,1,0.9821957
1.0,1,0.93799627
1.0,1,0.95724905
0.0,0,0.008216343
1.0,1,0.5033655
0.0,0,0.010316462
1.0,0,0.18660077
1.0,1,0.8809295
1.0,1,0.96633726
0.0,0,0.18416429
1.0,1,0.8093083
1.0,1,0.980905
0.0,0,0.01494524
0.0,0,0.043027446
0.0,0,0.02348464
0.0,0,0.15488301
0.0,0,0.0074409526
1.0,1,0.96497715
1.0,1,0.77764684
0.0,0,0.11868497
0.0,0,0.06620788
0.0,0,0.03647611
1.0,1,0.97801673
1.0,1,0.9598352
1.0,1,0.89406854
1.0,1,0.8471336
0.0,0,0.058492277
0.0,0,0.06959781
1.0,1,0.9558939
0.0,0,0.031783167
0.0,0,0.029429525
1.0,1,0.5761744
1.0,1,0.9184003
0.0,1,0.69968283
0.0,0,0.025710708
0.0,1,0.8683585
1.0,1,0.8646761
0.0,1,0.6054783
1.0,1,0.8758618
0.0,0,0.032753687
0.0,0,0.03691264
0.0,0,0.106376514
1.0,1,0.88326275
0.0,0,0.09277378
0.0,1,0.75601524
1.0,1,0.8635836
0.0,0,0.30881476
0.0,0,0.016126728
0.0,0,0.10919153
0.0,0,0.024409981
0.0,0,0.04616802
0.0,0,0.10401087
1.0,1,0.9778823
0.0,0,0.14698386
1.0,1,0.8256803
1.0,1,0.9612877
1.0,1,0.95909005
1.0,1,0.9718138
0.0,0,0.009259869
0.0,0,0.011340417
0.0,0,0.07123214
1.0,1,0.952124
1.0,1,0.95855176
1.0,0,0.3876991
1.0,1,0.9367607
1.0,1,0.92383265
0.0,0,0.18277508
1.0,1,0.9644226
0.0,1,0.5634279
1.0,1,0.9004456
0.0,0,0.083938666
1.0,0,0.27502072
1.0,1,0.96667314
1.0,1,0.7606992
0.0,0,0.03526859
1.0,1,0.9755966
1.0,0,0.3268771
1.0,1,0.92590594
0.0,0,0.0251186
1.0,1,0.9799336
0.0,0,0.009284616
0.0,0,0.0025350272
0.0,1,0.73797095
0.0,0,0.022781631
1.0,1,0.46400124
0.0,0,0.05102095
0.0,0,0.021776319
1.0,1,0.8048043
1.0,1,0.97873896
1.0,1,0.9790326
0.0,0,0.010043054
1.0,1,0.9780642
0.0,0,0.10586115
0.0,1,0.71965677
0.0,1,0.44495526
0.0,0,0.012662386
0.0,0,0.010903772
1.0,1,0.95653987
1.0,1,0.86949515
0.0,0,0.05131402
1.0,1,0.96883476
1.0,1,0.78049207
1.0,1,0.9829231
1.0,1,0.9477715
0.0,0,0.025231397
0.0,1,0.5994655
1.0,1,0.98226124
1.0,1,0.9457014
1.0,1,0.4574399
1.0,1,0.964428
1.0,1,0.95921046
1.0,0,0.34319034
0.0,0,0.020931767
1.0,1,0.97256124
0.0,0,0.116038114
1.0,1,0.88430434
1.0,0,0.14773875
1.0,1,0.7193695
1.0,1,0.98024267
0.0,0,0.024553645
0.0,0,0.067072675
0.0,0,0.045428794
1.0,1,0.93139184
1.0,1,0.7569781
0.0,0,0.0051012128
1.0,1,0.94128865
0.0,0,0.015282684
1.0,1,0.96954644
1.0,0,0.3022065
0.0,0,0.08068
1.0,1,0.68475854
0.0,0,0.057458848
0.0,0,0.05416454
0.0,1,0.7597445
0.0,1,0.6082156
1.0,1,0.96770555
0.0,0,0.115349114
0.0,0,0.008093217
1.0,1,0.937827
1.0,1,0.6447685
1.0,1,0.9704527
1.0,1,0.7479072
0.0,0,0.08767978
1.0,1,0.9677419
1.0,1,0.9230059
0.0,0,0.0073677716
1.0,1,0.9024862
0.0,1,0.8009657
1.0,1,0.9789732
0.0,0,0.009317839
1.0,1,0.96885735
1.0,1,0.6998991
0.0,0,0.07108212
0.0,0,0.01815367
1.0,1,0.84609616
1.0,1,0.94783306
1.0,1,0.968353
1.0,1,0.9821729
0.0,0,0.3869906
1.0,1,0.9615162
0.0,0,0.069061324
0.0,0,0.35853386
1.0,1,0.9111341
1.0,1,0.98020756
1.0,1,0.9789583
0.0,0,0.0159083
0.0,0,0.026863556
1.0,1,0.9767502
1.0,1,0.84832984
0.0,0,0.018416679
0.0,0,0.24668671
1.0,1,0.8804852
0.0,0,0.013939256
0.0,0,0.007193918
1.0,1,0.9375365
1.0,1,0.9736813
1.0,1,0.9620513
1.0,1,0.8194456
0.0,0,0.05125617
1.0,1,0.5726409
1.0,1,0.96529716
0.0,0,0.014654701
1.0,1,0.6071018
1.0,1,0.98229533
0.0,0,0.30527937
1.0,1,0.9456418
0.0,0,0.08065251
0.0,0,0.14823414
1.0,1,0.9703769
1.0,1,0.9717907
1.0,1,0.84050816
0.0,0,0.0053271777
1.0,1,0.9145605
1.0,1,0.97393787
1.0,1,0.9833802
0.0,0,0.038850546
0.0,0,0.008868466
1.0,1,0.9451896
0.0,0,0.07927327
1.0,1,0.883553
0.0,0,0.17695501
0.0,1,0.62606305
1.0,1,0.80109173
1.0,1,0.9287802
1.0,1,0.9405703
1.0,1,0.9556534
0.0,0,0.17697477
0.0,0,0.017073253
0.0,0,0.2754802
0.0,0,0.033796057
0.0,0,0.05053567
0.0,1,0.9072804
1.0,1,0.94158334
1.0,1,0.5102912
1.0,0,0.04510027
1.0,1,0.9738323
1.0,1,0.95668167
1.0,1,0.8243158
1.0,1,0.5280471
1.0,1,0.9761402
1.0,1,0.9668169
0.0,0,0.0151357455
1.0,1,0.980165
0.0,1,0.7328182
1.0,1,0.9591631
1.0,1,0.96864295
1.0,1,0.940081
1.0,1,0.959814
0.0,0,0.0071140183
0.0,0,0.07688654
0.0,0,0.30883715
1.0,1,0.97568995
1.0,1,0.9273196
1.0,1,0.43534955
1.0,0,0.348856
1.0,1,0.9811414
0.0,0,0.05851408
1.0,1,0.9667048
1.0,1,0.9286648
0.0,0,0.0046138447
1.0,1,0.9856348
0.0,0,0.017741807
0.0,0,0.0681194
1.0,1,0.87907255
0.0,0,0.036388334
1.0,1,0.96258044
0.0,0,0.011347167
1.0,1,0.97894245
1.0,1,0.96252364
0.0,0,0.022334823
0.0,0,0.22037621
1.0,1,0.97376394
1.0,1,0.97149265
1.0,1,0.5859885
1.0,1,0.51403046
0.0,0,0.011973209
1.0,1,0.9386874
0.0,0,0.00612997
0.0,0,0.017335571
0.0,0,0.19068545
0.0,0,0.18062632
1.0,1,0.97409004
1.0,1,0.9620906
0.0,0,0.012661932
0.0,0,0.21970628
0.0,0,0.18211901
0.0,0,0.022847712
1.0,1,0.97149676
1.0,1,0.8534675
1.0,1,0.8522421
0.0,0,0.12586121
1.0,1,0.8292645
1.0,1,0.890182
1.0,1,0.9677489
0.0,0,0.049719006
1.0,1,0.9625738
0.0,0,0.095583566
0.0,1,0.55399305
1.0,1,0.9741485
1.0,1,0.9761107
1.0,1,0.89387447
0.0,0,0.054767903
0.0,0,0.043812916
1.0,1,0.8661176
1.0,1,0.9229769
1.0,1,0.5520365
1.0,1,0.9652782
1.0,1,0.7307541
0.0,0,0.061316647
0.0,0,0.12028231
0.0,0,0.024751944
0.0,1,0.8436632
0.0,0,0.29481143
0.0,0,0.020373134
0.0,0,0.34815016
1.0,1,0.96047455
1.0,1,0.8291122
1.0,1,0.8457785
0.0,0,0.027540484
1.0,0,0.1995998
0.0,0,0.012708975
1.0,1,0.83333516
0.0,0,0.0011190734
0.0,0,0.007003789
1.0,1,0.9683589
1.0,1,0.9699886
0.0,1,0.84930325
1.0,1,0.9672697
0.0,0,0.34138894
1.0,1,0.95873463
0.0,0,0.17657702
0.0,0,0.0075595663
0.0,0,0.037798367
1.0,1,0.868433
1.0,1,0.7164432
0.0,0,0.012366394
0.0,0,0.01998281
1.0,1,0.9113419
0.0,0,0.014965324
1.0,1,0.7923044
1.0,1,0.97582066
0.0,0,0.056447405
0.0,1,0.42887667
0.0,0,0.038724866
1.0,1,0.7465805
0.0,1,0.44080967
0.0,1,0.80154735
0.0,1,0.9126554
1.0,1,0.98215705
1.0,1,0.77984464
1.0,1,0.7121297
0.0,0,0.28477642
1.0,1,0.9513442
0.0,0,0.017867513
1.0,1,0.8125063
0.0,0,0.0029815037
0.0,0,0.0011611471
0.0,0,0.04198452
0.0,0,0.3506382
0.0,0,0.089820854
1.0,1,0.6764342
0.0,0,0.00968629
0.0,1,0.7051184
0.0,0,0.024613144
1.0,1,0.8433492
0.0,0,0.063542925
1.0,0,0.15434755
0.0,0,0.16774988
1.0,1,0.90778095
0.0,1,0.63821316
0.0,0,0.031794976
0.0,0,0.15695675
1.0,1,0.981941
0.0,0,0.090640515
1.0,1,0.9630335
1.0,1,0.8427588
0.0,0,0.06121062
0.0,0,0.09521505
0.0,1,0.90886545
1.0,1,0.91219765
1.0,1,0.8201547
1.0,1,0.9822895
0.0,1,0.6037206
0.0,0,0.3052547
0.0,0,0.39268273
0.0,0,0.009163277
1.0,1,0.8865869
0.0,0,0.1937927
0.0,0,0.025813542
0.0,0,0.022846946
1.0,1,0.83269614
0.0,0,0.021259349
1.0,1,0.96831506
0.0,0,0.09613966
1.0,1,0.9555143
1.0,1,0.973591
0.0,0,0.05458921
1.0,1,0.527527
1.0,1,0.974802
1.0,1,0.9234474
0.0,0,0.00869924
0.0,0,0.100529395
0.0,0,0.11424834
0.0,0,0.0077831987
1.0,1,0.5779271
1.0,1,0.94045234
1.0,1,0.9373035
1.0,1,0.7060567
1.0,0,0.03648607
0.0,0,0.01107118
1.0,1,0.95084834
1.0,1,0.95676416
0.0,0,0.05890253
1.0,1,0.91404027
0.0,0,0.095824465
0.0,0,0.02369014
1.0,1,0.87228763
1.0,1,0.42301014
0.0,0,0.024533989
0.0,0,0.05624098
1.0,1,0.854858
0.0,0,0.03604784
1.0,1,0.9851161
0.0,0,0.1675356
1.0,1,0.6302404
1.0,1,0.9781747
0.0,0,0.38694012
0.0,1,0.91341597
0.0,0,0.05788505
0.0,0,0.22264974
1.0,1,0.9822778
0.0,0,0.06499179
1.0,1,0.9635829
1.0,0,0.13927963
0.0,0,0.037896913
1.0,1,0.9277032
0.0,1,0.9130575
1.0,1,0.9192501
0.0,0,0.027268998
1.0,1,0.98493683
1.0,1,0.83339065
1.0,1,0.79493904
1.0,1,0.9778509
1.0,1,0.5155446
0.0,0,0.03423752
1.0,1,0.7668302
1.0,1,0.8088209
1.0,1,0.7532323
0.0,0,0.010044666
1.0,1,0.9022211
1.0,1,0.9353404
0.0,0,0.011444454
1.0,1,0.90996087
1.0,1,0.94783914
0.0,0,0.019733809
0.0,0,0.024700273
1.0,1,0.9782519
0.0,0,0.057757348
1.0,1,0.77952045
0.0,0,0.01671434
1.0,0,0.26145586
1.0,1,0.8566481
0.0,1,0.7729682
0.0,0,0.003901677
1.0,1,0.752686
0.0,0,0.023994833
1.0,1,0.9592552
1.0,0,0.035926282
1.0,1,0.9613315
0.0,1,0.9064523
0.0,0,0.022237414
0.0,0,0.15435053
1.0,1,0.6246911
1.0,1,0.8668722
1.0,0,0.2915747
1.0,0,0.21841866
0.0,0,0.033192497
0.0,1,0.50626516
0.0,0,0.061090197
1.0,1,0.7642292
0.0,0,0.0056208572
0.0,0,0.018857138
1.0,1,0.94592494
1.0,1,0.9812608
1.0,1,0.97458166
1.0,0,0.3712955
0.0,0,0.0055163507
1.0,1,0.8749096
1.0,0,0.0431223
0.0,0,0.021081464
1.0,1,0.9696377
0.0,1,0.62048435
0.0,0,0.15309046
0.0,0,0.022230577
0.0,0,0.021150894
1.0,1,0.983694
1.0,1,0.8134026
1.0,1,0.9755345
0.0,0,0.22054203
0.0,0,0.0291925
0.0,0,0.005810642
1.0,0,0.19934237
0.0,0,0.032936975
0.0,1,0.84397966
0.0,0,0.05041089
1.0,1,0.9764191
1.0,1,0.9022323
1.0,1,0.983851
0.0,0,0.02142496
1.0,1,0.97070926
0.0,0,0.27209747
0.0,0,0.057149965
1.0,1,0.8478957
0.0,0,0.013178973
1.0,1,0.97933245
1.0,1,0.7837303
0.0,0,0.15587397
1.0,1,0.98341376
1.0,1,0.9228941
0.0,0,0.15792826
1.0,1,0.961104
0.0,0,0.06490733
1.0,1,0.9050362
0.0,1,0.49159694
0.0,0,0.032320064
1.0,1,0.96907073
1.0,0,0.24559128
0.0,0,0.14743339
0.0,0,0.011499247
1.0,1,0.92054033
0.0,0,0.17063034
0.0,0,0.029304009
0.0,0,0.0038749862
0.0,0,0.014017769
0.0,1,0.6922346
0.0,0,0.08321443
1.0,0,0.33210462
1.0,1,0.6826284
1.0,1,0.75525844
1.0,1,0.5347118
0.0,0,0.078569435
1.0,1,0.83593357
1.0,1,0.44890347
0.0,0,0.039341357
0.0,0,0.09821505
1.0,1,0.95922446
1.0,1,0.9812337
0.0,0,0.0065457667
1.0,1,0.7690147
0.0,0,0.0007793186
1.0,0,0.29167998
0.0,0,0.21551466
1.0,1,0.9538784
0.0,0,0.040947653
0.0,0,0.049215704
1.0,1,0.6772839
0.0,0,0.0103403265
1.0,1,0.89254266
0.0,0,0.36813572
1.0,1,0.91390276
1.0,0,0.27629232
1.0,1,0.9673651
1.0,1,0.9824291
0.0,0,0.08452727
1.0,1,0.97022665
0.0,0,0.14794546
1.0,1,0.9696782
0.0,0,0.18123443
0.0,1,0.78393424
0.0,0,0.007388005
0.0,0,0.40786558
0.0,0,0.12792036
1.0,1,0.9385963
0.0,0,0.07153576
1.0,1,0.8625544
1.0,1,0.9769178
1.0,1,0.8742008
1.0,1,0.9709057
0.0,0,0.14213766
1.0,1,0.93066764
1.0,1,0.9746932
0.0,0,0.050062705
0.0,0,0.008020852
1.0,1,0.9726069
1.0,1,0.9078219
1.0,1,0.9612298
0.0,0,0.016749604
0.0,0,0.001876841
1.0,0,0.3130649
1.0,1,0.8306449
0.0,0,0.068547875
1.0,1,0.94409347
0.0,0,0.018710677
1.0,1,0.9273282
1.0,1,0.5745274
0.0,0,0.047023863
1.0,1,0.9632929
0.0,1,0.48572522
0.0,0,0.0252796
0.0,0,0.016808903
0.0,0,0.03525003
1.0,1,0.96622306
0.0,0,0.18939233
1.0,1,0.8709579
1.0,1,0.9623293
1.0,1,0.91559494
1.0,0,0.26236215
1.0,1,0.8786252
1.0,1,0.6691362
1.0,1,0.7246698
1.0,1,0.9649184
0.0,0,0.39177817
1.0,1,0.9692386
1.0,1,0.47267443
1.0,1,0.97903025
1.0,1,0.9668053
1.0,0,0.31791905
1.0,1,0.83722174
0.0,0,0.02678884
1.0,1,0.9871828
0.0,0,0.2872111
1.0,1,0.9628922
0.0,0,0.003831692
1.0,1,0.87584233
1.0,1,0.94757146
0.0,0,0.023026751
0.0,0,0.027637092
0.0,0,0.01655317
1.0,1,0.810315
1.0,1,0.8251445
0.0,0,0.009266739
0.0,1,0.5834068
1.0,1,0.9694753
1.0,1,0.9123451
0.0,0,0.0026981954
0.0,0,0.086863376
1.0,1,0.9225059
1.0,1,0.953867
0.0,0,0.11202269
0.0,0,0.20262389
1.0,1,0.980737
1.0,1,0.9541898
1.0,1,0.98499644
1.0,1,0.80300796
0.0,0,0.15423153
0.0,1,0.8450321
1.0,1,0.94578487
0.0,0,0.031534575
1.0,1,0.85291517
0.0,0,0.021546042
0.0,0,0.008604427
1.0,1,0.9747902
0.0,0,0.015487157
1.0,1,0.96240884
1.0,1,0.9377177
1.0,1,0.9263393
0.0,0,0.022592936
1.0,1,0.69242144
0.0,0,0.03812472
0.0,0,0.20513974
0.0,0,0.02599294
0.0,1,0.7414089
0.0,0,0.019024735
1.0,1,0.9353257
1.0,1,0.89345855
1.0,0,0.38452756
1.0,0,0.3956633
1.0,0,0.40841004
0.0,0,0.016346008
1.0,1,0.97030103
0.0,0,0.016317494
1.0,1,0.96848637
1.0,1,0.9764825
0.0,0,0.013017671
0.0,0,0.042507127
1.0,1,0.8309071
0.0,0,0.07186373
0.0,0,0.22550367
1.0,1,0.79759264
1.0,1,0.5165957
0.0,0,0.0059905434
0.0,0,0.097423345
1.0,1,0.9659658
1.0,1,0.96288526
0.0,0,0.19550006
0.0,0,0.00564553
0.0,0,0.2182814
0.0,0,0.40675947
0.0,0,0.011563114
0.0,0,0.017841231
0.0,0,0.013998729
0.0,0,0.23930755
0.0,0,0.3697019
1.0,1,0.9728945
0.0,1,0.43192053
0.0,0,0.007047893
0.0,0,0.0098609915
0.0,0,0.0779329
1.0,1,0.96525383
1.0,0,0.2415747
0.0,0,0.40351868
0.0,0,0.0052203294
0.0,0,0.010493924
1.0,1,0.9560097
1.0,1,0.8654056
0.0,0,0.004840756
1.0,1,0.8656958
0.0,0,0.079601705
0.0,0,0.034518994
0.0,0,0.3889351
1.0,1,0.9454928
0.0,1,0.46170145
1.0,1,0.9125704
1.0,0,0.4024443
0.0,0,0.023050146
1.0,1,0.622612
0.0,0,0.022977743
1.0,1,0.94407415
1.0,1,0.79468524
1.0,1,0.9586714
1.0,1,0.9446774
0.0,0,0.026607614
0.0,0,0.047378436
0.0,0,0.0133629525
1.0,1,0.7886885
0.0,0,0.055071067
1.0,1,0.9097117
1.0,1,0.9648622
1.0,1,0.93147033
1.0,1,0.9441033
1.0,1,0.97001153
1.0,1,0.88815594
1.0,1,0.9870334
1.0,1,0.98352784
1.0,1,0.62786114
0.0,0,0.0086229835
1.0,1,0.9833806
0.0,0,0.03002027
0.0,1,0.91547805
1.0,1,0.84648573
0.0,0,0.009749036
0.0,0,0.39397928
0.0,0,0.011376379
1.0,1,0.9607976
1.0,1,0.9731606
1.0,1,0.86938703
0.0,0,0.07426169
1.0,1,0.9716683
1.0,1,0.9487083
0.0,0,0.14707524
0.0,0,0.024026357
0.0,0,0.027511802
0.0,0,0.004608907
1.0,1,0.978022
0.0,0,0.060360003
0.0,0,0.01639335
1.0,1,0.92034906
0.0,1,0.42760596
1.0,1,0.9445126
1.0,1,0.60774267
1.0,1,0.8414631
0.0,1,0.7534775
0.0,0,0.025783686
0.0,0,0.09158846
0.0,0,0.005761848
0.0,0,0.24866697
0.0,1,0.5206451
0.0,0,0.19194011
0.0,0,0.00085946464
1.0,1,0.9629866
0.0,0,0.013596544
0.0,0,0.019132124
0.0,0,0.10276574
0.0,0,0.038129225
0.0,0,0.06189736
0.0,0,0.0075124437
1.0,1,0.60929453
0.0,0,0.13496228
1.0,0,0.212319
0.0,0,0.023022348
1.0,1,0.9670027
0.0,0,0.040419728
1.0,1,0.62877786
1.0,1,0.9465604
0.0,1,0.9605736
0.0,0,0.20230764
0.0,0,0.3059857
1.0,1,0.74231994
0.0,0,0.17406723
0.0,0,0.021706812
1.0,1,0.5649691
0.0,0,0.015104424
1.0,1,0.93042123
1.0,1,0.7551691
1.0,1,0.83279204
0.0,0,0.01999641
1.0,1,0.66687727
0.0,1,0.4832824
1.0,1,0.9583022
0.0,0,0.029452994
0.0,0,0.022304129
1.0,1,0.61816853
0.0,0,0.06648979
0.0,1,0.47815272
0.0,0,0.10238143
0.0,0,0.003677029
0.0,0,0.107018664
0.0,0,0.032880094
0.0,0,0.13958278
0.0,0,0.041568913
1.0,1,0.96218497
1.0,0,0.27292982
0.0,0,0.013058941
1.0,1,0.96741855
1.0,1,0.5839866
1.0,0,0.20369844
1.0,1,0.9281523
0.0,0,0.121763594
1.0,1,0.9733842
0.0,0,0.08159598
1.0,1,0.7684477
0.0,1,0.9118647
1.0,1,0.7382835
0.0,0,0.40956444
0.0,0,0.018496003
1.0,1,0.9540795
1.0,1,0.9728981
1.0,1,0.78474116
1.0,1,0.95912
1.0,1,0.98285794
0.0,0,0.16013943
0.0,0,0.013264359
1.0,1,0.95987797
0.0,1,0.8060802
0.0,0,0.015874894
0.0,1,0.6975087
1.0,1,0.96918756
1.0,1,0.8891139
0.0,0,0.0097389
0.0,0,0.022517536
1.0,1,0.6180522
1.0,1,0.9817324
0.0,0,0.17771028
0.0,1,0.653988
0.0,0,0.0077046324
0.0,0,0.13616474
1.0,1,0.9624298
1.0,1,0.57405365
1.0,1,0.98032844
0.0,0,0.015257538
1.0,1,0.942673
0.0,0,0.023944164
0.0,0,0.037494015
1.0,1,0.9095049
0.0,0,0.11799902
0.0,0,0.035065442
1.0,1,0.93180764
1.0,1,0.96643907
1.0,1,0.9806163
0.0,0,0.0229541
1.0,1,0.8144541
0.0,0,0.024101317
1.0,1,0.78561366
1.0,1,0.9789523
1.0,1,0.83893347
0.0,0,0.09544559
1.0,1,0.9681767
1.0,1,0.97904116
1.0,1,0.86121833
1.0,1,0.55806744
1.0,1,0.9371843
0.0,0,0.0019307487
0.0,0,0.15528998
0.0,0,0.12206802
1.0,1,0.9800776
1.0,1,0.9584398
1.0,1,0.97476125
1.0,0,0.41794136
0.0,0,0.01769408
1.0,1,0.9847581
0.0,1,0.4754002
0.0,0,0.21836497
0.0,0,0.07137677
1.0,1,0.47019136
1.0,1,0.6396959
1.0,1,0.9804525
1.0,1,0.59699607
0.0,0,0.046255287
0.0,0,0.016568623
1.0,1,0.9240883
0.0,0,0.018717557
1.0,1,0.9621195
0.0,0,0.041456457
1.0,1,0.96372396
0.0,0,0.03667059
1.0,1,0.5097586
0.0,0,0.26311252
0.0,0,0.17852904
1.0,1,0.8970407
1.0,1,0.9633882
1.0,1,0.9681954
1.0,1,0.98299354
0.0,1,0.71248764
1.0,1,0.74421096
1.0,1,0.9539018
0.0,0,0.20857841
0.0,0,0.027922587
0.0,0,0.03845498
1.0,1,0.9688747
1.0,1,0.965792
1.0,1,0.9701223
0.0,0,0.15390638
1.0,1,0.9022797
0.0,0,0.11934974
0.0,0,0.25626838
0.0,0,0.004994388
1.0,1,0.964194
1.0,0,0.36957386
1.0,1,0.9307699
1.0,0,0.3558976
0.0,1,0.5355557
0.0,0,0.38367
0.0,1,0.56502306
0.0,0,0.04814767
0.0,0,0.13789538
1.0,1,0.6088054
0.0,1,0.5316756
0.0,0,0.020478884
0.0,0,0.009036332
0.0,0,0.0119155105
0.0,1,0.67669487
0.0,0,0.109866574
1.0,0,0.25688243
0.0,0,0.059755944
1.0,1,0.52536047
0.0,0,0.00769757
1.0,1,0.7952957
0.0,0,0.034722503
1.0,1,0.8924223
1.0,1,0.88469774
1.0,1,0.9386649
1.0,1,0.9394605
0.0,0,0.04782193
0.0,0,0.37411112
0.0,0,0.006588844
0.0,0,0.042568993
0.0,0,0.021342691
1.0,1,0.9754632
0.0,0,0.041430563
1.0,1,0.9818932
1.0,1,0.81247854
1.0,1,0.843698
1.0,1,0.9800159
1.0,1,0.94148886
1.0,1,0.9663062
0.0,0,0.0038955556
1.0,1,0.9672169
1.0,1,0.9796756
1.0,1,0.5519171
0.0,0,0.04150151
1.0,1,0.9756544
1.0,1,0.9552032
0.0,0,0.013245163
0.0,0,0.095509864
0.0,0,0.26863566
0.0,0,0.006423198
1.0,1,0.93891263
1.0,1,0.82091737
0.0,1,0.82995415
1.0,0,0.33026972
0.0,0,0.0027386216
1.0,1,0.96761227
0.0,0,0.19498721
1.0,1,0.9797754
0.0,0,0.015628383
1.0,1,0.9558639
1.0,1,0.85990846
1.0,1,0.9369757
0.0,0,0.0031025226
1.0,1,0.6848877
0.0,1,0.53314334
0.0,0,0.17018858
0.0,0,0.116419874
1.0,1,0.8731673
0.0,0,0.15511182
1.0,1,0.45041817
0.0,0,0.007223682
1.0,1,0.9676686
1.0,1,0.9758144
1.0,1,0.9707893
1.0,1,0.9816426
1.0,1,0.88118213
1.0,1,0.9774617
1.0,1,0.8500702
1.0,1,0.9587639
0.0,0,0.2663286
0.0,0,0.029150777
0.0,0,0.014649922
0.0,0,0.20758662
1.0,1,0.9810057
0.0,0,0.03308872
1.0,1,0.8889983
1.0,1,0.85338515
1.0,1,0.9517155
0.0,0,0.0057584615
1.0,0,0.22274198
0.0,0,0.02085564
1.0,1,0.9851183
0.0,0,0.0063142804
1.0,1,0.92543143
0.0,0,0.018139236
0.0,0,0.4001516
0.0,0,0.019701192
0.0,0,0.2575128
0.0,0,0.0065765367
1.0,1,0.94746155
1.0,1,0.98289144
0.0,0,0.018114056
1.0,1,0.9774527
1.0,1,0.97920614
1.0,1,0.95775574
0.0,0,0.37070686
0.0,0,0.29092893
0.0,0,0.05741189
0.0,1,0.8352243
1.0,1,0.91504747
0.0,0,0.19425863
0.0,0,0.0059209713
0.0,0,0.17814606
1.0,1,0.94089687
1.0,1,0.97918046
0.0,1,0.6701694
0.0,0,0.008995616
1.0,1,0.90576816
1.0,1,0.76872087
0.0,0,0.003441371
0.0,0,0.0027039563
0.0,0,0.016778968
0.0,0,0.03681861
1.0,0,0.16764553
1.0,1,0.9735567
0.0,0,0.065813996
0.0,1,0.71177936
1.0,1,0.8761457
0.0,0,0.061008073
1.0,1,0.93543017
1.0,1,0.9410572
1.0,1,0.78558815
1.0,1,0.95791054
0.0,0,0.08554423
1.0,1,0.8242715
0.0,0,0.2949854
0.0,0,0.027405698
0.0,0,0.03893869
0.0,0,0.29002106
1.0,1,0.96908265
1.0,1,0.7667659
0.0,0,0.021803906
0.0,0,0.07072136
0.0,0,0.03129598
0.0,0,0.20750092
1.0,1,0.73574734
1.0,1,0.9818778
0.0,0,0.026590401
0.0,0,0.109251335
0.0,0,0.039762497
0.0,1,0.4827184
0.0,0,0.17573431
0.0,0,0.034365322
0.0,0,0.11881942
0.0,0,0.16008809
0.0,0,0.0011126141
1.0,1,0.97577226
1.0,1,0.8960648
1.0,1,0.9804185
1.0,1,0.88602006
0.0,0,0.018390741
0.0,0,0.0005739464
0.0,0,0.024610357
0.0,0,0.17074895
1.0,1,0.8393766
1.0,1,0.9318176
1.0,1,0.9839946
1.0,1,0.8728583
1.0,0,0.24483259
1.0,1,0.8046606
1.0,1,0.97173506
0.0,0,0.057812896
1.0,1,0.7895763
1.0,1,0.96573055
1.0,1,0.7842894
1.0,1,0.9647878
0.0,0,0.20637245
1.0,1,0.9298238
1.0,1,0.9841963
1.0,1,0.6907997
1.0,0,0.27957422
1.0,1,0.9652458
1.0,1,0.93112034
1.0,1,0.80875003
0.0,0,0.016639233
1.0,1,0.9638374
0.0,0,0.00844998
1.0,1,0.9694216
1.0,1,0.95954627
0.0,1,0.68959093
1.0,1,0.8625114
1.0,1,0.8824958
1.0,1,0.9153778
0.0,0,0.0053420044
1.0,1,0.75952536
0.0,0,0.18600002
1.0,1,0.9487355
1.0,1,0.6206441
1.0,1,0.97298825
1.0,1,0.9637199
1.0,1,0.9815513
1.0,1,0.9213107
0.0,0,0.002715666
1.0,1,0.9645016
0.0,0,0.009904305
0.0,0,0.30326945
0.0,0,0.010064244
0.0,0,0.0730665
1.0,1,0.8277348
0.0,0,0.05299103
1.0,1,0.9739404
0.0,0,0.3162468
0.0,0,0.0026540468
1.0,1,0.9603712
1.0,1,0.94449884
1.0,1,0.6883312
0.0,0,0.07811319
0.0,0,0.19554423
1.0,1,0.9708907
0.0,0,0.060814757
1.0,1,0.89063215
1.0,1,0.60526186
0.0,0,0.3295704
0.0,0,0.120114595
1.0,1,0.9818622
0.0,0,0.047235012
0.0,1,0.81166226
1.0,1,0.96176505
0.0,0,0.023671981
1.0,1,0.80215144
1.0,1,0.7166231
0.0,0,0.00931472
1.0,1,0.9479487
0.0,0,0.29709932
0.0,0,0.041578732
1.0,0,0.35775936
1.0,1,0.9475705
1.0,1,0.7826749
1.0,1,0.7391088
1.0,1,0.9370221
0.0,0,0.004517857
0.0,0,0.021416474
0.0,0,0.015219029
1.0,1,0.8922366
0.0,1,0.7687608
0.0,0,0.015571201
0.0,0,0.015525111
0.0,0,0.016478907
1.0,1,0.95455796
1.0,1,0.81448627
1.0,1,0.9838094
1.0,1,0.96689063
0.0,0,0.045535807
1.0,1,0.95256954
1.0,1,0.9769009
1.0,1,0.9535499
1.0,1,0.95624334
0.0,1,0.9031749
0.0,0,0.38919142
0.0,0,0.23403199
1.0,1,0.90448236
1.0,1,0.96035933
0.0,0,0.020357346
1.0,1,0.97701436
1.0,1,0.97430825
0.0,0,0.372013
0.0,0,0.006634679
1.0,1,0.6237613
0.0,0,0.24361606
0.0,0,0.013124869
1.0,1,0.964557
1.0,1,0.67026466
0.0,0,0.15145947
1.0,1,0.65258497
1.0,1,0.88039607
1.0,1,0.54027164
1.0,0,0.07209984
0.0,0,0.027160376
1.0,1,0.9742815
0.0,0,0.012740053
1.0,1,0.88801426
0.0,0,0.35095698
1.0,1,0.9188384
0.0,0,0.022395873
1.0,1,0.9821869
1.0,1,0.9803198
1.0,1,0.9638077
0.0,1,0.70460236
1.0,1,0.79053724
0.0,1,0.6584833
0.0,0,0.013181485
1.0,1,0.9811729
1.0,1,0.89655256
1.0,1,0.96979696
1.0,0,0.044234928
0.0,0,0.27735165
1.0,1,0.9596396
0.0,0,0.117159426
0.0,0,0.018468158
1.0,1,0.590415
0.0,0,0.03300421
1.0,1,0.95811456
1.0,1,0.9780933
0.0,1,0.63140106
1.0,1,0.6981574
0.0,0,0.01581704
0.0,0,0.07679509
0.0,0,0.022009078
1.0,1,0.97665787
1.0,1,0.971248
0.0,0,0.025802607
0.0,0,0.02858268
1.0,0,0.064982586
0.0,0,0.089778975
1.0,1,0.9732654
1.0,1,0.9000089
1.0,1,0.97868073
1.0,1,0.955373
1.0,1,0.8972842
0.0,1,0.6673541
0.0,1,0.46440244
0.0,0,0.017999815
1.0,1,0.94582695
1.0,0,0.32352975
1.0,1,0.8160133
0.0,0,0.21029752
0.0,0,0.023837652
0.0,1,0.8538532
0.0,0,0.006001931
1.0,1,0.93791896
1.0,1,0.9592941
1.0,1,0.877557
0.0,0,0.014245876
0.0,0,0.06988656
0.0,0,0.009149645
1.0,1,0.8938175
1.0,1,0.9345995
1.0,1,0.5624957
0.0,0,0.1549331
1.0,1,0.8014596
0.0,0,0.07126836
1.0,1,0.9504957
1.0,1,0.88594574
1.0,1,0.5972666
0.0,0,0.03787199
0.0,0,0.015553771
1.0,1,0.91218275
0.0,0,0.01403531
1.0,1,0.7833615
0.0,0,0.021158256
0.0,1,0.5024594
1.0,1,0.97655827
0.0,0,0.03530922
0.0,1,0.8487723
0.0,0,0.03412924
0.0,0,0.098259576
0.0,0,0.034875654
1.0,1,0.9724265
1.0,1,0.97775155
0.0,0,0.20901906
0.0,0,0.036333706
0.0,0,0.022673834
0.0,0,0.0059151165
0.0,1,0.6002344
0.0,0,0.049631108
1.0,1,0.5250319
0.0,0,0.0065019433
1.0,1,0.9195783
1.0,1,0.97822595
1.0,1,0.5024766
0.0,0,0.21454377
1.0,0,0.20076257
0.0,1,0.43868765
0.0,0,0.030562108
0.0,1,0.945753
1.0,1,0.97006327
0.0,0,0.08740763
1.0,1,0.8270038
1.0,0,0.043269463
0.0,0,0.020660482
1.0,1,0.91755545
1.0,0,0.02078345
1.0,0,0.2715893
0.0,0,0.14304413
1.0,1,0.96014935
0.0,0,0.015250212
0.0,0,0.24687769
0.0,0,0.09361519
0.0,0,0.12974861
1.0,1,0.6086178
1.0,1,0.6385553
1.0,1,0.86539453
0.0,0,0.012086109
0.0,0,0.044632785
0.0,0,0.006939689
1.0,1,0.95593894
0.0,0,0.032810114
1.0,0,0.1371773
1.0,1,0.9740602
0.0,0,0.026421709
0.0,0,0.096894726
0.0,0,0.08908161
1.0,1,0.9312431
1.0,1,0.9671383
1.0,1,0.88857764
1.0,1,0.96775806
1.0,1,0.983553
1.0,1,0.9289607
1.0,1,0.7957202
1.0,1,0.9823344
1.0,1,0.91869396
0.0,0,0.009531719
1.0,1,0.9002826
1.0,0,0.26208997
1.0,1,0.9822845
0.0,0,0.023747118
1.0,1,0.97115934
0.0,0,0.013216706
1.0,1,0.9810793
0.0,0,0.012905071
1.0,1,0.9695918
0.0,0,0.011521382
1.0,1,0.92535174
0.0,0,0.0361351
0.0,0,0.018298972
0.0,0,0.24595621
1.0,1,0.97826684
1.0,0,0.23759496
1.0,1,0.9316148
0.0,0,0.024025874
0.0,0,0.13386932
0.0,0,0.008029996
0.0,0,0.011641513
0.0,1,0.7173532
1.0,1,0.66344607
1.0,1,0.98306787
0.0,0,0.02501277
1.0,1,0.5359647
1.0,1,0.9726673
1.0,1,0.9782889
1.0,1,0.98365647
0.0,0,0.03998558
1.0,1,0.7131517
0.0,0,0.09478442
1.0,1,0.9599049
1.0,1,0.9683483
0.0,0,0.025884647
1.0,1,0.9825583
1.0,0,0.05369055
0.0,0,0.020551743
1.0,1,0.98521876
1.0,1,0.9261111
0.0,0,0.05184626
1.0,0,0.028461173
1.0,1,0.6847055
1.0,1,0.9129975
0.0,0,0.21308419
1.0,1,0.9763945
1.0,1,0.8505189
0.0,0,0.023877537
1.0,1,0.8802009
1.0,1,0.97936064
1.0,1,0.97920936
1.0,1,0.96765935
1.0,1,0.83893
1.0,0,0.044601157
1.0,1,0.58205926
0.0,0,0.020796513
0.0,0,0.008158204
1.0,1,0.9854346
0.0,0,0.34382433
0.0,0,0.129563
1.0,1,0.9798059
1.0,0,0.122776404
0.0,0,0.097456366
0.0,0,0.20171626
1.0,1,0.95118946
1.0,1,0.65917647
1.0,1,0.7698988
0.0,0,0.01546081
0.0,1,0.59772336
0.0,1,0.9642211
1.0,1,0.98610216
0.0,0,0.18930347
0.0,0,0.17995588
1.0,1,0.7271025
0.0,0,0.051880445
1.0,1,0.9835733
1.0,1,0.9679584
1.0,1,0.91767454
1.0,1,0.85053515
0.0,0,0.14584883
1.0,1,0.9670928
1.0,1,0.91508156
1.0,1,0.5177978
0.0,0,0.038238343
1.0,1,0.9815019
0.0,0,0.010865326
0.0,0,0.23408812
0.0,0,0.010395508
1.0,1,0.84286565
1.0,0,0.1526975
1.0,1,0.9301107
1.0,1,0.9767593
1.0,1,0.97346735
1.0,1,0.8502327
0.0,0,0.005330683
0.0,0,0.0046868864
1.0,1,0.75227165
0.0,0,0.025724597
0.0,0,0.02753205
0.0,0,0.022544805
1.0,1,0.9697758
0.0,0,0.043896675
0.0,0,0.011908977
1.0,1,0.9836781
0.0,0,0.069241606
1.0,1,0.9727949
1.0,1,0.9829357
1.0,1,0.7224306
1.0,1,0.9663923
0.0,0,0.03980813
1.0,0,0.33995613
1.0,1,0.94751173
1.0,1,0.9757046
1.0,1,0.9689833
1.0,1,0.55400467
0.0,0,0.009521015
0.0,0,0.23933008
0.0,0,0.028726576
0.0,0,0.02852196
0.0,0,0.010275327
0.0,0,0.0584258
1.0,1,0.9687944
1.0,1,0.6618817
0.0,0,0.046941414
0.0,0,0.033373635
1.0,1,0.66122377
0.0,0,0.027712334
1.0,1,0.9840058
0.0,0,0.33017072
0.0,0,0.011304057
0.0,0,0.24167864
0.0,0,0.12290081
1.0,1,0.9856089
1.0,1,0.95292044
0.0,0,0.05807635
1.0,1,0.95229673
0.0,0,0.12939325
0.0,0,0.18911882
1.0,1,0.65080905
1.0,1,0.7767309
1.0,1,0.9808384
0.0,0,0.16443181
0.0,0,0.048816238
0.0,0,0.31503436
1.0,1,0.9759468
0.0,1,0.5854752
0.0,0,0.0124961
0.0,0,0.018026521
1.0,1,0.91703516
0.0,1,0.8826425
1.0,1,0.72796416
1.0,1,0.96330845
1.0,1,0.78141254
0.0,0,0.08754902
1.0,1,0.9311279
1.0,1,0.85844165
0.0,0,0.12072577
1.0,1,0.96447915
1.0,1,0.64721346
1.0,1,0.8982056
0.0,0,0.38004056
0.0,1,0.45715103
1.0,1,0.9771587
1.0,1,0.7073453
0.0,1,0.54184914
0.0,0,0.054181717
0.0,1,0.87612104
0.0,0,0.008070674
1.0,1,0.9603531
1.0,1,0.9768247
1.0,0,0.2622498
0.0,0,0.005051778
1.0,1,0.958128
0.0,1,0.7154206
1.0,1,0.95954674
0.0,0,0.0024648835
0.0,1,0.4670365
0.0,0,0.0579899
1.0,1,0.77594054
0.0,0,0.023194691
0.0,0,0.0044537
1.0,1,0.9822422
1.0,1,0.6277103
0.0,0,0.03368017
1.0,1,0.9815112
0.0,0,0.018149361
0.0,0,0.19297095
0.0,0,0.005178377
0.0,0,0.0057829246
0.0,0,0.007678232
0.0,0,0.15466218
1.0,1,0.90732634
1.0,1,0.9843241
0.0,0,0.020466318
1.0,1,0.8342294
0.0,0,0.019735413
0.0,0,0.0130209485
1.0,0,0.11364883
1.0,1,0.9781044
0.0,1,0.64052176
0.0,0,0.30846536
1.0,1,0.9573884
1.0,1,0.80403876
1.0,1,0.47442985
1.0,1,0.91495883
1.0,1,0.98354673
0.0,0,0.026537322
0.0,0,0.010005713
0.0,0,0.1996706
1.0,1,0.70159733
1.0,1,0.962681
1.0,1,0.94884473
1.0,0,0.07462432
0.0,0,0.14064786
1.0,1,0.97951627
0.0,0,0.021901973
0.0,0,0.1565543
1.0,1,0.8621986
0.0,0,0.0166606
0.0,0,0.02432923
1.0,1,0.98533905
0.0,0,0.043891992
0.0,0,0.00900456
0.0,0,0.021648956
1.0,1,0.88677114
1.0,1,0.76562417
1.0,1,0.98431706
1.0,1,0.94620913
1.0,1,0.7956592
0.0,1,0.6532004
1.0,1,0.46274918
1.0,1,0.98050547
0.0,0,0.04586407
1.0,1,0.86302096
1.0,1,0.78097713
0.0,0,0.02562399
0.0,0,0.12192224
1.0,1,0.8585202
1.0,1,0.7373413
1.0,1,0.44466272
0.0,1,0.84646404
1.0,1,0.9826959
1.0,1,0.81961024
1.0,1,0.8970375
0.0,0,0.01693261
1.0,1,0.9711522
1.0,1,0.9461194
1.0,0,0.3697588
0.0,0,0.097166955
0.0,0,0.041943923
0.0,0,0.022347586
1.0,1,0.72843456
1.0,1,0.5702759
0.0,0,0.044199567
0.0,0,0.03113448
0.0,0,0.023720657
1.0,1,0.8631789
0.0,0,0.009709522
1.0,1,0.9783218
1.0,1,0.95635587
0.0,1,0.7326258
1.0,1,0.97121656
0.0,0,0.33328834
1.0,1,0.97176933
1.0,1,0.93637663
0.0,0,0.014490635
0.0,0,0.048289042
1.0,1,0.9410704
0.0,0,0.061681703
1.0,1,0.632971
0.0,0,0.001519836
0.0,0,0.37749344
1.0,1,0.9710251
1.0,1,0.5145676
0.0,0,0.0060647703
0.0,0,0.019418867
0.0,0,0.11176865
0.0,1,0.5050795
0.0,0,0.1250072
1.0,1,0.8709023
0.0,0,0.015110362
1.0,1,0.54308355
0.0,0,0.03659871
1.0,1,0.982836
1.0,1,0.95135784
1.0,1,0.96696204
0.0,0,0.037571985
0.0,1,0.58426505
1.0,1,0.7695763
0.0,0,0.010329704
0.0,1,0.5712422
0.0,0,0.0158658
0.0,0,0.014671214
0.0,0,0.032732744
1.0,1,0.8169492
0.0,0,0.06114444
0.0,0,0.028340409
0.0,0,0.4018145
1.0,1,0.82118237
0.0,0,0.18789332
1.0,1,0.4535146
0.0,0,0.17174725
0.0,0,0.036509115
0.0,0,0.095119335
1.0,1,0.96061856
0.0,0,0.0056261555
0.0,0,0.2295766
0.0,0,0.28872046
1.0,1,0.97422236
1.0,1,0.9671911
1.0,1,0.85601556
1.0,1,0.9579865
1.0,1,0.97911817
1.0,1,0.9816919
0.0,0,0.027090961
0.0,1,0.56078774
1.0,1,0.96638674
0.0,0,0.29186186
1.0,1,0.845765
0.0,0,0.005846349
1.0,1,0.97204185
1.0,1,0.9174933
0.0,0,0.03715437
1.0,1,0.54266304
0.0,0,0.18557595
0.0,0,0.19118892
1.0,1,0.9683169
1.0,1,0.69547176
0.0,0,0.062340166
0.0,0,0.022969687
0.0,0,0.047477663
0.0,0,0.16339329
1.0,1,0.97598964
0.0,0,0.15861984
1.0,1,0.98247343
1.0,1,0.9519581
1.0,1,0.9479152
0.0,0,0.09700045
0.0,0,0.2815795
1.0,1,0.98202044
0.0,0,0.13147455
1.0,1,0.97761357
1.0,0,0.4139019
1.0,1,0.81695724
0.0,0,0.09168355
0.0,1,0.62725306
0.0,0,0.059993673
1.0,1,0.9200644
1.0,1,0.87639487
0.0,0,0.009770876
1.0,1,0.95400244
1.0,1,0.9700575
1.0,1,0.8871632
1.0,1,0.78135103
1.0,1,0.93322587
0.0,0,0.17498298
0.0,0,0.013129325
1.0,1,0.9475456
0.0,0,0.024395008
0.0,0,0.025511932
0.0,0,0.1110203
1.0,1,0.92357963
0.0,0,0.025028916
1.0,1,0.9691661
0.0,0,0.02045506
1.0,1,0.9738887
0.0,1,0.49261165
1.0,1,0.9826471
1.0,1,0.9636558
1.0,0,0.3072157
0.0,1,0.90992594
0.0,0,0.10552113
0.0,0,0.038018633
1.0,1,0.92368174
0.0,0,0.020988036
0.0,0,0.0074314745
0.0,0,0.41032633
0.0,0,0.17218426
0.0,0,0.0024677962
0.0,0,0.09113238
0.0,1,0.8752145
0.0,0,0.24514699
1.0,1,0.83979553
0.0,0,0.031369198
1.0,1,0.9551057
1.0,1,0.44765145
0.0,0,0.064418025
0.0,0,0.14770646
1.0,1,0.97448653
1.0,1,0.5967002
0.0,0,0.17672502
0.0,0,0.024409123
1.0,1,0.8952671
1.0,1,0.9795589
0.0,0,0.010919137
0.0,1,0.58461374
0.0,0,0.0056581567
0.0,0,0.013890911
1.0,1,0.9820413
1.0,1,0.74222386
1.0,1,0.9685407
0.0,0,0.14530022
0.0,0,0.16358767
1.0,0,0.03921493
0.0,0,0.026605587
1.0,1,0.97493535
0.0,0,0.17117025
1.0,1,0.60971904
1.0,1,0.9307011
1.0,1,0.9762667
1.0,1,0.9729103
1.0,1,0.78680944
1.0,1,0.9510376
1.0,1,0.9194617
0.0,0,0.014957494
0.0,0,0.10343232
1.0,1,0.97840065
1.0,1,0.8607514
0.0,0,0.0044602035
1.0,1,0.85735524
1.0,1,0.863451
0.0,0,0.022099005
1.0,0,0.27903825
1.0,1,0.9778219
0.0,0,0.013808727
1.0,1,0.90369856
1.0,1,0.98277724
1.0,1,0.803759
1.0,1,0.97156703
0.0,0,0.0056353398
1.0,1,0.7708422
0.0,0,0.052459363
1.0,1,0.94461334
1.0,0,0.2524812
1.0,1,0.8991533
0.0,1,0.8459892
0.0,0,0.005424286
1.0,1,0.90768963
1.0,1,0.79796314
0.0,0,0.071839124
1.0,1,0.9239641
1.0,1,0.93247724
1.0,1,0.8046366
0.0,0,0.0047201384
1.0,1,0.93620366
1.0,1,0.78462285
0.0,0,0.051443074
1.0,1,0.9398781
0.0,0,0.10940786
0.0,0,0.16434322
1.0,1,0.98271036
0.0,0,0.120071635
0.0,0,0.28209212
1.0,1,0.90483475
1.0,1,0.4816613
0.0,0,0.032537617
0.0,0,0.008064844
0.0,0,0.045433667
0.0,0,0.033419084
0.0,0,0.0054835686
0.0,0,0.0073568746
0.0,0,0.03356374
1.0,1,0.9723713
0.0,0,0.011787288
0.0,0,0.011993765
1.0,1,0.9735695
0.0,0,0.02143889
1.0,1,0.9602276
1.0,1,0.45627537
1.0,1,0.9737454
1.0,0,0.23994577
1.0,1,0.950002
0.0,0,0.14397028
0.0,0,0.008774272
0.0,0,0.02927622
1.0,1,0.96056443
0.0,0,0.0016014125
0.0,0,0.12561508
1.0,1,0.98183614
0.0,0,0.022295296
0.0,1,0.95760375
1.0,1,0.982805
0.0,0,0.30481926
0.0,0,0.1629965
1.0,1,0.789611
1.0,1,0.963532
1.0,1,0.8882809
1.0,0,0.1603772
0.0,0,0.0065432154
1.0,1,0.96317583
0.0,0,0.028108396
0.0,0,0.028933875
0.0,0,0.035391357
1.0,1,0.8348239
0.0,0,0.14161843
0.0,0,0.024097364
1.0,1,0.4318999
0.0,0,0.06505075
1.0,1,0.96866566
1.0,1,0.968238
1.0,1,0.9852636
1.0,1,0.57113165
1.0,0,0.14028493
0.0,1,0.50917995
0.0,0,0.02368704
1.0,1,0.85013837
0.0,0,0.11411732
1.0,1,0.95775336
0.0,0,0.02750017
0.0,0,0.0012714064
1.0,1,0.97378284
0.0,0,0.037289787
0.0,0,0.033738058
0.0,0,0.025316885
0.0,0,0.11778651
0.0,0,0.035427466
1.0,1,0.93882
1.0,1,0.8114591
1.0,1,0.98399734
1.0,1,0.9307265
0.0,1,0.8317404
0.0,0,0.019565996
0.0,0,0.0016946144
1.0,1,0.98077476
0.0,0,0.020415213
0.0,1,0.7827424
0.0,0,0.057293534
0.0,0,0.19200811
1.0,1,0.9773019
1.0,1,0.7033256
0.0,0,0.0045224614
0.0,0,0.028664012
0.0,0,0.0064176065
0.0,0,0.2630923
0.0,0,0.12905455
1.0,1,0.85513484
1.0,0,0.024709698
1.0,1,0.7062628
0.0,0,0.041067105
1.0,1,0.9544689
0.0,0,0.04131463
0.0,0,0.021905763
0.0,0,0.2554033
1.0,1,0.8866503
1.0,1,0.7323239
0.0,0,0.01607971
1.0,1,0.88149506
1.0,1,0.87573665
1.0,1,0.97514105
1.0,1,0.92544353
0.0,0,0.40289527
0.0,0,0.41325995
1.0,1,0.90180033
1.0,1,0.586659
0.0,0,0.20151556
1.0,1,0.74827373
0.0,0,0.35134724
1.0,1,0.96505755
0.0,0,0.0022869403
0.0,0,0.030057449
0.0,0,0.026437365
0.0,0,0.046101797
1.0,1,0.9524418
0.0,1,0.98204434
0.0,0,0.06580877
0.0,1,0.9657896
0.0,0,0.03671266
1.0,1,0.9708786
1.0,1,0.9719788
1.0,1,0.94514734
0.0,0,0.17341553
1.0,1,0.9682576
1.0,1,0.9562262
0.0,0,0.17204772
1.0,1,0.7976793
1.0,1,0.97189856
1.0,1,0.8577002
0.0,0,0.013698294
0.0,1,0.8608645
1.0,1,0.98306924
1.0,1,0.9437924
1.0,1,0.8717998
1.0,0,0.3769817
1.0,1,0.8519871
0.0,0,0.08088995
1.0,1,0.9231105
1.0,1,0.5570786
1.0,1,0.95554554
0.0,0,0.08187612
1.0,1,0.9432752
0.0,0,0.3931019
1.0,1,0.93351454
1.0,1,0.73432124
1.0,1,0.9814633
1.0,1,0.9665793
0.0,0,0.019737335
0.0,1,0.8919357
0.0,0,0.012002471
1.0,0,0.37388593
0.0,0,0.007602807
0.0,0,0.07728887
1.0,1,0.9583014
1.0,1,0.88409656
1.0,1,0.7900543
1.0,1,0.9688413
1.0,1,0.97943085
0.0,0,0.022384793
1.0,1,0.8833132
0.0,0,0.09494868
0.0,0,0.026725622
0.0,1,0.85208035
1.0,1,0.96023417
0.0,1,0.5343163
0.0,0,0.045578394
0.0,0,0.26663503
1.0,1,0.9417971
1.0,1,0.7835148
1.0,1,0.9873992
1.0,1,0.95676583
0.0,1,0.49071175
1.0,1,0.91734844
1.0,1,0.9801542
1.0,1,0.85197306
0.0,0,0.010466814
0.0,0,0.028759615
0.0,1,0.8084446
0.0,0,0.064510405
1.0,1,0.7809354
0.0,0,0.009865308
0.0,1,0.7238778
1.0,1,0.970873
1.0,1,0.65111816
0.0,0,0.07449898
1.0,1,0.9773076
0.0,0,0.112144575
0.0,0,0.044123758
1.0,1,0.96177745
0.0,1,0.69345427
1.0,1,0.7683102
1.0,1,0.6983251
1.0,1,0.59941363
0.0,0,0.029655633
1.0,1,0.9352051
0.0,0,0.0017410605
1.0,1,0.7758685
1.0,1,0.8016519
0.0,0,0.057067547
0.0,0,0.2546389
0.0,0,0.030883005
1.0,1,0.816763
1.0,1,0.82026935
0.0,1,0.5344378
0.0,0,0.031729903
1.0,1,0.956074
1.0,1,0.9460935
0.0,0,0.005821155
0.0,0,0.007641964
1.0,1,0.9732505
0.0,0,0.101984285
1.0,1,0.86934674
1.0,1,0.92497104
1.0,1,0.6770689
1.0,1,0.4933239
1.0,1,0.86687285
0.0,0,0.13598678
0.0,1,0.7442245
1.0,1,0.75483173
0.0,0,0.01252635
0.0,0,0.027696267
1.0,1,0.9343038
0.0,0,0.005154902
1.0,1,0.974758
1.0,1,0.8834069
1.0,1,0.9091678
0.0,0,0.16743642
0.0,0,0.1869895
0.0,0,0.008369222
0.0,0,0.019955322
1.0,1,0.7464366
0.0,0,0.018251201
0.0,0,0.19799247
0.0,0,0.10655923
1.0,1,0.6520951
1.0,0,0.21321687
0.0,0,0.17712165
0.0,0,0.0066764685
1.0,1,0.9221493
1.0,1,0.83116585
1.0,1,0.94756657
0.0,0,0.31690982
1.0,1,0.9309081
1.0,1,0.95444435
0.0,0,0.21179037
0.0,1,0.43658566
1.0,1,0.97201264
1.0,1,0.9839892
0.0,0,0.00030606156
0.0,0,0.02265043
0.0,0,0.036277775
0.0,0,0.10698089
1.0,1,0.95234466
0.0,0,0.08392593
1.0,1,0.9577605
1.0,1,0.9054228
1.0,1,0.9769476
0.0,0,0.04743682
1.0,1,0.97677654
1.0,1,0.8246835
0.0,1,0.5287335
1.0,1,0.73683774
0.0,0,0.014980788
0.0,0,0.00127852
1.0,1,0.8831858
1.0,1,0.9682375
1.0,1,0.7567683
0.0,0,0.027385695
1.0,1,0.5726015
0.0,0,0.32178196
1.0,1,0.51937866
1.0,1,0.8592241
1.0,1,0.93903273
0.0,0,0.028941058
1.0,1,0.9554727
1.0,1,0.8654088
1.0,1,0.91408944
0.0,0,0.015313766
1.0,1,0.72630596
0.0,0,0.0665513
0.0,0,0.3735934
1.0,0,0.118333735
0.0,0,0.029173985
1.0,1,0.9809318
1.0,1,0.95152843
1.0,1,0.97601545
0.0,0,0.007397578
1.0,1,0.9786114
1.0,1,0.89321893
1.0,1,0.56525886
1.0,1,0.83706623
1.0,1,0.94480145
1.0,1,0.43143982
0.0,0,0.21930861
0.0,0,0.029239312
0.0,0,0.02363591
0.0,0,0.024829129
1.0,1,0.9417695
0.0,0,0.20806983
0.0,0,0.012233904
1.0,1,0.9677912
1.0,1,0.9788286
1.0,0,0.14547075
1.0,1,0.76089805
0.0,0,0.07614734
1.0,1,0.92781353
1.0,1,0.95330834
1.0,1,0.9673171
1.0,1,0.96682274
1.0,1,0.94798785
0.0,0,0.014366137
0.0,0,0.028241524
1.0,1,0.9355884
0.0,0,0.06898279
1.0,1,0.9792873
1.0,1,0.9778977
0.0,0,0.02826659
0.0,0,0.22029601
1.0,1,0.98199207
1.0,1,0.9241674
0.0,0,0.004052444
0.0,1,0.96703464
1.0,1,0.6998264
0.0,0,0.16460434
1.0,1,0.9737548
0.0,1,0.8068523
1.0,1,0.91391945
0.0,0,0.0066101355
0.0,0,0.0052626496
0.0,0,0.104136296
0.0,0,0.27689892
1.0,1,0.84084696
1.0,1,0.77198786
0.0,0,0.0032829107
0.0,0,0.05028954
0.0,0,0.014017044
1.0,1,0.9492391
1.0,1,0.94819295
0.0,0,0.12817267
0.0,0,0.15067321
0.0,0,0.0026388355
1.0,1,0.9822494
1.0,1,0.94772303
1.0,1,0.89359105
0.0,0,0.043610822
0.0,0,0.2312224
1.0,1,0.9087278
1.0,1,0.92982817
1.0,1,0.6676372
0.0,1,0.6768975
1.0,1,0.9739816
1.0,1,0.97252077
1.0,1,0.9652573
1.0,1,0.80078864
1.0,1,0.8827611
1.0,1,0.7018144
1.0,1,0.92244405
0.0,1,0.56063545
1.0,1,0.9359948
0.0,0,0.012867017
0.0,0,0.099486224
1.0,1,0.6788355
0.0,1,0.8092051
0.0,0,0.12489217
1.0,1,0.83131576
1.0,1,0.9580178
1.0,1,0.9223106
1.0,1,0.9524418
0.0,0,0.003951081
0.0,0,0.016009513
0.0,0,0.2941518
1.0,0,0.23704872
0.0,0,0.019065198
0.0,0,0.023027029
1.0,1,0.9127913
1.0,0,0.22606343
0.0,0,0.011683382
0.0,0,0.013072778
0.0,1,0.90173465
1.0,1,0.94308376
0.0,0,0.12762378
0.0,0,0.3616634
0.0,0,0.005966372
1.0,0,0.38844222
0.0,0,0.01699579
0.0,0,0.17617634
1.0,1,0.9682361
0.0,0,0.083114155
1.0,1,0.9789688
0.0,0,0.019297885
0.0,0,0.005302426
0.0,1,0.42264438
0.0,0,0.014700069
0.0,0,0.093850955
0.0,0,0.24580446
1.0,1,0.9636899
1.0,1,0.89888644
1.0,1,0.62869835
1.0,1,0.9643884
0.0,0,0.00935547
0.0,0,0.19349775
1.0,1,0.933136
1.0,1,0.86061597
0.0,0,0.06920084
0.0,0,0.22158454
1.0,1,0.9265078
1.0,1,0.6367501
0.0,0,0.01782583
0.0,0,0.08506219
0.0,0,0.18220147
0.0,0,0.052166972
1.0,1,0.91718376
0.0,0,0.01862601
0.0,1,0.72891206
1.0,1,0.9604904
0.0,0,0.17123042
1.0,1,0.90845793
0.0,0,0.04531245
1.0,1,0.8520076
1.0,1,0.9796735
0.0,0,0.011855485
1.0,1,0.7407577
1.0,1,0.97175646
0.0,0,0.28769034
1.0,1,0.9780946
0.0,0,0.105331935
0.0,0,0.06839461
1.0,1,0.82565856
0.0,0,0.0026712476
1.0,1,0.97846735
1.0,1,0.95308316
0.0,0,0.029495772
1.0,1,0.9803743
1.0,1,0.97600293
1.0,1,0.9507512
0.0,0,0.011447852
1.0,1,0.9168969
0.0,1,0.93275976
1.0,1,0.8708763
0.0,1,0.53728545
0.0,0,0.034423124
1.0,1,0.9681396
0.0,0,0.014583655
1.0,1,0.8661141
0.0,0,0.13273977
0.0,0,0.06504233
0.0,0,0.18213108
0.0,0,0.00042752727
1.0,1,0.9443653
1.0,1,0.96793085
1.0,1,0.9744083
1.0,1,0.6477822
1.0,1,0.8885876
1.0,1,0.9625326
0.0,1,0.77128065
0.0,0,0.030459203
0.0,0,0.36449608
1.0,1,0.5584202
0.0,0,0.07349831
0.0,0,0.031381227
0.0,0,0.042801168
0.0,1,0.5477262
0.0,1,0.43381113
1.0,1,0.91361576
1.0,1,0.9497705
0.0,0,0.14029342
0.0,0,0.010842269
0.0,0,0.114598915
1.0,1,0.7850621
1.0,1,0.9759524
0.0,0,0.016780902
1.0,1,0.9552087
1.0,1,0.56261414
0.0,0,0.033309728
1.0,1,0.9312111
0.0,0,0.062464397
1.0,1,0.9784808
0.0,0,0.09539652
1.0,1,0.84811604
0.0,0,0.2900196
0.0,0,0.094314896
1.0,1,0.8040533
0.0,1,0.8150796
1.0,1,0.8730906
1.0,1,0.972246
0.0,0,0.18722038
0.0,0,0.105506055
0.0,0,0.01664745
1.0,1,0.98311406
0.0,1,0.892436
1.0,1,0.5580372
1.0,1,0.56451845
0.0,1,0.7228894
1.0,0,0.34705582
0.0,0,0.05467427
1.0,1,0.8868747
1.0,1,0.9655368
1.0,1,0.7405379
0.0,0,0.015166333
0.0,0,0.025689434
0.0,1,0.4286866
1.0,1,0.89345926
0.0,0,0.0013714279
0.0,0,0.18563603
0.0,0,0.012458304
1.0,1,0.96204585
0.0,0,0.007192154
1.0,1,0.88348395
1.0,1,0.5801617
1.0,1,0.72735715
0.0,1,0.81408906
0.0,0,0.16068059
1.0,1,0.96221036
1.0,1,0.96009016
1.0,1,0.96733195
1.0,1,0.9740519
0.0,1,0.46875867
0.0,0,0.017021878
1.0,1,0.8529674
0.0,0,0.015517445
0.0,0,0.017759623
0.0,0,0.012250879
0.0,0,0.017908335
0.0,0,0.078894354
0.0,0,0.31588876
0.0,0,0.020285979
1.0,1,0.92339784
1.0,1,0.9700696
1.0,1,0.9816123
1.0,1,0.9809351
0.0,0,0.3465554
1.0,1,0.9813855
1.0,1,0.9750893
1.0,1,0.9760106
1.0,1,0.70634246
0.0,0,0.0007195992
0.0,0,0.00086574664
1.0,1,0.8144407
0.0,0,0.1501054
1.0,1,0.81302774
1.0,1,0.9749566
0.0,0,0.03278923
0.0,1,0.5197493
1.0,0,0.3371043
1.0,1,0.9588843
1.0,1,0.8302229
0.0,0,0.0093334075
1.0,1,0.61579955
1.0,1,0.70879424
0.0,0,0.15070352
0.0,0,0.0008945922
1.0,1,0.8268361
0.0,0,0.08961333
1.0,1,0.9540579
1.0,1,0.944615
1.0,1,0.98282623
0.0,0,0.0036169805
0.0,0,0.036317207
0.0,0,0.0997723
0.0,1,0.7028017
0.0,0,0.031666912
0.0,0,0.015997425
1.0,1,0.9665303
1.0,1,0.5121405
1.0,0,0.2155413
1.0,1,0.951806
0.0,0,0.008841301
1.0,1,0.96920824
1.0,1,0.967569
1.0,1,0.89822793
1.0,1,0.9723555
1.0,1,0.7958425
0.0,0,0.0112199625
0.0,0,0.17072049
1.0,1,0.95901567
0.0,0,0.0131550385
0.0,0,0.018163167
1.0,1,0.95358336
1.0,1,0.97016186
0.0,0,0.12548561
1.0,1,0.9664732
0.0,0,0.09074972
1.0,1,0.6092036
1.0,1,0.97765154
0.0,0,0.21489863
0.0,0,0.19418359
0.0,0,0.14583126
1.0,1,0.91332996
1.0,1,0.9816062
0.0,0,0.18753092
0.0,0,0.061125655
1.0,1,0.9627224
0.0,0,0.013558003
0.0,0,0.22300662
0.0,0,0.022668842
1.0,1,0.61225915
1.0,1,0.8894097
1.0,1,0.9796284
1.0,1,0.693501
1.0,1,0.7185394
1.0,1,0.91327816
1.0,1,0.9415404
1.0,1,0.9087931
1.0,1,0.8847243
0.0,0,0.012594948
1.0,1,0.73639226
0.0,0,0.005354162
0.0,0,0.006080576
0.0,0,0.095457874
1.0,1,0.6394149
1.0,1,0.7080883
0.0,0,0.0033860672
0.0,0,0.11736258
1.0,1,0.9731568
0.0,0,0.011299917
0.0,0,0.04182467
0.0,0,0.0447994
1.0,1,0.87876236
0.0,0,0.026079861
0.0,0,0.0121102
1.0,1,0.87993675
0.0,1,0.46639943
0.0,0,0.095313735
0.0,0,0.005612234
0.0,0,0.09285966
1.0,1,0.43273866
1.0,1,0.95561713
1.0,1,0.9659868
1.0,1,0.83913356
0.0,0,0.066881604
0.0,0,0.01966813
0.0,0,0.08253936
1.0,1,0.94528544
0.0,1,0.67370546
1.0,1,0.5177335
1.0,1,0.8839777
1.0,0,0.14285485
0.0,0,0.022088453
1.0,1,0.8568136
0.0,0,0.23892735
0.0,0,0.032966387
1.0,1,0.9589906
0.0,0,0.02326066
1.0,1,0.8944192
0.0,0,0.22893584
0.0,0,0.09394904
1.0,1,0.930787
1.0,1,0.7597479
0.0,0,0.005622057
1.0,1,0.5622746
1.0,1,0.9528599
1.0,0,0.29883105
0.0,0,0.13269773
0.0,0,0.008779399
0.0,0,0.005183548
0.0,0,0.008982189
1.0,1,0.7883566
1.0,1,0.9679063
0.0,0,0.0316845
1.0,1,0.9833749
0.0,1,0.64641243
1.0,1,0.8385027
0.0,0,0.1442
0.0,0,0.022317706
0.0,0,0.018707559
1.0,1,0.95229435
1.0,1,0.9814542
0.0,0,0.16580877
0.0,0,0.07511212
1.0,1,0.8816425
0.0,1,0.49005842
0.0,0,0.06282831
1.0,1,0.9757273
1.0,1,0.9848778
0.0,0,0.37389195
1.0,1,0.98346794
0.0,0,0.003173731
1.0,1,0.9850357
1.0,1,0.4429942
1.0,1,0.9610362
1.0,0,0.16454089
0.0,0,0.032219246
1.0,1,0.98050725
1.0,1,0.7911467
1.0,1,0.9167321
1.0,0,0.15357699
0.0,0,0.010138913
1.0,1,0.96607876
0.0,0,0.018900601
1.0,1,0.51750904
1.0,1,0.9653602
0.0,0,0.0023213064
1.0,1,0.9350137
1.0,1,0.89769626
0.0,0,0.3686271
0.0,0,0.062532105
1.0,1,0.9243926
1.0,1,0.9721856
1.0,1,0.979861
0.0,1,0.5371705
1.0,0,0.18412627
1.0,1,0.9602756
0.0,0,0.2152286
1.0,1,0.90025747
1.0,1,0.4728908
1.0,0,0.3258075
0.0,0,0.038741276
0.0,0,0.0057101324
0.0,0,0.206568
0.0,0,0.18886533
0.0,0,0.09660322
0.0,0,0.009525786
0.0,0,0.008680416
0.0,0,0.11627961
0.0,0,0.06298854
1.0,1,0.9055764
0.0,0,0.09791441
0.0,0,0.052139014
0.0,0,0.034050483
1.0,1,0.60146296
0.0,0,0.16048005
1.0,1,0.9304592
1.0,1,0.9034189
0.0,1,0.6121112
0.0,0,0.10672704
1.0,1,0.9820922
1.0,0,0.094531655
0.0,0,0.02026792
1.0,1,0.91850924
1.0,1,0.7683748
1.0,1,0.98193187
1.0,1,0.9520005
1.0,0,0.26626545
0.0,0,0.024442695
0.0,0,0.25675482
1.0,1,0.89755374
1.0,1,0.8173742
0.0,0,0.28432655
1.0,1,0.67733705
0.0,1,0.6627901
0.0,0,0.18076208
1.0,1,0.92327076
0.0,1,0.9064484
0.0,0,0.02185664
0.0,0,0.0121089835
0.0,0,0.08466037
1.0,1,0.9417369
1.0,1,0.86793053
0.0,0,0.017249646
0.0,0,0.054400105
1.0,1,0.9622791
0.0,0,0.0060113836
0.0,0,0.048855416
0.0,0,0.2854974
1.0,1,0.9771608
1.0,1,0.83472663
0.0,1,0.7838681
1.0,1,0.9200793
1.0,1,0.9166192
0.0,1,0.62540066
1.0,1,0.967069
1.0,1,0.8020996
0.0,0,0.05192395
1.0,1,0.9368143
1.0,1,0.97794443
0.0,0,0.028495023
1.0,1,0.9592707
0.0,1,0.93383646
1.0,1,0.78977126
1.0,1,0.8386892
1.0,1,0.80662286
1.0,1,0.8533413
1.0,1,0.96529806
1.0,1,0.9771688
1.0,1,0.93098444
1.0,1,0.9749176
1.0,1,0.96631294
0.0,0,0.039026715
0.0,0,0.1319493
0.0,0,0.0026589485
1.0,1,0.9359658
0.0,0,0.08761868
1.0,1,0.94432414
1.0,1,0.60148066
1.0,1,0.98320264
1.0,1,0.9708158
1.0,1,0.91156125
1.0,1,0.88074416
1.0,1,0.6285325
0.0,0,0.009239501
0.0,0,0.0060752644
1.0,1,0.92593944
1.0,1,0.84118986
0.0,0,0.24693334
0.0,0,0.035364453
0.0,0,0.0045993985
0.0,0,0.015750816
0.0,0,0.023516268
0.0,0,0.19805825
0.0,0,0.023497142
1.0,1,0.96807873
0.0,0,0.1507504
0.0,0,0.0053390535
0.0,0,0.017226132
1.0,1,0.9522512
0.0,0,0.098370075
0.0,0,0.0073999525
0.0,0,0.0072638877
1.0,1,0.97799855
1.0,1,0.96842325
0.0,0,0.27307218
1.0,1,0.98453254
1.0,0,0.28429958
1.0,1,0.8749299
0.0,0,0.03784578
1.0,1,0.9760544
0.0,0,0.01617645
0.0,0,0.017122377
1.0,1,0.8742069
0.0,0,0.033887077
1.0,1,0.73177624
1.0,1,0.90433836
1.0,1,0.86539125
1.0,1,0.9759922
0.0,0,0.107529335
0.0,1,0.69322854
1.0,0,0.22900267
1.0,1,0.7954389
0.0,0,0.00362742
0.0,0,0.07543082
0.0,0,0.41789767
0.0,0,0.014394122
1.0,1,0.6336729
0.0,0,0.00948012
0.0,0,0.29846603
0.0,0,0.10607207
1.0,1,0.8424831
1.0,1,0.96569157
0.0,0,0.3263118
1.0,1,0.85553646
1.0,1,0.9387592
1.0,1,0.9405405
0.0,0,0.1269101
1.0,1,0.9817028
1.0,1,0.7882799
0.0,0,0.0016289256
1.0,1,0.9446971
0.0,0,0.22092956
0.0,0,0.008153209
0.0,0,0.21120232
0.0,0,0.09747432
1.0,1,0.836528
0.0,0,0.0020337233
1.0,1,0.7171006
0.0,1,0.786204
0.0,1,0.46719825
0.0,1,0.94477785
1.0,1,0.7787782
1.0,1,0.9275578
0.0,1,0.52987933
0.0,1,0.82583404
1.0,1,0.98602504
0.0,0,0.025050877
1.0,1,0.8862944
0.0,0,0.018461531
0.0,0,0.04697528
1.0,1,0.9609449
0.0,0,0.13768233
0.0,0,0.009546252
1.0,1,0.9610346
1.0,1,0.96328926
1.0,1,0.7820977
1.0,1,0.9221242
1.0,1,0.90516794
1.0,1,0.96000457
0.0,0,0.10831568
1.0,1,0.92322195
0.0,0,0.2801623
1.0,1,0.8095149
1.0,1,0.93812793
0.0,0,0.03324842
1.0,1,0.9791162
0.0,0,0.0077017886
1.0,1,0.97602254
0.0,1,0.9238405
1.0,1,0.71878743
0.0,0,0.23049213
0.0,1,0.9063898
0.0,1,0.52419937
1.0,1,0.97374207
1.0,1,0.8423379
1.0,1,0.8837538
0.0,0,0.0292996
1.0,1,0.9653306
0.0,1,0.56017613
1.0,1,0.97656363
1.0,1,0.8103627
1.0,1,0.8417825
0.0,1,0.81999946
1.0,1,0.90102434
0.0,0,0.1310784
1.0,1,0.8814099
1.0,1,0.96292156
0.0,0,0.005883857
0.0,0,0.054274037
0.0,0,0.011377151
1.0,1,0.7909954
1.0,1,0.9473301
0.0,0,0.06973865
1.0,1,0.97418594
0.0,0,0.022238849
0.0,0,0.27167752
0.0,0,0.35050014
0.0,0,0.01945541
0.0,0,0.016619403
0.0,0,0.18388794
0.0,1,0.620829
0.0,0,0.016524024
0.0,0,0.020366263
0.0,0,0.20703363
1.0,1,0.9608803
0.0,0,0.02554632
1.0,1,0.44648623
1.0,1,0.9489904
0.0,0,0.042708803
1.0,0,0.17420232
1.0,1,0.8190682
0.0,0,0.026282217
0.0,0,0.006187997
1.0,1,0.8960937
1.0,1,0.5577099
0.0,0,0.32625726
0.0,0,0.017365383
0.0,0,0.2384622
1.0,1,0.9725482
0.0,0,0.40510812
0.0,0,0.022389177
1.0,1,0.5987679
0.0,1,0.45721585
1.0,1,0.97925484
0.0,1,0.62446547
1.0,1,0.9570841
1.0,1,0.9694543
1.0,1,0.98265785
0.0,0,0.0071967314
0.0,0,0.012748836
0.0,1,0.7687901
1.0,1,0.88209414
0.0,0,0.07598354
1.0,1,0.954042
1.0,1,0.95674765
1.0,1,0.9574645
0.0,0,0.008678474
1.0,1,0.9385022
0.0,0,0.27947697
1.0,1,0.506297
0.0,0,0.36373475
0.0,0,0.18143907
0.0,0,0.036036775
0.0,0,0.057365164
0.0,0,0.013988135
1.0,1,0.67892665
1.0,0,0.24393643
0.0,0,0.012277292
1.0,1,0.9007936
1.0,1,0.9687791
0.0,0,0.14486627
0.0,0,0.053224176
1.0,1,0.93747616
0.0,0,0.0114823915
1.0,1,0.9230231
1.0,1,0.9583986
0.0,0,0.040072557
1.0,1,0.98065215
1.0,1,0.97520304
0.0,0,0.03225942
0.0,0,0.119002104
1.0,1,0.962811
0.0,0,0.017118394
0.0,0,0.28984448
0.0,0,0.04356292
1.0,1,0.7375895
0.0,0,0.012357114
0.0,1,0.6657638
1.0,1,0.79623586
1.0,1,0.91762954
1.0,1,0.95916295
1.0,1,0.56618303
0.0,0,0.10788665
0.0,0,0.033024997
0.0,0,0.033945262
0.0,0,0.13224298
0.0,1,0.44648543
0.0,0,0.016385784
0.0,1,0.8408546
0.0,0,0.24769685
1.0,1,0.88252485
1.0,1,0.88795084
1.0,1,0.86812484
0.0,0,0.012227734
0.0,1,0.83126515
0.0,0,0.05680044
1.0,1,0.970019
1.0,1,0.8410021
0.0,0,0.019760529
0.0,0,0.01805328
1.0,1,0.9684038
0.0,0,0.06268036
0.0,0,0.026044348
0.0,0,0.18258542
1.0,1,0.9398272
0.0,0,0.3352014
1.0,1,0.9683886
1.0,1,0.8415918
0.0,0,0.3292437
0.0,0,0.016084904
1.0,1,0.9345485
1.0,1,0.94582665
1.0,1,0.8667831
0.0,0,0.011652478
0.0,0,0.019627772
1.0,1,0.7928046
1.0,1,0.9705946
0.0,0,0.19458474
0.0,0,0.0042391545
1.0,1,0.97672504
1.0,1,0.9772176
0.0,0,0.35397574
1.0,1,0.9731928
1.0,1,0.97599685
0.0,0,0.026749074
1.0,1,0.97739637
1.0,1,0.9711846
1.0,1,0.86767983
0.0,0,0.0099144485
0.0,0,0.0035221677
1.0,1,0.70829344
1.0,1,0.6516112
1.0,1,0.93498045
1.0,1,0.8192857
1.0,1,0.9829592
1.0,1,0.96067864
0.0,0,0.3153217
0.0,1,0.6776557
0.0,1,0.45755008
1.0,1,0.9777724
1.0,1,0.66012746
0.0,0,0.01232055
1.0,1,0.95374036
0.0,0,0.0068166805
0.0,0,0.04595928
1.0,1,0.8367332
1.0,1,0.9537057
0.0,0,0.15259703
0.0,0,0.047374867
1.0,1,0.9296189
0.0,0,0.11831966
0.0,0,0.26926258
1.0,1,0.7581972
0.0,0,0.107026905
1.0,1,0.9201462
1.0,1,0.9469399
1.0,1,0.9371913
1.0,0,0.3429084
0.0,0,0.31899166
1.0,1,0.9249629
1.0,1,0.9824198
1.0,0,0.36235514
0.0,0,0.055403084
0.0,0,0.00670898
0.0,0,0.21163861
0.0,0,0.077046975
0.0,0,0.030847851
0.0,0,0.011755996
0.0,0,0.14111875
1.0,1,0.96392405
0.0,0,0.1666689
0.0,0,0.048661977
0.0,0,0.05310053
1.0,1,0.90915906
1.0,1,0.98109645
1.0,1,0.9352973
1.0,1,0.939947
1.0,1,0.952688
1.0,1,0.8871941
0.0,0,0.0137813
1.0,1,0.90364635
0.0,0,0.011687765
1.0,1,0.5392445
0.0,0,0.007876066
1.0,1,0.96674573
1.0,1,0.6638761
0.0,0,0.016299114
1.0,1,0.97462356
1.0,1,0.96707225
1.0,1,0.9731271
1.0,1,0.9784233
0.0,0,0.40389886
0.0,0,0.067044795
1.0,1,0.9566678
0.0,0,0.044097066
1.0,1,0.9771068
0.0,0,0.25591356
0.0,0,0.05278851
0.0,0,0.06389891
0.0,0,0.04755158
0.0,0,0.0060512666
1.0,1,0.9547545
0.0,0,0.06303138
0.0,0,0.19067751
1.0,1,0.91134405
1.0,1,0.9819498
0.0,0,0.023284994
0.0,1,0.7142327
1.0,1,0.82644325
0.0,1,0.84533465
0.0,0,0.024589768
0.0,0,0.029258387
1.0,1,0.97069615
0.0,1,0.74976283
0.0,1,0.6369554
0.0,0,0.0052065724
1.0,1,0.7904333
1.0,1,0.48145345
1.0,1,0.9769332
1.0,1,0.6739354
0.0,0,0.00556235
1.0,1,0.9473034
1.0,1,0.98200613
0.0,0,0.016163357
0.0,0,0.044306427
0.0,0,0.018385604
0.0,0,0.1626145
0.0,0,0.38208234
0.0,1,0.44178015
0.0,0,0.31411445
1.0,1,0.8581787
0.0,0,0.021640718
0.0,0,0.16052927
0.0,0,0.0063605234
0.0,1,0.4307815
1.0,0,0.2898087
1.0,1,0.9373957
0.0,1,0.7530334
1.0,1,0.9590262
1.0,0,0.40585667
1.0,1,0.83022714
1.0,1,0.8458944
0.0,0,0.019026542
0.0,0,0.008592563
1.0,1,0.9831359
0.0,0,0.026414579
1.0,1,0.6909689
0.0,0,0.024460655
1.0,0,0.28120828
1.0,1,0.9719781
0.0,0,0.3657333
0.0,0,0.018749202
1.0,0,0.18523978
0.0,0,0.020696651
1.0,1,0.7222711
1.0,1,0.9680075
0.0,0,0.34344107
0.0,1,0.78097856
0.0,0,0.041368075
0.0,1,0.600346
0.0,0,0.06066378
0.0,0,0.40174046
1.0,1,0.9632073
1.0,1,0.9032655
1.0,1,0.9589084
1.0,1,0.7623705
0.0,0,0.16164982
1.0,1,0.9187637
0.0,0,0.019894848
0.0,0,0.003683395
0.0,1,0.8374256
1.0,1,0.89177465
1.0,1,0.96325934
1.0,1,0.9455403
1.0,1,0.9755606
0.0,0,0.027332729
1.0,1,0.47752607
1.0,1,0.9555564
1.0,1,0.9739693
1.0,0,0.3596108
0.0,0,0.01808394
0.0,1,0.87330914
0.0,0,0.015175888
1.0,1,0.9643626
1.0,1,0.9723825
1.0,1,0.9760761
1.0,1,0.98510545
0.0,0,0.029301167
1.0,0,0.3725091
1.0,1,0.9822203
1.0,1,0.9707523
1.0,1,0.92848635
1.0,1,0.9720362
0.0,0,0.025113948
0.0,0,0.03162731
1.0,0,0.20259167
0.0,0,0.059287746
0.0,0,0.037284944
0.0,0,0.075953044
0.0,0,0.039659537
0.0,0,0.01798306
0.0,0,0.039758675
0.0,0,0.015838284
1.0,1,0.92618823
0.0,0,0.010049328
0.0,1,0.5504909
0.0,0,0.10422757
0.0,0,0.0402872
1.0,1,0.8845974
1.0,1,0.9828134
1.0,1,0.9397025
1.0,1,0.9564038
1.0,1,0.8935714
0.0,0,0.13063431
1.0,1,0.9740762
1.0,1,0.9727507
1.0,1,0.727898
0.0,0,0.2775399
0.0,1,0.48459205
0.0,0,0.021183444
0.0,0,0.0046014097
0.0,1,0.7419245
1.0,1,0.9374468
0.0,0,0.006556517
1.0,0,0.37806442
0.0,0,0.15831089
1.0,1,0.75918406
1.0,1,0.97864884
1.0,1,0.9753847
1.0,1,0.88459957
1.0,0,0.16826925
1.0,1,0.9633512
1.0,0,0.19005251
1.0,1,0.92052895
0.0,0,0.4037658
1.0,1,0.9643642
1.0,1,0.747879
1.0,1,0.88730377
1.0,1,0.9684034
0.0,1,0.87026024
0.0,0,0.009904337
0.0,0,0.03711058
1.0,1,0.9080674
0.0,0,0.026440395
0.0,0,0.010494291
0.0,0,0.025958464
1.0,1,0.8773569
1.0,1,0.961271
0.0,0,0.017732237
0.0,0,0.057135582
1.0,1,0.6751269
0.0,0,0.099013306
1.0,1,0.96727335
1.0,1,0.79836726
0.0,0,0.17784752
0.0,0,0.010959411
1.0,1,0.70553625
1.0,1,0.56904715
0.0,0,0.035082065
1.0,1,0.93020695
1.0,1,0.7402909
0.0,1,0.8972446
1.0,1,0.92073303
1.0,1,0.9508887
1.0,1,0.5510206
1.0,1,0.9674637
1.0,1,0.7300648
1.0,1,0.96516633
0.0,0,0.11231794
1.0,1,0.98398125
1.0,1,0.8145476
0.0,0,0.087414995
1.0,1,0.9728593
1.0,1,0.9711393
1.0,1,0.78449965
1.0,1,0.9586291
1.0,1,0.9425951
1.0,1,0.64407307
1.0,1,0.50175416
1.0,1,0.9617783
1.0,0,0.041121278
0.0,0,0.0069790394
1.0,1,0.8430502
1.0,1,0.59981847
1.0,1,0.98365897
1.0,1,0.96489125
0.0,1,0.6635015
0.0,0,0.036968384
1.0,1,0.975878
1.0,1,0.9685872
1.0,1,0.959937
1.0,1,0.9444869
1.0,1,0.94497037
0.0,1,0.82449096
1.0,1,0.98421836
0.0,1,0.97802854
0.0,0,0.0023702898
1.0,1,0.58656704
1.0,0,0.20733045
1.0,1,0.95719415
1.0,1,0.95259136
1.0,0,0.15948394
1.0,1,0.9265933
0.0,0,0.039517738
1.0,1,0.7189941
1.0,1,0.9657366
0.0,0,0.0074764825
1.0,1,0.97281134
1.0,1,0.957364
0.0,0,0.024515936
1.0,0,0.18141454
0.0,0,0.064620726
1.0,0,0.13123661
1.0,1,0.8626883
0.0,0,0.01992718
0.0,0,0.03387897
1.0,1,0.47968334
0.0,0,0.031060003
0.0,1,0.7582859
1.0,1,0.9513334
1.0,1,0.8030838
0.0,0,0.040191393
0.0,1,0.7456988
0.0,0,0.027302269
0.0,1,0.5440483
0.0,0,0.039284676
1.0,1,0.8549996
0.0,1,0.7701321
0.0,0,0.008501424
0.0,0,0.30613875
1.0,1,0.98620564
0.0,0,0.010423935
1.0,1,0.96835387
1.0,1,0.973498
1.0,1,0.77294147
0.0,0,0.034916844
0.0,0,0.026587045
1.0,1,0.5129778
0.0,0,0.39568925
1.0,1,0.88165027
0.0,0,0.025097668
0.0,0,0.010512845
1.0,1,0.44908682
1.0,1,0.7233745
0.0,0,0.075584315
1.0,1,0.9824441
0.0,0,0.3031466
0.0,0,0.07000394
0.0,0,0.27462232
0.0,0,0.058305074
0.0,0,0.012187569
0.0,0,0.018737914
0.0,0,0.092097625
0.0,1,0.50644016
1.0,1,0.9076946
0.0,0,0.08989824
0.0,0,0.122616254
1.0,1,0.67199814
1.0,0,0.38433066
0.0,1,0.8736918
1.0,1,0.9801447
1.0,1,0.9759124
0.0,0,0.0088814935
0.0,1,0.4372695
1.0,1,0.53646886
1.0,1,0.9716443
1.0,1,0.97604084
0.0,0,0.0139101725
1.0,1,0.97355574
0.0,1,0.81191367
0.0,0,0.31507382
0.0,0,0.04473295
1.0,1,0.96895164
1.0,0,0.04858386
1.0,0,0.39509055
0.0,0,0.03317315
1.0,1,0.978595
0.0,1,0.7527739
0.0,0,0.091598086
0.0,0,0.16597725
1.0,1,0.88543826
1.0,1,0.9726424
1.0,1,0.9627777
1.0,1,0.9542613
0.0,0,0.12215148
0.0,0,0.013379913
0.0,0,0.017794602
1.0,1,0.9526984
0.0,0,0.023360506
0.0,0,0.07327441
0.0,0,0.028413342
0.0,0,0.0118101
1.0,1,0.9670633
1.0,1,0.8225545
0.0,0,0.025863297
0.0,1,0.71761036
0.0,0,0.0126809925
0.0,1,0.93603384
1.0,1,0.9211781
0.0,0,0.026510585
1.0,1,0.9657079
0.0,0,0.018914383
0.0,0,0.012970562
0.0,0,0.025109831
0.0,1,0.64532197
1.0,1,0.96555614
1.0,1,0.9362877
0.0,0,0.033022072
0.0,0,0.037963938
0.0,0,0.023559932
1.0,1,0.8156059
0.0,0,0.04928376
0.0,0,0.19876651
0.0,0,0.009592358
0.0,0,0.0031209593
0.0,0,0.007918281
0.0,0,0.013058222
1.0,1,0.9289262
1.0,1,0.9481833
1.0,1,0.9791812
1.0,1,0.5373235
0.0,0,0.004386024
1.0,1,0.97471935
1.0,1,0.95371777
0.0,0,0.028893778
1.0,1,0.8078617
1.0,1,0.7259861
1.0,1,0.9318534
1.0,1,0.9208016
0.0,0,0.13075659
1.0,0,0.043043565
0.0,0,0.029162817
0.0,0,0.082063586
1.0,1,0.97779703
0.0,0,0.023472942
0.0,0,0.00516907
1.0,1,0.96311384
0.0,0,0.01767636
1.0,1,0.9825259
0.0,0,0.03236188
0.0,0,0.032534253
1.0,1,0.9854464
1.0,1,0.71086955
0.0,0,0.18082336
0.0,0,0.086695366
0.0,0,0.12154266
0.0,0,0.0111912
0.0,0,0.00952855
0.0,0,0.012703108
1.0,1,0.9457715
0.0,0,0.20932443
0.0,0,0.0960015
1.0,1,0.95801467
0.0,0,0.13008048
0.0,0,0.08831494
1.0,1,0.95786494
0.0,0,0.036304194
1.0,1,0.9431693
1.0,1,0.95940506
1.0,1,0.90045154
0.0,0,0.16556036
1.0,1,0.90144163
0.0,0,0.0040242765
1.0,1,0.97493356
1.0,0,0.19080621
0.0,1,0.90754473
0.0,0,0.099642105
1.0,1,0.94967073
0.0,0,0.0805234
1.0,1,0.9843554
1.0,1,0.787116
1.0,1,0.97755194
0.0,0,0.022629065
1.0,1,0.9610164
0.0,1,0.9320386
0.0,0,0.12362881
1.0,1,0.95863044
0.0,0,0.02067928
1.0,1,0.9002948
0.0,0,0.04676318
1.0,1,0.92323685
0.0,0,0.0319739
0.0,0,0.35964704
1.0,1,0.985036
0.0,0,0.031382296
0.0,0,0.034058455
1.0,1,0.9693106
1.0,0,0.22947218
0.0,0,0.36847433
0.0,0,0.06741408
0.0,0,0.21839263
1.0,1,0.9014632
0.0,0,0.023907483
0.0,0,0.024010522
1.0,1,0.91053194
0.0,0,0.02728535
1.0,1,0.9843687
1.0,1,0.9679708
1.0,1,0.98232347
0.0,0,0.003439473
0.0,1,0.85741967
0.0,0,0.20867902
1.0,1,0.87420404
0.0,0,0.018536966
1.0,1,0.9765335
0.0,0,0.015450165
0.0,0,0.004352208
0.0,0,0.34623206
0.0,0,0.18086305
0.0,0,0.03192819
0.0,0,0.0056112767
1.0,0,0.35176206
1.0,1,0.97438276
0.0,0,0.009520934
1.0,1,0.9104227
1.0,1,0.9594729
1.0,1,0.9791959
1.0,0,0.065031976
1.0,0,0.29176357
1.0,0,0.38855535
1.0,1,0.9325537
0.0,0,0.03471455
0.0,0,0.3682629
0.0,0,0.011750325
0.0,0,0.08919388
0.0,0,0.00952339
1.0,1,0.9611129
0.0,0,0.005432964
1.0,1,0.8188754
0.0,0,0.040409017
1.0,1,0.95242244
1.0,1,0.91097647
0.0,0,0.02885209
1.0,1,0.9825468
1.0,1,0.9057669
1.0,1,0.9843128
1.0,1,0.95049894
1.0,1,0.8510779
1.0,0,0.015348485
0.0,0,0.13913327
0.0,0,0.03295222
0.0,0,0.20844954
0.0,0,0.00033125433
1.0,1,0.94721484
0.0,0,0.048292313
1.0,1,0.94273734
1.0,1,0.84681123
0.0,0,0.027186943
1.0,1,0.9342671
0.0,0,0.20389608
1.0,1,0.9467536
1.0,1,0.9827124
0.0,0,0.03464255
1.0,1,0.90545416
0.0,0,0.11449248
0.0,0,0.075403444
1.0,1,0.9792434
0.0,0,0.03591327
1.0,1,0.97665536
0.0,0,0.061045904
0.0,0,0.27060395
0.0,1,0.88762635
1.0,1,0.91285366
0.0,0,0.038355563
0.0,0,0.0019614047
1.0,1,0.9531252
0.0,0,0.0015531168
0.0,1,0.9714093
0.0,0,0.014792765
1.0,1,0.9368812
0.0,0,0.036175236
1.0,1,0.9402598
1.0,1,0.88248146
0.0,1,0.7689236
0.0,0,0.022356106
1.0,1,0.98291945
1.0,1,0.80216706
1.0,1,0.9618881
1.0,1,0.9436052
1.0,1,0.6143802
0.0,0,0.094496176
1.0,1,0.98712397
1.0,1,0.8975882
1.0,1,0.97945243
1.0,1,0.9364185
1.0,0,0.39551964
1.0,1,0.6397705
0.0,0,0.03805201
0.0,0,0.040736545
0.0,0,0.010457253
0.0,0,0.015507665
1.0,1,0.61563414
0.0,0,0.29812905
1.0,1,0.9477011
0.0,0,0.016065994
0.0,0,0.034634583
1.0,1,0.94717544
1.0,1,0.97916806
1.0,0,0.28641313
1.0,1,0.82385814
1.0,1,0.86188567
1.0,1,0.974712
1.0,1,0.9324508
1.0,1,0.45045242
1.0,1,0.84565043
0.0,0,0.012899212
1.0,1,0.7596257
0.0,0,0.09070526
0.0,0,0.0039053112
1.0,1,0.9716449
1.0,0,0.3840176
0.0,0,0.25154245
0.0,0,0.009453358
0.0,0,0.0054122796
0.0,0,0.24106859
0.0,0,0.012202367
1.0,1,0.82973856
0.0,0,0.34943652
0.0,0,0.27621862
0.0,0,0.11403242
1.0,1,0.42497846
0.0,0,0.010374667
0.0,0,0.009695593
1.0,1,0.8367129
0.0,0,0.016803637
0.0,0,0.0037153703
1.0,1,0.983569
1.0,1,0.98326814
1.0,1,0.7907165
1.0,1,0.97020715
0.0,0,0.14805946
0.0,0,0.0033248158
1.0,1,0.92580926
1.0,1,0.9242657
1.0,1,0.9813105
0.0,0,0.10878767
0.0,0,0.0075325225
0.0,0,0.0068884757
0.0,0,0.036188267
0.0,0,0.31114805
0.0,0,0.19853781
0.0,0,0.07645431
0.0,1,0.4387033
1.0,1,0.9443702
1.0,0,0.05490273
0.0,0,0.087594196
1.0,1,0.9658148
0.0,0,0.00835696
0.0,1,0.6032609
0.0,0,0.124733545
1.0,1,0.9273943
1.0,1,0.98216945
0.0,0,0.0006568663
0.0,0,0.266986
0.0,0,0.004319226
0.0,0,0.0056132455
0.0,0,0.010994811
1.0,1,0.81060815
0.0,0,0.008143367
0.0,0,0.24685079
1.0,1,0.9868614
0.0,0,0.2951035
0.0,0,0.3909854
1.0,1,0.8988603
0.0,0,0.06935807
1.0,1,0.8895072
1.0,1,0.9158057
1.0,0,0.41641685
1.0,1,0.8782612
0.0,0,0.06361021
1.0,1,0.7402463
0.0,0,0.11626755
1.0,1,0.97848225
0.0,0,0.26452935
1.0,1,0.94027054
0.0,0,0.052904636
0.0,0,0.026626825
0.0,0,0.022565981
0.0,0,0.005308624
1.0,1,0.6687762
1.0,1,0.97444564
1.0,1,0.8966977
0.0,0,0.005378631
0.0,0,0.05727509
0.0,0,0.09142388
0.0,1,0.6387935
1.0,1,0.8535434
1.0,1,0.9809529
0.0,0,0.018925242
1.0,1,0.9782111
1.0,1,0.92498946
0.0,0,0.0121347485
1.0,0,0.37135822
1.0,1,0.96062565
0.0,0,0.12423541
1.0,1,0.9774744
0.0,0,0.14077324
0.0,0,0.017274933
0.0,0,0.15915994
0.0,0,0.17067707
1.0,1,0.8712795
1.0,1,0.9740064
0.0,0,0.006832433
1.0,1,0.87371993
1.0,1,0.56101954
1.0,1,0.97910184
1.0,1,0.7878937
0.0,0,0.060104772
1.0,1,0.8375058
1.0,1,0.9548154
0.0,0,0.022851449
0.0,1,0.94766873
0.0,0,0.15671209
0.0,1,0.7439743
0.0,0,0.05600641
1.0,1,0.6628705
1.0,1,0.8250532
0.0,0,0.030998796
1.0,1,0.9805691
0.0,0,0.02027377
1.0,0,0.0317165
0.0,0,0.023948295
0.0,0,0.18840896
0.0,0,0.25412259
0.0,0,0.011447362
0.0,0,0.06710001
1.0,1,0.7096544
1.0,1,0.8433306
0.0,0,0.038490687
0.0,0,0.0072194366
1.0,1,0.9664357
1.0,1,0.95788497
0.0,0,0.023743274
0.0,0,0.026080295
1.0,1,0.89830875
1.0,1,0.8555459
0.0,0,0.1250803
0.0,0,0.16355824
1.0,1,0.9772232
1.0,1,0.9144977
0.0,0,0.0032942207
1.0,1,0.9632301
0.0,0,0.033713914
0.0,0,0.047636785
1.0,1,0.96178627
0.0,0,0.0161211
0.0,0,0.07807984
1.0,1,0.97658426
1.0,1,0.9431535
0.0,0,0.12411629
1.0,1,0.9086537
0.0,0,0.025222393
1.0,1,0.94470716
0.0,0,0.18636793
1.0,1,0.84634197
0.0,0,0.05180502
0.0,0,0.2816545
1.0,1,0.9555857
0.0,0,0.28020918
0.0,0,0.14171933
0.0,0,0.07854365
0.0,0,0.2833908
0.0,0,0.06992869
1.0,1,0.959536
0.0,1,0.42826793
0.0,0,0.034337156
1.0,1,0.8776375
1.0,1,0.8269157
1.0,1,0.88001317
0.0,0,0.033128724
0.0,0,0.014400549
0.0,0,0.02012957
1.0,1,0.9088571
1.0,1,0.9694598
0.0,0,0.0023355815
1.0,1,0.9498051
1.0,1,0.97901875
1.0,1,0.86908853
1.0,1,0.72393596
1.0,1,0.7552377
1.0,1,0.9848676
1.0,1,0.7389253
0.0,0,0.041605715
0.0,0,0.02670188
0.0,0,0.09557256
0.0,0,0.004396974
0.0,0,0.35460714
1.0,1,0.97771347
1.0,1,0.9787969
1.0,1,0.9704144
0.0,0,0.0070271436
1.0,1,0.96599025
0.0,0,0.012832886
0.0,0,0.013745332
1.0,1,0.9237954
0.0,0,0.04651293
1.0,1,0.9256271
1.0,1,0.97314125
0.0,0,0.016748779
1.0,1,0.734887
0.0,0,0.008457774
0.0,0,0.012282267
0.0,0,0.012910369
1.0,0,0.41513053
1.0,1,0.9825556
1.0,1,0.86495006
1.0,1,0.63740706
0.0,0,0.115091644
0.0,0,0.018172557
0.0,0,0.11061459
0.0,0,0.038508333
1.0,1,0.97710377
0.0,0,0.009525976
0.0,0,0.06563221
0.0,0,0.047816057
0.0,0,0.0996126
0.0,1,0.53213525
0.0,0,0.018898338
1.0,1,0.9803413
1.0,1,0.93655837
0.0,0,0.034979776
1.0,1,0.8524361
1.0,1,0.709413
1.0,1,0.7895491
1.0,1,0.81273645
1.0,1,0.97779125
1.0,1,0.697179
0.0,0,0.023701081
1.0,1,0.9833129
1.0,1,0.62325907
0.0,0,0.03394218
0.0,0,0.16054976
0.0,1,0.5028968
1.0,1,0.9593806
0.0,0,0.021803634
1.0,1,0.7833007
1.0,1,0.7459081
1.0,1,0.65348387
0.0,1,0.477597
1.0,0,0.20347756
1.0,1,0.9734452
1.0,1,0.9700681
0.0,0,0.17021757
1.0,1,0.8783752
0.0,0,0.005670745
1.0,1,0.9253071
0.0,0,0.024465043
0.0,0,0.025615942
1.0,1,0.93363225
0.0,0,0.13463588
0.0,0,0.045575783
0.0,0,0.15740289
1.0,1,0.9815346
0.0,0,0.0064028134
1.0,1,0.9833146
1.0,1,0.96042037
1.0,1,0.9813866
0.0,1,0.8980441
0.0,1,0.59814703
1.0,1,0.8937942
0.0,0,0.007989189
0.0,1,0.66464293
0.0,0,0.10568759
0.0,0,0.024328759
0.0,1,0.5945556
1.0,1,0.9416049
1.0,1,0.97886026
0.0,0,0.33904457
1.0,1,0.97675914
0.0,0,0.049997397
1.0,1,0.95669526
0.0,0,0.02286891
0.0,0,0.257846
1.0,1,0.9553629
0.0,0,0.16918091
0.0,0,0.0066383537
0.0,0,0.023244567
0.0,1,0.76775765
0.0,0,0.010622727
1.0,1,0.8033936
1.0,1,0.9692332
1.0,1,0.8745627
0.0,0,0.016570317
0.0,1,0.53417724
1.0,1,0.8498897
1.0,1,0.89903486
0.0,0,0.18694875
0.0,0,0.025473205
0.0,0,0.005987512
1.0,1,0.76856303
1.0,1,0.97651386
0.0,0,0.0016311412
0.0,1,0.4582895
0.0,0,0.01516389
0.0,0,0.2648974
0.0,1,0.48093858
0.0,0,0.012512616
1.0,1,0.9673822
0.0,0,0.01847548
0.0,0,0.21891804
0.0,0,0.007924844
0.0,0,0.01471243
1.0,1,0.9832256
0.0,0,0.026146254
0.0,0,0.009941059
0.0,0,0.04000615
1.0,1,0.75085515
1.0,1,0.92630196
0.0,0,0.023411162
0.0,0,0.41598448
0.0,0,0.021976136
0.0,1,0.6235802
0.0,1,0.75733554
1.0,1,0.96395886
0.0,0,0.0072751893
1.0,1,0.91944075
0.0,0,0.06160479
0.0,0,0.14603047
1.0,1,0.67791843
0.0,0,0.02872746
0.0,0,0.00954188
1.0,1,0.96227455
0.0,0,0.056140635
0.0,0,0.038384203
1.0,1,0.93180406
1.0,1,0.8607952
1.0,1,0.9692073
1.0,0,0.21617727
0.0,0,0.0168007
0.0,0,0.14322422
0.0,0,0.06924723
1.0,0,0.41756687
1.0,1,0.968269
0.0,0,0.2456602
1.0,1,0.80377316
0.0,0,0.0047211107
0.0,0,0.0143261915
0.0,0,0.20423034
0.0,0,0.002040507
0.0,1,0.50101167
0.0,0,0.3745245
0.0,0,0.24311459
1.0,1,0.9638887
0.0,0,0.016529176
1.0,1,0.60693836
0.0,0,0.06256401
1.0,1,0.9604774
0.0,0,0.06794272
1.0,1,0.93586135
0.0,0,0.14747722
1.0,1,0.9466913
0.0,0,0.014740811
0.0,1,0.4876301
0.0,0,0.107347704
1.0,1,0.9495374
0.0,1,0.5254413
1.0,1,0.7577909
0.0,0,0.36790136
0.0,0,0.0072837244
1.0,1,0.9515748
1.0,1,0.97304267
1.0,1,0.96278185
0.0,0,0.01623775
0.0,0,0.038338866
0.0,0,0.18435073
1.0,1,0.9828019
0.0,0,0.0070539988
0.0,0,0.109519854
1.0,1,0.95749396
0.0,0,0.033802956
1.0,1,0.97486806
0.0,0,0.034168217
1.0,1,0.9729902
1.0,1,0.9787052
0.0,0,0.2827512
1.0,1,0.8683109
1.0,1,0.9557921
1.0,1,0.9548758
1.0,1,0.7752386
0.0,0,0.21022934
0.0,0,0.21547931
1.0,1,0.92648685
1.0,1,0.9732
1.0,1,0.9867711
0.0,0,0.17749622
1.0,1,0.9857275
0.0,0,0.029589731
0.0,0,0.14962868
1.0,1,0.95185
0.0,0,0.0049313195
0.0,0,0.27984104
1.0,1,0.43552926
0.0,0,0.026351912
0.0,0,0.001789108
1.0,1,0.940915
1.0,1,0.9674085
1.0,1,0.98573583
1.0,1,0.83561474
0.0,1,0.69936347
0.0,0,0.05197456
0.0,0,0.021502186
0.0,1,0.59857005
1.0,1,0.949435
1.0,1,0.93982553
0.0,0,0.03916821
0.0,0,0.03208278
0.0,0,0.100406855
1.0,1,0.96867317
1.0,1,0.82438624
1.0,1,0.5467288
1.0,1,0.9502592
0.0,1,0.97780126
1.0,1,0.9579557
0.0,0,0.11179384
0.0,1,0.45321584
0.0,0,0.014096075
1.0,1,0.97751856
0.0,0,0.06123335
0.0,0,0.22422789
0.0,0,0.012913711
0.0,0,0.02844054
1.0,1,0.9448957
0.0,0,0.2333379
1.0,1,0.93354034
0.0,0,0.32025504
0.0,0,0.025745537
0.0,0,0.0035065396
0.0,0,0.017576966
0.0,0,0.036863554
1.0,1,0.95215046
1.0,0,0.2875083
0.0,0,0.04722275
0.0,0,0.015206205
1.0,1,0.817273
0.0,0,0.11059909
0.0,0,0.010466302
0.0,1,0.62173355
1.0,0,0.41258898
1.0,1,0.8480949
0.0,0,0.009897018
1.0,1,0.9622431
1.0,1,0.7661493
1.0,1,0.9512783
0.0,0,0.15004821
0.0,0,0.0041947337
1.0,1,0.8317288
1.0,1,0.9803248
1.0,1,0.9574318
1.0,1,0.9645673
0.0,0,0.07595251
1.0,0,0.34266344
0.0,0,0.05152774
1.0,1,0.94545174
0.0,0,0.38142425
0.0,0,0.032762818
1.0,1,0.9830377
1.0,1,0.4240696
1.0,1,0.9626088
0.0,0,0.09838995
0.0,0,0.04643841
1.0,1,0.96892124
1.0,1,0.9266054
1.0,1,0.6885029
1.0,1,0.87386173
1.0,1,0.8190738
1.0,1,0.94382864
0.0,0,0.014236144
1.0,1,0.63387984
1.0,1,0.9823551
1.0,0,0.18825908
0.0,0,0.1524469
1.0,0,0.13712901
0.0,0,0.058262628
1.0,1,0.9630292
1.0,1,0.9682005
0.0,0,0.100758664
1.0,1,0.91689616
0.0,0,0.08931241
1.0,1,0.8483078
1.0,1,0.98403704
1.0,1,0.9695392
1.0,1,0.9685827
1.0,0,0.3583133
0.0,0,0.020653913
0.0,0,0.23569478
1.0,1,0.9775666
0.0,0,0.015696052
0.0,0,0.22112562
1.0,1,0.96575004
1.0,1,0.86107695
0.0,0,0.025478119
0.0,0,0.01724883
1.0,1,0.6376981
0.0,0,0.1439305
1.0,1,0.98645264
0.0,0,0.043111254
0.0,0,0.01915397
0.0,0,0.009131145
0.0,0,0.2735871
1.0,0,0.3828454
1.0,1,0.874948
0.0,0,0.15301593
1.0,1,0.95537627
0.0,0,0.24707533
0.0,0,0.051230773
1.0,1,0.8660798
1.0,1,0.9359133
0.0,0,0.054001622
1.0,1,0.72507024
0.0,0,0.00670067
0.0,1,0.4974239
0.0,0,0.017228562
1.0,1,0.82254225
0.0,0,0.28508556
0.0,0,0.0033377314
1.0,1,0.9701026
1.0,1,0.95582205
0.0,0,0.07076254
1.0,1,0.5163176
1.0,1,0.7854906
0.0,1,0.716954
1.0,1,0.9773004
1.0,1,0.95054054
1.0,1,0.51920134
0.0,0,0.0035203958
0.0,0,0.08391499
0.0,0,0.11014622
1.0,1,0.6231656
0.0,0,0.031253055
1.0,1,0.94817746
1.0,1,0.7670737
1.0,1,0.98345095
1.0,1,0.95272756
0.0,0,0.016408117
0.0,0,0.37110445
1.0,1,0.962974
0.0,0,0.0024597407
1.0,1,0.4204265
1.0,1,0.9456249
0.0,0,0.051528126
0.0,0,0.027150443
1.0,0,0.418938
1.0,1,0.9812047
0.0,0,0.03344872
0.0,0,0.0095914705
1.0,1,0.7177844
1.0,1,0.96349394
1.0,1,0.96050507
0.0,0,0.13330692
0.0,0,0.004895997
1.0,1,0.96618366
0.0,0,0.00839277
1.0,1,0.9620171
0.0,0,0.06636807
0.0,0,0.007450813
1.0,1,0.9582295
1.0,1,0.9642337
0.0,0,0.029389365
0.0,0,0.003502215
1.0,1,0.9844598
1.0,1,0.83518046
0.0,1,0.57618475
1.0,1,0.9243591
0.0,0,0.02536562
0.0,1,0.6212251
1.0,1,0.97444713
1.0,1,0.86237955
1.0,1,0.9749923
0.0,0,0.032512996
0.0,0,0.04159217
1.0,0,0.05549304
1.0,1,0.89544356
1.0,1,0.86340636
0.0,0,0.1099547
1.0,1,0.7219722
0.0,0,0.03530188
0.0,0,0.3227529
0.0,0,0.002111842
0.0,0,0.0016894499
1.0,1,0.97041714
1.0,1,0.89020014
0.0,0,0.03916773
0.0,0,0.057638112
1.0,1,0.912899
0.0,0,0.10812636
1.0,1,0.8789579
0.0,1,0.81764674
0.0,0,0.00935292
0.0,0,0.1138036
0.0,0,0.002689043
0.0,0,0.14940985
1.0,1,0.8775766
1.0,0,0.37790513
1.0,1,0.84552723
1.0,1,0.8172217
1.0,1,0.98188454
0.0,0,0.082976624
0.0,0,0.27211404
1.0,1,0.9762838
0.0,0,0.022744862
1.0,1,0.97231376
1.0,1,0.75783074
0.0,1,0.6186929
1.0,1,0.75183207
0.0,0,0.0395856
0.0,0,0.019597514
1.0,1,0.77921736
0.0,0,0.14644744
1.0,1,0.9696693
0.0,0,0.28906333
0.0,0,0.17958294
1.0,0,0.102981426
1.0,1,0.9515598
1.0,1,0.9654921
1.0,1,0.95120525
1.0,1,0.5449778
0.0,0,0.005987986
0.0,0,0.13652475
0.0,0,0.028707078
0.0,0,0.23819886
0.0,0,0.03822935
1.0,0,0.16416009
1.0,1,0.9740612
0.0,0,0.013211055
1.0,1,0.9606199
1.0,1,0.9551736
1.0,1,0.91183317
1.0,1,0.8421602
0.0,0,0.018260293
0.0,1,0.4992138
0.0,0,0.03464463
1.0,1,0.61144066
0.0,0,0.14214538
1.0,1,0.97144544
0.0,0,0.050899085
0.0,0,0.30909386
1.0,1,0.50768375
1.0,1,0.88676655
0.0,0,0.019338846
0.0,0,0.030665562
1.0,1,0.904753
0.0,0,0.0048146355
1.0,1,0.8184804
0.0,0,0.18030246
0.0,0,0.013533912
0.0,0,0.021025356
0.0,0,0.07505149
0.0,0,0.11328632
1.0,1,0.98220706
1.0,1,0.95626676
0.0,0,0.028821122
0.0,0,0.0373815
0.0,0,0.32740813
1.0,1,0.97428405
0.0,0,0.009253768
1.0,1,0.7103674
0.0,0,0.17212269
0.0,0,0.010319331
1.0,1,0.97699004
1.0,1,0.97358006
1.0,1,0.9228857
0.0,0,0.23410274
1.0,1,0.9550577
1.0,1,0.983798
0.0,0,0.02288578
1.0,1,0.6065789
0.0,0,0.20305021
1.0,1,0.97286963
1.0,1,0.8721263
0.0,0,0.17344557
0.0,0,0.07172703
0.0,0,0.05053702
0.0,0,0.042002846
0.0,1,0.49293286
1.0,1,0.78293526
1.0,1,0.9031034
1.0,1,0.9611777
0.0,1,0.8523406
1.0,1,0.9715489
0.0,0,0.0030217338
0.0,0,0.007737006
0.0,0,0.0325746
0.0,0,0.1296245
1.0,1,0.9703123
0.0,0,0.06985948
1.0,1,0.6496022
0.0,0,0.24116328
0.0,0,0.07672908
0.0,0,0.022390755
0.0,0,0.24636036
1.0,1,0.824396
0.0,0,0.21459149
1.0,1,0.9739032
0.0,0,0.0080841
1.0,1,0.8128895
0.0,0,0.020046439
0.0,1,0.9253833
1.0,1,0.84548366
1.0,1,0.97995394
0.0,0,0.020421276
0.0,1,0.66312814
0.0,0,0.17240538
0.0,0,0.0028379306
0.0,0,0.005926003
0.0,1,0.59668183
0.0,0,0.052015785
0.0,1,0.60975134
1.0,1,0.56520617
0.0,1,0.7807494
1.0,0,0.058692157
0.0,0,0.26688
0.0,0,0.08351276
1.0,1,0.9040508
0.0,1,0.7897327
0.0,0,0.12506062
0.0,0,0.014980415
0.0,0,0.0073863617
1.0,1,0.9573154
0.0,0,0.024117775
1.0,1,0.9712511
1.0,1,0.58122545
1.0,1,0.92226344
1.0,1,0.9715393
1.0,1,0.97432244
1.0,1,0.9189016
1.0,1,0.97335374
1.0,1,0.9257684
0.0,0,0.004383905
1.0,1,0.9530259
1.0,1,0.9855389
1.0,1,0.97973245
1.0,1,0.96872234
1.0,1,0.8608797
1.0,1,0.9802173
0.0,0,0.007459147
0.0,0,0.03586614
0.0,1,0.8143152
0.0,0,0.033338305
0.0,1,0.9145336
0.0,0,0.17634718
0.0,0,0.018311929
0.0,1,0.82386094
1.0,1,0.97649926
1.0,1,0.9746481
0.0,0,0.16956078
0.0,1,0.47659594
1.0,1,0.88435525
0.0,1,0.49983832
1.0,1,0.8517258
1.0,1,0.7642039
0.0,0,0.09090837
0.0,0,0.41991296
1.0,1,0.9780268
0.0,0,0.115464665
1.0,1,0.9798522
0.0,0,0.07196018
1.0,1,0.970794
1.0,1,0.7919439
1.0,1,0.97007275
1.0,1,0.59678864
1.0,1,0.9822064
1.0,1,0.73189807
1.0,1,0.9309233
0.0,0,0.049794324
0.0,0,0.028292567
1.0,1,0.9232778
1.0,1,0.9630372
0.0,1,0.5304759
1.0,0,0.2066779
1.0,0,0.41459292
1.0,1,0.9842364
0.0,0,0.1122241
1.0,1,0.5138353
1.0,1,0.9414609
1.0,1,0.97744405
1.0,1,0.9620948
1.0,1,0.95725816
0.0,0,0.02680676
0.0,0,0.15468673
1.0,1,0.9825691
1.0,1,0.9646913
1.0,1,0.97705317
0.0,0,0.19975796
0.0,0,0.079644375
1.0,1,0.8995395
0.0,0,0.13895807
1.0,1,0.5632448
1.0,1,0.98056823
1.0,1,0.929114
0.0,0,0.11245253
0.0,0,0.03564945
0.0,0,0.018053118
0.0,0,0.007031101
1.0,1,0.49798185
1.0,1,0.76021576
1.0,1,0.8841202
0.0,0,0.020600358
0.0,0,0.0038509087
0.0,1,0.5996424
0.0,0,0.40326968
1.0,0,0.22610329
1.0,0,0.15596575
0.0,0,0.024258545
1.0,1,0.90633893
1.0,1,0.53100044
1.0,1,0.9182105
1.0,1,0.97917753
0.0,0,0.0020247358
1.0,1,0.9715838
0.0,0,0.055755824
0.0,0,0.01201242
1.0,1,0.9283581
1.0,1,0.9528296
0.0,1,0.95171064
1.0,1,0.9627679
0.0,0,0.0034462248
0.0,0,0.06535616
0.0,0,0.022622127
1.0,1,0.9818789
1.0,0,0.06775921
0.0,0,0.10577299
0.0,0,0.06818806
1.0,1,0.81059206
0.0,0,0.08426087
1.0,1,0.8569348
0.0,1,0.42269805
1.0,1,0.96678156
1.0,1,0.48953354
0.0,0,0.29997882
0.0,1,0.5263488
0.0,1,0.9219664
1.0,1,0.70069265
1.0,1,0.92509085
1.0,1,0.91796774
1.0,1,0.5817689
1.0,1,0.9763334
1.0,1,0.95477265
1.0,1,0.9552587
0.0,1,0.56383145
0.0,0,0.035093907
1.0,1,0.82078683
1.0,1,0.7808674
1.0,1,0.9425361
0.0,0,0.028373446
1.0,1,0.9609131
0.0,0,0.025994694
1.0,1,0.96551055
1.0,1,0.922399
0.0,0,0.008569281
0.0,1,0.6337001
1.0,1,0.9244681
0.0,0,0.21567936
1.0,1,0.5906776
1.0,0,0.36767405
1.0,1,0.9750788
0.0,1,0.5062866
0.0,0,0.014900931
0.0,0,0.0073970286
1.0,1,0.9819508
0.0,0,0.019104602
1.0,1,0.97638774
1.0,1,0.9785388
1.0,1,0.78650683
0.0,0,0.12300872
0.0,0,0.003939002
0.0,0,0.033724576
1.0,1,0.98490494
1.0,0,0.25651273
0.0,0,0.01459251
0.0,0,0.019516954
1.0,1,0.9781357
0.0,0,0.03887445
0.0,0,0.21363494
1.0,1,0.9761025
0.0,0,0.019349882
1.0,1,0.97359604
0.0,0,0.017374393
0.0,0,0.26439765
0.0,0,0.087853625
1.0,1,0.60239506
0.0,0,0.014116394
1.0,1,0.970882
0.0,1,0.6426799
0.0,0,0.06561986
0.0,0,0.01784282
0.0,0,0.015366641
0.0,0,0.011096005
0.0,0,0.021077264
0.0,0,0.18934542
0.0,0,0.0016080246
0.0,0,0.010554413
0.0,0,0.09638349
0.0,0,0.06354213
0.0,1,0.8459312
0.0,0,0.031775303
1.0,0,0.36974433
1.0,1,0.92945194
0.0,0,0.18294948
0.0,0,0.027510488
0.0,0,0.025912257
1.0,1,0.9714871
0.0,1,0.5348823
1.0,1,0.63621765
1.0,1,0.64343464
1.0,1,0.81417644
0.0,0,0.00405087
1.0,1,0.96856654
1.0,1,0.9789444
1.0,1,0.95388234
1.0,1,0.981036
1.0,1,0.8860516
1.0,0,0.048581004
0.0,0,0.15360719
1.0,1,0.6522598
0.0,0,0.0023856245
0.0,1,0.6357641
1.0,1,0.9680761
0.0,0,0.057879306
0.0,1,0.7361827
0.0,0,0.015733838
0.0,0,0.16819006
1.0,0,0.3924651
1.0,1,0.93908566
1.0,1,0.9724348
1.0,1,0.97127193
0.0,0,0.003294964
0.0,0,0.08958395
0.0,0,0.061733868
1.0,0,0.0642061
0.0,0,0.022376752
0.0,0,0.01161062
0.0,1,0.66868854
0.0,0,0.27823448
0.0,0,0.029005598
1.0,1,0.9685387
1.0,1,0.6217327
0.0,1,0.83239144
0.0,0,0.021382192
0.0,0,0.0035504755
1.0,1,0.9522391
1.0,1,0.83174926
0.0,0,0.08503956
1.0,1,0.9777546
0.0,0,0.025419215
1.0,1,0.74708074
1.0,1,0.9331894
0.0,0,0.20753242
0.0,0,0.02894581
1.0,1,0.63132095
0.0,0,0.08731597
1.0,1,0.92343044
0.0,1,0.8000946
1.0,1,0.5859184
0.0,0,0.010044638
0.0,0,0.07577863
1.0,1,0.77729046
0.0,0,0.26532066
1.0,1,0.9802518
1.0,1,0.9768547
1.0,1,0.95077324
0.0,0,0.21139607
1.0,1,0.9803158
1.0,1,0.6055857
1.0,1,0.82344645
1.0,1,0.9483959
0.0,0,0.03195235
1.0,1,0.4430725
0.0,0,0.18664673
1.0,1,0.809726
1.0,1,0.8889531
0.0,0,0.10375395
1.0,1,0.7591557
1.0,1,0.58729553
1.0,1,0.9501874
0.0,0,0.00525743
1.0,1,0.9689268
0.0,0,0.020847611
0.0,0,0.097173266
1.0,1,0.9341722
0.0,0,0.416544
0.0,0,0.1067685
1.0,1,0.9714068
0.0,0,0.25182727
1.0,1,0.98401463
1.0,1,0.96664804
0.0,1,0.5967945
0.0,0,0.04794387
0.0,0,0.060958147
0.0,0,0.004064401
1.0,1,0.9850559
0.0,0,0.02436543
1.0,1,0.9745042
0.0,0,0.21627203
0.0,0,0.006546536
0.0,0,0.030212494
1.0,1,0.958531
0.0,0,0.17722028
0.0,0,0.008982474
0.0,0,0.3030814
1.0,1,0.9240083
0.0,0,0.047886934
0.0,0,0.008152446
1.0,1,0.94022435
0.0,0,0.014526982
0.0,0,0.012197739
0.0,0,0.0201946
0.0,0,0.11992141
1.0,0,0.36984724
1.0,1,0.9808095
0.0,0,0.054834403
0.0,0,0.027078846
1.0,1,0.965809
0.0,0,0.010080666
1.0,1,0.74372756
1.0,1,0.9496828
1.0,1,0.84360754
0.0,0,0.16132513
1.0,1,0.9702477
1.0,1,0.8919107
1.0,1,0.9665323
0.0,0,0.016270347
1.0,1,0.96506226
0.0,0,0.22501366
1.0,1,0.8957732
0.0,0,0.2112059
0.0,0,0.0498296
1.0,1,0.9554509
1.0,1,0.91309756
0.0,0,0.3984563
1.0,0,0.018575907
1.0,1,0.96765393
0.0,0,0.056986134
0.0,0,0.025091667
0.0,0,0.3005474
0.0,0,0.0030403913
0.0,0,0.01931029
1.0,1,0.83221686
0.0,0,0.014266294
0.0,1,0.77274334
0.0,0,0.15651055
0.0,0,0.0050835744
1.0,1,0.96258163
0.0,0,0.29791486
0.0,0,0.009320137
1.0,0,0.33006796
0.0,0,0.05341979
0.0,0,0.025194
1.0,1,0.9643112
1.0,1,0.9687238
1.0,1,0.9675881
0.0,0,0.010249169
1.0,1,0.95099366
0.0,0,0.10009015
0.0,0,0.050105434
0.0,0,0.0058029676
1.0,1,0.5084754
0.0,0,0.04037736
1.0,1,0.9276329
0.0,0,0.09453154
0.0,0,0.017064668
1.0,1,0.9837846
1.0,1,0.8082006
0.0,0,0.034751955
0.0,0,0.007552447
0.0,1,0.5644894
1.0,1,0.5624621
1.0,1,0.97789854
1.0,1,0.87859935
1.0,1,0.9465456
1.0,1,0.9867219
0.0,0,0.0033278274
0.0,1,0.84689856
1.0,1,0.8460377
1.0,1,0.97313195
1.0,1,0.93873876
0.0,0,0.02746036
1.0,1,0.9793416
1.0,1,0.8886834
0.0,0,0.22829475
1.0,1,0.9700798
0.0,0,0.20628272
0.0,1,0.67726755
0.0,0,0.012951834
1.0,1,0.87139213
0.0,0,0.030432427
0.0,0,0.03161243
1.0,1,0.5743592
1.0,1,0.9473306
1.0,1,0.9548097
0.0,0,0.019710053
1.0,1,0.9547032
1.0,1,0.8243111
0.0,1,0.5286752
1.0,1,0.9759389
0.0,0,0.2059168
0.0,0,0.010914509
1.0,1,0.98187876
1.0,1,0.84381706
1.0,1,0.9783605
0.0,0,0.022317806
1.0,1,0.708248
0.0,0,0.28324968
0.0,0,0.019292312
0.0,0,0.0021755912
1.0,1,0.9529485
1.0,1,0.7906706
0.0,0,0.06545317
0.0,1,0.602278
1.0,1,0.7134638
1.0,1,0.97870463
0.0,0,0.01889495
1.0,1,0.9571875
1.0,1,0.9606773
1.0,1,0.87567073
1.0,1,0.9619154
0.0,0,0.051368896
0.0,0,0.004538843
1.0,1,0.9571522
0.0,0,0.08953583
1.0,1,0.96334714
0.0,0,0.012219293
1.0,1,0.9853909
1.0,1,0.84887177
1.0,1,0.94441986
0.0,1,0.5587068
1.0,1,0.9103827
0.0,0,0.012349178
1.0,0,0.4080555
1.0,1,0.80078596
0.0,0,0.013668189
1.0,1,0.9667719
0.0,0,0.019649822
1.0,1,0.9062882
1.0,1,0.97024405
1.0,1,0.98231685
1.0,1,0.74532723
0.0,0,0.013668646
1.0,1,0.53491604
0.0,0,0.033338636
0.0,1,0.9675316
0.0,0,0.011902521
0.0,0,0.04422977
0.0,0,0.0052240696
0.0,0,0.015012725
0.0,0,0.37948304
1.0,1,0.98254275
0.0,1,0.5739447
1.0,1,0.98173285
1.0,1,0.9737053
1.0,1,0.96416354
0.0,1,0.6690744
1.0,1,0.9111509
0.0,1,0.9704688
1.0,1,0.904521
0.0,1,0.6939354
1.0,1,0.848596
1.0,1,0.78221005
0.0,1,0.7983254
0.0,0,0.0014605842
0.0,0,0.0050273454
1.0,1,0.6894376
1.0,1,0.91624606
1.0,1,0.96799517
1.0,1,0.9805607
1.0,1,0.9750959
1.0,1,0.853073
1.0,1,0.49100676
0.0,1,0.61436105
0.0,0,0.021411527
1.0,1,0.9660135
0.0,1,0.5543368
0.0,0,0.03778115
0.0,0,0.009469079
0.0,1,0.4602293
1.0,1,0.96277094
0.0,0,0.27167916
1.0,1,0.96941996
1.0,1,0.44272262
0.0,0,0.01625457
0.0,0,0.021902878
0.0,0,0.0871672
0.0,0,0.018953018
1.0,1,0.9150113
1.0,1,0.6685327
1.0,1,0.9569333
1.0,1,0.98275745
0.0,0,0.004987601
1.0,1,0.97491884
0.0,0,0.049962573
1.0,1,0.5889206
1.0,1,0.8550607
0.0,0,0.01063549
0.0,0,0.001685699
0.0,0,0.11084433
0.0,0,0.0153821595
1.0,1,0.9849046
1.0,1,0.9767305
1.0,1,0.9662279
1.0,0,0.4038884
1.0,1,0.87685287
0.0,0,0.014488172
0.0,0,0.014333426
1.0,1,0.93286556
1.0,1,0.52283466
1.0,1,0.8542275
1.0,1,0.96395993
0.0,0,0.004449689
1.0,1,0.8954215
1.0,1,0.9648197
0.0,0,0.021628551
1.0,1,0.89844215
0.0,1,0.7967924
0.0,1,0.9657605
0.0,0,0.027984925
0.0,1,0.6650127
1.0,1,0.42483062
1.0,1,0.9520644
0.0,0,0.007434532
0.0,0,0.026282657
1.0,1,0.94303
1.0,1,0.939871
0.0,0,0.009338956
0.0,1,0.42410126
0.0,0,0.19777864
1.0,1,0.8606635
1.0,1,0.9471384
1.0,1,0.9014181
1.0,1,0.96354437
1.0,1,0.8999348
1.0,1,0.94426715
0.0,0,0.061779372
1.0,1,0.9592492
0.0,0,0.0040057288
0.0,0,0.008506692
1.0,1,0.983201
1.0,1,0.9565561
1.0,1,0.8838496
1.0,1,0.76616883
0.0,0,0.0257824
1.0,1,0.60963017
0.0,0,0.12526268
0.0,0,0.02006739
0.0,0,0.11790763
1.0,1,0.9652763
1.0,1,0.9520296
0.0,0,0.17905477
0.0,1,0.45050037
0.0,0,0.012616902
1.0,1,0.9680537
1.0,1,0.9323012
0.0,0,0.036200076
1.0,1,0.98368543
0.0,0,0.15574367
1.0,1,0.7983728
0.0,0,0.16138746
1.0,1,0.8369288
0.0,0,0.40402275
1.0,1,0.8212991
0.0,0,0.062704906
1.0,1,0.74650615
1.0,1,0.9670829
1.0,1,0.50383544
1.0,0,0.3671631
1.0,1,0.9746049
0.0,0,0.007724109
0.0,0,0.019615527
0.0,0,0.013206648
0.0,0,0.14267552
0.0,0,0.039235145
0.0,1,0.9248261
1.0,1,0.8926787
0.0,0,0.3120654
0.0,0,0.026782427
0.0,0,0.030003225
1.0,1,0.93093765
1.0,1,0.9223316
1.0,1,0.9839039
1.0,1,0.9812395
0.0,1,0.71068573
0.0,0,0.0033929807
0.0,1,0.51908046
1.0,1,0.6250718
0.0,0,0.2277357
1.0,1,0.9779183
1.0,1,0.9013103
1.0,1,0.8491279
1.0,0,0.16668427
1.0,1,0.9692505
0.0,0,0.03645849
1.0,1,0.970724
0.0,0,0.040658433
0.0,0,0.0052048285
1.0,1,0.9705555
0.0,0,0.024405519
0.0,1,0.45287234
1.0,1,0.98785114
0.0,0,0.0039800876
1.0,1,0.87504923
0.0,0,0.030048275
1.0,1,0.9786469
0.0,1,0.6594876
1.0,1,0.9708865
0.0,0,0.064451925
1.0,1,0.52557003
1.0,1,0.96831053
0.0,0,0.005927983
0.0,0,0.023897793
1.0,1,0.9663275
0.0,0,0.020635083
0.0,0,0.13040948
0.0,0,0.0035575056
0.0,0,0.009499208
0.0,0,0.15082818
1.0,1,0.52004826
1.0,1,0.88201225
0.0,0,0.1314525
1.0,1,0.94375455
0.0,0,0.031036058
1.0,1,0.5605401
1.0,1,0.43827534
1.0,1,0.9590598
0.0,0,0.37958488
1.0,1,0.88290256
1.0,1,0.8747233
0.0,0,0.030905442
1.0,1,0.98631144
1.0,1,0.9581589
0.0,0,0.10645624
1.0,1,0.95709836
0.0,0,0.026176065
1.0,1,0.9344063
0.0,0,0.03506098
1.0,1,0.98057944
1.0,1,0.9687786
1.0,1,0.77614635
1.0,1,0.779102
1.0,1,0.95928806
1.0,0,0.15637645
0.0,0,0.36313617
1.0,1,0.8726304
0.0,0,0.0057230443
0.0,0,0.23440827
1.0,1,0.4362805
0.0,0,0.015991407
1.0,1,0.916479
1.0,1,0.42506087
0.0,0,0.006204834
0.0,0,0.032773893
1.0,1,0.9813412
0.0,0,0.18181686
0.0,1,0.5048873
0.0,0,0.02017648
0.0,0,0.016502818
0.0,0,0.0014905886
1.0,1,0.9362574
1.0,1,0.9726766
1.0,1,0.8321035
1.0,1,0.9790214
0.0,0,0.0052693915
1.0,1,0.91060984
1.0,1,0.6381954
1.0,1,0.87186635
0.0,0,0.11697199
1.0,1,0.9184587
0.0,0,0.030097373
0.0,0,0.023336617
0.0,0,0.0044718976
1.0,1,0.98236376
1.0,1,0.96158797
0.0,0,0.07089071
1.0,1,0.95826423
1.0,1,0.93463004
1.0,1,0.9850245
0.0,0,0.03727694
0.0,0,0.28035584
0.0,1,0.42508116
1.0,1,0.65670145
0.0,0,0.380923
0.0,0,0.050946385
0.0,0,0.1186201
0.0,0,0.0841386
1.0,1,0.98597205
1.0,0,0.14502223
0.0,0,0.032890618
0.0,0,0.009223019
1.0,1,0.9844382
1.0,0,0.14764655
0.0,0,0.12275088
0.0,0,0.27478972
1.0,1,0.9333283
0.0,0,0.0019347251
1.0,1,0.9216076
0.0,1,0.608062
0.0,0,0.034045793
1.0,1,0.96002126
1.0,1,0.6603075
1.0,1,0.5303776
0.0,0,0.0601103
1.0,1,0.9082545
0.0,0,0.026902016
1.0,1,0.96290374
1.0,1,0.8903724
1.0,1,0.43641812
0.0,0,0.025460662
1.0,1,0.82794785
1.0,1,0.7798342
1.0,1,0.9549402
1.0,1,0.7675028
0.0,0,0.05685201
0.0,0,0.2087574
1.0,0,0.3938609
0.0,0,0.103399955
0.0,0,0.017698431
1.0,1,0.9538953
0.0,0,0.005723362
0.0,0,0.022251522
0.0,0,0.2094689
1.0,1,0.93972725
1.0,1,0.8768684
1.0,1,0.93765175
1.0,1,0.5028679
1.0,1,0.90531635
1.0,1,0.9835125
1.0,1,0.93620425
1.0,1,0.9644244
0.0,0,0.009962573
1.0,1,0.53891516
1.0,1,0.7599646
0.0,0,0.060008764
1.0,1,0.9002599
0.0,0,0.13912962
1.0,1,0.9687756
1.0,1,0.9614458
1.0,1,0.50203115
1.0,1,0.8659132
1.0,1,0.8873245
0.0,1,0.60549444
0.0,0,0.0062589454
0.0,0,0.17968543
1.0,1,0.7867186
1.0,1,0.89335597
0.0,0,0.0412371
0.0,0,0.3420504
0.0,0,0.004154521
1.0,1,0.8230573
0.0,0,0.16202876
1.0,1,0.9393227
1.0,1,0.9522122
0.0,0,0.012146193
0.0,0,0.008589984
0.0,0,0.0142996125
1.0,1,0.9725251
0.0,0,0.41397297
0.0,0,0.013653965
1.0,1,0.98305464
1.0,1,0.485023
0.0,0,0.06577507
1.0,1,0.9345418
1.0,1,0.8498332
0.0,0,0.025619354
1.0,1,0.97904193
0.0,0,0.046746243
0.0,0,0.13866556
0.0,0,0.0978915
0.0,0,0.02623892
1.0,1,0.9409003
0.0,0,0.0009455875
1.0,1,0.9225803
0.0,0,0.10429882
0.0,0,0.013689915
1.0,1,0.93322957
0.0,0,0.04112183
0.0,0,0.018849814
0.0,0,0.025076682
0.0,0,0.020379124
1.0,1,0.8428278
1.0,1,0.9703394
1.0,1,0.6312727
0.0,1,0.8492214
1.0,1,0.72609377
0.0,0,0.23108813
0.0,0,0.03327153
0.0,0,0.006394529
1.0,1,0.9696276
1.0,1,0.8814863
1.0,1,0.9643134
0.0,0,0.016566914
0.0,0,0.009454983
0.0,1,0.5404607
0.0,0,0.025722057
1.0,1,0.7083936
1.0,1,0.9336068
0.0,1,0.80081743
1.0,1,0.81095237
1.0,1,0.9660073
1.0,1,0.7823408
0.0,1,0.80420893
0.0,0,0.0066417726
0.0,0,0.07812833
0.0,0,0.19579406
0.0,0,0.029027155
0.0,0,0.029479189
1.0,1,0.7945616
1.0,1,0.97163904
1.0,1,0.9777368
1.0,1,0.8138796
0.0,1,0.7233669
0.0,0,0.0011748384
0.0,0,0.134557
0.0,0,0.09071654
0.0,0,0.020173654
1.0,0,0.35516933
1.0,1,0.9787426
0.0,0,0.19169502
0.0,0,0.04120936
1.0,0,0.31342807
1.0,1,0.9827993
1.0,1,0.9396145
1.0,1,0.85245115
0.0,0,0.026252799
0.0,0,0.02632729
0.0,0,0.049945723
1.0,1,0.9808508
0.0,0,0.027442385
1.0,1,0.47357467
1.0,1,0.9386905
1.0,1,0.980633
0.0,0,0.055091504
1.0,0,0.22977021
1.0,1,0.8105505
1.0,1,0.8804811
1.0,1,0.98131156
1.0,1,0.93852174
0.0,1,0.5471791
0.0,0,0.050693106
1.0,1,0.97107166
0.0,0,0.023834858
1.0,1,0.9672931
1.0,0,0.26819822
1.0,1,0.945487
0.0,0,0.06234775
1.0,1,0.96608496
1.0,1,0.9473676
1.0,0,0.3949854
1.0,1,0.9206287
1.0,1,0.61892706
0.0,0,0.095359325
1.0,0,0.24157736
0.0,0,0.009079844
1.0,1,0.7482249
0.0,0,0.0765426
0.0,0,0.057458263
0.0,1,0.92477643
1.0,1,0.7082336
0.0,0,0.011638353
0.0,1,0.45115083
0.0,0,0.028797094
0.0,1,0.71656024
0.0,0,0.018144723
0.0,0,0.11189298
0.0,0,0.16983277
0.0,0,0.1726152
1.0,1,0.9755253
1.0,1,0.8139237
0.0,0,0.095732495
0.0,0,0.031841293
1.0,1,0.76483047
1.0,1,0.9830132
1.0,1,0.9779756
0.0,1,0.9825692
1.0,1,0.98163396
1.0,1,0.5997865
1.0,1,0.89789945
1.0,1,0.88719755
1.0,1,0.97992975
0.0,0,0.029719407
0.0,1,0.8887746
0.0,1,0.9262732
1.0,1,0.95659727
1.0,1,0.95179653
1.0,1,0.8898005
0.0,0,0.049608238
1.0,1,0.9539949
1.0,1,0.9232746
1.0,0,0.29491642
1.0,1,0.89903516
1.0,1,0.42243996
0.0,0,0.024070082
0.0,0,0.0039420053
0.0,0,0.08245705
0.0,0,0.004062612
0.0,0,0.05536422
0.0,0,0.17171153
1.0,1,0.9555086
1.0,1,0.8004316
0.0,0,0.014023022
1.0,1,0.44777283
1.0,1,0.98649156
1.0,1,0.5556657
1.0,1,0.8676423
0.0,0,0.12781511
0.0,0,0.00069434644
0.0,0,0.37927577
1.0,1,0.9574437
0.0,1,0.5384675
1.0,1,0.4746405
0.0,0,0.014611028
1.0,1,0.9832137
1.0,1,0.68131304
1.0,1,0.9710289
1.0,1,0.49585506
1.0,0,0.40280017
1.0,1,0.95379966
1.0,1,0.97243583
1.0,1,0.9761119
0.0,0,0.09760812
1.0,1,0.76620466
1.0,1,0.74002445
1.0,1,0.93869627
0.0,0,0.0058349883
0.0,0,0.003502794
0.0,0,0.012014369
0.0,0,0.053608276
1.0,0,0.111267254
1.0,1,0.8722694
1.0,1,0.9680644
0.0,1,0.6949893
0.0,0,0.011125978
1.0,1,0.98221475
0.0,0,0.041033335
1.0,1,0.9794639
0.0,1,0.60191596
0.0,0,0.009471011
0.0,0,0.05253309
1.0,1,0.97575814
1.0,1,0.8333001
1.0,1,0.9070193
1.0,1,0.4919119
0.0,0,0.012188505
0.0,0,0.0050179902
1.0,1,0.5065022
1.0,0,0.31567582
0.0,0,0.030245887
0.0,0,0.37492734
0.0,0,0.08404725
1.0,0,0.2580746
1.0,1,0.9623811
1.0,1,0.5776322
1.0,1,0.98091525
1.0,1,0.97351253
1.0,1,0.8737478
0.0,0,0.010863128
0.0,0,0.054945383
1.0,1,0.96437377
1.0,1,0.9751142
1.0,1,0.93962055
0.0,0,0.016510218
0.0,1,0.9029983
0.0,0,0.038682878
1.0,1,0.96554774
1.0,1,0.8987993
0.0,0,0.010290118
0.0,0,0.016881024
0.0,0,0.2032843
1.0,1,0.9540705
0.0,0,0.07829164
0.0,0,0.04500105
1.0,1,0.95063436
1.0,1,0.9288017
0.0,0,0.076441154
1.0,1,0.9137258
0.0,1,0.8709105
0.0,0,0.16113102
1.0,1,0.9813054
0.0,1,0.44656205
0.0,1,0.72365546
1.0,1,0.8228843
1.0,1,0.9653753
1.0,1,0.98470443
0.0,0,0.3850542
0.0,1,0.67810035
1.0,1,0.49053586
1.0,1,0.9822887
1.0,0,0.1708568
1.0,1,0.8895925
1.0,1,0.97060406
1.0,1,0.9812907
0.0,0,0.31290287
0.0,0,0.030865967
0.0,0,0.019323098
0.0,0,0.011402698
1.0,1,0.9663933
0.0,0,0.15799412
0.0,0,0.016299848
0.0,0,0.054326676
0.0,0,0.04267388
1.0,1,0.980415
1.0,1,0.8786415
0.0,0,0.013747258
0.0,0,0.04888273
1.0,1,0.973873
1.0,1,0.962338
0.0,0,0.019658606
0.0,0,0.0069186175
0.0,0,0.002987304
0.0,0,0.014247625
1.0,1,0.9761718
1.0,1,0.9792913
1.0,1,0.88944316
0.0,0,0.0058755996
1.0,1,0.93932885
0.0,0,0.23925819
0.0,1,0.48272145
1.0,1,0.98044896
0.0,0,0.005607515
1.0,1,0.95570797
1.0,0,0.35293624
0.0,0,0.16697952
0.0,0,0.10674532
0.0,0,0.23854005
1.0,1,0.9365108
1.0,1,0.97723407
1.0,1,0.9593277
1.0,1,0.57788116
0.0,0,0.03276756
1.0,1,0.9762705
1.0,1,0.8917668
1.0,1,0.980009
1.0,1,0.7153278
0.0,0,0.10340535
1.0,1,0.977886
0.0,0,0.0071372115
0.0,0,0.03206221
0.0,0,0.05058713
1.0,1,0.9817673
0.0,0,0.115492806
1.0,1,0.9740915
0.0,0,0.008287318
1.0,1,0.96713454
0.0,0,0.026523318
0.0,0,0.3348033
1.0,1,0.9034486
0.0,0,0.025979836
0.0,1,0.5475284
1.0,1,0.97099054
1.0,1,0.91706246
1.0,1,0.9170706
1.0,1,0.85900676
0.0,0,0.0053800065
1.0,1,0.9095307
0.0,0,0.014160592
0.0,0,0.07822008
1.0,1,0.9793784
1.0,1,0.97954583
1.0,1,0.9461565
1.0,1,0.7090723
0.0,0,0.02221263
1.0,1,0.95802337
0.0,0,0.023968346
0.0,0,0.062842846
1.0,1,0.8537559
1.0,1,0.950021
1.0,1,0.82703036
0.0,0,0.0121747805
0.0,0,0.013519055
0.0,1,0.50813997
1.0,1,0.9842346
0.0,0,0.003036233
1.0,1,0.918079
1.0,1,0.94702774
1.0,1,0.55897033
0.0,0,0.0022479787
0.0,0,0.08794261
0.0,0,0.008422239
1.0,1,0.96116686
0.0,0,0.062677495
0.0,1,0.4862419
1.0,0,0.25754744
1.0,1,0.8902389
0.0,0,0.04524743
0.0,0,0.11194273
1.0,1,0.98105055
1.0,1,0.974715
1.0,1,0.9515128
0.0,0,0.30287477
1.0,1,0.97399956
0.0,0,0.003084274
0.0,0,0.011739179
1.0,1,0.7782941
1.0,1,0.956167
1.0,1,0.95770085
1.0,1,0.92219436
1.0,1,0.9309337
1.0,1,0.9235369
0.0,0,0.02195155
1.0,1,0.98382837
1.0,1,0.8471737
1.0,1,0.61045533
1.0,1,0.9159644
1.0,1,0.8580098
0.0,0,0.17783049
0.0,0,0.30167764
1.0,1,0.60483724
0.0,0,0.03277571
1.0,1,0.7159194
0.0,0,0.0945667
1.0,1,0.8700341
0.0,0,0.014552987
1.0,1,0.77495056
1.0,1,0.97717756
0.0,0,0.009719783
0.0,0,0.10567805
1.0,1,0.8699
1.0,1,0.6972414
0.0,0,0.0143544655
0.0,0,0.009327366
1.0,1,0.68035406
0.0,0,0.11963251
1.0,1,0.95673996
1.0,1,0.9727435
1.0,1,0.9084188
1.0,1,0.87011665
1.0,1,0.88200617
1.0,1,0.913515
1.0,1,0.871871
0.0,0,0.07873068
0.0,0,0.017099569
0.0,0,0.19858667
1.0,1,0.9580272
0.0,0,0.04844304
0.0,1,0.57135797
0.0,0,0.012469413
0.0,0,0.042278983
1.0,1,0.93160605
0.0,0,0.046921812
1.0,1,0.9545397
1.0,1,0.93827164
1.0,1,0.8768663
1.0,1,0.9659767
1.0,1,0.9752867
1.0,1,0.97216904
0.0,0,0.03365687
0.0,0,0.24685055
1.0,1,0.92654085
1.0,1,0.9457858
1.0,1,0.96170807
1.0,1,0.956795
1.0,1,0.9586636
1.0,1,0.94486785
0.0,0,0.0623216
0.0,0,0.32784906
0.0,0,0.11850062
1.0,1,0.8792804
1.0,1,0.93994194
1.0,1,0.9078494
1.0,1,0.98146325
1.0,1,0.8849797
1.0,1,0.9803315
0.0,0,0.004262861
1.0,1,0.9613965
1.0,1,0.9399893
1.0,1,0.81586576
0.0,0,0.07223751
1.0,1,0.86762404
0.0,0,0.15047704
1.0,1,0.90282744
0.0,0,0.028125282
0.0,1,0.44476286
0.0,0,0.2586068
0.0,0,0.10405647
0.0,0,0.074953236
0.0,0,0.050024375
1.0,1,0.90062904
0.0,0,0.055209484
0.0,0,0.21520978
1.0,1,0.77080107
1.0,1,0.91372997
1.0,1,0.98061293
0.0,0,0.025699137
0.0,0,0.010260416
1.0,1,0.9616362
0.0,0,0.022000145
1.0,1,0.7149125
1.0,1,0.9461684
0.0,0,0.009561513
1.0,1,0.96954733
0.0,0,0.08147398
0.0,0,0.036074784
0.0,0,0.112387754
0.0,0,0.022294188
0.0,0,0.1259324
0.0,0,0.015590539
1.0,1,0.9619391
0.0,0,0.018192468
0.0,1,0.6627383
1.0,1,0.53475076
0.0,0,0.028669562
1.0,1,0.8897861
0.0,0,0.012481662
1.0,1,0.89548135
1.0,1,0.96162033
1.0,1,0.8139389
0.0,0,0.042683203
0.0,0,0.020147989
0.0,0,0.0063920924
0.0,0,0.055137433
0.0,0,0.28847858
0.0,0,0.011008497
1.0,1,0.9672709
0.0,0,0.055375542
1.0,1,0.93059075
1.0,1,0.9876013
0.0,0,0.02518948
1.0,1,0.6542647
1.0,1,0.7890477
1.0,1,0.941821
1.0,1,0.95918447
0.0,0,0.41953427
0.0,0,0.054449096
0.0,0,0.0059385863
1.0,1,0.9753238
1.0,1,0.9087429
0.0,0,0.3234576
0.0,0,0.01581292
1.0,1,0.98166263
1.0,1,0.8985794
1.0,1,0.9633435
1.0,1,0.9023643
0.0,0,0.0178269
0.0,0,0.061790664
0.0,0,0.11512674
1.0,1,0.974185
1.0,1,0.78245246
0.0,0,0.022822037
0.0,0,0.023128815
1.0,0,0.080730624
1.0,1,0.9744836
1.0,1,0.8886241
0.0,1,0.4801166
1.0,1,0.91041803
1.0,1,0.98041004
0.0,0,0.007909447
1.0,1,0.9338112
0.0,0,0.05019386
0.0,0,0.058757886
0.0,0,0.13805321
1.0,1,0.98332727
0.0,0,0.110238284
0.0,1,0.88663083
1.0,1,0.9716792
0.0,0,0.027298968
1.0,1,0.7589879
0.0,0,0.0027880617
0.0,1,0.8573899
1.0,1,0.7851106
0.0,0,0.11531995
1.0,1,0.9449602
1.0,1,0.7109983
0.0,1,0.5302372
1.0,1,0.7225313
1.0,1,0.90788805
1.0,1,0.96933526
1.0,1,0.9192886
0.0,1,0.96776706
0.0,0,0.27526867
0.0,1,0.62277824
1.0,1,0.5336317
0.0,1,0.67311287
1.0,1,0.9630388
0.0,0,0.10472029
1.0,1,0.93557507
0.0,0,0.04465076
0.0,1,0.4408163
1.0,1,0.80825055
0.0,0,0.3985755
1.0,1,0.85975564
1.0,1,0.92069185
0.0,0,0.2850669
1.0,1,0.9247372
1.0,1,0.96742535
0.0,0,0.015906928
1.0,1,0.9801796
0.0,0,0.008987722
1.0,1,0.9773388
1.0,1,0.946287
1.0,1,0.9727399
1.0,0,0.21902722
1.0,1,0.4652725
1.0,1,0.9608966
0.0,0,0.039447337
0.0,0,0.30863306
0.0,0,0.021322578
0.0,1,0.56314147
1.0,1,0.98018235
1.0,1,0.8408333
1.0,1,0.9703195
0.0,0,0.00863703
0.0,0,0.045826666
0.0,0,0.094599575
1.0,1,0.9569149
0.0,0,0.0029182245
0.0,0,0.1486985
0.0,0,0.02782093
1.0,1,0.9719501
1.0,1,0.58310765
0.0,0,0.11975355
0.0,0,0.02237938
1.0,1,0.95065707
1.0,1,0.9826396
1.0,1,0.4574419
1.0,1,0.9630094
1.0,0,0.31030202
0.0,1,0.46623245
1.0,1,0.9626658
1.0,1,0.5458127
1.0,1,0.9806974
0.0,0,0.1746181
1.0,1,0.9442472
1.0,1,0.9460891
0.0,0,0.0061372747
0.0,0,0.1450849
1.0,1,0.7218655
1.0,1,0.61178505
0.0,0,0.025823092
1.0,1,0.98470086
0.0,0,0.21842034
1.0,1,0.9705145
1.0,1,0.9756787
0.0,0,0.055358734
1.0,1,0.76097697
0.0,0,0.3740588
1.0,0,0.3969553
0.0,0,0.34930685
1.0,1,0.808969
0.0,0,0.14021164
0.0,0,0.0034678646
1.0,1,0.8914396
1.0,1,0.7433522
1.0,1,0.8502097
0.0,1,0.95178837
1.0,1,0.9809589
0.0,0,0.020019252
0.0,0,0.13294894
1.0,1,0.9866651
1.0,0,0.38616815
1.0,1,0.5763961
0.0,0,0.01302185
1.0,1,0.94521964
0.0,0,0.013181279
1.0,1,0.7850614
0.0,0,0.008764708
1.0,1,0.7733368
0.0,0,0.025108386
0.0,0,0.0033028775
1.0,1,0.8479692
0.0,0,0.009597421
1.0,1,0.97604537
0.0,0,0.017703455
1.0,1,0.85805887
1.0,1,0.983183
1.0,1,0.9661733
0.0,0,0.06303246
1.0,0,0.3932938
0.0,0,0.011549111
0.0,0,0.19658577
0.0,0,0.0067312284
1.0,1,0.92857724
1.0,1,0.7725943
0.0,1,0.62773865
1.0,1,0.89738977
0.0,0,0.075206764
0.0,0,0.10107393
0.0,0,0.33181775
0.0,0,0.013821649
1.0,1,0.49952358
1.0,1,0.77232563
0.0,1,0.8553132
0.0,0,0.012706672
0.0,0,0.010971
1.0,1,0.9752596
0.0,0,0.20294897
0.0,0,0.017740212
0.0,0,0.008353108
1.0,1,0.96581644
1.0,1,0.9566519
1.0,1,0.9790742
1.0,1,0.982255
0.0,0,0.22485012
1.0,0,0.21083005
1.0,1,0.9789982
1.0,1,0.9380748
1.0,1,0.9529163
1.0,1,0.9809844
0.0,0,0.053876422
0.0,0,0.06536642
0.0,0,0.033293147
1.0,1,0.88370955
1.0,1,0.6551392
1.0,1,0.73210156
1.0,1,0.97157955
1.0,0,0.011107233
0.0,1,0.6151122
1.0,1,0.6773621
0.0,0,0.025980042
0.0,1,0.4705911
1.0,1,0.9301597
1.0,1,0.9665294
1.0,1,0.9823374
1.0,1,0.9759973
0.0,0,0.022982327
1.0,1,0.95084417
1.0,1,0.983593
0.0,0,0.4082081
1.0,1,0.8951883
0.0,0,0.01587826
1.0,0,0.1623259
1.0,1,0.9660063
1.0,1,0.7995312
0.0,0,0.040619634
0.0,0,0.11260207
1.0,1,0.71607757
0.0,0,0.034704994
1.0,1,0.8763606
0.0,1,0.47845548
0.0,0,0.12977481
0.0,0,0.00611638
0.0,0,0.3041093
0.0,0,0.31795526
0.0,0,0.0071721575
0.0,0,0.033113282
0.0,0,0.029881302
1.0,1,0.7482743
0.0,0,0.0031419543
1.0,1,0.80659574
1.0,0,0.40983683
0.0,1,0.5360757
0.0,0,0.14111292
1.0,1,0.9833836
0.0,0,0.106047355
1.0,1,0.9674306
1.0,1,0.75092053
0.0,0,0.31181252
0.0,0,0.17107515
1.0,1,0.97742987
1.0,1,0.86538386
1.0,1,0.9703852
1.0,0,0.24786161
0.0,1,0.4697897
1.0,1,0.69865054
1.0,1,0.9737997
0.0,0,0.017336471
1.0,1,0.43189764
0.0,0,0.09712245
1.0,1,0.97033846
0.0,0,0.29513985
0.0,0,0.05120536
1.0,1,0.9607335
0.0,0,0.1105112
0.0,0,0.20536254
1.0,1,0.97628605
1.0,1,0.92844814
1.0,1,0.9780541
1.0,1,0.97130036
0.0,0,0.008876328
1.0,1,0.96525097
0.0,0,0.013481834
0.0,0,0.004227113
1.0,1,0.94575316
1.0,1,0.97527814
1.0,1,0.9382124
1.0,1,0.8733009
1.0,1,0.86666334
1.0,1,0.8944131
0.0,0,0.036408924
0.0,0,0.04619386
1.0,1,0.593972
1.0,1,0.9861397
0.0,0,0.18057422
1.0,1,0.81018096
1.0,1,0.95174897
0.0,0,0.41611123
0.0,0,0.013418528
0.0,0,0.39900485
1.0,1,0.46577337
1.0,1,0.98537564
0.0,0,0.36156702
0.0,1,0.80504054
0.0,0,0.38723493
0.0,0,0.023366392
1.0,1,0.9733331
0.0,0,0.16890076
1.0,1,0.9845208
1.0,1,0.9787566
0.0,0,0.08996611
0.0,0,0.022315433
0.0,0,0.08716521
0.0,1,0.53139997
0.0,0,0.021166777
1.0,0,0.26353657
1.0,1,0.76543826
0.0,0,0.08397683
1.0,1,0.77470684
0.0,1,0.6501759
0.0,0,0.016949367
1.0,1,0.947511
1.0,1,0.9444557
1.0,1,0.94215393
0.0,0,0.0051559634
0.0,0,0.25010124
1.0,1,0.43703115
0.0,0,0.040289596
0.0,0,0.015770137
1.0,1,0.98429894
1.0,1,0.757876
0.0,0,0.024718745
0.0,0,0.34250477
0.0,0,0.034932446
0.0,0,0.01663081
0.0,0,0.00361657
1.0,1,0.98679674
1.0,1,0.9223061
1.0,1,0.98643017
0.0,0,0.011785559
0.0,0,0.23723683
0.0,1,0.67276824
0.0,0,0.029935347
1.0,1,0.6250771
1.0,1,0.97714186
0.0,0,0.02985041
1.0,1,0.95519686
1.0,1,0.9819726
1.0,1,0.94877195
0.0,0,0.0068779704
0.0,0,0.019726956
0.0,0,0.02628777
0.0,0,0.043369807
0.0,0,0.07278828
0.0,0,0.003576657
1.0,1,0.96843606
1.0,1,0.96611047
1.0,1,0.9689507
1.0,1,0.9833406
0.0,0,0.14716642
0.0,0,0.3102765
0.0,0,0.015029084
0.0,0,0.18576612
0.0,0,0.1466636
1.0,1,0.967252
1.0,1,0.96662545
0.0,0,0.24702111
0.0,0,0.22918515
0.0,0,0.003006848
1.0,1,0.9794949
1.0,1,0.70400035
0.0,1,0.47491074
0.0,0,0.38098848
0.0,0,0.2532953
1.0,1,0.94352496
1.0,1,0.8761255
0.0,0,0.035603676
0.0,0,0.23242478
0.0,0,0.19759692
1.0,1,0.8613521
1.0,1,0.6503172
0.0,0,0.00935578
0.0,0,0.018876916
1.0,1,0.8778973
0.0,0,0.04052726
0.0,0,0.024936257
0.0,1,0.8987172
1.0,1,0.66605115
1.0,1,0.9812001
1.0,0,0.27922893
0.0,0,0.0013180359
1.0,1,0.944916
0.0,0,0.35663828
0.0,0,0.006146846
0.0,0,0.00030728604
1.0,1,0.9392658
0.0,0,0.0025627317
0.0,0,0.034347944
1.0,0,0.13948694
1.0,1,0.91333866
0.0,0,0.025023066
1.0,0,0.24864061
1.0,0,0.0754852
1.0,0,0.3901885
1.0,0,0.09779614
1.0,1,0.88947743
0.0,0,0.045699283
0.0,0,0.014662925
0.0,0,0.019224025
0.0,0,0.020905035
1.0,1,0.7622222
0.0,0,0.11851136
0.0,0,0.28382912
0.0,0,0.011198162
1.0,1,0.542819
0.0,0,0.029803978
1.0,1,0.9716529
1.0,1,0.68065023
1.0,1,0.93740106
0.0,0,0.021140205
1.0,1,0.97996
0.0,1,0.66314334
1.0,1,0.9325063
1.0,1,0.89543164
0.0,0,0.02267396
1.0,1,0.95203304
1.0,1,0.97785103
0.0,0,0.16230327
1.0,1,0.9142431
0.0,0,0.17252843
1.0,1,0.4366132
1.0,1,0.9726252
1.0,1,0.9011542
0.0,0,0.02323869
1.0,1,0.87066066
1.0,1,0.6152516
1.0,1,0.95698667
0.0,0,0.028072877
1.0,0,0.3568742
1.0,1,0.7685905
1.0,1,0.96559286
0.0,0,0.1276916
0.0,0,0.034398973
0.0,0,0.017316468
0.0,0,0.21126434
0.0,0,0.015599896
1.0,1,0.9531824
1.0,1,0.94216204
1.0,1,0.9535819
0.0,0,0.19544022
0.0,0,0.35502896
0.0,0,0.18262614
1.0,1,0.6455585
1.0,1,0.694829
0.0,0,0.23658577
0.0,0,0.024141956
1.0,1,0.97933245
1.0,1,0.46822295
0.0,0,0.20515391
1.0,1,0.8812794
1.0,1,0.98095745
1.0,1,0.71080863
1.0,1,0.9807234
0.0,0,0.10111158
0.0,0,0.021736106
0.0,0,0.013958584
0.0,0,0.005523282
0.0,0,0.013828801
1.0,1,0.8781738
0.0,0,0.0021501295
0.0,0,0.11578625
1.0,1,0.95854795
0.0,0,0.32080707
1.0,1,0.79642653
1.0,1,0.9687172
0.0,1,0.67808104
1.0,1,0.977078
1.0,1,0.7703397
1.0,1,0.9836352
1.0,1,0.97472453
0.0,0,0.008989301
1.0,1,0.96669096
1.0,1,0.84777254
1.0,1,0.91271305
1.0,1,0.9541799
1.0,1,0.915697
0.0,0,0.37064722
1.0,1,0.6762452
1.0,1,0.7731928
0.0,0,0.0023973396
0.0,0,0.02348652
0.0,0,0.037331257
0.0,0,0.03883803
1.0,1,0.9738634
0.0,0,0.0093653705
1.0,1,0.8920657
1.0,1,0.69744754
0.0,0,0.009301136
1.0,0,0.07723033
1.0,0,0.24751301
0.0,0,0.004014276
0.0,0,0.018842904
0.0,0,0.0029910724
0.0,0,0.086924285
0.0,0,0.0040533333
1.0,1,0.96200186
1.0,1,0.9830566
0.0,0,0.091960356
1.0,1,0.8861495
1.0,1,0.8439027
0.0,0,0.010222898
1.0,1,0.97378284
0.0,0,0.009277519
1.0,1,0.956368
0.0,0,0.023444405
0.0,0,0.11868514
1.0,1,0.9670052
1.0,1,0.9353136
0.0,0,0.0015215173
0.0,0,0.011189311
1.0,1,0.9679553
1.0,1,0.6043956
1.0,1,0.7958699
0.0,0,0.025608135
1.0,1,0.956003
1.0,1,0.97376525
0.0,0,0.33132997
1.0,1,0.95604604
0.0,0,0.040695433
1.0,1,0.9138743
0.0,1,0.9125442
1.0,1,0.9684012
1.0,1,0.97050595
0.0,0,0.0774713
0.0,0,0.023903733
1.0,1,0.8498614
0.0,0,0.11497296
0.0,0,0.005339178
1.0,1,0.9813855
1.0,1,0.97557306
1.0,1,0.8516053
1.0,1,0.97357476
0.0,0,0.046375386
0.0,0,0.0318121
1.0,1,0.9006962
0.0,0,0.09932145
1.0,1,0.97347486
0.0,0,0.32782978
0.0,1,0.42394805
1.0,1,0.50228965
1.0,1,0.9238311
1.0,1,0.98119336
1.0,1,0.87650245
1.0,1,0.9472263
1.0,1,0.84360546
1.0,1,0.9227482
0.0,0,0.015213077
1.0,1,0.96816164
0.0,1,0.57181984
1.0,1,0.9783357
0.0,0,0.024042038
0.0,0,0.007816965
1.0,1,0.8894202
0.0,0,0.012508162
1.0,1,0.9202093
0.0,0,0.017401654
0.0,0,0.11203448
1.0,1,0.8630822
0.0,0,0.01378819
1.0,1,0.96395636
1.0,0,0.41926593
0.0,0,0.0024148296
1.0,1,0.9835147
0.0,0,0.08597451
1.0,1,0.9601118
1.0,1,0.9767567
1.0,1,0.72773206
1.0,0,0.21407114
1.0,1,0.7116033
1.0,1,0.97757864
1.0,0,0.22174594
0.0,0,0.003818047
0.0,0,0.046601802
0.0,1,0.7574794
0.0,0,0.0153700095
0.0,0,0.1241105
0.0,0,0.015875543
1.0,1,0.9671574
0.0,0,0.11380614
0.0,0,0.17790006
1.0,1,0.961441
0.0,0,0.10254879
1.0,1,0.68582904
0.0,1,0.58310056
0.0,0,0.082219474
0.0,0,0.08334553
1.0,1,0.93303645
1.0,1,0.92973006
1.0,1,0.9536176
0.0,0,0.1430112
1.0,1,0.63952637
1.0,1,0.94036084
0.0,1,0.74024737
1.0,1,0.98404473
1.0,1,0.97280914
1.0,1,0.9827532
0.0,0,0.03134405
1.0,1,0.9823874
1.0,1,0.7053915
1.0,1,0.95378387
0.0,0,0.015401237
1.0,1,0.88537574
0.0,0,0.18286122
0.0,0,0.050190303
1.0,1,0.97454804
0.0,0,0.36278528
1.0,1,0.9663209
0.0,0,0.013319874
0.0,0,0.04467109
1.0,1,0.94159216
1.0,1,0.786004
0.0,0,0.15201524
1.0,1,0.9846421
1.0,1,0.8320954
0.0,0,0.32009396
0.0,0,0.012014152
0.0,0,0.03569463
0.0,0,0.0051244707
1.0,1,0.6199278
0.0,0,0.02751331
1.0,1,0.9661389
1.0,1,0.96702486
1.0,1,0.8742769
0.0,0,0.40034047
0.0,0,0.07185346
0.0,0,0.06905439
1.0,1,0.96538836
1.0,1,0.9710017
1.0,1,0.97404766
1.0,1,0.86417806
0.0,1,0.69120276
1.0,0,0.02950874
0.0,0,0.0039394936
0.0,0,0.015038702
0.0,0,0.11854962
0.0,0,0.22195366
0.0,0,0.18312183
1.0,1,0.98172456
0.0,0,0.103969485
0.0,0,0.26121613
1.0,1,0.9485648
0.0,0,0.0051193293
1.0,1,0.9800802
1.0,1,0.93175566
1.0,1,0.8173587
0.0,0,0.026117692
0.0,0,0.09124579
1.0,0,0.16497819
1.0,1,0.7805759
1.0,1,0.98175627
0.0,0,0.12563814
0.0,1,0.47945487
1.0,1,0.8889634
0.0,0,0.2540049
0.0,0,0.031792417
1.0,1,0.90291286
1.0,1,0.9829153
0.0,0,0.07259072
1.0,1,0.92505866
0.0,1,0.8375426
1.0,1,0.97095245
0.0,0,0.33158377
0.0,0,0.010563345
0.0,0,0.015894327
1.0,1,0.98034674
1.0,1,0.90078896
0.0,0,0.049916103
0.0,0,0.012069605
0.0,0,0.012285993
0.0,0,0.102208
0.0,0,0.36031258
1.0,1,0.96728945
0.0,1,0.45133197
0.0,0,0.036545187
0.0,0,0.025721118
1.0,1,0.9625211
1.0,1,0.9408935
0.0,0,0.0077918535
1.0,1,0.9582013
0.0,0,0.012826822
1.0,1,0.9842447
0.0,0,0.034697518
0.0,0,0.034112126
0.0,0,0.2289846
1.0,1,0.97954494
1.0,0,0.18642917
1.0,1,0.98106825
1.0,0,0.3097518
0.0,0,0.005552852
1.0,1,0.60535634
1.0,1,0.96482
0.0,0,0.34695488
0.0,0,0.024648169
0.0,0,0.0031379575
1.0,1,0.96795404
1.0,1,0.9326306
1.0,1,0.97212046
0.0,0,0.22452068
1.0,1,0.85512453
0.0,0,0.08912178
0.0,0,0.04022651
0.0,0,0.034929067
0.0,0,0.039411638
0.0,1,0.5318577
1.0,1,0.82812035
0.0,0,0.02851803
1.0,1,0.90204996
0.0,0,0.13173813
1.0,1,0.8842218
0.0,0,0.026524514
0.0,1,0.93460834
1.0,1,0.9838507
0.0,0,0.039827414
0.0,1,0.94653714
1.0,1,0.9666564
0.0,0,0.27754912
0.0,0,0.043928407
1.0,1,0.8972152
0.0,0,0.075307496
0.0,0,0.24812825
1.0,1,0.9362167
0.0,0,0.009230705
0.0,0,0.0038277223
0.0,0,0.09051852
0.0,0,0.23977916
1.0,1,0.97939587
0.0,0,0.010287738
0.0,0,0.026373325
1.0,1,0.9052485
0.0,0,0.0011680373
0.0,0,0.015197903
1.0,1,0.6934464
1.0,1,0.8169021
0.0,1,0.97867274
0.0,0,0.025823878
1.0,1,0.57890284
0.0,0,0.17994429
1.0,1,0.95908237
0.0,0,0.18490802
1.0,1,0.9495709
1.0,1,0.7893245
1.0,1,0.9145976
0.0,0,0.14075537
0.0,0,0.0062913033
1.0,1,0.9334108
1.0,1,0.96546334
1.0,1,0.96093017
1.0,1,0.9740824
0.0,0,0.3519077
0.0,0,0.045105465
1.0,1,0.64650023
0.0,0,0.0137176085
0.0,0,0.02605618
0.0,0,0.030997338
1.0,1,0.9029198
1.0,1,0.9529509
0.0,0,0.0024939282
0.0,1,0.7219664
1.0,1,0.7899591
0.0,0,0.012429882
0.0,0,0.18794739
1.0,1,0.9801231
0.0,0,0.2222209
1.0,1,0.7760073
0.0,0,0.17377931
1.0,1,0.9765781
0.0,1,0.48340777
0.0,0,0.022513777
0.0,0,0.1895579
1.0,1,0.69830483
1.0,1,0.9663561
0.0,0,0.012881123
0.0,0,0.016287703
0.0,0,0.029370368
1.0,1,0.96407115
1.0,1,0.9356775
0.0,0,0.04443357
1.0,1,0.98404336
0.0,0,0.36971638
1.0,1,0.8761774
1.0,1,0.9828113
1.0,1,0.8185354
1.0,1,0.97837067
1.0,1,0.9631306
1.0,1,0.85785466
0.0,0,0.22018018
1.0,1,0.70825785
1.0,1,0.7369364
0.0,0,0.015523245
0.0,0,0.01639734
0.0,0,0.32762107
0.0,0,0.030720126
0.0,0,0.046170257
0.0,0,0.028783055
0.0,0,0.13553314
0.0,0,0.024153503
0.0,0,0.012570178
0.0,0,0.03537257
1.0,1,0.6365298
0.0,0,0.31025434
0.0,1,0.73360825
1.0,1,0.58073854
1.0,1,0.906404
1.0,1,0.8909068
0.0,0,0.137989
1.0,1,0.94723225
0.0,1,0.75815654
1.0,1,0.8663809
1.0,1,0.97771853
1.0,1,0.72904015
1.0,1,0.96921706
1.0,1,0.46508303
1.0,1,0.925175
0.0,0,0.0317871
1.0,1,0.67395544
0.0,0,0.028582735
1.0,1,0.97967345
0.0,0,0.046916373
1.0,1,0.9484695
0.0,0,0.02071385
1.0,1,0.7510776
1.0,1,0.9425504
1.0,1,0.97262657
0.0,0,0.022405745
1.0,1,0.94142985
0.0,0,0.006134431
1.0,1,0.98220193
1.0,1,0.8407654
0.0,0,0.02663125
0.0,0,0.01333037
0.0,1,0.4227798
0.0,0,0.18452784
0.0,0,0.064626895
0.0,0,0.010178269
0.0,0,0.047236532
0.0,0,0.02968058
0.0,1,0.74437267
0.0,0,0.021449944
0.0,0,0.15038037
0.0,0,0.1422453
0.0,0,0.26091972
0.0,0,0.014032955
1.0,1,0.937263
1.0,1,0.98339725
1.0,1,0.9581809
0.0,0,0.039885316
1.0,1,0.986783
0.0,0,0.01996939
0.0,0,0.16401751
0.0,0,0.19650887
0.0,0,0.09767798
1.0,1,0.9794625
0.0,0,0.02500254
1.0,1,0.90815216
1.0,1,0.43477097
1.0,1,0.98310345
1.0,1,0.5035596
0.0,0,0.015202336
1.0,1,0.7644435
1.0,1,0.87195104
1.0,1,0.8968975
0.0,0,0.03962231
1.0,1,0.9779053
1.0,1,0.8645976
0.0,0,0.067620955
0.0,0,0.040102035
0.0,0,0.3902314
1.0,0,0.12157088
0.0,0,0.016368156
0.0,0,0.037292518
1.0,1,0.9365712
0.0,0,0.018731095
1.0,1,0.96873194
0.0,0,0.022360245
1.0,1,0.45475358
0.0,0,0.06328129
1.0,1,0.763515
0.0,0,0.0326865
0.0,1,0.9131353
0.0,0,0.21228923
0.0,0,0.012159993
1.0,1,0.942696
1.0,1,0.9016996
1.0,1,0.97251314
0.0,0,0.03596366
1.0,1,0.98060024
0.0,0,0.03540264
0.0,1,0.9408537
1.0,0,0.14931794
0.0,0,0.019991664
0.0,0,0.0012307685
0.0,1,0.86696064
1.0,1,0.9676286
1.0,0,0.40126902
1.0,1,0.57618725
1.0,1,0.97730434
0.0,0,0.011639274
1.0,1,0.7975419
1.0,1,0.87808955
1.0,1,0.76556075
0.0,0,0.15205882
0.0,0,0.06536361
0.0,0,0.18336272
0.0,0,0.3180696
0.0,0,0.014340481
0.0,0,0.36609602
1.0,1,0.93836784
0.0,0,0.06804287
1.0,1,0.79568267
1.0,1,0.9745637
0.0,0,0.08073493
1.0,1,0.9714884
1.0,1,0.9266192
0.0,0,0.0056667533
1.0,1,0.9793857
1.0,1,0.97102785
1.0,1,0.9558117
1.0,0,0.21746707
1.0,1,0.9831923
1.0,1,0.91881573
1.0,1,0.64793956
0.0,0,0.031382702
0.0,0,0.08043354
0.0,0,0.03628601
1.0,1,0.96364987
0.0,0,0.008288548
0.0,0,0.055288233
1.0,1,0.8637329
1.0,1,0.9648148
0.0,0,0.027354874
0.0,0,0.027181769
1.0,1,0.96715677
0.0,1,0.81149
1.0,1,0.96732366
0.0,1,0.599548
0.0,0,0.1373118
0.0,0,0.033529475
0.0,0,0.015675284
0.0,0,0.032262795
1.0,1,0.8226976
1.0,1,0.87223816
0.0,0,0.023065366
1.0,1,0.93618613
0.0,0,0.08328388
0.0,1,0.61121935
0.0,0,0.06992239
0.0,0,0.027810689
0.0,0,0.018786283
1.0,1,0.9764058
0.0,0,0.31542408
0.0,0,0.008315495
1.0,1,0.965174
1.0,0,0.101813614
0.0,0,0.2673245
0.0,0,0.07143236
0.0,0,0.022932392
0.0,0,0.019005967
0.0,0,0.02393383
0.0,0,0.2929556
0.0,0,0.13562769
1.0,1,0.82777363
1.0,1,0.9687239
1.0,1,0.64331543
1.0,1,0.62258273
0.0,0,0.0011240664
1.0,1,0.94253516
1.0,1,0.97702175
1.0,1,0.8295467
0.0,1,0.78358316
0.0,0,0.07016354
0.0,1,0.73217237
0.0,0,0.19596255
1.0,1,0.894556
0.0,0,0.03819435
1.0,1,0.51527
1.0,1,0.98014367
1.0,1,0.7290747
0.0,0,0.07099358
1.0,1,0.9650118
1.0,1,0.69792235
1.0,1,0.9592016
0.0,1,0.4819088
1.0,1,0.9819732
1.0,1,0.72148514
0.0,0,0.004920605
0.0,0,0.36660472
1.0,1,0.8928353
0.0,0,0.35341716
1.0,1,0.82483673
1.0,1,0.7197515
1.0,1,0.9287356
1.0,1,0.9702511
1.0,1,0.8848359
1.0,1,0.8489295
0.0,0,0.025824264
1.0,1,0.87227964
0.0,0,0.015207248
1.0,1,0.9321862
0.0,1,0.9251365
0.0,0,0.027076429
1.0,0,0.2115141
0.0,0,0.01634369
1.0,1,0.8509791
1.0,1,0.89831245
1.0,1,0.88221276
0.0,0,0.020519624
0.0,0,0.06075056
1.0,1,0.960296
1.0,1,0.95295835
0.0,0,0.019368384
1.0,1,0.80528224
1.0,1,0.97206277
0.0,0,0.089581065
1.0,1,0.68784547
1.0,1,0.9829999
0.0,0,0.068231955
1.0,1,0.975528
0.0,0,0.022488229
0.0,1,0.95074075
1.0,1,0.96133155
0.0,0,0.09236235
1.0,1,0.6020824
1.0,1,0.97363645
0.0,0,0.006104583
1.0,1,0.48388305
0.0,0,0.07524575
0.0,0,0.0036037175
1.0,1,0.97676766
0.0,0,0.014079538
1.0,1,0.9678574
0.0,0,0.0058345706
1.0,1,0.84561235
1.0,0,0.23444553
0.0,1,0.7681636
1.0,1,0.9562468
1.0,1,0.5550499
0.0,0,0.029569173
1.0,1,0.9737799
0.0,0,0.33863112
0.0,0,0.012660614
1.0,1,0.9419462
0.0,0,0.0023028606
1.0,1,0.9761473
0.0,0,0.07994334
1.0,1,0.8928319
1.0,1,0.8948216
0.0,0,0.10142062
0.0,0,0.0013152965
0.0,0,0.027474066
1.0,1,0.861469
1.0,1,0.98160326
1.0,1,0.89499986
0.0,0,0.17877533
1.0,1,0.98432326
0.0,0,0.17711575
1.0,1,0.9098752
0.0,0,0.016497782
0.0,0,0.21684077
0.0,0,0.030104222
1.0,1,0.9552346
0.0,0,0.01392106
1.0,1,0.8196491
0.0,0,0.03613725
1.0,1,0.5734311
0.0,0,0.3750167
0.0,0,0.41236845
0.0,0,0.01699684
1.0,1,0.9662025
0.0,0,0.015647914
1.0,1,0.8661101
1.0,1,0.9731971
0.0,0,0.02693873
1.0,0,0.37283832
1.0,1,0.622393
1.0,1,0.9734305
1.0,1,0.9798938
0.0,0,0.016462507
1.0,1,0.8220086
1.0,1,0.9513917
1.0,1,0.7981491
0.0,0,0.025759498
0.0,0,0.25881383
0.0,1,0.7686925
0.0,0,0.036300186
0.0,0,0.24069062
1.0,1,0.9826845
0.0,0,0.027837481
0.0,0,0.031246958
1.0,1,0.7326888
1.0,1,0.9772923
0.0,0,0.03440293
1.0,1,0.707713
0.0,0,0.1792367
1.0,1,0.8616486
1.0,1,0.9385489
0.0,0,0.25786772
0.0,0,0.0045527667
0.0,1,0.9635303
1.0,1,0.9439709
1.0,1,0.9417799
0.0,0,0.15361975
1.0,1,0.95136684
0.0,0,0.07102234
1.0,1,0.7502676
0.0,0,0.3940666
1.0,1,0.9095498
0.0,0,0.1325048
0.0,0,0.13837421
0.0,0,0.028411599
0.0,0,0.03550878
1.0,1,0.9786977
1.0,1,0.83296883
0.0,0,0.07624425
0.0,0,0.34369826
1.0,1,0.89461344
0.0,0,0.1246681
1.0,1,0.867046
1.0,1,0.7750587
1.0,1,0.97048646
0.0,0,0.40845215
0.0,0,0.12221283
1.0,1,0.8528421
1.0,1,0.9748845
1.0,1,0.98221385
0.0,0,0.020603659
0.0,0,0.023723757
1.0,1,0.9585612
0.0,0,0.009641176
0.0,0,0.17183572
0.0,0,0.17249183
0.0,1,0.9638954
0.0,0,0.017729785
0.0,0,0.007179284
0.0,0,0.060478214
1.0,1,0.86752176
1.0,1,0.82179654
0.0,0,0.13097394
0.0,0,0.00052688597
1.0,1,0.9017254
0.0,0,0.13322279
0.0,0,0.0037449242
0.0,0,0.23928745
1.0,1,0.8947389
0.0,0,0.035042565
0.0,0,0.019563919
0.0,0,0.065258384
0.0,0,0.17852342
0.0,0,0.20928591
0.0,0,0.0028960775
0.0,0,0.021445643
1.0,1,0.96628827
1.0,1,0.9656756
0.0,0,0.03723274
0.0,0,0.004834725
0.0,1,0.59591025
0.0,0,0.113352925
0.0,1,0.8721886
0.0,0,0.025478449
0.0,0,0.005973452
0.0,0,0.098326735
1.0,1,0.98289424
1.0,1,0.5883105
1.0,1,0.62722236
0.0,0,0.017791685
0.0,0,0.00033920966
0.0,1,0.48551306
1.0,1,0.973639
0.0,0,0.15773693
1.0,1,0.9756404
0.0,0,0.018520342
0.0,0,0.29380357
0.0,0,0.32219508
1.0,1,0.9692325
0.0,0,0.051460225
0.0,0,0.07200934
1.0,1,0.9089892
0.0,0,0.019618178
0.0,0,0.044707675
0.0,0,0.03818653
0.0,1,0.5865437
0.0,0,0.37237218
0.0,0,0.09212823
0.0,0,0.0037251299
1.0,1,0.87172216
1.0,1,0.50810957
0.0,0,0.0132572455
0.0,0,0.008346269
1.0,1,0.95667
1.0,1,0.79479325
1.0,1,0.97344273
0.0,0,0.12958394
0.0,0,0.018628014
1.0,1,0.9718662
0.0,1,0.58825743
1.0,1,0.95668745
0.0,1,0.688107
1.0,1,0.98217064
1.0,1,0.93542105
1.0,1,0.97847706
0.0,0,0.048068166
0.0,0,0.0755128
1.0,1,0.9604787
0.0,0,0.06316138
0.0,1,0.60218346
0.0,0,0.006031229
0.0,0,0.16814739
1.0,1,0.9318824
1.0,1,0.95057464
0.0,0,0.0871536
0.0,0,0.019357683
1.0,1,0.9506209
1.0,1,0.500282
1.0,1,0.96366155
0.0,0,0.05987914
1.0,1,0.9667939
1.0,1,0.8147981
0.0,1,0.6348928
0.0,0,0.10743487
1.0,1,0.87909657
0.0,0,0.017327718
1.0,1,0.8546793
0.0,0,0.07026784
0.0,0,0.016653439
1.0,1,0.98042244
1.0,1,0.6629809
0.0,0,0.11427305
1.0,1,0.7011827
1.0,1,0.97287863
0.0,0,0.01652262
1.0,1,0.7216261
1.0,0,0.20578963
1.0,1,0.96477854
1.0,1,0.90406334
0.0,0,0.044678994
1.0,1,0.9818275
1.0,1,0.9174133
0.0,0,0.037540626
0.0,0,0.33395487
1.0,1,0.97904164
0.0,0,0.022052748
0.0,0,0.21762888
1.0,1,0.91666883
1.0,1,0.95001197
1.0,1,0.85679126
0.0,0,0.003304488
0.0,0,0.075841404
1.0,1,0.95586854
0.0,1,0.4813441
1.0,1,0.97632205
0.0,0,0.102597736
1.0,1,0.9013369
1.0,1,0.7771397
0.0,0,0.025872981
0.0,0,0.04232451
0.0,0,0.0075238547
1.0,1,0.9661167
0.0,0,0.11999006
1.0,0,0.36490598
0.0,0,0.0193642
1.0,0,0.14819089
1.0,1,0.898286
1.0,1,0.9772338
1.0,1,0.9437192
1.0,1,0.7101878
0.0,0,0.034709517
1.0,1,0.97663665
0.0,0,0.04256075
1.0,1,0.9645625
0.0,0,0.024803005
1.0,1,0.9517304
1.0,1,0.9683568
0.0,0,0.0014700147
0.0,0,0.10978024
1.0,1,0.88995
0.0,0,0.122190215
1.0,1,0.98137486
0.0,0,0.004833273
1.0,1,0.97806925
0.0,0,0.046964973
1.0,1,0.75463146
0.0,0,0.079812475
0.0,0,0.033473182
1.0,1,0.8519349
0.0,0,0.19851577
1.0,1,0.88436264
0.0,0,0.010407942
1.0,1,0.9599909
1.0,1,0.7520056
0.0,0,0.047233764
1.0,1,0.91248345
0.0,0,0.23263727
1.0,1,0.9574965
0.0,0,0.010081647
1.0,0,0.26474756
0.0,0,0.011496451
0.0,0,0.09842535
0.0,0,0.025339752
1.0,1,0.81268066
0.0,0,0.036004893
0.0,0,0.03910457
0.0,0,0.22453381
1.0,1,0.94771516
1.0,0,0.020690639
1.0,1,0.9247896
0.0,0,0.02345843
1.0,1,0.8900653
0.0,0,0.32918376
1.0,1,0.8149141
0.0,0,0.016457837
1.0,1,0.8272667
0.0,0,0.030234113
1.0,1,0.97581655
0.0,0,0.11352562
0.0,0,0.030702196
1.0,1,0.820243
0.0,0,0.106413886
0.0,0,0.37852758
1.0,1,0.7618382
1.0,1,0.95546615
1.0,1,0.9839056
1.0,1,0.96129555
0.0,0,0.0010249814
0.0,1,0.84349144
1.0,1,0.5825492
0.0,0,0.20129876
0.0,0,0.009379024
1.0,1,0.9804898
0.0,0,0.003210132
0.0,0,0.10296669
1.0,1,0.9840572
0.0,1,0.8107784
1.0,1,0.9653779
1.0,0,0.34898278
1.0,1,0.9631724
1.0,1,0.9877176
1.0,1,0.9791268
0.0,0,0.032292116
0.0,1,0.950339
0.0,1,0.80656904
1.0,1,0.9172485
0.0,0,0.17620142
1.0,1,0.980412
1.0,1,0.9601898
0.0,0,0.08737244
1.0,1,0.645055
1.0,1,0.8774776
0.0,0,0.010973422
0.0,0,0.06527059
1.0,1,0.9637319
0.0,0,0.025586026
0.0,0,0.087190926
0.0,0,0.05757104
1.0,1,0.8516714
1.0,1,0.9631534
1.0,1,0.97436315
1.0,1,0.8370477
1.0,1,0.4751088
1.0,1,0.7091714
1.0,1,0.96503025
1.0,1,0.9627544
0.0,0,0.006854491
0.0,0,0.015738785
1.0,1,0.9423726
0.0,1,0.45896247
1.0,1,0.9848981
1.0,1,0.9782012
0.0,0,0.007893755
1.0,1,0.9469085
0.0,0,0.022887358
0.0,0,0.012866181
1.0,0,0.36792514
0.0,0,0.009742091
0.0,0,0.018206535
1.0,1,0.7497358
1.0,1,0.95046383
1.0,1,0.89301974
0.0,0,0.012718959
0.0,0,0.019068614
1.0,1,0.5734352
1.0,1,0.86331767
0.0,0,0.0789416
1.0,1,0.9748135
1.0,0,0.39225012
0.0,1,0.69726455
0.0,0,0.065224126
1.0,1,0.9769931
0.0,0,0.099374406
0.0,1,0.90772516
0.0,0,0.1419926
1.0,1,0.90310085
0.0,0,0.036163177
1.0,1,0.9501668
1.0,1,0.7931618
0.0,0,0.022704085
0.0,0,0.07311768
1.0,1,0.9740416
0.0,0,0.0742604
1.0,1,0.42596933
1.0,1,0.5823077
0.0,0,0.025902202
0.0,0,0.18279655
0.0,0,0.12443852
1.0,1,0.69620454
1.0,1,0.980003
1.0,0,0.18199661
0.0,0,0.19036506
0.0,1,0.7019736
0.0,0,0.06384831
0.0,0,0.03067234
0.0,0,0.035652872
0.0,0,0.23756738
1.0,1,0.9292016
1.0,1,0.75870323
1.0,1,0.9807491
1.0,1,0.9819909
1.0,1,0.91573405
0.0,0,0.062370077
1.0,1,0.8744005
0.0,0,0.00073929754
0.0,0,0.019184193
1.0,1,0.97750413
1.0,1,0.50015795
1.0,1,0.8537792
0.0,0,0.03643751
1.0,1,0.93483955
0.0,0,0.04135021
1.0,1,0.9796567
1.0,1,0.95597434
1.0,1,0.9710816
1.0,0,0.1268986
1.0,1,0.96821195
0.0,0,0.017216124
0.0,1,0.7675564
0.0,0,0.12426018
1.0,1,0.83520395
1.0,1,0.9815238
0.0,0,0.021101711
1.0,1,0.9761881
1.0,1,0.97271544
0.0,0,0.0010405247
0.0,0,0.2828406
1.0,1,0.815238
0.0,0,0.3990989
0.0,0,0.11695121
1.0,1,0.93129766
1.0,1,0.83957267
1.0,1,0.95485365
1.0,1,0.9853256
1.0,1,0.88100713
0.0,0,0.3137011
1.0,1,0.7156973
1.0,1,0.973546
0.0,0,0.013494859
0.0,0,0.019769631
1.0,1,0.97579485
1.0,1,0.95157206
1.0,1,0.91844684
1.0,1,0.962985
1.0,1,0.94360864
1.0,1,0.9028249
1.0,1,0.84342766
0.0,1,0.4318169
1.0,1,0.97438115
1.0,1,0.85006416
0.0,1,0.46154454
1.0,1,0.9649897
0.0,0,0.010451654
0.0,0,0.022116939
1.0,1,0.9718246
1.0,1,0.82159173
0.0,0,0.08587796
1.0,1,0.76202095
0.0,0,0.033462327
0.0,0,0.026749847
1.0,1,0.97147846
0.0,0,0.19641036
1.0,1,0.97691244
1.0,1,0.8952256
1.0,1,0.90249866
0.0,0,0.0035814631
1.0,1,0.96057713
0.0,0,0.016749807
0.0,0,0.027778754
0.0,0,0.030059846
0.0,0,0.07239403
0.0,0,0.23405442
0.0,0,0.017740717
0.0,0,0.019741872
0.0,0,0.1942764
1.0,1,0.9799458
0.0,0,0.34868884
0.0,0,0.035991866
1.0,1,0.47036645
0.0,0,0.015607058
1.0,1,0.81902874
0.0,0,0.026773212
1.0,1,0.75296134
0.0,0,0.032143462
0.0,0,0.027788704
0.0,0,0.07524282
0.0,0,0.013201087
0.0,0,0.1265337
1.0,1,0.6766702
0.0,1,0.70756257
0.0,0,0.14838317
1.0,1,0.45245948
0.0,0,0.32020703
1.0,1,0.981879
1.0,1,0.9528266
0.0,1,0.49897626
1.0,1,0.85866797
1.0,1,0.5650411
1.0,1,0.5221808
0.0,0,0.1505936
1.0,1,0.96041524
1.0,1,0.98235065
0.0,0,0.009425081
0.0,0,0.11188176
0.0,0,0.011753056
0.0,1,0.7457529
1.0,1,0.85236263
0.0,0,0.008851625
0.0,0,0.012568545
0.0,0,0.013546191
0.0,0,0.01895651
0.0,0,0.005787931
0.0,0,0.393083
1.0,1,0.944488
0.0,0,0.043583844
1.0,1,0.98216575
0.0,1,0.5155946
1.0,1,0.80413806
1.0,1,0.954922
0.0,1,0.6891002
0.0,1,0.43204784
1.0,1,0.97816026
0.0,1,0.75356525
1.0,1,0.95006055
0.0,1,0.45456758
0.0,0,0.14579864
0.0,0,0.010083265
1.0,1,0.8948993
0.0,0,0.03396857
0.0,0,0.0067610005
1.0,1,0.9785815
0.0,0,0.0028154016
0.0,0,0.074349456
0.0,0,0.28390267
1.0,1,0.4781229
0.0,0,0.00041430048
0.0,0,0.2872874
0.0,0,0.06767035
0.0,0,0.39345172
1.0,1,0.5164498
1.0,1,0.98241407
1.0,1,0.9826822
1.0,1,0.94110596
0.0,0,0.1135818
1.0,1,0.948303
0.0,0,0.026525732
1.0,1,0.8406807
1.0,1,0.9411666
0.0,0,0.11468439
0.0,0,0.1432016
1.0,1,0.952624
0.0,0,0.0029807864
1.0,1,0.9768287
1.0,1,0.9732376
1.0,1,0.9660833
0.0,1,0.47544602
0.0,0,0.04967028
1.0,1,0.9687557
1.0,1,0.93332386
0.0,0,0.0070299124
0.0,0,0.07377714
0.0,0,0.025130076
1.0,1,0.9650647
0.0,0,0.00479934
1.0,1,0.9804579
1.0,1,0.8944912
0.0,1,0.6533344
1.0,1,0.9603004
0.0,0,0.020575253
1.0,1,0.96578294
0.0,0,0.0056501143
1.0,1,0.7902124
0.0,0,0.023713017
0.0,1,0.8491566
0.0,0,0.0021769681
0.0,0,0.06159963
0.0,0,0.32879028
0.0,1,0.4473349
0.0,0,0.0323379
0.0,0,0.012440106
0.0,0,0.006533239
1.0,1,0.83534884
0.0,0,0.15363309
1.0,1,0.8105472
0.0,1,0.9050405
1.0,1,0.97870964
0.0,1,0.5434288
1.0,1,0.7717917
0.0,0,0.032566074
1.0,1,0.979252
0.0,0,0.019715
1.0,1,0.8781423
1.0,1,0.87124807
0.0,0,0.13896362
1.0,1,0.9668852
1.0,0,0.40540475
0.0,0,0.006905996
1.0,1,0.9624895
1.0,1,0.82805026
1.0,1,0.9731026
0.0,0,0.014009125
1.0,1,0.96588635
1.0,1,0.9494604
1.0,1,0.81275797
1.0,1,0.87340987
1.0,1,0.9781404
0.0,0,0.13062122
0.0,0,0.019181645
0.0,0,0.06546149
0.0,1,0.7464796
0.0,0,0.10109365
0.0,0,0.025536394
1.0,1,0.711447
0.0,0,0.03731617
1.0,1,0.94943434
0.0,0,0.021948582
1.0,1,0.97977835
0.0,0,0.20644961
0.0,1,0.5135711
0.0,0,0.10301916
1.0,1,0.97244245
1.0,1,0.96065444
1.0,1,0.97556853
1.0,1,0.5783209
0.0,0,0.21065871
0.0,0,0.00523959
1.0,1,0.591382
0.0,0,0.150518
1.0,1,0.9720351
0.0,0,0.02200183
1.0,1,0.7365718
1.0,1,0.92837524
1.0,1,0.963354
1.0,1,0.719483
0.0,0,0.25827357
0.0,0,0.112772174
1.0,1,0.9759326
0.0,0,0.04526556
1.0,1,0.9833879
1.0,1,0.9466269
0.0,0,0.11493296
0.0,0,0.3574584
0.0,1,0.42804283
1.0,1,0.7073119
0.0,0,0.31235796
1.0,1,0.98153865
0.0,1,0.5281557
0.0,0,0.019342752
1.0,1,0.76718414
0.0,0,0.0072816703
1.0,1,0.97885454
0.0,1,0.6219015
1.0,1,0.68717456
0.0,0,0.081464864
0.0,0,0.05885434
0.0,0,0.17610079
0.0,1,0.6337897
1.0,1,0.97536933
0.0,0,0.022274485
0.0,0,0.0054325107
1.0,1,0.66342795
0.0,0,0.21889989
1.0,1,0.94461745
1.0,1,0.967048
0.0,0,0.005647473
0.0,0,0.027285408
1.0,1,0.9617201
1.0,1,0.8828095
1.0,1,0.96719533
0.0,0,0.024503807
0.0,0,0.011207722
0.0,0,0.089885645
0.0,0,0.08955509
0.0,0,0.046133384
1.0,1,0.8495962
0.0,0,0.016445845
1.0,1,0.77698946
0.0,0,0.16465703
1.0,1,0.7670986
0.0,1,0.49381834
0.0,0,0.028848315
1.0,1,0.922363
0.0,0,0.29573774
1.0,1,0.9659953
0.0,0,0.014449944
1.0,1,0.9161998
0.0,0,0.008728201
1.0,1,0.7606034
0.0,0,0.052336566
0.0,0,0.024538377
0.0,0,0.01976765
0.0,0,0.16810206
0.0,0,0.042962257
0.0,0,0.010491414
1.0,1,0.91852194
1.0,1,0.915779
1.0,1,0.9543317
1.0,1,0.9822189
0.0,0,0.03174337
1.0,1,0.8480781
1.0,1,0.82793915
0.0,0,0.027789477
1.0,1,0.8282788
0.0,1,0.455148
1.0,1,0.97256976
0.0,0,0.0010372942
0.0,0,0.035651095
1.0,1,0.9650047
0.0,0,0.13753319
0.0,0,0.019656803
1.0,1,0.9698935
0.0,0,0.035315994
0.0,0,0.02811566
1.0,1,0.903304
0.0,0,0.03995769
1.0,1,0.96475744
1.0,1,0.95146555
0.0,0,0.012747828
0.0,0,0.016518839
1.0,1,0.6763203
1.0,1,0.5148401
0.0,0,0.015083952
0.0,0,0.023149347
1.0,1,0.62510926
1.0,1,0.97283584
1.0,1,0.7731951
1.0,0,0.3192857
1.0,1,0.9675125
1.0,1,0.97672284
1.0,1,0.969363
1.0,1,0.91030943
0.0,0,0.15679704
0.0,0,0.0065825954
0.0,0,0.0117877815
0.0,0,0.012146809
1.0,1,0.86584616
1.0,1,0.96423995
0.0,0,0.0058630314
1.0,1,0.9771862
0.0,0,0.0068528
0.0,0,0.0027342997
1.0,1,0.82516074
1.0,1,0.9825026
1.0,1,0.9440721
1.0,1,0.92603886
0.0,0,0.0028497134
1.0,1,0.5330902
1.0,1,0.46990818
0.0,0,0.103657946
0.0,0,0.02839142
0.0,1,0.5007387
0.0,0,0.13616632
1.0,0,0.23567669
0.0,0,0.12591566
0.0,1,0.58668566
0.0,0,0.030225152
1.0,1,0.98444104
1.0,1,0.97098696
0.0,0,0.11604929
1.0,0,0.36194983
0.0,1,0.5183242
0.0,1,0.5701895
1.0,1,0.9390233
1.0,1,0.85588586
1.0,1,0.97179914
1.0,0,0.3443609
1.0,1,0.94328445
0.0,1,0.8859891
0.0,0,0.36711958
0.0,1,0.8191011
0.0,0,0.20634437
1.0,1,0.70936936
1.0,1,0.9599775
0.0,0,0.039306894
0.0,0,0.14898282
1.0,1,0.940822
0.0,0,0.029097255
0.0,1,0.5291778
1.0,1,0.9385276
0.0,0,0.009210362
1.0,1,0.8918723
0.0,0,0.010123601
0.0,0,0.00918557
0.0,0,0.3055585
0.0,0,0.0032689823
1.0,1,0.71375716
1.0,1,0.5760216
0.0,0,0.33936197
0.0,0,0.09475129
1.0,1,0.79330474
1.0,1,0.8986974
0.0,0,0.019878447
1.0,1,0.9671544
1.0,1,0.97211653
0.0,0,0.012414871
0.0,0,0.016851256
1.0,0,0.33539847
1.0,1,0.97790575
1.0,1,0.9714344
0.0,0,0.2841127
0.0,0,0.41310796
0.0,0,0.006732175
0.0,0,0.4009685
1.0,0,0.053219948
1.0,1,0.9795755
1.0,1,0.96789116
0.0,0,0.005462763
1.0,1,0.795213
1.0,1,0.6873848
0.0,0,0.007853399
1.0,1,0.7635757
0.0,0,0.0867601
1.0,1,0.945498
1.0,1,0.9344926
0.0,0,0.0815944
1.0,1,0.74712586
0.0,0,0.02929594
1.0,1,0.97999626
1.0,1,0.9330845
1.0,1,0.9188534
1.0,1,0.9849973
1.0,1,0.6243812
1.0,1,0.8766766
0.0,0,0.0011066756
1.0,1,0.95756364
0.0,0,0.19280425
1.0,1,0.9643228
0.0,0,0.22663026
0.0,0,0.18869978
1.0,1,0.833566
0.0,0,0.2673999
1.0,1,0.9775115
0.0,0,0.26746458
0.0,0,0.1294571
1.0,1,0.7343556
1.0,1,0.6836263
0.0,0,0.022043219
1.0,1,0.97182924
0.0,0,0.26897302
1.0,1,0.98597544
1.0,1,0.94148195
1.0,1,0.8594357
1.0,1,0.7328765
0.0,0,0.2886252
1.0,0,0.39795983
1.0,1,0.8531816
0.0,0,0.24553563
1.0,1,0.9699464
0.0,0,0.0067985645
0.0,0,0.02356178
0.0,0,0.18637396
1.0,1,0.86620355
0.0,1,0.76077235
0.0,0,0.0666708
0.0,1,0.9281959
0.0,0,0.27206707
1.0,1,0.91819435
0.0,0,0.014095856
0.0,0,0.08315797
1.0,1,0.9677103
1.0,0,0.11708776
0.0,0,0.23006423
0.0,0,0.3121923
1.0,1,0.84475887
0.0,0,0.20365863
0.0,0,0.21225512
0.0,0,0.05783005
1.0,1,0.98670375
0.0,0,0.01517358
1.0,1,0.8286135
0.0,0,0.013172309
1.0,1,0.96052736
0.0,0,0.010888078
1.0,1,0.9693284
1.0,1,0.70370805
1.0,1,0.9239167
1.0,1,0.7362376
0.0,1,0.43658692
1.0,1,0.9102262
0.0,0,0.012804923
0.0,1,0.48860842
0.0,0,0.054472003
0.0,0,0.025401289
0.0,0,0.0026340596
0.0,1,0.7644283
1.0,1,0.9586416
1.0,1,0.78628564
1.0,1,0.9485824
0.0,0,0.013133353
1.0,0,0.0885573
1.0,1,0.91062164
0.0,0,0.00077210396
0.0,0,0.18114007
1.0,1,0.97673106
1.0,1,0.8701438
0.0,0,0.027075004
1.0,1,0.9592543
0.0,0,0.021932466
1.0,1,0.8117808
1.0,1,0.8306115
0.0,1,0.8061124
0.0,0,0.18694563
0.0,0,0.023263406
0.0,1,0.45796
0.0,0,0.0032202776
1.0,1,0.95827115
1.0,1,0.9666661
0.0,0,0.06570562
0.0,0,0.19158946
0.0,1,0.98163
1.0,1,0.95415485
1.0,0,0.28543857
1.0,1,0.9782526
1.0,1,0.9698551
0.0,0,0.05710437
0.0,0,0.04107989
0.0,0,0.1525011
0.0,0,0.011475293
0.0,0,0.01578248
1.0,1,0.820871
1.0,1,0.889941
1.0,1,0.9841884
0.0,0,0.25021195
1.0,1,0.98645645
1.0,1,0.72973627
1.0,1,0.9673851
1.0,1,0.9665494
1.0,1,0.48214418
1.0,1,0.69840944
1.0,1,0.9640531
1.0,1,0.88497996
0.0,0,0.06460126
0.0,0,0.012603888
1.0,1,0.96276623
0.0,0,0.15498425
1.0,1,0.95174444
0.0,1,0.42459252
1.0,1,0.9814399
0.0,0,0.008149478
0.0,0,0.028764665
0.0,0,0.061836552
1.0,1,0.9727157
0.0,0,0.14738856
0.0,0,0.03433511
0.0,0,0.024204446
0.0,0,0.006545351
1.0,1,0.48832875
0.0,0,0.03052362
1.0,1,0.96291435
0.0,0,0.12695639
1.0,1,0.9742864
0.0,0,0.005268929
1.0,1,0.9744333
1.0,1,0.9820789
1.0,1,0.6211982
1.0,1,0.8688047
0.0,0,0.3009199
1.0,1,0.9170244
1.0,1,0.4471101
1.0,1,0.48627937
0.0,0,0.022460166
0.0,0,0.022407971
0.0,0,0.10752484
1.0,0,0.25472203
1.0,1,0.9708815
1.0,1,0.46398908
1.0,1,0.5864795
1.0,1,0.98155105
0.0,0,0.02523927
1.0,1,0.87927836
1.0,1,0.9011924
1.0,1,0.9586187
0.0,0,0.057595458
1.0,1,0.9749456
1.0,1,0.9801879
0.0,0,0.07709153
1.0,1,0.9817481
0.0,0,0.02301675
1.0,0,0.27599332
0.0,0,0.06501171
0.0,1,0.47883156
1.0,0,0.21924959
1.0,1,0.9711115
1.0,1,0.97117174
0.0,1,0.81867665
1.0,1,0.9773722
0.0,0,0.025706057
0.0,0,0.15650918
1.0,1,0.9303053
1.0,1,0.9834408
0.0,0,0.064573206
0.0,0,0.006409245
1.0,1,0.81895214
1.0,1,0.9406489
0.0,1,0.9106215
0.0,0,0.013544337
0.0,0,0.12792197
1.0,1,0.9190943
0.0,0,0.015267615
1.0,1,0.96017283
0.0,1,0.57491726
1.0,1,0.7951261
1.0,1,0.65465665
1.0,1,0.89656824
1.0,0,0.244992
0.0,0,0.054617956
0.0,1,0.6071057
0.0,0,0.006160038
0.0,0,0.042277068
0.0,0,0.034213386
1.0,1,0.8616875
1.0,1,0.8485951
1.0,1,0.9666772
1.0,1,0.88461506
1.0,1,0.811947
0.0,1,0.6586106
1.0,1,0.97873133
0.0,0,0.021304019
1.0,1,0.9662737
0.0,0,0.017890563
1.0,1,0.7952869
0.0,0,0.20351398
0.0,0,0.11820082
0.0,1,0.49322772
1.0,1,0.9294051
0.0,0,0.009102354
0.0,0,0.010061778
1.0,1,0.8690396
1.0,1,0.9719961
0.0,0,0.016984425
0.0,0,0.040381644
0.0,0,0.05693939
1.0,1,0.8360113
0.0,0,0.19595507
0.0,0,0.0049488293
0.0,0,0.052509762
0.0,0,0.14812204
1.0,1,0.83875465
1.0,1,0.7488059
0.0,0,0.010726184
0.0,1,0.606124
0.0,1,0.5114514
1.0,1,0.813861
0.0,0,0.052635286
1.0,1,0.96827424
0.0,0,0.23803574
0.0,0,0.36389408
0.0,0,0.015398142
0.0,0,0.011098219
0.0,0,0.0064719655
1.0,1,0.9720159
0.0,1,0.62569296
0.0,1,0.7000172
0.0,0,0.28319144
0.0,0,0.014923416
0.0,0,0.015794396
1.0,1,0.90699524
0.0,0,0.0009418861
0.0,0,0.0034489345
1.0,1,0.97763336
0.0,0,0.003949569
0.0,0,0.32892793
0.0,0,0.38528997
1.0,1,0.89628726
0.0,0,0.114102766
1.0,1,0.6318803
0.0,0,0.3473458
1.0,1,0.8224401
1.0,1,0.67663974
1.0,1,0.8736573
0.0,0,0.019927287
0.0,0,0.15243998
1.0,1,0.97722596
1.0,1,0.90513617
1.0,1,0.9662433
1.0,1,0.539657
1.0,0,0.23856018
1.0,1,0.8553585
1.0,1,0.54119295
1.0,1,0.94323236
1.0,1,0.7722806
0.0,0,0.014233708
0.0,1,0.45137528
0.0,0,0.01729544
1.0,1,0.9846314
0.0,0,0.2446287
0.0,1,0.53308374
1.0,0,0.4077296
1.0,1,0.8787438
1.0,1,0.9568246
0.0,0,0.17006333
1.0,1,0.92181236
0.0,0,0.012345295
0.0,0,0.3466035
1.0,1,0.51587665
1.0,1,0.71566486
0.0,1,0.597113
0.0,0,0.39761275
1.0,1,0.7350122
1.0,1,0.9043234
1.0,1,0.5578113
0.0,0,0.062490843
0.0,0,0.027553832
1.0,1,0.8908843
0.0,0,0.020173343
1.0,1,0.9847892
0.0,0,0.015832791
1.0,1,0.98399687
0.0,1,0.7036549
1.0,1,0.95084286
1.0,1,0.98102295
1.0,1,0.98624414
1.0,1,0.85081524
0.0,0,0.2892381
1.0,1,0.8292771
0.0,0,0.016125727
0.0,0,0.015688421
1.0,1,0.9841325
0.0,0,0.019248467
1.0,1,0.9503133
1.0,0,0.18666032
1.0,1,0.7857199
1.0,1,0.96401703
1.0,1,0.969222
0.0,0,0.006313769
1.0,1,0.91946936
1.0,1,0.9134203
0.0,0,0.011990946
0.0,0,0.33191332
1.0,0,0.23767361
0.0,0,0.14758506
0.0,1,0.69701713
0.0,0,0.08770966
0.0,0,0.013395003
0.0,0,0.029746618
0.0,0,0.019002652
0.0,0,0.030516002
1.0,1,0.65555704
1.0,1,0.9801571
0.0,0,0.13419278
1.0,1,0.9667329
1.0,1,0.9618887
1.0,1,0.87268245
1.0,1,0.6528678
0.0,0,0.036265638
1.0,1,0.80615306
1.0,1,0.96614283
1.0,1,0.9835879
0.0,0,0.070357874
1.0,1,0.97825384
0.0,0,0.020711252
0.0,0,0.28876165
0.0,0,0.2320391
1.0,1,0.94232786
0.0,1,0.45461813
0.0,0,0.0062652365
1.0,1,0.9823462
1.0,1,0.90415657
1.0,1,0.91086173
0.0,0,0.21010605
0.0,0,0.02622591
0.0,0,0.16967341
1.0,1,0.96301126
0.0,0,0.03352391
0.0,0,0.023855906
1.0,1,0.94654876
0.0,0,0.17421843
1.0,1,0.9564977
1.0,1,0.9773792
0.0,0,0.30839843
1.0,1,0.98300654
1.0,1,0.84636784
0.0,0,0.09860513
1.0,1,0.9402024
1.0,1,0.9352876
1.0,1,0.98319715
0.0,0,0.022836307
0.0,0,0.03169365
1.0,1,0.8568399
0.0,0,0.01717064
1.0,1,0.9719206
1.0,1,0.94396806
0.0,0,0.020669099
0.0,0,0.027507799
0.0,0,0.022602683
0.0,0,0.18579753
1.0,1,0.9823594
1.0,1,0.8937305
1.0,1,0.97940826
1.0,1,0.97938776
1.0,1,0.98607635
1.0,0,0.08863289
1.0,1,0.9710559
1.0,1,0.7752385
1.0,1,0.94738746
1.0,1,0.8437434
0.0,1,0.7835251
0.0,0,0.21596824
0.0,0,0.024524542
1.0,1,0.9480248
1.0,1,0.9303072
0.0,0,0.030933535
1.0,1,0.95747215
1.0,1,0.9613877
0.0,0,0.069845185
0.0,0,0.1448527
0.0,0,0.033369787
1.0,1,0.9762174
1.0,1,0.9718244
0.0,1,0.5315718
0.0,0,0.008381384
0.0,0,0.048770245
1.0,1,0.97940063
0.0,0,0.0038038257
1.0,1,0.8111835
1.0,1,0.6350173
0.0,0,0.047770865
1.0,1,0.533511
1.0,1,0.89843345
0.0,0,0.059144747
1.0,1,0.85070485
1.0,1,0.9277768
0.0,0,0.009124197
1.0,0,0.25661042
1.0,1,0.5993367
1.0,1,0.96425635
0.0,0,0.0017488559
0.0,0,0.3529903
1.0,1,0.93512434
0.0,0,0.056559306
1.0,1,0.9797101
1.0,1,0.9475392
0.0,0,0.052918714
0.0,0,0.009138827
1.0,1,0.937749
1.0,1,0.59009755
1.0,1,0.977099
0.0,0,0.036581628
1.0,1,0.8776351
1.0,1,0.6408253
0.0,0,0.005454267
1.0,1,0.5788797
0.0,0,0.059425265
1.0,1,0.5951885
0.0,0,0.001979003
1.0,1,0.94046104
1.0,1,0.9663465
1.0,0,0.23748308
0.0,0,0.029514143
1.0,1,0.9703598
1.0,1,0.7743724
1.0,1,0.8313078
1.0,1,0.94283974
1.0,1,0.76454985
1.0,0,0.10176313
0.0,0,0.025331816
0.0,0,0.0088936575
1.0,1,0.9712051
0.0,0,0.05029704
1.0,1,0.7780885
1.0,0,0.21936628
1.0,0,0.10095506
1.0,1,0.98058337
0.0,0,0.006034818
0.0,0,0.010918639
0.0,0,0.015919909
1.0,1,0.9513751
0.0,0,0.17201929
0.0,0,0.052154604
1.0,1,0.9242877
0.0,0,0.026075402
0.0,0,0.22248402
0.0,0,0.123112485
1.0,0,0.22712
1.0,1,0.91703516
0.0,0,0.019993458
0.0,1,0.78296655
0.0,0,0.18593004
0.0,0,0.25040212
1.0,0,0.21740681
0.0,0,0.006685443
1.0,1,0.9384369
0.0,0,0.14639518
0.0,0,0.031139787
0.0,0,0.16917953
1.0,1,0.9679003
1.0,1,0.81645405
1.0,1,0.919799
0.0,0,0.07994594
1.0,1,0.8076392
0.0,0,0.008725149
0.0,0,0.010190146
1.0,1,0.6916088
0.0,0,0.32930708
0.0,0,0.013809423
1.0,1,0.9575961
0.0,0,0.030545555
0.0,0,0.016298097
1.0,1,0.72868204
0.0,0,0.03368169
1.0,1,0.9865661
1.0,1,0.74731076
1.0,1,0.947838
0.0,0,0.019279674
0.0,0,0.20458558
1.0,1,0.9839799
1.0,1,0.95769113
1.0,1,0.9471708
1.0,1,0.6617745
1.0,1,0.49244857
1.0,1,0.96244377
0.0,0,0.0021060188
0.0,0,0.15415011
0.0,0,0.044876862
1.0,1,0.9597713
1.0,1,0.80264986
0.0,0,0.12584652
0.0,0,0.03066094
0.0,0,0.22351204
1.0,1,0.684703
1.0,1,0.9695845
1.0,1,0.55626017
0.0,1,0.9669924
0.0,0,0.07797263
1.0,1,0.9695744
1.0,1,0.9308678
1.0,1,0.9797264
1.0,1,0.96396434
0.0,0,0.024614632
0.0,0,0.015522297
0.0,0,0.27081063
1.0,1,0.6878538
0.0,0,0.061671585
0.0,0,0.05992925
0.0,0,0.05364489
0.0,0,0.07360551
1.0,0,0.3723734
1.0,1,0.9554594
0.0,0,0.0023270494
1.0,1,0.96232593
1.0,1,0.8149891
1.0,0,0.41565257
0.0,0,0.26583907
0.0,0,0.17299144
0.0,0,0.07837714
1.0,1,0.96455866
0.0,0,0.28783372
0.0,0,0.17436811
0.0,0,0.23797397
1.0,1,0.6450851
0.0,1,0.42184287
0.0,0,0.009232641
1.0,1,0.9845295
1.0,1,0.5102947
1.0,1,0.985477
0.0,0,0.028124154
0.0,0,0.0091173705
1.0,1,0.94856757
1.0,1,0.90613365
0.0,0,0.0138008995
0.0,0,0.19800499
0.0,0,0.13039406
1.0,1,0.8754649
0.0,0,0.01057462
0.0,0,0.038052265
1.0,0,0.18692455
0.0,0,0.016424324
0.0,1,0.5474469
1.0,1,0.9620807
1.0,1,0.8748622
1.0,1,0.9004212
1.0,1,0.8627182
1.0,1,0.59127736
0.0,0,0.1930036
0.0,0,0.014718473
1.0,1,0.94030976
0.0,0,0.0051337145
0.0,0,0.003624119
0.0,0,0.030665837
0.0,0,0.17969397
1.0,1,0.87828165
1.0,1,0.98017395
0.0,0,0.32883197
1.0,1,0.9866734
0.0,0,0.01947002
1.0,1,0.9630248
0.0,0,0.007525795
1.0,1,0.94800705
1.0,1,0.97155935
0.0,1,0.734722
1.0,1,0.98251927
0.0,0,0.021264859
1.0,1,0.98169464
1.0,1,0.9211584
1.0,1,0.98091793
1.0,1,0.9690623
0.0,0,0.19070438
0.0,0,0.2263864
0.0,1,0.8541161
1.0,1,0.9669825
1.0,1,0.9723418
0.0,0,0.25923872
1.0,1,0.9759516
0.0,0,0.05361683
0.0,0,0.08652822
1.0,1,0.9823268
0.0,0,0.0047515435
1.0,1,0.8040786
0.0,0,0.25722063
1.0,1,0.9863509
1.0,1,0.9822379
1.0,0,0.22989886
0.0,0,0.014368519
0.0,0,0.028400762
0.0,0,0.07369359
0.0,0,0.28555286
0.0,0,0.04513238
1.0,1,0.91062486
1.0,1,0.9839298
1.0,1,0.9639748
0.0,0,0.027533425
1.0,1,0.9620375
1.0,1,0.8027449
0.0,0,0.17931709
0.0,0,0.092501536
1.0,1,0.97620773
1.0,1,0.90078264
1.0,1,0.44978493
0.0,0,0.026759032
0.0,0,0.031339187
0.0,1,0.42209607
0.0,0,0.00934381
1.0,1,0.86674297
0.0,0,0.033295758
1.0,1,0.827834
1.0,1,0.7430432
0.0,0,0.011245686
0.0,0,0.060059946
0.0,0,0.3796963
1.0,1,0.6768985
0.0,0,0.13581789
1.0,1,0.64305127
0.0,0,0.03807957
1.0,1,0.97197825
0.0,1,0.6120485
1.0,1,0.96897787
1.0,1,0.84534377
1.0,1,0.963523
0.0,1,0.9308543
0.0,0,0.044760432
1.0,1,0.97699225
0.0,0,0.04696166
1.0,1,0.75036716
0.0,0,0.03563038
0.0,0,0.019664526
1.0,1,0.9771152
1.0,1,0.96589136
0.0,0,0.103703804
0.0,0,0.1316163
1.0,1,0.8507018
1.0,1,0.8553653
0.0,0,0.017410902
0.0,0,0.034676667
1.0,1,0.97787225
1.0,1,0.97519106
0.0,0,0.12823969
0.0,0,0.025312455
1.0,1,0.6391393
1.0,1,0.98183614
0.0,0,0.03264229
1.0,1,0.9792339
0.0,0,0.15121697
0.0,1,0.5053455
0.0,0,0.016619466
0.0,0,0.09876286
0.0,1,0.65731955
1.0,1,0.9387067
1.0,1,0.96920025
1.0,1,0.9290285
1.0,1,0.95525795
1.0,1,0.97166026
1.0,1,0.96538085
0.0,0,0.012608167
1.0,1,0.5503055
1.0,1,0.78558016
1.0,1,0.98152894
0.0,0,0.066871844
0.0,0,0.23307587
0.0,0,0.4199637
0.0,1,0.8313013
1.0,0,0.15578325
1.0,1,0.976198
0.0,0,0.029631961
0.0,0,0.38968477
0.0,0,0.04714676
0.0,0,0.019009897
1.0,1,0.94344765
0.0,0,0.14472184
1.0,1,0.91632587
1.0,1,0.635666
0.0,0,0.020637738
1.0,1,0.96828383
0.0,0,0.12645893
0.0,0,0.034895495
1.0,1,0.83717793
0.0,0,0.04471891
0.0,0,0.03971673
0.0,0,0.024096224
0.0,0,0.020847334
0.0,0,0.03705389
0.0,0,0.122629166
1.0,1,0.74181974
0.0,0,0.20048092
0.0,0,0.015995443
0.0,0,0.06407661
0.0,1,0.4757292
0.0,0,0.18626407
0.0,0,0.34319437
0.0,0,0.0044236523
1.0,1,0.95671606
1.0,1,0.8931563
0.0,1,0.44977295
0.0,0,0.14695573
0.0,0,0.019164946
0.0,0,0.31274974
0.0,1,0.60402775
1.0,0,0.036920145
0.0,1,0.6003399
0.0,0,0.08525914
1.0,1,0.98255455
1.0,1,0.87193483
0.0,0,0.20888448
0.0,0,0.1250278
1.0,1,0.9389884
0.0,0,0.0040628393
1.0,1,0.78594005
0.0,0,0.025295256
0.0,0,0.20395924
0.0,0,0.22949277
1.0,1,0.6431972
1.0,1,0.9574537
0.0,0,0.32687977
1.0,1,0.88396066
1.0,1,0.88933957
1.0,1,0.8630892
1.0,1,0.9581546
0.0,0,0.030588916
1.0,1,0.9763886
1.0,1,0.92933124
0.0,0,0.3990801
0.0,0,0.03024653
1.0,1,0.93548423
0.0,0,0.06400276
1.0,1,0.68205935
1.0,1,0.58010125
1.0,1,0.5983356
0.0,0,0.12522899
0.0,0,0.14061089
0.0,1,0.50448453
1.0,1,0.98173654
0.0,0,0.33939683
0.0,0,0.04317629
0.0,0,0.058442745
1.0,1,0.9748083
1.0,1,0.9095243
0.0,0,0.08585086
0.0,0,0.028449789
0.0,0,0.23460871
1.0,1,0.97916055
0.0,0,0.008659956
1.0,1,0.90203387
1.0,1,0.88619465
0.0,0,0.080874376
0.0,0,0.03164579
0.0,0,0.010342161
0.0,0,0.036464386
1.0,0,0.11301218
0.0,0,0.40439516
1.0,1,0.97870094
1.0,1,0.9460213
0.0,0,0.00594094
1.0,1,0.72600174
0.0,0,0.009817254
1.0,1,0.84817505
0.0,0,0.11744107
0.0,0,0.1650024
1.0,1,0.7233199
0.0,0,0.0160903
1.0,1,0.9650058
1.0,1,0.9557457
1.0,1,0.98036313
0.0,0,0.009991449
1.0,1,0.91923136
1.0,1,0.9789089
0.0,0,0.022564245
0.0,0,0.32214642
1.0,1,0.7757978
1.0,1,0.960583
0.0,0,0.16681212
1.0,1,0.56929505
1.0,1,0.947881
1.0,1,0.88187546
1.0,1,0.92122996
0.0,0,0.0386129
0.0,0,0.10594282
1.0,1,0.9191513
0.0,0,0.01596987
1.0,1,0.8912899
1.0,1,0.9736704
1.0,1,0.85962015
1.0,1,0.502993
1.0,1,0.8644359
0.0,0,0.0046428177
1.0,1,0.61408377
0.0,0,0.13228944
0.0,0,0.005718287
0.0,0,0.09941524
0.0,0,0.0111005325
1.0,1,0.98320943
1.0,1,0.71640736
1.0,1,0.97504926
0.0,0,0.024825387
0.0,0,0.084077366
1.0,1,0.82485247
0.0,0,0.007439044
1.0,1,0.9162659
1.0,1,0.8864831
0.0,0,0.006096028
1.0,1,0.948652
1.0,1,0.8750762
0.0,0,0.044776306
0.0,0,0.013871766
1.0,1,0.9088098
1.0,1,0.902186
0.0,0,0.110369466
1.0,1,0.98004854
0.0,1,0.8894157
0.0,0,0.030633584
0.0,0,0.062463976
0.0,0,0.009875865
0.0,0,0.14330414
1.0,1,0.5960318
0.0,0,0.051805466
0.0,0,0.020670058
0.0,0,0.009781812
1.0,0,0.051465396
1.0,0,0.300347
1.0,1,0.96760404
1.0,1,0.90008706
1.0,1,0.9613301
0.0,0,0.22722603
0.0,0,0.017297225
1.0,1,0.93323964
0.0,0,0.008958565
0.0,0,0.11787337
1.0,1,0.9742211
0.0,1,0.50164235
0.0,1,0.4705614
1.0,1,0.9811849
1.0,1,0.9602699
0.0,0,0.009346966
1.0,1,0.8696354
1.0,1,0.9409992
1.0,1,0.9302596
1.0,1,0.71512246
0.0,0,0.04993327
1.0,1,0.8359442
0.0,0,0.08929202
1.0,1,0.8711224
0.0,0,0.009944275
0.0,0,0.41056272
1.0,1,0.9404533
0.0,0,0.39063066
0.0,1,0.69523895
1.0,1,0.7917152
1.0,1,0.9333349
0.0,0,0.009725807
1.0,1,0.97096616
0.0,0,0.025455622
1.0,0,0.188611
0.0,0,0.078342155
1.0,1,0.8884089
1.0,1,0.84176445
0.0,0,0.029803012
1.0,1,0.9195724
0.0,0,0.06908199
0.0,0,0.115913704
1.0,1,0.9813889
1.0,1,0.974043
1.0,0,0.33224824
0.0,0,0.0073947213
1.0,1,0.9841121
0.0,0,0.014338041
0.0,0,0.025243081
0.0,0,0.014668073
0.0,0,0.05064533
0.0,0,0.12363149
1.0,1,0.9662921
0.0,0,0.3429567
0.0,0,0.34240174
1.0,1,0.7207974
1.0,1,0.9641398
0.0,0,0.060881395
0.0,1,0.4804486
0.0,0,0.05463259
0.0,0,0.0018231303
0.0,0,0.049268723
0.0,0,0.14542699
0.0,1,0.53716755
1.0,1,0.89389235
0.0,0,0.0060618413
0.0,0,0.25337288
0.0,0,0.016412197
0.0,0,0.07127451
0.0,1,0.48825222
1.0,0,0.3784291
0.0,0,0.019999074
1.0,1,0.9414705
1.0,1,0.9229301
1.0,1,0.9821464
1.0,1,0.96549654
0.0,0,0.08456163
1.0,1,0.9711243
1.0,1,0.7999415
0.0,0,0.06840195
0.0,0,0.3054078
1.0,1,0.9564474
1.0,1,0.94805634
1.0,1,0.97207487
0.0,0,0.04608739
1.0,1,0.9537001
0.0,1,0.63526034
0.0,0,0.18280575
1.0,1,0.82112783
1.0,1,0.87859267
0.0,1,0.9471475
1.0,1,0.85733676
1.0,1,0.9341581
1.0,1,0.95368373
1.0,1,0.96920675
0.0,0,0.14004451
0.0,0,0.007532073
0.0,0,0.014816301
1.0,1,0.9652698
0.0,0,0.031879585
0.0,0,0.024749082
0.0,0,0.11321252
1.0,1,0.97758067
0.0,0,0.15696019
1.0,1,0.98475415
1.0,1,0.98460335
1.0,1,0.96562725
0.0,0,0.081669204
1.0,1,0.9807545
1.0,0,0.29301763
0.0,0,0.016401293
0.0,0,0.00828593
0.0,0,0.0031899088
1.0,1,0.8734989
1.0,1,0.9646766
0.0,0,0.020094125
1.0,1,0.8294745
1.0,1,0.9557475
1.0,1,0.9856841
1.0,1,0.68385625
1.0,1,0.9133925
1.0,0,0.044841044
0.0,0,0.34771135
0.0,0,0.14255875
1.0,1,0.73944896
0.0,0,0.40389824
0.0,0,0.0043273726
1.0,1,0.8920604
0.0,0,0.17885944
1.0,1,0.97549856
0.0,0,0.052406497
1.0,1,0.55354756
1.0,1,0.9768321
1.0,1,0.97909766
0.0,0,0.35129166
0.0,0,0.13470596
1.0,1,0.9526019
0.0,0,0.04173947
1.0,1,0.9695652
1.0,1,0.9415244
0.0,0,0.23632385
1.0,1,0.9822129
0.0,0,0.030255048
1.0,1,0.9738016
0.0,0,0.19303077
0.0,0,0.013598303
0.0,1,0.5684819
1.0,1,0.97397655
1.0,1,0.98292243
0.0,0,0.04953207
0.0,0,0.024982166
1.0,1,0.9350286
1.0,0,0.11633553
1.0,1,0.9406972
0.0,0,0.017051635
0.0,0,0.015447633
1.0,1,0.93474734
0.0,0,0.022349238
1.0,1,0.9096274
0.0,0,0.28667617
0.0,0,0.32998642
1.0,1,0.5904292
0.0,0,0.014704809
1.0,1,0.96906286
0.0,0,0.0029074363
1.0,1,0.9738128
1.0,1,0.8185125
1.0,1,0.87196463
0.0,0,0.054631773
1.0,1,0.9685501
1.0,1,0.95943636
0.0,0,0.22606826
0.0,1,0.50029397
0.0,1,0.9512283
1.0,1,0.9713585
0.0,0,0.32455626
0.0,0,0.0036246516
0.0,0,0.008994171
1.0,1,0.59609956
0.0,0,0.024390224
1.0,1,0.806893
1.0,1,0.9510168
0.0,0,0.28887242
0.0,1,0.6732191
1.0,1,0.8891762
1.0,1,0.69949305
1.0,1,0.8891833
1.0,1,0.98224175
0.0,0,0.025681082
1.0,1,0.8942878
1.0,1,0.9719996
0.0,1,0.8955833
0.0,0,0.0878133
1.0,1,0.8841806
1.0,1,0.46897835
1.0,1,0.71917987
0.0,0,0.03894692
0.0,0,0.022814445
1.0,1,0.7958033
1.0,1,0.81760633
1.0,1,0.9830643
1.0,1,0.7599474
0.0,0,0.026033873
0.0,0,0.0045358147
0.0,0,0.1696287
0.0,0,0.17421304
0.0,0,0.032394614
1.0,1,0.63175714
0.0,0,0.15420344
0.0,1,0.43214613
1.0,1,0.96247894
0.0,0,0.2966955
0.0,1,0.9659801
0.0,0,0.025284301
0.0,0,0.0742725
1.0,1,0.9608043
1.0,1,0.9824023
1.0,1,0.9804375
1.0,1,0.97608167
0.0,1,0.43955186
1.0,1,0.86879885
0.0,1,0.4687148
0.0,0,0.007315375
1.0,1,0.97791284
1.0,1,0.7459655
1.0,1,0.85567755
0.0,0,0.019417105
1.0,1,0.96688044
1.0,1,0.76780087
1.0,1,0.9533558
1.0,1,0.85016894
0.0,0,0.049046505
0.0,0,0.0035607219
1.0,1,0.96610975
0.0,0,0.069107555
0.0,0,0.09410082
0.0,1,0.726333
0.0,0,0.34073016
1.0,1,0.8875086
1.0,1,0.878588
0.0,0,0.12099077
0.0,0,0.046390355
1.0,1,0.96728456
0.0,0,0.0143573275
0.0,0,0.10170888
0.0,1,0.8827732
1.0,1,0.9565262
0.0,0,0.023862518
0.0,0,0.013455951
0.0,0,0.022803392
0.0,0,0.0136295175
0.0,1,0.9357054
0.0,0,0.015256499
1.0,1,0.91045046
1.0,1,0.9343655
0.0,0,0.4024592
0.0,0,0.12064198
0.0,0,0.08917062
1.0,1,0.96414477
0.0,0,0.012204631
0.0,0,0.058885925
1.0,1,0.7578838
0.0,0,0.0070723854
0.0,0,0.045850568
1.0,1,0.846094
0.0,0,0.24057432
1.0,1,0.97523355
1.0,1,0.83600897
0.0,0,0.04677985
0.0,0,0.18153694
1.0,1,0.9266991
0.0,0,0.3625153
1.0,1,0.9784023
0.0,0,0.09359059
0.0,0,0.069120705
1.0,0,0.36204734
1.0,1,0.9796681
1.0,1,0.8071667
1.0,1,0.8892925
1.0,1,0.98073125
1.0,1,0.96849483
1.0,1,0.777346
1.0,1,0.477141
0.0,0,0.036850996
1.0,1,0.9865699
0.0,0,0.11471564
0.0,0,0.0044591683
1.0,1,0.96538866
0.0,0,0.018214906
0.0,0,0.12960915
1.0,1,0.9106438
0.0,1,0.44107017
1.0,1,0.97524416
0.0,0,0.0087040905
0.0,0,0.22627884
1.0,1,0.9524063
0.0,0,0.011954902
0.0,0,0.13460243
1.0,1,0.96327937
0.0,0,0.003947977
1.0,1,0.5875845
0.0,0,0.040526714
0.0,0,0.025767375
1.0,1,0.8368628
0.0,0,0.008625573
0.0,0,0.07054192
0.0,1,0.43304163
1.0,1,0.9466375
0.0,0,0.020244215
0.0,0,0.02266122
0.0,0,0.02540038
0.0,0,0.006401312
1.0,1,0.86832803
0.0,0,0.005636511
0.0,0,0.015386335
0.0,0,0.26159483
0.0,0,0.1241629
0.0,0,0.1166566
1.0,1,0.87151897
1.0,1,0.8724531
1.0,1,0.9355335
1.0,1,0.98267
0.0,0,0.023239339
0.0,0,0.026875788
1.0,1,0.9856515
1.0,1,0.9254771
1.0,1,0.52422595
1.0,1,0.9407646
1.0,1,0.97696865
1.0,1,0.9255177
0.0,0,0.023834929
1.0,0,0.28115952
1.0,1,0.9265943
1.0,1,0.46012574
1.0,1,0.97926015
1.0,1,0.887163
1.0,1,0.6042968
0.0,0,0.016353538
1.0,1,0.944782
1.0,1,0.9624538
1.0,1,0.96981025
1.0,1,0.5927045
1.0,1,0.9815688
0.0,0,0.018082915
0.0,0,0.36672083
1.0,1,0.9606892
1.0,1,0.9647188
0.0,0,0.038939066
1.0,1,0.82659674
0.0,1,0.5547966
0.0,0,0.11171839
0.0,0,0.0028320595
0.0,0,0.00487166
1.0,1,0.9595568
0.0,0,0.0072463285
1.0,1,0.80183566
0.0,0,0.00733484
0.0,1,0.78358996
0.0,1,0.8202857
0.0,0,0.012688057
0.0,0,0.051181834
1.0,1,0.8274281
1.0,1,0.7522168
1.0,1,0.9679701
0.0,1,0.5832327
0.0,0,0.04513211
0.0,0,0.100703895
0.0,0,0.0598809
1.0,1,0.98787785
1.0,1,0.97122157
0.0,0,0.0096614435
1.0,1,0.97488844
0.0,1,0.4874712
0.0,0,0.067705914
1.0,1,0.95825744
0.0,1,0.88550895
0.0,0,0.030189855
0.0,0,0.0015227348
0.0,0,0.018627936
1.0,0,0.183836
0.0,0,0.009349073
0.0,0,0.082144864
0.0,0,0.2355375
0.0,0,0.006086874
0.0,0,0.02279212
1.0,1,0.9388397
1.0,1,0.8567206
0.0,0,0.17511332
1.0,1,0.7108804
0.0,0,0.034273524
0.0,0,0.043002576
0.0,0,0.07717926
0.0,0,0.13572474
1.0,1,0.69896436
1.0,1,0.9791947
1.0,1,0.97847456
1.0,0,0.16607794
1.0,1,0.9560745
1.0,1,0.9588204
0.0,0,0.29338035
1.0,1,0.74266315
1.0,1,0.8691968
1.0,1,0.9837291
0.0,1,0.85559267
1.0,1,0.9716971
0.0,1,0.868215
0.0,0,0.012255363
0.0,0,0.09936715
0.0,0,0.027170433
1.0,1,0.93627125
0.0,0,0.28536218
0.0,0,0.007189617
1.0,1,0.9635762
0.0,0,0.013156414
0.0,0,0.082685255
1.0,1,0.86099565
1.0,1,0.98503697
0.0,0,0.40440452
1.0,1,0.9365565
0.0,0,0.09869519
0.0,1,0.81281674
0.0,0,0.07812133
1.0,1,0.82106376
1.0,1,0.59394914
0.0,0,0.038097996
0.0,0,0.0395005
1.0,1,0.9381164
1.0,1,0.5421928
1.0,1,0.97934103
1.0,1,0.63486683
0.0,0,0.0053840443
1.0,1,0.95864636
1.0,1,0.9541288
1.0,1,0.9641371
1.0,1,0.9825128
1.0,1,0.9715608
0.0,1,0.90761894
1.0,1,0.8388869
1.0,1,0.9717069
1.0,1,0.8065417
1.0,1,0.95368934
1.0,1,0.90599597
1.0,1,0.96379095
1.0,1,0.95009756
0.0,0,0.059199017
1.0,1,0.8377007
1.0,0,0.010919674
0.0,0,0.06316987
1.0,1,0.66737086
0.0,0,0.012382297
0.0,0,0.31941143
1.0,1,0.74480563
1.0,1,0.94375485
0.0,0,0.04326843
1.0,1,0.91429853
0.0,1,0.76452166
0.0,1,0.63782346
1.0,1,0.95377153
1.0,1,0.9362479
0.0,0,0.21315904
1.0,1,0.93290716
1.0,1,0.9503284
0.0,0,0.044502825
1.0,1,0.9664975
1.0,0,0.20862572
0.0,0,0.011566756
1.0,1,0.97436523
0.0,0,0.0017046485
0.0,0,0.18110143
1.0,0,0.26482177
1.0,1,0.92609406
0.0,0,0.10233712
1.0,1,0.93178725
0.0,0,0.040851194
1.0,1,0.9566094
0.0,0,0.04358118
1.0,1,0.88500416
0.0,0,0.14215164
0.0,0,0.30886233
1.0,1,0.9780785
1.0,1,0.8853262
0.0,0,0.033778
1.0,1,0.9573868
1.0,1,0.51482326
1.0,1,0.9799068
1.0,1,0.892813
1.0,1,0.9333911
0.0,0,0.014539227
1.0,1,0.9574263
0.0,0,0.10064487
1.0,1,0.6820451
0.0,1,0.55121064
1.0,1,0.8969022
1.0,1,0.94328314
1.0,1,0.97582793
1.0,1,0.45518816
1.0,1,0.9607246
1.0,1,0.58036196
0.0,0,0.017404247
1.0,1,0.47678027
1.0,1,0.9821349
1.0,1,0.93888503
1.0,1,0.8126802
0.0,0,0.03565298
0.0,0,0.04413192
0.0,0,0.04638002
1.0,1,0.5591964
1.0,1,0.9789476
0.0,0,0.10444424
0.0,1,0.62292254
0.0,0,0.03282036
1.0,1,0.92208856
1.0,1,0.9853901
1.0,1,0.72503006
1.0,1,0.89280874
1.0,1,0.9475562
0.0,1,0.63326216
1.0,1,0.910891
1.0,1,0.98125356
0.0,1,0.50042844
0.0,0,0.03539923
0.0,0,0.3478308
0.0,0,0.39567676
0.0,1,0.7344377
0.0,0,0.002780933
1.0,1,0.98270077
0.0,0,0.108307205
0.0,1,0.8478364
1.0,1,0.6754359
0.0,1,0.45278388
1.0,1,0.9315242
0.0,1,0.5941162
1.0,1,0.9788977
1.0,1,0.9720836
0.0,0,0.41972676
1.0,1,0.91173035
0.0,0,0.010258421
1.0,1,0.90997237
0.0,1,0.7626889
0.0,0,0.12277835
1.0,1,0.82465786
0.0,0,0.012721498
1.0,1,0.52377754
1.0,1,0.9828643
0.0,0,0.3420734
0.0,0,0.10224568
1.0,1,0.97285724
1.0,1,0.8836323
0.0,0,0.30906355
1.0,1,0.73422575
0.0,0,0.23366308
0.0,0,0.021942046
1.0,0,0.3310834
1.0,1,0.9167093
0.0,0,0.030770244
1.0,1,0.89498985
1.0,1,0.9759155
1.0,1,0.987674
0.0,0,0.100258574
1.0,1,0.9694513
1.0,1,0.9743772
0.0,0,0.018592065
1.0,1,0.89150816
1.0,0,0.20204379
0.0,0,0.023555856
1.0,1,0.5433703
0.0,0,0.030160367
1.0,1,0.97526914
0.0,1,0.48803324
1.0,1,0.67952484
0.0,0,0.14683466
1.0,1,0.88924235
1.0,1,0.7464181
1.0,1,0.9771524
1.0,1,0.86647373
0.0,0,0.3971052
1.0,1,0.9172757
1.0,1,0.9116088
0.0,0,0.055939678
0.0,0,0.011430398
0.0,0,0.013879824
1.0,1,0.52962035
0.0,0,0.24697344
0.0,0,0.023633987
0.0,0,0.039527677
0.0,0,0.015666781
1.0,1,0.8705282
0.0,0,0.106608614
1.0,1,0.98144525
1.0,1,0.9446449
0.0,0,0.018712252
0.0,0,0.011435954
0.0,0,0.039232433
0.0,0,0.12702402
1.0,1,0.9677979
0.0,0,0.016264044
0.0,0,0.041751113
0.0,0,0.16798708
0.0,0,0.006210082
1.0,1,0.66496515
1.0,1,0.9836954
1.0,1,0.95714253
1.0,0,0.25499263
0.0,0,0.077946305
0.0,0,0.034530025
1.0,0,0.3471859
1.0,1,0.7367808
1.0,1,0.9765765
0.0,1,0.58082306
0.0,0,0.21412978
0.0,0,0.0116187595
0.0,0,0.059104517
1.0,1,0.90365624
0.0,0,0.1388013
1.0,1,0.9636862
0.0,0,0.037489142
0.0,1,0.71623915
1.0,1,0.9713874
0.0,0,0.32789916
1.0,1,0.9718022
1.0,1,0.9799769
1.0,1,0.94515646
0.0,1,0.56774163
0.0,0,0.058311637
0.0,1,0.86061627
0.0,0,0.22775629
0.0,0,0.019980492
1.0,1,0.88937944
1.0,1,0.46025383
1.0,1,0.6615626
1.0,1,0.94726163
1.0,1,0.8457589
0.0,0,0.034530498
1.0,1,0.9662262
1.0,1,0.97818166
1.0,1,0.90052134
1.0,1,0.96059924
0.0,0,0.01716154
1.0,1,0.70633054
1.0,1,0.6439742
0.0,1,0.73882806
1.0,1,0.96751344
0.0,0,0.008599612
1.0,1,0.8064426
1.0,1,0.9723207
0.0,0,0.088810936
1.0,1,0.96123576
0.0,0,0.025630651
1.0,1,0.89234525
1.0,1,0.97644126
1.0,1,0.67053705
1.0,1,0.79246277
0.0,0,0.010528745
1.0,1,0.9239689
0.0,0,0.04199517
1.0,1,0.8212486
1.0,1,0.926107
1.0,1,0.8442829
0.0,0,0.032468237
0.0,0,0.0045686606
1.0,0,0.26649427
1.0,1,0.9401995
0.0,1,0.4735899
1.0,1,0.77590173
0.0,1,0.7360555
0.0,0,0.004482214
1.0,1,0.91892266
1.0,1,0.98584086
0.0,1,0.4529247
1.0,1,0.980845
1.0,1,0.9531361
1.0,1,0.9816059
1.0,1,0.68251395
1.0,0,0.004521496
1.0,1,0.9542999
1.0,0,0.03154768
1.0,1,0.8431685
1.0,1,0.9550159
0.0,0,0.006431603
0.0,0,0.037291333
0.0,0,0.04175873
0.0,0,0.0042055473
0.0,0,0.14771979
1.0,1,0.93945736
1.0,1,0.97750777
1.0,1,0.93715596
1.0,1,0.9647633
1.0,1,0.9682481
1.0,1,0.92605597
1.0,1,0.9381086
0.0,0,0.018547812
1.0,1,0.9772802
1.0,1,0.8997654
0.0,0,0.006923156
1.0,1,0.6924375
0.0,0,0.04730837
1.0,1,0.51539683
0.0,0,0.064144015
0.0,0,0.018553518
1.0,1,0.96791774
0.0,0,0.1879846
0.0,0,0.27427036
0.0,0,0.29429203
1.0,1,0.7770514
1.0,1,0.84990555
0.0,0,0.21672761
0.0,0,0.013419696
0.0,0,0.11980573
0.0,0,0.12635238
1.0,1,0.9736325
1.0,1,0.9515253
0.0,0,0.35387567
0.0,0,0.23304506
1.0,1,0.81886464
1.0,1,0.8658879
1.0,1,0.9841519
0.0,0,0.12977707
1.0,1,0.9018403
0.0,0,0.101609595
0.0,0,0.011881739
0.0,0,0.14178312
0.0,0,0.026477037
1.0,1,0.96104205
1.0,1,0.9816542
0.0,0,0.14863847
1.0,1,0.7741107
1.0,1,0.9049962
0.0,0,0.04519117
1.0,1,0.56727046
1.0,1,0.71858025
0.0,0,0.13697405
1.0,1,0.9776521
0.0,0,0.015799627
0.0,0,0.025452085
1.0,1,0.9131579
0.0,0,0.01824716
0.0,0,0.0028506063
0.0,0,0.022478512
1.0,1,0.97038984
1.0,1,0.85842127
0.0,0,0.021536654
0.0,0,0.079265505
0.0,0,0.32710585
0.0,0,0.2187503
0.0,0,0.037516933
1.0,1,0.9401895
0.0,0,0.019069953
0.0,1,0.64673364
0.0,0,0.008284104
1.0,1,0.9226763
0.0,0,0.38384432
0.0,0,0.24365057
0.0,0,0.042678025
1.0,1,0.8689718
0.0,1,0.4591688
1.0,1,0.92074966
1.0,1,0.87977785
1.0,1,0.8807953
1.0,1,0.5888815
1.0,1,0.9846384
1.0,1,0.92717
0.0,0,0.009387493
0.0,0,0.10696483
0.0,0,0.0006548558
0.0,0,0.058913875
1.0,1,0.9398712
1.0,1,0.67803293
1.0,1,0.9646831
1.0,1,0.9743992
0.0,0,0.0668235
1.0,1,0.87409425
0.0,0,0.09120177
0.0,0,0.037111897
1.0,1,0.96420854
0.0,1,0.77582955
1.0,1,0.9628611
1.0,1,0.98077506
0.0,1,0.7566017
1.0,1,0.95582896
1.0,1,0.9780183
1.0,1,0.56037456
1.0,1,0.9415793
0.0,0,0.0038634776
0.0,0,0.110340446
0.0,0,0.011985513
1.0,1,0.95151204
1.0,1,0.93448085
0.0,0,0.010960177
1.0,1,0.983383
1.0,1,0.92155975
0.0,0,0.009277435
1.0,1,0.95929223
1.0,1,0.977817
1.0,1,0.699538
0.0,0,0.18579286
1.0,1,0.816085
1.0,1,0.98287755
0.0,0,0.011787315
1.0,1,0.9609961
0.0,0,0.025251968
0.0,0,0.0026066878
0.0,0,0.046500344
1.0,1,0.967969
1.0,1,0.9763401
1.0,1,0.9820358
0.0,0,0.11537284
0.0,0,0.036229506
1.0,1,0.9153162
1.0,1,0.9758431
1.0,1,0.944282
0.0,0,0.39043185
1.0,1,0.8752192
0.0,0,0.010351106
1.0,1,0.85949266
1.0,1,0.9452939
1.0,1,0.9828102
0.0,0,0.012085057
0.0,0,0.3686806
0.0,0,0.011826985
1.0,1,0.9630214
1.0,1,0.820634
1.0,1,0.9797008
0.0,0,0.0022766232
0.0,1,0.64819777
1.0,1,0.97718143
0.0,1,0.49335015
1.0,1,0.9736457
0.0,0,0.04298019
1.0,1,0.9179885
0.0,0,0.097105145
0.0,0,0.047417827
1.0,0,0.19184135
1.0,1,0.6271554
1.0,1,0.7516293
0.0,0,0.04738006
1.0,1,0.95930946
1.0,1,0.7590346
1.0,1,0.9411997
0.0,0,0.1369406
1.0,1,0.9841114
1.0,1,0.83362937
0.0,0,0.0072528482
0.0,0,0.013741971
1.0,1,0.97591263
0.0,0,0.011872779
1.0,1,0.9827145
0.0,0,0.30007446
0.0,0,0.023354169
0.0,0,0.101791464
0.0,0,0.0046726856
0.0,0,0.0077307345
1.0,1,0.7059139
0.0,1,0.9680344
0.0,0,0.077876344
1.0,1,0.9643677
0.0,0,0.011925614
1.0,1,0.86503416
1.0,0,0.3889521
1.0,1,0.9679322
1.0,1,0.924398
0.0,1,0.5047116
1.0,1,0.9784227
1.0,1,0.9406678
0.0,0,0.01957358
0.0,0,0.012979112
1.0,1,0.7226201
1.0,1,0.8822698
0.0,0,0.3709462
0.0,0,0.007520124
0.0,1,0.73617196
1.0,1,0.92521894
1.0,1,0.9252029
0.0,0,0.0031760698
0.0,0,0.35493925
1.0,1,0.96995986
1.0,1,0.96168745
1.0,1,0.8899561
0.0,0,0.0016929614
1.0,1,0.7435655
0.0,0,0.03817248
1.0,1,0.75105166
0.0,0,0.19322267
0.0,0,0.03395802
1.0,1,0.97893214
0.0,0,0.027676819
1.0,1,0.95044726
0.0,0,0.29465953
0.0,0,0.00468521
1.0,1,0.86253905
0.0,0,0.014454937
0.0,1,0.8729592
1.0,1,0.9793388
0.0,0,0.026079496
0.0,0,0.0031352963
0.0,0,0.08827515
1.0,0,0.29615447
1.0,1,0.95128983
1.0,1,0.97603524
0.0,0,0.0067818323
0.0,0,0.002607102
1.0,1,0.79435295
0.0,0,0.015965383
1.0,1,0.93329126
1.0,1,0.98013157
0.0,0,0.0891278
0.0,0,0.009714309
1.0,1,0.8984411
0.0,0,0.16620943
1.0,1,0.70475626
1.0,1,0.9151214
0.0,0,0.11974841
1.0,1,0.9652351
1.0,1,0.77371883
0.0,0,0.024533048
1.0,1,0.44371468
1.0,1,0.9715826
1.0,1,0.97040445
0.0,0,0.06484802
0.0,0,0.054887127
1.0,1,0.952435
0.0,0,0.047542766
0.0,0,0.07239906
1.0,0,0.030034352
1.0,1,0.9691226
1.0,0,0.19570692
1.0,1,0.88804674
1.0,1,0.96890205
1.0,1,0.7264676
0.0,0,0.013209202
0.0,0,0.052174777
1.0,1,0.7653695
1.0,1,0.5764197
0.0,0,0.041501727
1.0,1,0.95982075
1.0,1,0.747326
1.0,1,0.59114957
1.0,1,0.88307387
0.0,0,0.027888589
0.0,0,0.23961352
0.0,0,0.29110473
1.0,1,0.5793084
0.0,0,0.06291595
0.0,0,0.0045898906
0.0,0,0.12517084
1.0,1,0.9618806
0.0,0,0.11254896
0.0,0,0.045250777
0.0,1,0.7122724
1.0,0,0.13180427
1.0,1,0.9838837
0.0,0,0.012389687
0.0,0,0.35741052
1.0,1,0.8889348
0.0,0,0.031377174
1.0,1,0.95982116
0.0,1,0.57920647
1.0,1,0.9760721
0.0,1,0.4393833
1.0,1,0.6814165
1.0,1,0.982021
1.0,1,0.97525966
1.0,1,0.9406951
1.0,0,0.38619164
1.0,0,0.07887545
1.0,1,0.9844613
0.0,0,0.018554768
1.0,1,0.97468233
1.0,1,0.9639886
0.0,0,0.006085985
1.0,1,0.8819703
0.0,0,0.16638902
0.0,0,0.04134642
1.0,1,0.961624
0.0,0,0.066963986
1.0,1,0.9792557
1.0,1,0.9731949
1.0,1,0.94606125
1.0,1,0.9718143
0.0,0,0.021175107
1.0,1,0.9762006
0.0,0,0.25487328
0.0,0,0.014237054
0.0,0,0.015445421
1.0,1,0.8592828
0.0,0,0.16454257
0.0,1,0.83612585
1.0,1,0.69914114
1.0,1,0.6606987
0.0,0,0.011072255
0.0,0,0.003879349
1.0,1,0.43062744
0.0,0,0.10438848
1.0,1,0.96304977
0.0,0,0.032666367
1.0,1,0.9747474
1.0,1,0.9825221
0.0,0,0.021371359
0.0,0,0.03620323
1.0,1,0.9548638
0.0,0,0.32650256
1.0,1,0.8737323
1.0,1,0.9702852
1.0,1,0.9838179
1.0,1,0.9776556
0.0,0,0.041281927
1.0,1,0.6822406
0.0,0,0.009768219
0.0,0,0.3918919
1.0,1,0.9797375
0.0,0,0.06549665
0.0,0,0.026129939
1.0,1,0.967237
0.0,0,0.12680458
0.0,0,0.0039233305
0.0,0,0.024674064
1.0,1,0.8577697
0.0,0,0.00929087
1.0,1,0.89144504
0.0,0,0.08593391
0.0,0,0.0037519152
1.0,1,0.9783902
1.0,1,0.8506148
0.0,0,0.005423545
0.0,1,0.71752787
1.0,1,0.9658034
1.0,0,0.13269447
1.0,1,0.9662019
0.0,1,0.48886624
0.0,0,0.059439365
0.0,0,0.108059704
1.0,1,0.9191209
0.0,0,0.07293657
1.0,1,0.84016514
0.0,0,0.063400336
0.0,0,0.028484328
1.0,1,0.7354345
0.0,0,0.32558486
1.0,0,0.08113036
1.0,1,0.95977837
0.0,0,0.015332423
1.0,1,0.9755747
1.0,1,0.9827625
0.0,0,0.13062023
0.0,0,0.011645155
1.0,1,0.9732061
0.0,0,0.0048955465
0.0,1,0.46746066
1.0,1,0.94670236
0.0,0,0.045321386
1.0,1,0.9716221
1.0,1,0.58388543
1.0,0,0.13411665
1.0,1,0.6612757
0.0,0,0.074400015
1.0,1,0.887295
0.0,0,0.004387624
1.0,1,0.95435154
0.0,0,0.008801826
0.0,1,0.65107083
1.0,1,0.8848676
1.0,1,0.9475234
0.0,0,0.019980298
0.0,0,0.07913868
0.0,0,0.17960688
1.0,1,0.9566006
1.0,1,0.8062994
1.0,1,0.9835347
1.0,1,0.9554572
1.0,1,0.9849453
1.0,1,0.9798008
1.0,1,0.9513656
1.0,1,0.83718824
1.0,1,0.95918447
1.0,1,0.96575034
1.0,1,0.9678474
0.0,0,0.18256073
0.0,0,0.02181005
0.0,1,0.5595036
0.0,0,0.04987338
0.0,0,0.020796897
0.0,0,0.032038867
0.0,0,0.017871087
0.0,0,0.040579896
0.0,0,0.030179175
1.0,1,0.8760391
0.0,0,0.028406106
1.0,1,0.9360942
0.0,0,0.24081126
1.0,0,0.15784253
1.0,1,0.9814794
0.0,0,0.053655576
0.0,0,0.023338318
0.0,1,0.52868015
0.0,0,0.018646924
0.0,0,0.108668596
0.0,0,0.048245747
0.0,0,0.07974421
1.0,1,0.44736156
0.0,0,0.0070487335
1.0,1,0.76364934
0.0,0,0.030928133
0.0,0,0.09169498
1.0,1,0.9789697
0.0,0,0.03568762
0.0,1,0.5548209
1.0,1,0.96888775
0.0,0,0.027384754
1.0,0,0.37207606
0.0,0,0.15486689
0.0,0,0.04481228
0.0,0,0.011775192
1.0,1,0.9833383
1.0,1,0.96098316
0.0,1,0.48700273
1.0,1,0.78576005
0.0,0,0.028321302
0.0,0,0.10357035
1.0,1,0.97892416
0.0,0,0.031420443
1.0,1,0.72143555
0.0,0,0.23156837
0.0,0,0.012854637
1.0,1,0.8497003
0.0,0,0.02478199
0.0,0,0.015084235
0.0,0,0.010753667
1.0,1,0.44035417
0.0,0,0.023505127
0.0,0,0.03281888
1.0,1,0.46262988
1.0,1,0.654256
1.0,0,0.36684787
1.0,0,0.024158375
1.0,1,0.94212705
1.0,1,0.9808732
0.0,0,0.2816103
0.0,0,0.1433391
0.0,0,0.02319032
1.0,1,0.9833645
1.0,1,0.9536577
1.0,1,0.93898445
1.0,1,0.93090314
1.0,1,0.8038928
1.0,1,0.9814231
0.0,0,0.064609826
0.0,0,0.0025550944
1.0,1,0.97940356
0.0,0,0.018578472
1.0,1,0.9146273
1.0,0,0.122156516
1.0,1,0.9019923
1.0,1,0.8511183
1.0,1,0.9546111
0.0,0,0.014008144
1.0,1,0.9538544
0.0,0,0.01992566
1.0,1,0.7417567
0.0,1,0.4899463
0.0,0,0.05339443
1.0,1,0.8702054
1.0,1,0.75817317
0.0,0,0.022325968
1.0,1,0.97881746
0.0,0,0.33672342
0.0,0,0.2231875
1.0,1,0.72401
1.0,1,0.813045
0.0,0,0.019669581
0.0,0,0.24002767
0.0,0,0.4008082
1.0,1,0.9678315
0.0,0,0.03641573
0.0,0,0.24553117
0.0,0,0.0059213866
0.0,0,0.31076676
0.0,0,0.02636413
0.0,0,0.025731074
0.0,0,0.2459599
0.0,1,0.70600927
0.0,0,0.025534736
0.0,0,0.017360153
1.0,1,0.89879113
0.0,0,0.048740234
1.0,1,0.9804565
1.0,1,0.89104635
0.0,0,0.031988714
1.0,1,0.92530024
0.0,0,0.045112472
1.0,1,0.75349176
0.0,1,0.5740147
0.0,1,0.8153769
0.0,0,0.10852729
0.0,0,0.027095284
0.0,0,0.01890243
1.0,1,0.6901456
0.0,0,0.29629248
0.0,0,0.0535081
0.0,0,0.018472645
0.0,0,0.0080694035
1.0,0,0.17236239
1.0,1,0.87486887
1.0,0,0.09595803
1.0,1,0.94552845
1.0,1,0.94584566
1.0,1,0.96738046
1.0,1,0.86247057
0.0,0,0.0053563695
1.0,1,0.9588675
1.0,1,0.97988224
0.0,0,0.005703595
0.0,0,0.0068399995
0.0,0,0.014240152
0.0,1,0.92571014
1.0,1,0.97426367
1.0,1,0.8618046
0.0,0,0.0059763067
0.0,0,0.05549781
0.0,0,0.022627646
1.0,1,0.9782471
0.0,0,0.005318385
0.0,1,0.6058939
1.0,1,0.95430684
1.0,1,0.87910277
0.0,0,0.21559773
1.0,1,0.9137493
1.0,1,0.97384906
1.0,1,0.8608238
0.0,0,0.024116565
1.0,1,0.98078454
1.0,1,0.4871725
1.0,1,0.96324205
1.0,1,0.92071354
0.0,1,0.8391155
0.0,0,0.009654287
1.0,1,0.6349102
1.0,1,0.9825944
0.0,0,0.25898787
0.0,0,0.13618861
1.0,1,0.57678443
1.0,1,0.93443155
1.0,1,0.96114784
1.0,1,0.97928417
0.0,1,0.9682872
0.0,0,0.021947874
0.0,0,0.02123391
1.0,0,0.31142494
0.0,0,0.008729504
0.0,1,0.9184632
1.0,0,0.29203722
0.0,0,0.06070599
1.0,1,0.75515497
0.0,0,0.1720493
0.0,0,0.0017026576
1.0,1,0.97347933
1.0,1,0.9724258
1.0,1,0.9629673
1.0,1,0.9817299
1.0,1,0.8618711
1.0,1,0.65962327
0.0,0,0.024923548
1.0,1,0.9585481
0.0,0,0.141292
0.0,0,0.04112783
1.0,1,0.93177015
0.0,0,0.0042222226
1.0,1,0.8583185
1.0,1,0.93481976
0.0,0,0.09917698
0.0,0,0.0037906363
0.0,0,0.08744802
1.0,1,0.8613051
0.0,0,0.033450678
0.0,0,0.020065797
0.0,0,0.011482933
1.0,1,0.9645407
0.0,0,0.0043455185
0.0,0,0.28534162
0.0,0,0.10682239
1.0,1,0.8497039
1.0,1,0.83006096
1.0,1,0.96144325
0.0,0,0.10497261
0.0,0,0.030110152
1.0,1,0.97366977
1.0,1,0.86906636
1.0,1,0.9005716
0.0,0,0.1312946
1.0,1,0.982175
0.0,0,0.005586221
1.0,1,0.973351
1.0,1,0.8849737
1.0,1,0.97802216
0.0,0,0.018126257
0.0,0,0.013232543
0.0,0,0.190882
0.0,0,0.0023956264
0.0,0,0.08289651
1.0,1,0.9064074
1.0,1,0.9552891
0.0,0,0.3765242
1.0,1,0.97227454
0.0,0,0.38509786
1.0,1,0.88415796
1.0,1,0.9332377
1.0,1,0.98092043
1.0,1,0.9684964
1.0,1,0.7842754
1.0,1,0.83825624
1.0,1,0.6483774
1.0,1,0.8843037
1.0,1,0.94665927
1.0,1,0.77392894
1.0,1,0.8853176
0.0,0,0.014516658
1.0,1,0.9725982
1.0,1,0.7033514
0.0,0,0.042812325
1.0,1,0.93768454
0.0,1,0.6569226
1.0,1,0.82784784
1.0,1,0.55919635
1.0,0,0.17373218
1.0,1,0.91975385
0.0,0,0.13934399
0.0,1,0.5453567
0.0,0,0.17972045
0.0,0,0.030237708
0.0,0,0.016446093
0.0,0,0.061190568
0.0,0,0.0041781166
0.0,0,0.081875525
1.0,1,0.9062301
1.0,1,0.6266044
1.0,1,0.9531399
0.0,0,0.013790766
1.0,1,0.97526085
1.0,1,0.5987799
0.0,1,0.5477959
1.0,1,0.9474483
1.0,1,0.7584625
1.0,1,0.48995256
0.0,1,0.5779164
0.0,1,0.62815464
1.0,1,0.919774
0.0,0,0.07347802
0.0,0,0.021240102
0.0,1,0.56046295
1.0,1,0.87888336
1.0,1,0.9851901
0.0,0,0.061707366
1.0,1,0.78195596
0.0,0,0.09683073
1.0,1,0.7808505
1.0,1,0.95375
0.0,0,0.0173426
0.0,0,0.0050477446
1.0,1,0.98290604
1.0,1,0.783405
1.0,0,0.14931986
0.0,0,0.011508726
0.0,0,0.0054256357
0.0,0,0.029851433
0.0,0,0.03397928
1.0,1,0.9796172
1.0,1,0.6206792
0.0,0,0.17907923
1.0,1,0.71310437
1.0,1,0.77903605
1.0,1,0.98057413
0.0,0,0.1293752
0.0,0,0.07593909
1.0,1,0.9217657
0.0,0,0.21336047
0.0,1,0.42548412
0.0,0,0.16798632
1.0,1,0.96610254
1.0,1,0.96626884
0.0,0,0.003558699
1.0,1,0.9072166
0.0,0,0.05325326
0.0,0,0.14318295
0.0,0,0.05807462
1.0,1,0.9562107
1.0,1,0.9864433
1.0,1,0.89175004
1.0,1,0.9491749
1.0,1,0.9722884
0.0,1,0.7301072
0.0,0,0.05664404
1.0,1,0.9057407
1.0,1,0.9322955
0.0,0,0.015042127
1.0,1,0.7361219
0.0,0,0.005956098
0.0,0,0.09478158
1.0,1,0.9588485
0.0,1,0.6975496
0.0,0,0.046215072
1.0,1,0.97418696
0.0,0,0.01577087
0.0,0,0.0100101875
1.0,1,0.67075384
1.0,1,0.9746411
1.0,1,0.9738768
0.0,0,0.029055228
1.0,1,0.8739322
0.0,0,0.019809522
0.0,0,0.016883153
1.0,1,0.9615257
1.0,1,0.79566747
1.0,1,0.9287671
0.0,1,0.8648331
1.0,1,0.8772982
1.0,1,0.9849216
1.0,0,0.043673515
0.0,0,0.012777664
1.0,1,0.9685566
0.0,0,0.107374206
0.0,0,0.025296144
1.0,1,0.95023084
1.0,1,0.96586174
0.0,0,0.007167052
0.0,0,0.1314177
0.0,0,0.00282643
0.0,0,0.052911416
0.0,0,0.079955935
1.0,1,0.90543425
1.0,0,0.13242674
0.0,0,0.0101221865
1.0,1,0.7805016
1.0,1,0.9746589
0.0,0,0.0069631683
0.0,0,0.0008701389
1.0,1,0.9675473
1.0,1,0.9040007
1.0,1,0.7033825
1.0,1,0.835026
1.0,1,0.97786975
1.0,1,0.84621793
1.0,1,0.94239396
0.0,0,0.0099968985
0.0,0,0.07540352
1.0,1,0.9684653
1.0,0,0.27658135
0.0,0,0.19970779
1.0,1,0.98600805
0.0,0,0.11809894
0.0,0,0.009771997
1.0,1,0.952281
1.0,1,0.88688684
1.0,1,0.96400714
0.0,0,0.087164566
0.0,0,0.12904635
1.0,1,0.89890105
1.0,1,0.91030806
1.0,1,0.9323736
1.0,1,0.79444087
0.0,0,0.015704134
0.0,0,0.033261135
1.0,1,0.83535343
1.0,1,0.812717
1.0,1,0.95707095
1.0,1,0.9228711
1.0,1,0.9499872
1.0,1,0.96946084
0.0,0,0.3967071
0.0,0,0.015652955
1.0,1,0.9590457
1.0,1,0.9100221
1.0,1,0.9796478
1.0,1,0.98399955
0.0,0,0.02083489
1.0,1,0.83552927
0.0,0,0.21893649
1.0,1,0.86933434
1.0,1,0.9800501
1.0,1,0.87526214
1.0,1,0.9398972
0.0,0,0.3753725
1.0,1,0.88988525
0.0,0,0.029566107
1.0,1,0.8262279
1.0,0,0.30630854
0.0,0,0.0064079845
1.0,1,0.8535307
1.0,1,0.95587647
1.0,1,0.9698584
1.0,1,0.95298994
1.0,1,0.9783767
0.0,0,0.0079867635
1.0,1,0.8136858
1.0,1,0.951542
1.0,1,0.96315265
0.0,0,0.083888926
0.0,0,0.019237148
1.0,1,0.9734021
1.0,1,0.8227205
1.0,1,0.9758
0.0,0,0.032093327
1.0,1,0.9728898
1.0,1,0.70674825
0.0,0,0.04108594
0.0,0,0.021217894
1.0,1,0.9709139
1.0,1,0.95526
1.0,1,0.95277506
1.0,1,0.90999556
0.0,0,0.004182049
1.0,1,0.9795519
0.0,1,0.7799523
0.0,0,0.33087662
1.0,1,0.978027
1.0,1,0.9718774
0.0,0,0.07091061
1.0,1,0.8880719
0.0,0,0.00170499
1.0,1,0.9780445
0.0,0,0.021845244
1.0,0,0.40071583
1.0,1,0.6924752
1.0,1,0.9294096
1.0,1,0.97713614
0.0,0,0.019130712
1.0,1,0.8732507
1.0,1,0.96682024
1.0,1,0.95894086
1.0,1,0.93476325
0.0,0,0.016724953
1.0,1,0.96153206
0.0,0,0.13552442
1.0,1,0.66236377
0.0,0,0.023954572
1.0,1,0.5560778
1.0,1,0.9588005
1.0,1,0.8757299
1.0,1,0.48441017
1.0,1,0.9114324
0.0,1,0.4860255
0.0,0,0.117062695
0.0,0,0.015937734
1.0,1,0.6038891
0.0,0,0.32874733
0.0,0,0.061654124
1.0,1,0.86399484
0.0,0,0.0067479447
1.0,0,0.4073191
0.0,0,0.047192324
0.0,0,0.07968058
0.0,1,0.653424
0.0,1,0.8311361
1.0,1,0.7180841
1.0,1,0.9633539
0.0,1,0.6745088
0.0,0,0.24261639
0.0,1,0.53076774
1.0,1,0.9566657
1.0,1,0.9783746
0.0,0,0.10357003
1.0,1,0.9163241
1.0,1,0.97715175
0.0,0,0.01286394
0.0,0,0.010680312
0.0,0,0.014273089
0.0,0,0.26524338
1.0,1,0.7574184
1.0,1,0.96078867
1.0,1,0.6080128
0.0,0,0.3481035
0.0,0,0.052149665
1.0,1,0.9664468
0.0,0,0.27243587
0.0,0,0.03999817
0.0,0,0.3554885
0.0,0,0.23723271
1.0,1,0.60479146
1.0,1,0.59080315
1.0,1,0.98201746
1.0,1,0.829174
0.0,0,0.023467451
1.0,0,0.323413
0.0,1,0.70569944
0.0,0,0.3025281
1.0,1,0.5153711
0.0,0,0.012751254
1.0,1,0.96642464
0.0,1,0.95891863
1.0,1,0.96184623
1.0,1,0.95467764
1.0,1,0.74637437
1.0,1,0.9629409
1.0,1,0.87938565
0.0,1,0.4423479
1.0,1,0.96153617
1.0,1,0.9116384
0.0,0,0.28145072
0.0,0,0.011075293
0.0,1,0.68881726
0.0,0,0.018622857
1.0,0,0.36173168
0.0,0,0.27061057
0.0,0,0.013642652
1.0,1,0.9319545
0.0,0,0.12221519
1.0,1,0.9693923
1.0,1,0.94831634
1.0,0,0.16078171
1.0,1,0.8321214
1.0,1,0.95109445
0.0,1,0.76188886
1.0,1,0.7949269
0.0,0,0.17594138
0.0,0,0.08879114
1.0,1,0.95913756
0.0,0,0.0035105736
0.0,0,0.10023584
0.0,0,0.020926874
0.0,0,0.0318451
1.0,1,0.9784486
1.0,1,0.95162255
1.0,1,0.9772428
0.0,0,0.0070323464
0.0,1,0.5447757
0.0,0,0.011416531
0.0,0,0.13740033
1.0,0,0.03470454
0.0,0,0.0062320684
1.0,1,0.97445285
0.0,0,0.0063225254
1.0,1,0.85346144
0.0,0,0.16552618
0.0,1,0.44807988
0.0,1,0.72075486
0.0,0,0.012287857
1.0,1,0.88429457
0.0,0,0.05192515
1.0,1,0.9672137
1.0,1,0.97086203
0.0,0,0.180345
1.0,1,0.9818575
1.0,1,0.9809953
1.0,1,0.45450786
0.0,0,0.24758281
1.0,0,0.026276873
0.0,0,0.1696486
0.0,1,0.5496353
0.0,0,0.0093918145
1.0,1,0.9383773
0.0,0,0.03607507
0.0,0,0.023777205
1.0,1,0.51180935
0.0,0,0.016887285
0.0,0,0.0051764464
0.0,1,0.67837703
0.0,0,0.33827096
1.0,1,0.88360256
0.0,1,0.4592884
0.0,1,0.7566498
0.0,0,0.0024821116
0.0,0,0.0103555815
1.0,1,0.89855456
1.0,1,0.88388497
0.0,0,0.0022950906
0.0,0,0.05480884
1.0,1,0.96295804
0.0,1,0.43607366
0.0,1,0.88557565
1.0,1,0.98254794
0.0,0,0.08173992
1.0,1,0.97309715
0.0,0,0.08080415
0.0,0,0.004034621
0.0,0,0.09282344
1.0,1,0.8643155
0.0,1,0.5112258
1.0,1,0.7991716
0.0,0,0.026949126
1.0,1,0.8500589
0.0,0,0.12745717
1.0,1,0.932041
0.0,0,0.011835843
1.0,1,0.9607161
1.0,1,0.9489239
1.0,1,0.96359193
0.0,0,0.07930351
0.0,0,0.020106647
0.0,0,0.024538102
0.0,0,0.023229033
0.0,0,0.0992425
0.0,0,0.108479425
1.0,1,0.72532725
0.0,0,0.055703904
0.0,0,0.010854543
0.0,0,0.003058093
0.0,0,0.006505881
0.0,0,0.0005106039
0.0,1,0.72765374
1.0,1,0.9416661
0.0,0,0.0162218
1.0,1,0.5309254
0.0,0,0.1350114
0.0,0,0.24560793
1.0,1,0.72993994
1.0,1,0.9619409
1.0,1,0.938616
1.0,1,0.97078097
0.0,0,0.031566903
1.0,1,0.9618948
0.0,0,0.03978897
0.0,0,0.034246366
1.0,1,0.8262974
1.0,1,0.7395512
0.0,0,0.008561171
0.0,0,0.020386364
0.0,0,0.3448451
1.0,1,0.9774393
0.0,1,0.776413
1.0,1,0.9330882
0.0,0,0.3153553
0.0,0,0.008473581
1.0,1,0.7770984
1.0,1,0.79096323
0.0,1,0.52936983
0.0,0,0.3759957
1.0,1,0.9595016
0.0,0,0.11815213
1.0,0,0.29090315
0.0,0,0.052591026
1.0,1,0.84448224
1.0,1,0.96053994
1.0,1,0.9543206
1.0,1,0.86585844
0.0,0,0.09515633
0.0,0,0.044239342
1.0,1,0.9641812
0.0,0,0.11479044
1.0,1,0.98540545
0.0,1,0.7120435
0.0,0,0.327894
1.0,1,0.5768057
1.0,1,0.6746595
0.0,0,0.2253475
1.0,1,0.9163722
0.0,0,0.033902373
1.0,1,0.9710089
1.0,1,0.91543895
1.0,1,0.9668545
0.0,1,0.8369343
0.0,0,0.050524805
0.0,0,0.0013113344
1.0,1,0.97337383
1.0,1,0.9417401
1.0,1,0.48882344
1.0,0,0.16570155
0.0,1,0.5845983
0.0,0,0.017476905
1.0,1,0.98256433
1.0,1,0.9315881
1.0,1,0.9264514
1.0,1,0.9523752
0.0,0,0.002483073
1.0,1,0.49664313
0.0,0,0.008729232
1.0,1,0.9500732
0.0,0,0.023738481
1.0,1,0.94998926
0.0,0,0.0057554534
0.0,0,0.026935449
1.0,1,0.7934975
0.0,0,0.04075464
1.0,1,0.95844656
1.0,1,0.9233409
0.0,1,0.48853642
0.0,0,0.07937272
1.0,1,0.97830534
0.0,0,0.124854125
0.0,1,0.6739943
1.0,0,0.2992847
0.0,0,0.0027332718
0.0,0,0.0009370852
1.0,1,0.9585967
1.0,1,0.93111765
0.0,0,0.1078235
1.0,1,0.94136095
1.0,1,0.8336656
1.0,1,0.9631313
0.0,0,0.019355603
1.0,1,0.83761644
1.0,1,0.81585544
1.0,1,0.7241495
1.0,1,0.9379062
1.0,1,0.970806
0.0,0,0.21911095
1.0,1,0.9820589
1.0,1,0.9607589
0.0,0,0.37654802
1.0,1,0.9761246
1.0,1,0.9483521
1.0,1,0.97126776
1.0,1,0.77963394
1.0,1,0.7725877
0.0,0,0.3032637
1.0,1,0.918596
0.0,0,0.10964757
1.0,1,0.97462994
1.0,1,0.97111946
0.0,1,0.8485751
0.0,0,0.015269486
0.0,0,0.25495026
1.0,1,0.9727629
0.0,0,0.12563477
1.0,1,0.7794314
1.0,1,0.9724567
1.0,1,0.97295815
0.0,0,0.13532086
0.0,0,0.00840791
0.0,0,0.4144425
0.0,0,0.0031685655
1.0,1,0.9023361
1.0,1,0.96473384
0.0,0,0.074488714
1.0,0,0.25931948
0.0,0,0.3285331
1.0,1,0.8637904
0.0,1,0.5643474
1.0,1,0.96801627
0.0,0,0.049017426
0.0,0,0.026559293
0.0,0,0.034749243
1.0,1,0.6218704
0.0,0,0.39420506
0.0,0,0.08278954
0.0,0,0.11098376
0.0,0,0.10604123
0.0,0,0.14764918
0.0,0,0.19263797
1.0,1,0.95480734
0.0,0,0.30227852
0.0,0,0.022325367
1.0,1,0.95238
0.0,1,0.48249057
0.0,0,0.021601059
1.0,1,0.898233
0.0,1,0.9366572
0.0,0,0.05580947
1.0,1,0.97671205
1.0,1,0.85284394
1.0,1,0.87866694
0.0,0,0.3148051
1.0,1,0.8645946
0.0,1,0.6670556
0.0,1,0.4973084
1.0,1,0.92745066
1.0,1,0.8464476
1.0,1,0.9078858
0.0,1,0.5909232
0.0,0,0.014418204
0.0,0,0.0073514828
1.0,1,0.68909514
1.0,1,0.91133225
1.0,1,0.9399643
0.0,0,0.010380533
1.0,1,0.5284306
0.0,0,0.006908564
0.0,0,0.21360368
0.0,1,0.7140839
1.0,1,0.89153755
1.0,1,0.7682824
0.0,0,0.038564816
0.0,1,0.6994673
0.0,0,0.026248109
0.0,0,0.023919404
1.0,1,0.58344686
1.0,1,0.8827512
1.0,1,0.93289983
1.0,1,0.93916434
0.0,1,0.8109627
0.0,0,0.2841477
1.0,0,0.023053288
1.0,1,0.81804514
0.0,0,0.1984405
0.0,0,0.030115852
0.0,0,0.11725948
0.0,0,0.044532876
0.0,0,0.17249428
1.0,1,0.6602136
1.0,1,0.9344591
1.0,1,0.951087
1.0,1,0.72293806
1.0,1,0.9216572
0.0,0,0.081938885
0.0,0,0.13987066
1.0,1,0.9257426
0.0,0,0.036746316
0.0,0,0.009003585
0.0,0,0.07857538
0.0,1,0.45739368
1.0,1,0.7598876
0.0,0,0.37009728
1.0,1,0.8997727
1.0,0,0.100077674
0.0,0,0.013698531
1.0,1,0.7939711
0.0,1,0.7106369
0.0,0,0.00568567
1.0,1,0.78651553
0.0,1,0.4659853
1.0,1,0.79555583
0.0,0,0.02057044
0.0,0,0.029106492
0.0,1,0.58063316
1.0,1,0.98470825
1.0,1,0.8311872
0.0,0,0.026898725
1.0,1,0.7771679
0.0,0,0.016742654
0.0,0,0.3811495
1.0,1,0.97238874
0.0,0,0.013628929
1.0,1,0.44536173
0.0,0,0.18108976
0.0,0,0.092888735
1.0,1,0.84335554
1.0,1,0.98502165
0.0,0,0.0074514686
1.0,1,0.98367727
0.0,0,0.020514352
1.0,1,0.48084885
0.0,0,0.008618203
0.0,0,0.21075875
1.0,1,0.7702071
0.0,0,0.0043076524
0.0,0,0.33371505
0.0,0,0.0074591893
0.0,0,0.02997554
0.0,0,0.08355172
1.0,1,0.95147914
0.0,0,0.081538886
1.0,1,0.8893621
0.0,1,0.77565837
0.0,0,0.12558112
1.0,1,0.9688891
1.0,1,0.6832812
0.0,0,0.08176091
0.0,0,0.015306535
0.0,1,0.6527686
1.0,1,0.98503447
1.0,1,0.9453212
0.0,0,0.014908297
1.0,1,0.95222026
0.0,0,0.07768583
0.0,0,0.0215934
0.0,0,0.0911228
0.0,0,0.024636062
1.0,1,0.97777534
0.0,0,0.09572847
0.0,0,0.06942864
0.0,0,0.0020485043
1.0,1,0.95765823
0.0,0,0.03421854
1.0,1,0.88956124
1.0,1,0.6542799
1.0,1,0.7769247
1.0,1,0.774228
0.0,0,0.06232635
0.0,0,0.11921218
1.0,1,0.981706
0.0,0,0.23524126
0.0,0,0.012207006
1.0,1,0.9289498
1.0,1,0.8532305
0.0,0,0.14332329
1.0,1,0.9405937
0.0,0,0.10217635
0.0,0,0.28918
1.0,1,0.470219
1.0,1,0.88650864
1.0,1,0.97365695
0.0,0,0.09085251
1.0,1,0.9669635
1.0,1,0.783429
1.0,0,0.29778796
1.0,1,0.98241657
1.0,1,0.72593397
0.0,1,0.4424912
1.0,1,0.9521504
1.0,1,0.6652759
0.0,0,0.026406683
0.0,1,0.71087706
0.0,0,0.29323062
0.0,0,0.022709614
0.0,0,0.034277912
0.0,0,0.014488845
1.0,1,0.976987
1.0,0,0.016283624
0.0,0,0.00093806605
1.0,1,0.8991763
1.0,1,0.8188813
1.0,1,0.62200105
0.0,0,0.09080255
1.0,1,0.9704703
1.0,1,0.85732675
0.0,0,0.24250837
0.0,0,0.010734165
0.0,0,0.0058563594
1.0,1,0.5394169
0.0,0,0.023726532
0.0,0,0.18365991
0.0,0,0.055057682
0.0,0,0.084220745
0.0,0,0.015831968
0.0,1,0.5078567
1.0,1,0.8389237
0.0,0,0.017391482
0.0,0,0.023854176
0.0,1,0.7034932
1.0,1,0.96679443
1.0,1,0.5841468
0.0,0,0.13364948
1.0,1,0.57740223
0.0,1,0.49016458
0.0,0,0.10085622
1.0,1,0.86343396
1.0,1,0.95321316
1.0,1,0.9727838
1.0,1,0.84616125
0.0,0,0.018541615
1.0,1,0.94861805
1.0,1,0.46765515
1.0,1,0.8659428
1.0,1,0.87170833
0.0,0,0.14910233
0.0,0,0.03375649
1.0,1,0.89253104
0.0,0,0.043744292
0.0,0,0.02198535
0.0,0,0.32388315
1.0,1,0.9448648
0.0,1,0.7056213
0.0,1,0.8894194
0.0,0,0.009640447
1.0,1,0.6955865
0.0,0,0.20634425
0.0,0,0.32786968
1.0,1,0.87908894
0.0,0,0.105351366
1.0,1,0.88095915
1.0,1,0.6617354
0.0,0,0.05648674
0.0,0,0.008003555
0.0,0,0.2009163
1.0,1,0.82272524
1.0,1,0.8900211
0.0,0,0.045968298
1.0,1,0.9795861
1.0,1,0.9802931
0.0,0,0.049692724
0.0,0,0.14371741
0.0,0,0.024424996
1.0,1,0.89310443
0.0,0,0.09835717
0.0,0,0.013871511
0.0,0,0.017980045
1.0,1,0.59042454
1.0,1,0.98176146
1.0,1,0.52881384
0.0,0,0.017144393
1.0,1,0.9821643
0.0,0,0.0411193
0.0,0,0.028589068
1.0,1,0.906299
0.0,1,0.9413154
0.0,0,0.048817396
0.0,0,0.08437834
1.0,1,0.98028135
0.0,0,0.08487649
0.0,1,0.5933787
0.0,0,0.0926654
0.0,0,0.01927413
0.0,0,0.012543173
0.0,0,0.120374516
0.0,0,0.017403856
0.0,0,0.09245845
0.0,0,0.025327424
1.0,1,0.8819904
0.0,1,0.485728
1.0,1,0.95655656
1.0,1,0.9571312
0.0,0,0.033088386
1.0,1,0.8806835
1.0,1,0.93065065
0.0,0,0.080152944
1.0,1,0.98767674
1.0,1,0.98526746
0.0,0,0.03642125
1.0,1,0.87040156
0.0,0,0.051378556
0.0,1,0.51519156
1.0,1,0.9605704
0.0,1,0.43925184
0.0,0,0.04051992
1.0,1,0.9361151
0.0,0,0.11199947
1.0,1,0.9407622
0.0,0,0.06543611
1.0,1,0.87334526
1.0,1,0.586655
0.0,0,0.17917578
0.0,1,0.66904217
1.0,0,0.15421148
1.0,1,0.73528147
0.0,0,0.0335372
0.0,0,0.10087211
1.0,1,0.9840735
1.0,1,0.9145576
0.0,0,0.02441177
1.0,1,0.9337043
1.0,1,0.95090055
0.0,1,0.807449
1.0,1,0.92149913
0.0,0,0.06508006
0.0,0,0.31582576
1.0,1,0.9066131
0.0,0,0.015598768
0.0,0,0.0380743
1.0,1,0.9469789
1.0,1,0.9857602
1.0,1,0.9821342
0.0,0,0.035000473
0.0,0,0.00950533
1.0,1,0.8377279
1.0,1,0.9838504
1.0,1,0.970823
0.0,0,0.015901692
0.0,0,0.020559276
1.0,0,0.29619804
0.0,0,0.13931574
0.0,1,0.85757744
1.0,1,0.9316876
1.0,1,0.8184935
1.0,1,0.94441026
1.0,1,0.8383679
0.0,0,0.011045148
0.0,1,0.469275
1.0,1,0.9448061
1.0,1,0.9589445
0.0,0,0.014400549
1.0,0,0.4130596
1.0,1,0.9158997
1.0,0,0.27050194
0.0,0,0.13039409
0.0,0,0.008954882
0.0,0,0.25006172
0.0,0,0.04253629
0.0,0,0.008605909
1.0,1,0.98206145
0.0,0,0.010396995
0.0,0,0.07234206
1.0,1,0.7900701
0.0,0,0.013725979
1.0,1,0.78020465
1.0,1,0.81865275
0.0,0,0.06412682
0.0,0,0.23476864
1.0,1,0.933857
1.0,1,0.8659656
0.0,0,0.37759826
1.0,1,0.42627487
1.0,1,0.63037217
0.0,0,0.33154204
1.0,1,0.96186566
0.0,0,0.0076593193
0.0,0,0.008762029
1.0,1,0.7131289
1.0,1,0.98423016
1.0,1,0.94751036
1.0,1,0.9808273
0.0,0,0.015539452
1.0,1,0.61171156
1.0,1,0.926749
0.0,0,0.15223895
0.0,1,0.9284867
1.0,1,0.9808061
1.0,1,0.9777531
0.0,0,0.013572812
1.0,1,0.9239366
1.0,1,0.84794927
1.0,1,0.880198
1.0,1,0.7749695
1.0,1,0.8712948
1.0,1,0.7704498
0.0,0,0.01073452
1.0,1,0.82378244
0.0,0,0.0068683135
1.0,1,0.9606534
1.0,1,0.9663287
1.0,0,0.08764697
1.0,1,0.8383619
1.0,1,0.87737477
1.0,1,0.93894225
1.0,0,0.14353006
0.0,0,0.361173
1.0,1,0.9448463
1.0,1,0.92696416
1.0,1,0.8715459
0.0,0,0.034552697
1.0,1,0.9614695
1.0,1,0.8974988
1.0,1,0.7953738
0.0,0,0.07355717
1.0,1,0.9689595
0.0,0,0.043292962
1.0,1,0.8465539
1.0,1,0.9766996
1.0,1,0.9387968
0.0,0,0.0071037496
1.0,0,0.34491944
1.0,0,0.13200988
1.0,1,0.97778326
1.0,1,0.9823742
1.0,1,0.97958386
0.0,0,0.124386385
1.0,1,0.97254896
0.0,0,0.15969871
1.0,0,0.24686009
1.0,1,0.98373765
0.0,0,0.002026353
0.0,0,0.007510531
1.0,1,0.72781426
1.0,1,0.9823198
0.0,0,0.01995875
0.0,1,0.6851859
1.0,1,0.83516294
0.0,0,0.03218094
0.0,0,0.003041387
0.0,0,0.0058560763
0.0,0,0.01260853
1.0,1,0.8483116
1.0,1,0.9585603
1.0,0,0.23509587
0.0,0,0.05149499
1.0,1,0.9849042
0.0,0,0.054467574
0.0,0,0.051684827
0.0,0,0.07242453
1.0,1,0.9876961
0.0,1,0.9462531
1.0,1,0.8490736
1.0,0,0.3840833
0.0,0,0.016564475
0.0,0,0.011516209
1.0,1,0.86331815
1.0,1,0.9706875
0.0,0,0.068927765
0.0,0,0.001685983
0.0,0,0.035176322
1.0,1,0.97856086
0.0,0,0.005426215
0.0,0,0.0036110738
1.0,1,0.9550042
0.0,1,0.49773702
1.0,1,0.9037358
1.0,1,0.9215713
1.0,1,0.9763587
0.0,0,0.008773927
0.0,0,0.0052580587
1.0,1,0.9744766
0.0,0,0.050576825
0.0,0,0.028847788
0.0,0,0.008511278
1.0,1,0.97259945
1.0,1,0.93686235
0.0,0,0.021234622
1.0,1,0.49156982
0.0,0,0.057290908
0.0,0,0.009349338
0.0,0,0.028499182
0.0,0,0.038112525
0.0,0,0.016232101
0.0,0,0.30533943
1.0,0,0.32127672
1.0,1,0.95542383
0.0,0,0.022141488
0.0,0,0.060541123
0.0,0,0.007913691
0.0,0,0.010677351
0.0,0,0.2853099
1.0,1,0.90824574
0.0,0,0.0023986767
1.0,1,0.938551
0.0,0,0.008837521
1.0,1,0.9816436
1.0,0,0.046866994
0.0,0,0.007795319
0.0,0,0.036908936
1.0,1,0.6277667
1.0,1,0.9730181
0.0,0,0.028101604
1.0,1,0.9735566
0.0,0,0.03695091
1.0,1,0.981659
1.0,1,0.9773949
0.0,0,0.005016014
0.0,0,0.04623764
1.0,0,0.30785596
1.0,1,0.9392391
0.0,0,0.07908276
0.0,0,0.17187284
0.0,0,0.19423926
1.0,1,0.97597736
1.0,1,0.9144139
0.0,1,0.73900944
0.0,0,0.1691513
1.0,1,0.97556716
1.0,1,0.49794233
0.0,1,0.5122199
1.0,1,0.93231714
0.0,1,0.4844006
0.0,0,0.36980614
1.0,1,0.71361196
0.0,0,0.09122632
0.0,0,0.0075019067
0.0,0,0.39869148
0.0,0,0.010873318
1.0,1,0.9577459
0.0,0,0.2660268
0.0,0,0.341681
1.0,1,0.5060022
0.0,0,0.36150178
1.0,1,0.5911486
1.0,1,0.9576388
1.0,1,0.4783552
0.0,0,0.28863502
0.0,0,0.115096696
1.0,1,0.97889876
0.0,1,0.4444485
1.0,1,0.8508772
1.0,1,0.86820805
1.0,1,0.708589
1.0,1,0.97173893
1.0,1,0.825433
0.0,0,0.11129138
0.0,0,0.12913968
0.0,0,0.02818617
0.0,0,0.02888882
1.0,1,0.96418405
1.0,1,0.9213744
1.0,1,0.9541664
0.0,0,0.22147533
1.0,1,0.9561805
1.0,1,0.8793073
1.0,1,0.8916744
1.0,1,0.934278
0.0,0,0.29411617
1.0,1,0.97220886
1.0,1,0.9832938
1.0,1,0.9553569
0.0,0,0.0018556806
0.0,0,0.09417204
1.0,1,0.90782285
1.0,1,0.94392526
0.0,0,0.16950311
1.0,1,0.9718452
1.0,1,0.6979332
1.0,1,0.699618
1.0,1,0.9776807
1.0,1,0.9772757
1.0,1,0.9212633
1.0,1,0.9350407
1.0,1,0.95184666
0.0,1,0.7782558
1.0,1,0.96456397
0.0,0,0.33932346
0.0,0,0.0058603417
1.0,1,0.86379343
1.0,1,0.71133256
0.0,0,0.3130658
0.0,0,0.00756974
0.0,0,0.39463758
1.0,1,0.9090625
0.0,0,0.015338247
0.0,0,0.1030707
1.0,1,0.98388916
1.0,1,0.88468236
0.0,0,0.019665087
1.0,1,0.96044743
1.0,1,0.84417653
0.0,0,0.034804545
0.0,0,0.051132843
0.0,0,0.015459358
1.0,1,0.86241966
0.0,1,0.68485475
0.0,0,0.24216917
1.0,0,0.15222786
0.0,0,0.03657913
0.0,0,0.014482168
0.0,0,0.031625234
1.0,1,0.9639631
1.0,1,0.9626581
1.0,1,0.7383258
0.0,0,0.024744688
1.0,1,0.98244095
1.0,1,0.96926874
0.0,0,0.017329548
0.0,0,0.18608506
0.0,0,0.28452888
0.0,0,0.028893067
1.0,1,0.98312056
1.0,1,0.97753423
1.0,1,0.9797198
0.0,0,0.001785915
1.0,1,0.7765647
0.0,0,0.104319185
1.0,1,0.938213
1.0,1,0.7150859
1.0,1,0.9604867
1.0,1,0.8524567
1.0,1,0.50753665
0.0,1,0.867249
1.0,1,0.98150593
1.0,1,0.97441685
0.0,0,0.16288649
0.0,0,0.04456125
0.0,0,0.0789572
1.0,1,0.79944056
1.0,1,0.97857285
0.0,0,0.3737623
1.0,1,0.98433363
0.0,0,0.030901525
0.0,0,0.005381323
0.0,0,0.03312374
1.0,1,0.9411102
0.0,0,0.018077284
0.0,0,0.0053898976
0.0,0,0.00671614
0.0,0,0.12321186
1.0,1,0.6603638
0.0,0,0.028498353
1.0,1,0.7426195
0.0,0,0.017053114
1.0,1,0.96978253
0.0,0,0.013750478
1.0,1,0.7776625
1.0,1,0.9732411
1.0,1,0.94645506
0.0,0,0.07410651
0.0,0,0.38397354
1.0,1,0.9010301
1.0,1,0.951501
0.0,0,0.36082384
0.0,0,0.015004688
1.0,1,0.8709595
1.0,1,0.84301573
0.0,1,0.5474936
0.0,0,0.028502226
1.0,1,0.98327607
1.0,1,0.9816115
0.0,0,0.007379456
0.0,0,0.064384855
1.0,1,0.484722
0.0,0,0.28366333
1.0,1,0.9471478
0.0,0,0.105295144
0.0,0,0.0073476243
1.0,1,0.8329111
1.0,1,0.9161254
0.0,0,0.1460477
1.0,1,0.9216061
1.0,1,0.90129083
0.0,1,0.53981984
0.0,0,0.020806938
1.0,1,0.96205103
0.0,0,0.042404775
1.0,1,0.82607204
1.0,1,0.9597614
1.0,1,0.9263617
0.0,0,0.007376638
1.0,1,0.9833115
1.0,1,0.9212449
1.0,0,0.35797295
0.0,1,0.82661474
0.0,0,0.07884992
1.0,1,0.78533787
0.0,0,0.011424974
1.0,0,0.28945464
0.0,0,0.18288726
1.0,1,0.81504965
1.0,1,0.94134533
0.0,0,0.09564622
0.0,1,0.6937793
0.0,0,0.01204854
1.0,1,0.90290034
0.0,0,0.016980786
0.0,0,0.036741856
1.0,1,0.5903991
1.0,0,0.17971162
1.0,1,0.81630635
0.0,0,0.007158937
0.0,0,0.002325668
1.0,1,0.98244137
0.0,1,0.83668625
1.0,1,0.947366
1.0,1,0.8651707
1.0,1,0.94831675
0.0,0,0.0056465305
0.0,0,0.022352906
0.0,0,0.13597718
0.0,0,0.013897064
1.0,1,0.6582352
1.0,1,0.9282382
1.0,1,0.93133074
1.0,1,0.97420067
1.0,1,0.93182755
0.0,0,0.015351389
1.0,1,0.8412439
1.0,1,0.83003455
1.0,1,0.8562726
0.0,0,0.017488258
1.0,1,0.82527983
1.0,0,0.4184062
1.0,1,0.7585715
1.0,1,0.9340563
0.0,0,0.30712208
1.0,1,0.439948
0.0,0,0.022348806
0.0,0,0.027939009
0.0,0,0.09831652
0.0,0,0.011431832
1.0,1,0.98233044
0.0,0,0.01777073
1.0,1,0.87253577
0.0,0,0.03633389
1.0,1,0.98243153
0.0,0,0.16735251
0.0,0,0.022136658
1.0,1,0.9614003
1.0,1,0.6703484
0.0,0,0.04138092
1.0,1,0.9783129
1.0,1,0.6938169
0.0,0,0.0042605908
0.0,0,0.051124003
1.0,1,0.96437526
1.0,1,0.831952
0.0,0,0.04169052
0.0,0,0.00697864
1.0,1,0.7049935
1.0,1,0.98045576
0.0,1,0.6430156
1.0,1,0.9528239
1.0,1,0.73904055
1.0,1,0.78783655
1.0,1,0.95340085
0.0,0,0.06268466
0.0,0,0.06940108
0.0,1,0.60480124
0.0,0,0.10201768
0.0,0,0.18121281
0.0,0,0.03650632
1.0,1,0.9530637
1.0,1,0.9537115
0.0,0,0.022045523
0.0,0,0.041690875
1.0,1,0.975865
1.0,1,0.6235126
1.0,1,0.96934575
0.0,0,0.1820239
1.0,1,0.97697914
0.0,0,0.24470486
0.0,0,0.029588524
1.0,1,0.6092083
0.0,0,0.012425517
0.0,1,0.64575404
1.0,0,0.036100898
1.0,1,0.47813877
1.0,1,0.9225209
0.0,1,0.5118487
0.0,0,0.23599693
1.0,1,0.45433667
1.0,1,0.4269671
1.0,0,0.3145305
0.0,0,0.09558655
0.0,0,0.030041002
1.0,1,0.9417069
1.0,1,0.98145336
1.0,1,0.8587178
1.0,0,0.06009939
0.0,0,0.12574907
1.0,1,0.9317575
1.0,1,0.9518502
0.0,0,0.03522797
1.0,1,0.7148589
0.0,0,0.03231497
0.0,0,0.096755594
1.0,1,0.8889367
1.0,1,0.96854806
0.0,0,0.012282707
0.0,0,0.008425812
0.0,0,0.25303674
1.0,1,0.5881562
1.0,1,0.9800518
1.0,1,0.7843021
0.0,0,0.022240026
0.0,0,0.039221343
0.0,0,0.091010846
1.0,0,0.103952885
1.0,1,0.93016726
0.0,0,0.026286915
0.0,0,0.14572974
0.0,1,0.8668495
1.0,1,0.9638078
1.0,1,0.98341143
1.0,1,0.941209
0.0,0,0.23131807
0.0,0,0.044590417
1.0,1,0.9082399
0.0,0,0.036613535
0.0,0,0.19159733
1.0,1,0.801508
1.0,1,0.90609694
1.0,1,0.7062198
1.0,0,0.4192286
1.0,1,0.98348767
1.0,1,0.7636295
1.0,1,0.98361343
0.0,0,0.014797944
1.0,1,0.9758933
1.0,1,0.9818032
1.0,1,0.5720878
0.0,0,0.058352116
1.0,1,0.95264006
1.0,1,0.95154405
1.0,1,0.9759395
1.0,1,0.67321146
0.0,1,0.65985954
0.0,0,0.2888595
1.0,1,0.67563546
1.0,1,0.9514615
1.0,1,0.96984714
1.0,0,0.34764415
1.0,1,0.8588967
1.0,1,0.8800361
0.0,1,0.84602207
0.0,0,0.04593293
1.0,1,0.88252145
0.0,1,0.856543
1.0,1,0.9556207
0.0,0,0.0073045166
1.0,1,0.70909953
0.0,0,0.0036030551
1.0,1,0.713361
0.0,0,0.044342797
1.0,1,0.9097762
1.0,1,0.9376982
1.0,1,0.85931873
1.0,1,0.44895023
0.0,0,0.029661423
1.0,1,0.95718
1.0,1,0.96543473
1.0,1,0.8772305
1.0,1,0.9442268
1.0,1,0.98092973
0.0,0,0.02721257
1.0,1,0.9839668
1.0,1,0.77487814
1.0,1,0.7366842
1.0,1,0.95187426
0.0,0,0.023112843
0.0,0,0.22669217
1.0,1,0.60148835
1.0,1,0.780285
0.0,0,0.06474773
1.0,1,0.66538036
0.0,0,0.026490085
1.0,1,0.9619187
0.0,0,0.045694716
0.0,0,0.0062225712
1.0,1,0.9768093
1.0,1,0.9291516
1.0,1,0.60470235
0.0,0,0.011387974
1.0,1,0.9721059
0.0,0,0.015921094
1.0,1,0.9882361
0.0,0,0.04048533
1.0,1,0.93504757
1.0,0,0.26591715
1.0,1,0.92826045
0.0,0,0.00842562
1.0,1,0.9180075
0.0,0,0.01827779
0.0,0,0.07455685
0.0,0,0.004028804
1.0,1,0.96394944
0.0,0,0.051485904
1.0,1,0.818724
0.0,0,0.10433367
1.0,1,0.952531
0.0,0,0.17330891
0.0,0,0.118274
1.0,1,0.91567886
1.0,1,0.9682199
1.0,1,0.96941847
1.0,1,0.9215393
0.0,0,0.36393577
0.0,0,0.03825755
0.0,0,0.03016377
0.0,0,0.04779925
0.0,0,0.010228033
1.0,0,0.3507869
0.0,1,0.51779556
1.0,1,0.9718882
0.0,0,0.36373717
0.0,0,0.04691041
1.0,1,0.9533953
1.0,1,0.9361557
0.0,1,0.88798666
0.0,0,0.006624662
1.0,1,0.94717836
1.0,1,0.78266
1.0,1,0.9400331
0.0,0,0.029910952
0.0,1,0.5648098
0.0,0,0.12859327
0.0,0,0.008126199
1.0,1,0.9600793
0.0,0,0.19196972
0.0,0,0.018141707
0.0,0,0.018609613
0.0,0,0.28369728
1.0,1,0.8764346
1.0,1,0.97679305
1.0,1,0.8621671
0.0,0,0.37419888
0.0,0,0.016151698
0.0,0,0.009213821
1.0,1,0.76817024
1.0,1,0.9528418
1.0,1,0.97551745
0.0,0,0.00820942
1.0,1,0.9741128
1.0,1,0.962149
1.0,1,0.97511363
0.0,0,0.13304655
1.0,0,0.09571844
0.0,1,0.45539036
1.0,1,0.84266496
0.0,0,0.0515431
0.0,1,0.56925815
0.0,0,0.060662396
0.0,0,0.04774888
1.0,1,0.96079886
1.0,1,0.97287333
0.0,0,0.010608315
1.0,1,0.9389423
1.0,1,0.82772374
0.0,1,0.7742692
0.0,0,0.03930555
1.0,1,0.888397
1.0,1,0.97376746
1.0,1,0.6364311
0.0,0,0.005997117
0.0,0,0.046768416
0.0,0,0.004533729
0.0,0,0.10605961
0.0,0,0.0017960969
0.0,0,0.031750347
1.0,1,0.81556684
0.0,0,0.009367706
1.0,1,0.9635376
0.0,1,0.63592345
0.0,0,0.014434911
0.0,0,0.0022140592
1.0,1,0.91404325
1.0,1,0.9562545
0.0,1,0.8259831
1.0,1,0.7878918
1.0,1,0.8298452
1.0,1,0.96004474
0.0,0,0.020533707
0.0,1,0.57685506
0.0,0,0.09074684
0.0,0,0.019433456
1.0,1,0.9690611
0.0,0,0.01833561
0.0,0,0.05968944
1.0,1,0.94639677
0.0,0,0.05822307
1.0,1,0.9689671
1.0,1,0.70052636
1.0,1,0.78719604
0.0,0,0.14599822
0.0,0,0.07614445
0.0,0,0.07118216
1.0,1,0.9724878
1.0,1,0.9474059
1.0,1,0.82719207
0.0,0,0.030407598
0.0,1,0.50030375
0.0,0,0.04494498
0.0,0,0.019422755
1.0,1,0.95211625
0.0,1,0.786898
1.0,1,0.9485369
0.0,0,0.1851067
1.0,1,0.9869226
1.0,1,0.6354072
0.0,0,0.0011939051
1.0,1,0.8098186
1.0,1,0.985085
0.0,0,0.0073201754
0.0,0,0.015066217
0.0,0,0.0012709082
0.0,0,0.030297635
0.0,0,0.015549546
1.0,1,0.9042255
0.0,0,0.050543945
1.0,1,0.8896835
1.0,0,0.37237594
1.0,1,0.9590976
1.0,1,0.88252574
1.0,1,0.90967387
1.0,1,0.96031666
0.0,0,0.14152911
1.0,0,0.0777682
1.0,0,0.21736157
1.0,1,0.9839388
1.0,1,0.9881291
0.0,1,0.7466843
0.0,0,0.008825191
1.0,1,0.94798934
0.0,0,0.2029368
0.0,1,0.69295764
1.0,0,0.17404076
1.0,1,0.893569
1.0,1,0.9684081
0.0,0,0.08971166
1.0,1,0.78975177
0.0,0,0.09647236
0.0,0,0.0143806515
0.0,0,0.30863276
1.0,1,0.9545089
0.0,1,0.4603701
0.0,0,0.04853103
0.0,0,0.027250439
1.0,1,0.9745215
1.0,1,0.95923245
1.0,1,0.92848265
1.0,1,0.6303936
1.0,1,0.8718411
1.0,1,0.83408004
1.0,1,0.61832154
1.0,1,0.96097493
1.0,1,0.9711538
1.0,1,0.97982854
1.0,1,0.97770613
1.0,0,0.20083404
0.0,0,0.030993525
1.0,1,0.903498
1.0,1,0.59159774
1.0,1,0.6902256
0.0,0,0.23510945
1.0,1,0.7378157
0.0,0,0.013695029
0.0,0,0.022043549
0.0,0,0.022064952
1.0,0,0.16374207
1.0,1,0.94701815
0.0,0,0.020836076
1.0,1,0.9816042
1.0,1,0.869988
1.0,1,0.97036445
0.0,0,0.03858514
1.0,1,0.61872876
0.0,0,0.121348344
0.0,0,0.0034704017
1.0,1,0.8659029
0.0,0,0.05516569
0.0,0,0.0044578374
0.0,0,0.0051330426
0.0,0,0.02039993
1.0,1,0.96320075
0.0,0,0.31067723
0.0,0,0.022933831
0.0,0,0.06394375
1.0,1,0.93326724
1.0,1,0.97175
0.0,0,0.29280135
1.0,1,0.8655295
0.0,0,0.009323846
1.0,1,0.9735414
1.0,1,0.9637009
0.0,0,0.12419427
0.0,1,0.45340154
0.0,0,0.22811492
0.0,1,0.9261457
0.0,1,0.7988438
1.0,1,0.4491633
1.0,1,0.8674381
1.0,1,0.9391663
1.0,1,0.9770047
1.0,1,0.8239466
1.0,1,0.90134287
0.0,0,0.078731805
0.0,0,0.014964176
1.0,1,0.9775265
1.0,1,0.4670152
0.0,0,0.003912262
1.0,1,0.9087316
0.0,0,0.3685926
0.0,1,0.4811942
0.0,0,0.19441909
1.0,1,0.7674133
1.0,1,0.8463279
1.0,1,0.9749814
1.0,0,0.25065845
0.0,0,0.0046164426
1.0,1,0.7349582
1.0,1,0.9341334
0.0,0,0.029186936
0.0,0,0.32877555
0.0,0,0.022098653
1.0,1,0.9487133
1.0,1,0.89458597
0.0,0,0.014766194
0.0,0,0.0070185885
0.0,0,0.20770343
1.0,1,0.984978
1.0,1,0.94733936
1.0,1,0.71327364
0.0,0,0.054407854
1.0,1,0.9834264
1.0,1,0.7533328
0.0,0,0.029059226
1.0,1,0.9551726
1.0,1,0.7217835
1.0,1,0.8270977
0.0,0,0.043226916
1.0,1,0.9432024
1.0,1,0.9700319
1.0,1,0.91725135
0.0,0,0.016529106
0.0,0,0.047889218
0.0,0,0.018873025
0.0,1,0.83556044
0.0,0,0.03019964
1.0,1,0.92407393
0.0,0,0.057119124
1.0,1,0.97351456
1.0,1,0.8827245
1.0,1,0.94214165
0.0,1,0.8675169
0.0,0,0.0252844
1.0,1,0.8502576
1.0,1,0.94246346
0.0,0,0.0714866
1.0,1,0.97218865
1.0,1,0.90160275
0.0,0,0.003070549
1.0,0,0.37046874
1.0,1,0.59242
0.0,0,0.0039060088
1.0,1,0.98551524
0.0,0,0.038594346
0.0,0,0.024597121
1.0,1,0.9229763
1.0,0,0.061261196
0.0,0,0.29811156
0.0,0,0.11548269
0.0,0,0.015955063
1.0,1,0.96945214
1.0,1,0.973972
1.0,1,0.766724
1.0,1,0.8345463
1.0,1,0.9703064
1.0,1,0.97002953
0.0,0,0.22380152
1.0,1,0.9811645
1.0,1,0.75452083
1.0,1,0.96522254
0.0,0,0.28046033
0.0,0,0.008205579
0.0,0,0.01033182
1.0,1,0.9226287
0.0,1,0.56201756
1.0,1,0.9567746
0.0,0,0.32982144
1.0,1,0.9553655
1.0,1,0.8258958
1.0,1,0.49378008
1.0,0,0.022163082
1.0,1,0.98196965
0.0,0,0.0065677916
0.0,0,0.010401982
1.0,1,0.98336095
1.0,1,0.9723071
1.0,1,0.73310053
0.0,0,0.0062294398
0.0,0,0.16948755
1.0,1,0.44805056
0.0,0,0.16509558
1.0,0,0.3110257
0.0,1,0.47716185
1.0,1,0.75654185
1.0,1,0.9640101
1.0,1,0.9402347
0.0,0,0.11945975
1.0,1,0.5812222
0.0,0,0.035620075
0.0,0,0.0104474425
0.0,1,0.7032844
1.0,0,0.37842545
1.0,1,0.93094414
1.0,1,0.8899286
1.0,1,0.9854721
0.0,0,0.12655982
0.0,0,0.37359512
1.0,1,0.98076385
1.0,1,0.9295918
0.0,0,0.004610377
1.0,1,0.49171895
1.0,1,0.9504161
1.0,1,0.8483802
1.0,1,0.7112551
1.0,0,0.25387132
1.0,1,0.9806292
0.0,1,0.94375217
1.0,1,0.8396538
1.0,1,0.498997
1.0,1,0.93823546
0.0,0,0.003602843
0.0,0,0.022702772
0.0,0,0.009173743
0.0,0,0.041261088
1.0,1,0.9832508
1.0,1,0.67110795
0.0,0,0.121907115
1.0,1,0.90674126
0.0,0,0.39238033
0.0,0,0.009886229
0.0,0,0.023565197
0.0,0,0.023159107
0.0,0,0.002251259
1.0,1,0.9796524
0.0,1,0.42971808
0.0,0,0.040666174
1.0,0,0.09125244
1.0,1,0.9696632
1.0,1,0.9497242
0.0,1,0.5026827
0.0,0,0.011425787
1.0,1,0.8647839
0.0,0,0.06959371
0.0,0,0.015166355
1.0,1,0.87427914
0.0,0,0.049481664
0.0,0,0.06121086
0.0,0,0.017121797
1.0,1,0.958169
1.0,1,0.9520731
1.0,1,0.98033774
1.0,1,0.9524271
0.0,0,0.037585784
0.0,0,0.003593538
0.0,0,0.047362298
0.0,1,0.93892443
1.0,1,0.94540876
1.0,1,0.9715125
0.0,1,0.4917785
1.0,1,0.88024306
0.0,0,0.21691315
1.0,1,0.94795173
0.0,1,0.6591443
0.0,0,0.02659892
1.0,1,0.9257399
1.0,1,0.6339307
0.0,0,0.06772969
1.0,0,0.20914288
1.0,1,0.91804963
0.0,1,0.9056866
0.0,0,0.091917604
0.0,0,0.29612932
0.0,0,0.016604114
1.0,1,0.9568809
0.0,0,0.0047762827
1.0,1,0.9008602
0.0,0,0.003774465
0.0,0,0.031059425
0.0,1,0.779653
1.0,1,0.9681442
1.0,1,0.73734045
1.0,1,0.7483365
1.0,1,0.9804957
1.0,1,0.97815555
0.0,1,0.75350237
1.0,1,0.947847
0.0,0,0.3210406
1.0,1,0.95238006
1.0,1,0.84982044
0.0,0,0.0032642656
0.0,0,0.03529426
0.0,0,0.20332591
1.0,1,0.94743645
1.0,0,0.21634357
0.0,0,0.0023989643
1.0,1,0.48877302
0.0,1,0.7892746
0.0,0,0.086478345
0.0,0,0.0106837945
0.0,0,0.01677379
1.0,1,0.4808543
1.0,1,0.9678359
0.0,0,0.39273566
0.0,0,0.023055455
1.0,1,0.53554153
1.0,1,0.95651203
1.0,1,0.9511039
0.0,0,0.010733335
0.0,0,0.00503081
1.0,1,0.85881835
1.0,1,0.95938176
0.0,0,0.13681786
0.0,0,0.043964427
0.0,0,0.051708058
0.0,0,0.14520557
0.0,0,0.032932773
1.0,1,0.7016276
1.0,1,0.80430186
0.0,0,0.039707642
1.0,1,0.9633602
0.0,0,0.0074440697
1.0,1,0.9630192
0.0,1,0.4603798
1.0,1,0.9118633
1.0,1,0.9708058
1.0,1,0.88805634
1.0,1,0.9385676
1.0,1,0.86448914
0.0,0,0.0025958344
0.0,0,0.124643184
1.0,1,0.77518404
1.0,1,0.66826427
0.0,0,0.13376197
1.0,1,0.98105127
0.0,0,0.38766125
1.0,1,0.975095
1.0,1,0.720208
0.0,0,0.03805026
0.0,0,0.012488788
1.0,1,0.9509421
0.0,0,0.032659195
0.0,0,0.030954495
0.0,0,0.051095247
0.0,1,0.8642525
0.0,0,0.11727987
1.0,1,0.97816235
1.0,0,0.27722964
0.0,0,0.07574067
0.0,1,0.9112683
1.0,1,0.9436135
1.0,1,0.85227025
0.0,0,0.013936896
0.0,0,0.09803051
1.0,1,0.84385365
0.0,0,0.011608234
0.0,0,0.030078031
0.0,1,0.5694824
0.0,0,0.23428164
0.0,0,0.033074077
1.0,1,0.53551984
1.0,1,0.95169055
1.0,0,0.30930635
1.0,1,0.9799411
1.0,1,0.87695134
1.0,1,0.6194273
0.0,0,0.066789344
0.0,0,0.04607167
0.0,0,0.06220794
1.0,1,0.9534258
0.0,1,0.50811493
0.0,0,0.0036736676
1.0,0,0.24841933
1.0,1,0.9795394
1.0,1,0.96018046
0.0,1,0.5873683
1.0,1,0.96149516
0.0,0,0.06532664
1.0,1,0.9631133
0.0,1,0.7789203
1.0,1,0.9739845
0.0,0,0.06398801
1.0,1,0.60067594
1.0,1,0.9420216
0.0,0,0.090919845
1.0,1,0.8245651
0.0,0,0.06721138
1.0,1,0.56783396
1.0,1,0.5738645
0.0,0,0.028915968
0.0,0,0.0038287733
0.0,0,0.015607826
1.0,1,0.9752211
0.0,0,0.015220408
1.0,1,0.4497378
0.0,0,0.0027344313
0.0,0,0.23031373
0.0,0,0.0059075286
0.0,1,0.74565053
0.0,0,0.009601999
1.0,1,0.7190857
1.0,1,0.6021491
1.0,1,0.9728909
0.0,0,0.3060452
1.0,1,0.97864145
0.0,0,0.06640971
0.0,0,0.20857774
0.0,1,0.50123626
1.0,1,0.9393474
0.0,0,0.009527564
0.0,0,0.22535758
0.0,0,0.06266185
0.0,0,0.01841237
1.0,1,0.97866607
1.0,1,0.7738925
1.0,1,0.9221924
1.0,1,0.79821706
0.0,0,0.005215971
1.0,1,0.53331554
1.0,1,0.9666755
0.0,0,0.0039005948
1.0,1,0.70100415
0.0,0,0.011962338
0.0,0,0.27204317
1.0,1,0.95770186
0.0,0,0.19665706
0.0,0,0.0024636656
1.0,1,0.88766134
1.0,1,0.9871166
1.0,1,0.96098924
0.0,0,0.11983697
0.0,1,0.526513
0.0,0,0.020157343
0.0,0,0.008692417
0.0,1,0.5291325
0.0,0,0.17847346
0.0,0,0.004644975
1.0,1,0.95712376
1.0,1,0.7184724
1.0,1,0.8208386
1.0,0,0.19178611
1.0,1,0.96518135
0.0,1,0.85148656
0.0,1,0.76295984
1.0,1,0.97299486
1.0,1,0.94892913
0.0,1,0.6884122
1.0,1,0.89443606
1.0,1,0.73928416
0.0,0,0.031987503
1.0,1,0.977483
0.0,0,0.011681719
0.0,0,0.012818872
0.0,0,0.07175419
1.0,1,0.7179052
0.0,0,0.07725004
0.0,0,0.058095746
1.0,1,0.92356807
1.0,1,0.9654173
1.0,1,0.77669525
0.0,1,0.5612245
0.0,0,0.07224813
0.0,0,0.05721519
0.0,1,0.5225093
1.0,1,0.89594823
1.0,0,0.2551472
0.0,1,0.5642115
0.0,0,0.06697373
1.0,1,0.84705806
0.0,0,0.02117003
1.0,1,0.97597444
0.0,0,0.13081893
0.0,0,0.044061463
0.0,0,0.11400015
1.0,1,0.47108024
1.0,1,0.9583637
1.0,1,0.9714508
1.0,1,0.7769667
0.0,0,0.02094781
1.0,1,0.47717127
0.0,0,0.37886533
0.0,0,0.017352719
0.0,0,0.14078711
0.0,1,0.7333389
0.0,0,0.076605305
0.0,1,0.88695455
1.0,1,0.818886
0.0,0,0.021143433
0.0,0,0.07595408
1.0,1,0.96216106
0.0,0,0.07316333
1.0,1,0.8216105
0.0,0,0.0021416508
1.0,1,0.98226345
0.0,0,0.21234554
1.0,1,0.8625533
1.0,1,0.9526249
0.0,0,0.023810511
0.0,1,0.6155408
0.0,0,0.01158079
0.0,0,0.02612083
0.0,0,0.012337715
1.0,1,0.9224042
0.0,0,0.015237063
0.0,0,0.0469498
0.0,0,0.07064512
1.0,1,0.6951252
0.0,0,0.4095858
0.0,1,0.6229526
0.0,0,0.050735205
0.0,0,0.2897776
0.0,0,0.12573686
1.0,0,0.27490413
0.0,0,0.0132428445
0.0,0,0.006374814
0.0,0,0.0584802
1.0,1,0.98206943
1.0,1,0.95378387
1.0,1,0.5276257
0.0,0,0.029242331
1.0,1,0.9641687
1.0,1,0.9516536
0.0,1,0.43751913
1.0,1,0.6890359
1.0,1,0.93394315
0.0,0,0.0025761817
0.0,0,0.02556618
1.0,1,0.9528846
1.0,1,0.9672796
1.0,1,0.9665299
0.0,0,0.036100753
0.0,0,0.028533796
0.0,0,0.02512844
0.0,0,0.019742794
1.0,1,0.9607427
1.0,1,0.9233553
0.0,0,0.2629163
0.0,0,0.18099536
1.0,1,0.77021796
0.0,0,0.009042872
0.0,0,0.14168417
1.0,1,0.8757006
0.0,0,0.004102558
0.0,1,0.6835629
1.0,1,0.4571723
1.0,1,0.9575363
1.0,1,0.6065533
0.0,0,0.19009459
1.0,1,0.9764001
0.0,0,0.15693386
1.0,1,0.8971149
0.0,0,0.13321105
0.0,0,0.13629499
0.0,1,0.58999115
1.0,0,0.28016773
1.0,1,0.76904184
0.0,0,0.09639581
1.0,1,0.9680635
1.0,1,0.93837726
0.0,0,0.285212
0.0,0,0.20691209
1.0,1,0.9594754
1.0,1,0.96512276
0.0,0,0.019348796
1.0,1,0.954704
1.0,1,0.93807065
0.0,0,0.034763906
0.0,0,0.022064744
1.0,1,0.9720424
0.0,0,0.001839418
1.0,1,0.956449
0.0,0,0.0074273185
1.0,1,0.97115535
0.0,0,0.0049170484
1.0,1,0.9857583
0.0,0,0.008455664
0.0,0,0.04505653
0.0,1,0.4383364
1.0,1,0.82377714
0.0,0,0.0032961422
0.0,1,0.9141427
0.0,0,0.26297125
1.0,1,0.9171102
1.0,1,0.9790648
1.0,1,0.9818184
0.0,0,0.018261747
1.0,1,0.7386932
1.0,1,0.9780903
1.0,1,0.9707732
1.0,1,0.92670155
0.0,0,0.011489359
1.0,1,0.9725665
1.0,1,0.9587099
0.0,0,0.015317506
1.0,1,0.89427376
1.0,1,0.8885064
1.0,0,0.38204247
1.0,1,0.78816146
0.0,0,0.09840219
0.0,0,0.026401
1.0,1,0.96941984
1.0,1,0.6439544
1.0,1,0.8822246
0.0,0,0.085116595
0.0,0,0.040829998
0.0,0,0.13704593
1.0,1,0.9747483
1.0,1,0.96650547
1.0,1,0.75965977
1.0,1,0.8924392
0.0,1,0.6317103
1.0,1,0.9824142
0.0,0,0.3130202
1.0,0,0.38620457
1.0,1,0.98187417
1.0,1,0.8043258
1.0,1,0.9010012
1.0,1,0.97512746
0.0,1,0.4918768
1.0,1,0.8585596
0.0,1,0.69488764
1.0,1,0.94519055
1.0,1,0.7748494
0.0,0,0.008037874
1.0,1,0.90576535
0.0,0,0.007532198
0.0,0,0.035199877
0.0,0,0.027074039
0.0,0,0.017182054
0.0,0,0.013966738
0.0,1,0.71817017
0.0,0,0.38168353
1.0,1,0.9748331
1.0,1,0.9052818
0.0,0,0.0031763283
1.0,1,0.53553164
1.0,1,0.85062814
0.0,0,0.028871248
1.0,1,0.4792372
0.0,0,0.024286816
0.0,0,0.19316334
0.0,0,0.0023410176
0.0,0,0.010400769
0.0,0,0.12325258
1.0,1,0.96598995
1.0,1,0.7916538
0.0,0,0.23328665
1.0,1,0.78699815
0.0,0,0.010727271
0.0,0,0.037483614
0.0,0,0.013220648
1.0,0,0.3236303
0.0,0,0.034683704
1.0,1,0.9664562
1.0,1,0.79616755
0.0,0,0.06130767
1.0,1,0.98050106
1.0,1,0.79269034
1.0,1,0.93708557
1.0,1,0.88520175
0.0,0,0.04253975
0.0,1,0.44982758
1.0,1,0.9246053
1.0,1,0.8952774
1.0,1,0.90712786
0.0,0,0.038431354
1.0,1,0.80135596
1.0,1,0.982337
1.0,1,0.94451165
0.0,1,0.7523374
0.0,0,0.1755669
0.0,0,0.03247614
1.0,1,0.9680532
1.0,1,0.9613372
0.0,0,0.06838881
0.0,0,0.02704187
0.0,1,0.8340847
0.0,0,0.26638594
0.0,0,0.022377156
1.0,1,0.85952544
0.0,0,0.024561042
0.0,0,0.0055923644
1.0,1,0.9406504
0.0,0,0.11754661
0.0,0,0.018771129
1.0,1,0.62758154
0.0,0,0.41921034
0.0,0,0.40238544
1.0,1,0.9771361
1.0,1,0.987053
0.0,1,0.43585506
1.0,1,0.9663694
0.0,0,0.14668421
0.0,1,0.7944491
0.0,0,0.014830298
0.0,1,0.958406
0.0,0,0.21801539
1.0,1,0.9777272
0.0,0,0.011298676
1.0,0,0.26293406
0.0,0,0.026292067
1.0,1,0.9139214
0.0,0,0.07506354
0.0,0,0.25090742
0.0,0,0.044510476
0.0,0,0.023111777
0.0,0,0.04656931
0.0,0,0.04888114
0.0,0,0.015056088
0.0,0,0.23763043
0.0,0,0.0352666
1.0,1,0.9749988
0.0,0,0.045325868
0.0,0,0.008787615
1.0,1,0.8888427
1.0,0,0.38521564
0.0,0,0.01327029
0.0,0,0.0022671204
1.0,1,0.8343932
0.0,0,0.006190713
0.0,0,0.0015302867
1.0,1,0.7879089
0.0,0,0.0013723522
1.0,1,0.97562194
0.0,1,0.7041931
1.0,1,0.908684
0.0,0,0.34080675
1.0,1,0.96578836
0.0,0,0.008834243
1.0,1,0.95764595
0.0,0,0.24432662
0.0,0,0.019693118
0.0,0,0.30516312
1.0,1,0.9588269
0.0,0,0.014445422
1.0,1,0.94526315
0.0,0,0.2712894
0.0,0,0.14470461
1.0,0,0.3395535
1.0,1,0.74386334
1.0,1,0.698084
0.0,0,0.13205944
1.0,1,0.84018177
0.0,0,0.14956224
1.0,1,0.98201936
1.0,1,0.9361055
1.0,1,0.97013587
1.0,1,0.9421015
1.0,1,0.96498805
1.0,1,0.9766183
1.0,1,0.69217587
0.0,0,0.052675683
0.0,0,0.013586762
1.0,1,0.8407464
0.0,0,0.16799054
1.0,1,0.968754
1.0,1,0.8323369
0.0,0,0.023712652
0.0,1,0.449872
0.0,0,0.050308555
1.0,1,0.9663534
0.0,0,0.011554316
1.0,1,0.8012778
1.0,1,0.96466786
1.0,1,0.9749891
0.0,0,0.003067729
0.0,0,0.10639266
1.0,1,0.97727627
1.0,1,0.97580224
0.0,0,0.0967027
0.0,0,0.03909861
1.0,1,0.9802685
1.0,1,0.7637507
0.0,0,0.007099453
0.0,0,0.008570278
1.0,1,0.8907543
1.0,1,0.96019644
1.0,1,0.9626449
0.0,0,0.016306462
0.0,0,0.013087039
0.0,0,0.001055469
1.0,1,0.9837979
0.0,0,0.011620956
0.0,0,0.033559658
1.0,1,0.76089716
1.0,1,0.8082863
1.0,1,0.84756017
1.0,1,0.78296393
1.0,1,0.98033434
0.0,1,0.52138233
0.0,1,0.44522852
0.0,0,0.010824747
1.0,1,0.94012696
1.0,1,0.8725731
0.0,0,0.011103982
1.0,1,0.8328947
0.0,0,0.38412243
0.0,0,0.0058435258
1.0,1,0.64847475
1.0,0,0.2942859
0.0,0,0.015185212
0.0,0,0.023538567
0.0,1,0.49919677
0.0,0,0.025628759
0.0,0,0.017556876
1.0,0,0.3165404
0.0,0,0.040179204
0.0,0,0.0009773363
0.0,1,0.50776505
0.0,0,0.012697336
1.0,0,0.38328394
1.0,1,0.9531799
0.0,0,0.029687183
1.0,1,0.9707725
0.0,0,0.13242362
0.0,0,0.026297811
1.0,1,0.96010894
0.0,0,0.021004504
0.0,1,0.68053055
0.0,0,0.02669731
1.0,1,0.9757204
1.0,1,0.97834325
1.0,1,0.9546595
1.0,1,0.9642674
1.0,1,0.9517151
1.0,1,0.98139083
0.0,1,0.45341662
1.0,1,0.5841634
0.0,0,0.33456567
0.0,0,0.0065203765
0.0,0,0.004361067
1.0,1,0.9621745
0.0,0,0.024237689
0.0,0,0.17800602
1.0,1,0.90586007
0.0,0,0.13568561
0.0,0,0.21865916
1.0,1,0.8920201
0.0,0,0.09724787
0.0,0,0.008207221
1.0,1,0.9741225
1.0,1,0.982617
0.0,0,0.035039097
1.0,1,0.85323536
0.0,0,0.0072997436
0.0,0,0.20470539
1.0,1,0.910295
0.0,0,0.102913044
1.0,1,0.97099715
0.0,1,0.9043441
0.0,1,0.48861474
0.0,0,0.0024293177
1.0,1,0.9263623
0.0,1,0.80742025
1.0,1,0.9741183
1.0,1,0.8533932
1.0,1,0.8685534
1.0,1,0.9371432
1.0,1,0.77696085
0.0,0,0.012193192
1.0,1,0.89205754
0.0,0,0.041720565
0.0,0,0.32888728
1.0,0,0.32168898
1.0,1,0.9165953
1.0,1,0.46441755
1.0,1,0.89842033
0.0,0,0.41014832
0.0,0,0.12066837
0.0,0,0.084340975
0.0,1,0.4763065
0.0,0,0.03290268
1.0,1,0.98590875
0.0,0,0.2723805
0.0,0,0.035951953
0.0,1,0.9703762
0.0,0,0.0023729606
0.0,0,0.022172054
1.0,1,0.97947973
1.0,1,0.9529834
0.0,0,0.025251564
0.0,1,0.45816478
1.0,1,0.917651
1.0,1,0.78837895
0.0,0,0.029485904
0.0,0,0.0072874217
1.0,1,0.9646114
1.0,0,0.24703236
1.0,1,0.9344131
1.0,1,0.59038943
0.0,0,0.10167013
1.0,1,0.97135514
1.0,1,0.97127175
1.0,1,0.981314
0.0,1,0.43674463
0.0,0,0.03451387
0.0,0,0.0010254395
1.0,1,0.98108417
1.0,1,0.93370223
1.0,1,0.62906706
1.0,1,0.95540255
0.0,0,0.033930223
1.0,1,0.96544385
0.0,0,0.12332173
0.0,0,0.24755333
0.0,1,0.67990303
0.0,0,0.02553966
0.0,0,0.10440748
1.0,1,0.97949904
0.0,0,0.07952725
0.0,0,0.030630166
0.0,0,0.0089412695
0.0,0,0.014446006
1.0,1,0.9642608
1.0,1,0.94569933
1.0,1,0.9471131
1.0,1,0.8989054
0.0,0,0.13298057
1.0,1,0.9766929
1.0,1,0.7759957
0.0,1,0.7864618
1.0,1,0.9707471
1.0,1,0.75234497
0.0,0,0.014904543
1.0,1,0.64790714
0.0,0,0.22200145
1.0,1,0.88581055
1.0,1,0.9570012
1.0,1,0.9780095
0.0,0,0.0064794347
0.0,0,0.0083127
0.0,0,0.010465393
0.0,0,0.03935462
1.0,1,0.97040725
0.0,1,0.5856143
0.0,0,0.0055439826
1.0,1,0.7839224
0.0,0,0.019361667
1.0,1,0.9097394
1.0,1,0.96739244
1.0,1,0.97288907
1.0,1,0.9434672
1.0,1,0.65173507
1.0,1,0.9493154
0.0,1,0.84193575
0.0,0,0.0061055836
0.0,0,0.027062846
0.0,0,0.010327998
0.0,0,0.0037394045
1.0,1,0.779676
1.0,1,0.9506777
1.0,1,0.93284774
1.0,1,0.9456235
0.0,0,0.032472804
0.0,0,0.037273858
0.0,0,0.084148504
1.0,1,0.979408
1.0,1,0.926903
1.0,1,0.98337847
0.0,1,0.77784795
1.0,1,0.86963636
1.0,1,0.8322892
1.0,1,0.6936821
0.0,0,0.008274907
0.0,0,0.3139579
1.0,1,0.9742976
1.0,1,0.9712915
1.0,1,0.88055694
0.0,0,0.017367726
0.0,0,0.004382807
0.0,0,0.028960021
0.0,0,0.12286871
0.0,0,0.006062155
0.0,0,0.07723868
0.0,0,0.02235349
0.0,0,0.024995545
1.0,1,0.976403
1.0,1,0.95377403
0.0,0,0.03559205
1.0,1,0.9810485
1.0,1,0.9465015
1.0,1,0.8901477
0.0,0,0.037198972
1.0,1,0.9686421
0.0,0,0.033099085
0.0,0,0.39808658
1.0,1,0.48280773
1.0,1,0.52331704
1.0,1,0.95872295
0.0,0,0.009314191
1.0,1,0.98031723
1.0,1,0.9752661
0.0,0,0.11489062
0.0,1,0.8171084
1.0,1,0.8996128
0.0,0,0.0024521751
1.0,0,0.15697362
0.0,0,0.013951393
1.0,1,0.6281204
0.0,1,0.69928014
1.0,1,0.7961331
1.0,1,0.7324078
1.0,1,0.946244
0.0,0,0.035259042
1.0,1,0.98038745
0.0,0,0.028708851
1.0,1,0.8487959
1.0,1,0.97962767
1.0,1,0.9629573
1.0,1,0.6990634
0.0,1,0.93182355
0.0,0,0.08535402
0.0,1,0.52428967
0.0,0,0.31242096
0.0,1,0.9086671
0.0,1,0.87270665
1.0,1,0.9609183
0.0,0,0.016572105
1.0,1,0.89598924
0.0,0,0.12674342
0.0,0,0.0135240145
1.0,1,0.89057934
0.0,0,0.19325279
1.0,0,0.36771327
0.0,0,0.051979892
1.0,1,0.9860718
0.0,0,0.016660694
0.0,0,0.017391466
0.0,0,0.032129705
1.0,1,0.8438366
1.0,1,0.9705259
0.0,1,0.69506717
0.0,0,0.008188768
1.0,1,0.8380687
1.0,1,0.95174336
0.0,0,0.08347754
0.0,0,0.024967235
1.0,1,0.96098095
0.0,0,0.117805436
1.0,1,0.7875564
0.0,0,0.016304526
1.0,1,0.95745695
1.0,1,0.970907
0.0,1,0.5552856
0.0,0,0.005104415
0.0,0,0.026707701
1.0,1,0.9131791
0.0,0,0.029277802
1.0,1,0.96569395
1.0,1,0.546842
0.0,0,0.27035776
0.0,1,0.6897252
0.0,0,0.3841102
1.0,1,0.9749379
0.0,0,0.14884837
1.0,1,0.9316659
1.0,1,0.9655677
0.0,0,0.00195677
1.0,1,0.9418807
0.0,0,0.010114774
1.0,1,0.97294194
1.0,1,0.74945444
1.0,1,0.9742587
1.0,1,0.9483012
0.0,0,0.011746716
0.0,0,0.014092012
0.0,0,0.1462319
0.0,0,0.09765806
0.0,0,0.15364715
0.0,1,0.49617898
0.0,1,0.80361784
1.0,1,0.78131145
0.0,0,0.27075267
0.0,0,0.10091848
0.0,0,0.03290676
0.0,0,0.05219534
1.0,1,0.96188533
0.0,0,0.010323095
1.0,1,0.7613014
1.0,1,0.7909623
1.0,1,0.97544396
0.0,0,0.015845986
0.0,0,0.0032606588
1.0,1,0.938936
0.0,0,0.044038646
0.0,0,0.012359994
1.0,1,0.73870015
1.0,1,0.87099344
1.0,1,0.97286195
1.0,1,0.96176994
0.0,0,0.06115825
0.0,0,0.0051325383
0.0,0,0.022918483
1.0,1,0.7250991
0.0,0,0.022907121
0.0,0,0.014242106
0.0,1,0.7048536
0.0,0,0.007605743
0.0,0,0.014230044
1.0,1,0.8645163
1.0,0,0.38133082
0.0,1,0.9377215
0.0,0,0.093726836
0.0,0,0.16525722
0.0,0,0.009837749
1.0,1,0.9808075
1.0,1,0.5071122
0.0,0,0.010797812
1.0,1,0.8366544
1.0,1,0.9816434
1.0,1,0.97879183
1.0,1,0.93541104
0.0,1,0.4981543
0.0,0,0.045764152
1.0,1,0.9054165
1.0,1,0.9834271
1.0,1,0.984094
1.0,1,0.5704849
1.0,1,0.9843166
0.0,0,0.009597271
0.0,1,0.9688974
0.0,0,0.0047190813
1.0,1,0.9739157
0.0,0,0.04690339
1.0,1,0.95009834
1.0,1,0.98083407
0.0,0,0.01012104
1.0,1,0.98174477
1.0,1,0.9673988
0.0,0,0.028589725
1.0,1,0.9143246
1.0,1,0.9855621
1.0,1,0.6146445
1.0,1,0.87643903
1.0,1,0.72592604
0.0,0,0.034577284
0.0,0,0.04138443
0.0,0,0.0008899685
0.0,0,0.13642593
0.0,0,0.004341438
1.0,1,0.9701097
0.0,1,0.9105759
1.0,1,0.8920968
0.0,1,0.61075425
0.0,0,0.08893258
1.0,1,0.9769737
0.0,0,0.021422893
1.0,1,0.9798177
1.0,1,0.89223176
1.0,1,0.97732043
1.0,1,0.9335222
1.0,1,0.8249861
1.0,1,0.9682024
0.0,0,0.11725114
1.0,1,0.9554855
0.0,0,0.0054212254
0.0,0,0.02710375
0.0,0,0.1474255
1.0,1,0.9017062
0.0,0,0.32795566
0.0,0,0.015982764
0.0,0,0.41656423
0.0,0,0.02288531
0.0,1,0.7102155
0.0,0,0.009658835
1.0,1,0.75412536
1.0,1,0.73095334
1.0,1,0.61643976
0.0,0,0.14729863
1.0,1,0.9844267
1.0,1,0.9864068
0.0,0,0.0043630223
1.0,1,0.6119381
0.0,0,0.030785087
1.0,1,0.8185508
0.0,0,0.120944224
0.0,0,0.07924301
0.0,0,0.016953547
0.0,0,0.035540856
0.0,0,0.19446106
1.0,1,0.8152456
0.0,1,0.44894597
0.0,0,0.024610259
1.0,1,0.87390745
1.0,1,0.96629393
1.0,0,0.19161077
1.0,1,0.9729711
1.0,0,0.36405176
1.0,1,0.9052987
0.0,0,0.09272107
1.0,1,0.9847915
1.0,1,0.9765586
0.0,0,0.03061025
1.0,1,0.783125
1.0,1,0.8526916
1.0,1,0.9667917
1.0,1,0.975656
1.0,1,0.9753895
0.0,0,0.014094139
1.0,1,0.9697119
1.0,1,0.7876007
0.0,0,0.34081298
1.0,1,0.9536371
1.0,1,0.9724089
1.0,1,0.9656245
0.0,0,0.0019460734
0.0,0,0.01188072
1.0,1,0.87357855
0.0,0,0.03758274
1.0,1,0.89713883
1.0,1,0.98363984
0.0,0,0.08246917
0.0,0,0.026553383
1.0,0,0.3501564
1.0,1,0.6592716
0.0,0,0.03419981
1.0,1,0.89145577
1.0,1,0.94853866
1.0,1,0.58714175
0.0,0,0.31265277
1.0,1,0.63481784
0.0,0,0.02526644
1.0,1,0.972224
1.0,1,0.93383175
0.0,0,0.28797477
1.0,1,0.9659697
0.0,1,0.5463582
0.0,0,0.123065926
0.0,0,0.003119458
0.0,0,0.18076253
1.0,1,0.88834643
0.0,0,0.047012623
0.0,0,0.006166984
0.0,0,0.23592867
1.0,1,0.73629606
1.0,1,0.88662124
1.0,1,0.8953771
1.0,1,0.98079324
1.0,1,0.78235316
0.0,0,0.021743573
1.0,1,0.9751144
0.0,1,0.5005555
0.0,0,0.010304638
0.0,0,0.12099019
1.0,1,0.9780488
0.0,0,0.021480324
1.0,1,0.9640496
1.0,1,0.9574401
1.0,1,0.7485152
0.0,0,0.014848853
0.0,0,0.0038734698
1.0,1,0.730935
0.0,0,0.04391703
0.0,0,0.01817299
1.0,1,0.53986454
0.0,0,0.14367177
1.0,1,0.9539119
1.0,1,0.9729444
0.0,0,0.23252474
1.0,1,0.95731854
0.0,1,0.8830147
1.0,1,0.891194
0.0,0,0.0068108235
0.0,0,0.031822484
1.0,1,0.93976957
0.0,0,0.0009844454
0.0,0,0.018306348
0.0,0,0.15947877
1.0,1,0.6759414
1.0,1,0.967761
0.0,0,0.005815735
0.0,1,0.4512192
0.0,0,0.081181735
1.0,1,0.975588
0.0,0,0.020251522
1.0,1,0.93642163
0.0,0,0.0057976437
0.0,1,0.63640285
0.0,0,0.06392389
0.0,0,0.08596586
0.0,0,0.1737335
0.0,0,0.064713776
1.0,1,0.7608292
0.0,0,0.3522809
0.0,0,0.023912724
0.0,0,0.019261768
0.0,0,0.084787816
1.0,1,0.93801427
1.0,1,0.742604
1.0,1,0.90894157
1.0,1,0.9728072
1.0,1,0.9759568
0.0,0,0.010187809
0.0,0,0.0039134054
1.0,1,0.9682201
1.0,1,0.95533085
0.0,0,0.034033306
0.0,0,0.039425366
1.0,1,0.98291343
1.0,1,0.9073638
1.0,1,0.79291785
1.0,1,0.9779524
0.0,1,0.47188172
1.0,1,0.73643017
1.0,1,0.7555182
0.0,0,0.0019979759
0.0,0,0.037081257
1.0,1,0.6810018
0.0,0,0.14794394
1.0,1,0.9541795
0.0,1,0.4223369
1.0,1,0.93959
1.0,1,0.8932288
0.0,0,0.021886626
1.0,1,0.89136577
0.0,0,0.29559287
0.0,0,0.013240146
0.0,0,0.004932766
0.0,1,0.8877813
0.0,0,0.07950555
1.0,1,0.9815129
0.0,0,0.05842627
0.0,0,0.12478992
0.0,1,0.4609201
0.0,0,0.11306266
1.0,1,0.98504674
1.0,1,0.9655341
0.0,1,0.46497795
1.0,1,0.8619295
0.0,0,0.0062596574
1.0,1,0.8078118
0.0,0,0.03498615
1.0,1,0.9671383
1.0,1,0.97094035
1.0,1,0.91962385
0.0,0,0.0125465505
0.0,0,0.017320825
0.0,0,0.37963203
1.0,1,0.92776155
0.0,0,0.38455033
1.0,1,0.780552
0.0,0,0.011404311
0.0,0,0.19829765
0.0,0,0.054802913
1.0,1,0.84434503
1.0,1,0.9460369
0.0,1,0.7083889
1.0,1,0.95584035
0.0,0,0.04062287
1.0,1,0.93588233
1.0,1,0.8182844
1.0,1,0.877597
0.0,0,0.096795335
0.0,0,0.17245705
0.0,0,0.19199696
0.0,0,0.05545746
0.0,0,0.033004135
1.0,1,0.975326
1.0,0,0.1986433
0.0,0,0.26163492
0.0,0,0.0069070095
0.0,0,0.010040163
0.0,0,0.00095926784
0.0,0,0.054859776
0.0,0,0.0015004813
0.0,0,0.018091096
1.0,1,0.9860152
1.0,1,0.96903783
0.0,0,0.071770065
0.0,0,0.03432394
1.0,1,0.61334205
1.0,1,0.82336676
1.0,1,0.71368265
1.0,1,0.97743237
0.0,0,0.0060695834
1.0,1,0.9641572
0.0,0,0.2759972
1.0,1,0.8822044
1.0,1,0.970889
1.0,1,0.9041599
1.0,1,0.851192
0.0,0,0.26927942
1.0,1,0.75464493
1.0,1,0.95006055
1.0,1,0.97529924
1.0,1,0.8484664
0.0,1,0.9310242
1.0,1,0.83103716
0.0,0,0.036865342
1.0,1,0.88337666
0.0,0,0.2863512
0.0,0,0.32474133
0.0,0,0.014701632
0.0,0,0.016254479
0.0,0,0.019467887
0.0,1,0.9322947
1.0,1,0.7814096
0.0,0,0.0019417448
1.0,1,0.98559374
0.0,0,0.041509602
1.0,1,0.77850324
1.0,1,0.95870394
0.0,0,0.008882958
0.0,0,0.15498732
1.0,1,0.8194968
0.0,0,0.4039423
0.0,0,0.0042090532
0.0,0,0.009552065
0.0,1,0.9745073
1.0,1,0.98321337
1.0,1,0.98453206
0.0,0,0.008623635
0.0,0,0.04337751
0.0,0,0.018658035
1.0,1,0.9500898
0.0,0,0.024899473
0.0,0,0.024152197
1.0,1,0.98123133
1.0,1,0.79918075
0.0,0,0.36925572
0.0,0,0.05129579
0.0,0,0.022913676
1.0,1,0.9464972
0.0,0,0.010233663
1.0,1,0.9315101
1.0,1,0.9803812
1.0,1,0.97540337
1.0,1,0.94796246
0.0,0,0.14802302
1.0,1,0.8594204
0.0,0,0.041494627
0.0,0,0.114486866
0.0,0,0.011774869
0.0,0,0.0093405135
0.0,0,0.22841938
0.0,0,0.020794893
1.0,1,0.9030136
0.0,1,0.8779545
0.0,0,0.054973666
1.0,1,0.96924406
1.0,1,0.94121516
1.0,1,0.9510712
1.0,1,0.9753981
1.0,1,0.8065754
0.0,0,0.0034955016
0.0,0,0.011074876
0.0,0,0.00940474
1.0,1,0.9627875
0.0,1,0.95583516
1.0,1,0.7509264
0.0,0,0.0027603484
1.0,1,0.59057474
0.0,0,0.06909426
0.0,0,0.011707213
1.0,1,0.97869986
0.0,0,0.031312004
0.0,0,0.0028600432
0.0,0,0.015280626
1.0,1,0.94524217
1.0,1,0.95959496
0.0,0,0.010440292
1.0,1,0.6211954
1.0,1,0.967004
1.0,1,0.7374595
0.0,0,0.022684086
0.0,0,0.00709233
0.0,0,0.2940723
1.0,1,0.98309034
1.0,1,0.9799158
0.0,0,0.01724958
0.0,0,0.22219142
0.0,0,0.00748606
0.0,0,0.03633606
0.0,0,0.012300003
0.0,1,0.97132206
0.0,0,0.092280336
1.0,1,0.95293665
0.0,0,0.027679347
0.0,0,0.014486768
1.0,1,0.67258
1.0,1,0.9682147
1.0,1,0.9585088
1.0,1,0.69664514
1.0,1,0.934563
0.0,0,0.2511158
1.0,1,0.8941365
0.0,0,0.014611585
0.0,0,0.032619882
1.0,1,0.50576454
1.0,1,0.87974936
1.0,1,0.94440496
1.0,1,0.90534663
1.0,1,0.6626202
0.0,0,0.15111981
1.0,1,0.8560396
1.0,0,0.011345797
1.0,1,0.9722551
0.0,0,0.080649056
0.0,0,0.04440019
0.0,1,0.62453985
0.0,0,0.060973786
1.0,0,0.38911635
0.0,0,0.28192833
0.0,0,0.0015842958
0.0,0,0.014107994
1.0,1,0.97952425
1.0,1,0.97377986
0.0,0,0.06936359
1.0,0,0.18816757
1.0,1,0.5818807
0.0,1,0.68506306
1.0,1,0.8953968
0.0,0,0.039703406
1.0,1,0.98197466
0.0,0,0.02235822
0.0,0,0.056192946
1.0,1,0.9446761
0.0,0,0.09179586
0.0,0,0.006974035
1.0,1,0.9750428
0.0,0,0.059737463
1.0,1,0.89320165
1.0,1,0.89385724
0.0,0,0.087115295
0.0,0,0.10928941
0.0,0,0.054452077
1.0,1,0.9745354
1.0,1,0.8757304
0.0,0,0.25038534
0.0,0,0.023415234
0.0,0,0.07010178
1.0,1,0.779783
1.0,1,0.8962069
1.0,1,0.917747
0.0,1,0.637827
0.0,0,0.048726186
1.0,1,0.95456
0.0,0,0.052178383
1.0,1,0.96475023
0.0,0,0.010661244
1.0,1,0.9634217
1.0,1,0.9168738
1.0,1,0.91120875
0.0,0,0.06265932
1.0,1,0.8388146
1.0,1,0.9783503
0.0,0,0.0040493673
1.0,1,0.9110259
0.0,0,0.032317042
0.0,0,0.014847439
1.0,1,0.86336255
1.0,0,0.12725566
0.0,0,0.33816805
0.0,0,0.018611869
0.0,1,0.69916975
0.0,0,0.10267037
1.0,1,0.7196237
1.0,1,0.83156
0.0,1,0.47428048
1.0,1,0.9235645
1.0,1,0.9598144
0.0,0,0.25951552
0.0,0,0.11043677
0.0,0,0.23524788
0.0,0,0.0017434731
0.0,0,0.04147594
0.0,0,0.017519698
1.0,1,0.7811742
1.0,1,0.96587557
0.0,0,0.033804264
1.0,1,0.9367879
0.0,0,0.013100675
0.0,0,0.06086913
0.0,0,0.027648462
1.0,1,0.91048485
1.0,1,0.97294503
0.0,0,0.103165984
0.0,0,0.017638685
0.0,0,0.052132625
0.0,0,0.03829039
1.0,1,0.49213547
0.0,0,0.009644285
1.0,1,0.97367597
1.0,1,0.9512677
1.0,1,0.91963494
0.0,1,0.4215588
1.0,0,0.13418142
0.0,0,0.011895575
1.0,1,0.94395185
1.0,1,0.8975154
0.0,0,0.014996171
1.0,1,0.66308606
0.0,0,0.25657222
1.0,1,0.95748585
1.0,0,0.31500974
0.0,0,0.026332932
0.0,0,0.086355984
1.0,1,0.98441756
0.0,0,0.00319345
0.0,0,0.120098114
0.0,0,0.0037036159
0.0,0,0.009601142
0.0,1,0.7266642
0.0,0,0.032850765
1.0,1,0.9726123
0.0,0,0.06257458
0.0,0,0.32220995
1.0,1,0.97642815
0.0,0,0.010381826
1.0,1,0.94583184
1.0,1,0.44758877
0.0,1,0.6161237
0.0,0,0.002864115
0.0,0,0.016104037
1.0,1,0.8850553
0.0,0,0.024678404
1.0,1,0.9202522
0.0,0,0.39966694
0.0,0,0.31188166
1.0,1,0.97255236
1.0,1,0.77805597
0.0,0,0.02535614
0.0,0,0.060308784
0.0,0,0.21575223
1.0,1,0.9668392
0.0,0,0.003074326
0.0,0,0.023284312
0.0,0,0.024810212
1.0,1,0.96909106
0.0,0,0.03957554
1.0,1,0.84459674
0.0,0,0.0013152182
0.0,0,0.3567754
1.0,1,0.80359906
0.0,0,0.0536589
1.0,1,0.9835924
1.0,1,0.93349564
0.0,0,0.23253089
0.0,0,0.21510105
0.0,1,0.9824503
0.0,1,0.69114155
0.0,0,0.03785144
1.0,1,0.7233434
1.0,1,0.9632363
1.0,1,0.9398917
0.0,0,0.0198089
1.0,1,0.9392752
0.0,0,0.035534263
1.0,1,0.97777635
1.0,1,0.85770786
0.0,0,0.015729874
0.0,0,0.013702153
0.0,0,0.06323258
1.0,1,0.96674037
0.0,0,0.0952185
0.0,0,0.025066096
0.0,0,0.025843412
0.0,0,0.03414565
1.0,1,0.9541025
1.0,1,0.8491306
1.0,1,0.82585704
0.0,0,0.09885352
0.0,0,0.17448108
1.0,1,0.85983217
0.0,0,0.016583672
1.0,1,0.8997703
1.0,1,0.9458409
1.0,1,0.9030654
1.0,1,0.9840865
0.0,0,0.016643776
0.0,0,0.18740389
1.0,1,0.82823557
0.0,0,0.08830887
0.0,0,0.07880108
0.0,0,0.12116997
0.0,0,0.020195892
1.0,1,0.9782738
1.0,1,0.878669
1.0,1,0.969078
1.0,1,0.9758145
0.0,0,0.062048502
0.0,0,0.12818062
1.0,1,0.98214704
0.0,0,0.028935209
1.0,1,0.9671769
0.0,0,0.03941501
1.0,0,0.052975357
0.0,0,0.06741455
0.0,0,0.07500708
1.0,1,0.9772573
0.0,0,0.018794846
0.0,0,0.21096046
0.0,0,0.024434272
1.0,1,0.9614266
1.0,1,0.44772524
1.0,1,0.9720072
0.0,0,0.009860144
0.0,0,0.006010725
0.0,0,0.003978478
0.0,0,0.027657283
0.0,1,0.49359754
0.0,0,0.095893316
0.0,0,0.07563403
0.0,0,0.06668476
0.0,0,0.006670965
0.0,1,0.48876905
1.0,1,0.7831914
0.0,0,0.03130562
0.0,0,0.03500504
1.0,0,0.03759293
1.0,1,0.9711564
1.0,1,0.9527898
0.0,0,0.15884148
1.0,1,0.9671587
0.0,0,0.023730168
1.0,1,0.8146095
0.0,1,0.59971297
1.0,1,0.9635229
1.0,1,0.9811284
0.0,0,0.01838791
1.0,1,0.8773762
0.0,0,0.30341434
1.0,1,0.9665873
0.0,0,0.30622318
1.0,1,0.9798222
1.0,1,0.9794658
0.0,0,0.01488638
0.0,0,0.0831798
0.0,0,0.17588113
0.0,0,0.0886367
0.0,0,0.01574709
1.0,1,0.969347
0.0,0,0.0006841717
1.0,1,0.81117994
0.0,0,0.18155758
0.0,0,0.0400868
1.0,1,0.9813058
1.0,1,0.87003165
1.0,1,0.8592402
1.0,1,0.7707377
0.0,0,0.0047279606
1.0,1,0.9702914
1.0,1,0.981512
1.0,1,0.9706223
0.0,0,0.23728625
0.0,1,0.7527597
0.0,0,0.11665962
0.0,0,0.018183501
0.0,0,0.17765789
0.0,1,0.7699684
1.0,1,0.95509785
0.0,0,0.034628343
1.0,1,0.70810556
0.0,1,0.6702285
1.0,1,0.9837461
0.0,0,0.006313254
1.0,1,0.95751154
1.0,1,0.9738875
0.0,0,0.005979208
0.0,0,0.001988374
1.0,1,0.96724355
1.0,1,0.97612774
1.0,1,0.9816205
1.0,1,0.9731454
0.0,0,0.17894702
0.0,0,0.008868906
0.0,0,0.07559779
0.0,0,0.048433155
0.0,0,0.040280662
1.0,1,0.87261385
0.0,0,0.017794577
1.0,1,0.96474695
1.0,1,0.8158263
1.0,1,0.9828915
0.0,0,0.002805918
0.0,0,0.048956413
1.0,1,0.9795997
0.0,0,0.11211024
0.0,0,0.018027607
0.0,0,0.09081496
0.0,0,0.06605337
0.0,0,0.012692197
1.0,1,0.94342923
0.0,0,0.008049013
1.0,1,0.93591297
1.0,1,0.92251265
1.0,1,0.46688282
0.0,1,0.4523825
1.0,1,0.90738994
1.0,1,0.770921
0.0,0,0.034338824
0.0,0,0.116979666
1.0,1,0.8962902
0.0,0,0.32940033
0.0,0,0.010693899
1.0,1,0.76482475
1.0,1,0.96524596
1.0,1,0.7467346
1.0,1,0.7508036
0.0,0,0.06346076
1.0,1,0.9736996
1.0,1,0.82948077
1.0,1,0.9297568
1.0,0,0.40332338
1.0,1,0.9798564
0.0,0,0.030789888
1.0,1,0.92237556
1.0,1,0.88924384
1.0,1,0.9556837
1.0,1,0.98534024
1.0,0,0.17361237
0.0,0,0.28486273
1.0,1,0.96150064
0.0,1,0.42355314
0.0,0,0.007295242
1.0,1,0.78756547
0.0,0,0.06850787
1.0,1,0.9842896
0.0,0,0.0130594345
1.0,1,0.9077091
1.0,1,0.96248144
1.0,1,0.4642025
0.0,0,0.06674685
1.0,1,0.8197154
0.0,1,0.6967387
0.0,1,0.9553062
1.0,1,0.85822594
1.0,1,0.92697054
1.0,1,0.8195356
0.0,0,0.005773176
1.0,0,0.28679496
0.0,1,0.49434337
0.0,0,0.09606121
0.0,0,0.09011418
0.0,1,0.6884969
0.0,0,0.052288853
0.0,0,0.019984601
0.0,0,0.011082409
1.0,1,0.7321327
0.0,0,0.0063567744
0.0,0,0.006483414
1.0,1,0.9661387
0.0,0,0.31215394
0.0,0,0.053735945
1.0,1,0.9594716
0.0,0,0.11340412
1.0,1,0.98376566
1.0,1,0.95095956
0.0,0,0.06293868
1.0,1,0.9820569
1.0,1,0.9487869
1.0,1,0.9812479
0.0,0,0.1989272
1.0,1,0.45436725
0.0,1,0.457663
1.0,1,0.92750317
0.0,0,0.09791062
0.0,0,0.0019721529
0.0,0,0.22152865
0.0,0,0.045245986
1.0,1,0.9814514
1.0,1,0.9774519
1.0,1,0.97503525
0.0,0,0.024900824
0.0,0,0.33562776
0.0,0,0.15147263
1.0,1,0.96889716
0.0,0,0.35447234
1.0,1,0.8536455
1.0,1,0.9804886
1.0,0,0.3933541
0.0,0,0.22522695
1.0,1,0.7705127
0.0,1,0.4655981
1.0,1,0.95562774
1.0,0,0.27224275
1.0,1,0.91440403
0.0,0,0.013480984
0.0,0,0.021466238
1.0,1,0.7150503
0.0,0,0.01762241
1.0,1,0.9823439
1.0,1,0.879874
1.0,1,0.9841125
1.0,1,0.8625064
0.0,0,0.016891649
1.0,1,0.9820229
1.0,1,0.8613496
0.0,0,0.06683777
0.0,0,0.06306233
1.0,1,0.927954
0.0,0,0.071238585
1.0,1,0.93571687
1.0,1,0.9676088
0.0,0,0.3177083
1.0,1,0.89682853
0.0,0,0.16730091
1.0,1,0.9696119
0.0,0,0.017804988
1.0,1,0.9813682
0.0,0,0.0072525674
1.0,1,0.96748126
1.0,1,0.9624229
1.0,1,0.98075277
1.0,1,0.7541497
1.0,1,0.6304841
0.0,0,0.108707644
0.0,0,0.014769788
1.0,1,0.95130926
0.0,0,0.03198247
0.0,0,0.041458134
0.0,0,0.19213536
0.0,0,0.010666814
1.0,1,0.9802324
0.0,0,0.16167924
0.0,0,0.0479012
1.0,1,0.95157486
1.0,1,0.66137296
1.0,0,0.17107116
0.0,0,0.01743459
0.0,0,0.037780896
0.0,1,0.66127557
0.0,0,0.00405203
0.0,0,0.2920059
0.0,0,0.059322923
1.0,1,0.95152926
1.0,1,0.8997092
0.0,0,0.008551507
0.0,0,0.19429214
0.0,0,0.1601842
1.0,1,0.7997638
1.0,1,0.97535014
1.0,1,0.8280568
1.0,1,0.50032157
0.0,0,0.022735238
0.0,1,0.87082136
0.0,0,0.10396728
0.0,0,0.088789076
1.0,1,0.79840004
1.0,1,0.8569249
1.0,1,0.95158595
0.0,0,0.0048945798
1.0,1,0.9732629
0.0,0,0.031303573
0.0,0,0.4153209
1.0,1,0.9057208
1.0,1,0.77205706
0.0,0,0.3567874
0.0,0,0.08867054
0.0,0,0.05940341
0.0,0,0.018913453
0.0,0,0.0042501
1.0,0,0.10893951
0.0,0,0.021609005
0.0,0,0.26348922
1.0,1,0.86740905
0.0,0,0.050802518
1.0,1,0.97106177
1.0,1,0.83893895
0.0,0,0.18606603
1.0,1,0.9719468
1.0,1,0.70020497
1.0,1,0.82977664
0.0,0,0.007988388
0.0,0,0.06625359
1.0,1,0.90229636
1.0,0,0.3376864
1.0,1,0.9418215
0.0,0,0.0380037
0.0,0,0.4192089
1.0,1,0.9694555
0.0,1,0.80770004
0.0,0,0.02583776
0.0,0,0.13031097
1.0,1,0.8126627
1.0,1,0.9818754
1.0,1,0.86831415
0.0,0,0.0073912716
1.0,0,0.21834248
1.0,1,0.97348416
0.0,0,0.14652283
0.0,0,0.0052757785
1.0,1,0.9493925
1.0,1,0.66866577
1.0,1,0.9516802
0.0,0,0.010101287
1.0,1,0.9704156
1.0,1,0.82437956
0.0,1,0.7207171
1.0,1,0.98049855
1.0,1,0.95128626
1.0,1,0.9842244
0.0,1,0.5765554
0.0,0,0.014407794
1.0,1,0.93644965
1.0,1,0.45232487
1.0,1,0.97507954
0.0,1,0.43737182
1.0,1,0.91178393
1.0,1,0.9722916
0.0,0,0.060827255
0.0,0,0.0026433598
1.0,1,0.9783919
1.0,1,0.7163239
1.0,1,0.9413411
0.0,0,0.20885262
1.0,1,0.98085594
0.0,1,0.78126186
0.0,1,0.61024725
1.0,1,0.9667071
1.0,1,0.9740569
1.0,1,0.8693695
0.0,0,0.12700266
0.0,0,0.038915876
0.0,0,0.049192395
1.0,1,0.769029
1.0,1,0.9251514
0.0,0,0.03826964
0.0,1,0.84573275
0.0,0,0.28382587
1.0,1,0.9743421
1.0,1,0.96650136
0.0,0,0.021686913
1.0,1,0.97042835
1.0,1,0.8826411
1.0,1,0.9758307
0.0,0,0.012974879
1.0,1,0.8446679
0.0,0,0.26018846
0.0,1,0.56469303
1.0,1,0.9032788
1.0,0,0.17761903
0.0,0,0.025976887
1.0,1,0.8933217
0.0,0,0.008246051
1.0,1,0.98044693
1.0,1,0.96694666
1.0,1,0.9791147
0.0,0,0.013369681
0.0,0,0.020773856
0.0,0,0.058470093
1.0,1,0.85601187
1.0,1,0.8958127
1.0,1,0.97862875
1.0,1,0.909014
1.0,1,0.8792013
1.0,1,0.9795846
0.0,0,0.02074006
1.0,1,0.9205939
1.0,1,0.79650414
0.0,1,0.50357354
0.0,0,0.021484014
1.0,1,0.8188049
0.0,0,0.21464908
0.0,0,0.011056769
1.0,1,0.9644798
0.0,0,0.008564381
0.0,0,0.029486354
1.0,1,0.97220093
1.0,1,0.9772787
1.0,1,0.8763456
0.0,0,0.015883077
1.0,1,0.6268097
1.0,1,0.96533704
0.0,0,0.007469487
0.0,1,0.44941154
1.0,1,0.735841
1.0,1,0.9782338
1.0,1,0.91032284
1.0,0,0.2562486
1.0,1,0.93727446
1.0,1,0.9183225
1.0,1,0.911937
1.0,1,0.97691864
0.0,0,0.003040485
0.0,0,0.3227136
1.0,1,0.98328793
1.0,1,0.88109934
0.0,0,0.022749986
0.0,0,0.025375728
0.0,0,0.044254545
1.0,1,0.9136802
1.0,1,0.8683607
1.0,0,0.18622625
0.0,0,0.15056033
1.0,1,0.69913226
1.0,1,0.97978395
0.0,0,0.037325706
0.0,0,0.07273872
0.0,0,0.010249817
1.0,1,0.9843926
0.0,1,0.79999363
1.0,1,0.74282163
0.0,1,0.58606786
0.0,0,0.014032369
1.0,1,0.8030108
0.0,0,0.22068943
0.0,0,0.050235096
1.0,1,0.97124296
0.0,0,0.008892196
1.0,1,0.9483965
0.0,0,0.007532038
1.0,1,0.6745687
1.0,1,0.91271305
0.0,0,0.003873659
1.0,1,0.98050195
0.0,0,0.008181682
1.0,0,0.2825787
1.0,1,0.8564424
1.0,1,0.42746052
1.0,1,0.90654373
0.0,0,0.019521534
1.0,1,0.95527565
0.0,0,0.01389042
1.0,1,0.8357789
1.0,1,0.9825488
1.0,1,0.97630835
1.0,1,0.9729562
0.0,1,0.5494667
1.0,1,0.81741107
0.0,0,0.019431993
0.0,1,0.8132432
1.0,1,0.94996685
0.0,1,0.757733
0.0,1,0.8907256
1.0,1,0.96038204
1.0,1,0.5282721
0.0,0,0.09642017
1.0,1,0.97485137
1.0,1,0.8451957
0.0,0,0.01663584
1.0,1,0.9582171
0.0,0,0.024965886
0.0,0,0.0071349815
1.0,1,0.66580635
1.0,1,0.9716497
0.0,0,0.028077234
1.0,1,0.9728879
0.0,0,0.028314421
1.0,0,0.04541731
1.0,1,0.9482988
0.0,0,0.03311107
0.0,0,0.048210286
1.0,1,0.96666723
1.0,0,0.16847299
0.0,0,0.07199863
1.0,1,0.982007
0.0,0,0.145662
1.0,1,0.9318651
0.0,0,0.005172772
0.0,0,0.054277904
1.0,1,0.95478714
0.0,0,0.014770412
1.0,0,0.25881884
0.0,0,0.07704038
1.0,1,0.9779682
1.0,1,0.97685134
0.0,0,0.026304388
0.0,0,0.021408759
1.0,1,0.91053045
0.0,0,0.011984603
1.0,1,0.8913121
0.0,0,0.012558538
0.0,0,0.3099745
0.0,1,0.82963955
0.0,0,0.018936904
0.0,0,0.023778101
0.0,0,0.40118495
0.0,0,0.036916032
0.0,0,0.016491553
1.0,1,0.87132996
1.0,1,0.8770715
1.0,1,0.67554766
1.0,1,0.8897808
0.0,1,0.8948021
0.0,0,0.007876639
0.0,1,0.7281498
0.0,0,0.014405119
1.0,1,0.97792184
0.0,0,0.032684978
1.0,1,0.9809845
0.0,0,0.0062663057
0.0,0,0.027386947
0.0,0,0.08814934
1.0,1,0.98102313
1.0,1,0.9810316
1.0,1,0.77259403
0.0,0,0.016376873
1.0,1,0.7286215
0.0,0,0.02402048
1.0,1,0.9078175
1.0,1,0.8472305
1.0,1,0.7730639
0.0,0,0.00803887
0.0,1,0.6662077
1.0,1,0.90020275
1.0,0,0.06718814
0.0,0,0.36640903
0.0,0,0.09753344
1.0,0,0.4018911
1.0,0,0.04704413
0.0,0,0.046247672
1.0,1,0.9224742
0.0,1,0.8125655
0.0,0,0.0043085995
0.0,0,0.00160542
1.0,1,0.9027934
1.0,1,0.45286083
1.0,1,0.50562465
1.0,1,0.9783469
0.0,0,0.3296347
0.0,0,0.005645738
1.0,1,0.80620843
0.0,0,0.40646523
0.0,0,0.008788782
0.0,0,0.1667978
0.0,0,0.02063797
0.0,0,0.010396608
1.0,1,0.7979616
1.0,1,0.9597953
1.0,1,0.8020147
0.0,0,0.005345715
1.0,1,0.9758925
0.0,0,0.09762783
0.0,0,0.031745955
0.0,0,0.0039648702
0.0,0,0.027150383
1.0,1,0.9230004
1.0,1,0.98271984
0.0,1,0.44401896
1.0,1,0.96670425
0.0,0,0.019947061
1.0,1,0.8697795
0.0,0,0.025953865
0.0,0,0.32197532
1.0,1,0.7229832
1.0,1,0.56675386
1.0,1,0.97764397
1.0,1,0.92524517
1.0,1,0.9644193
0.0,0,0.012146301
1.0,1,0.95650196
0.0,0,0.001724839
1.0,1,0.9787213
0.0,0,0.006021338
1.0,1,0.8276975
0.0,0,0.33311194
0.0,0,0.09418638
0.0,0,0.014182229
0.0,0,0.0171608
0.0,0,0.06316829
1.0,1,0.65465385
0.0,0,0.015219
1.0,1,0.96200174
0.0,1,0.92791337
0.0,0,0.047720093
0.0,0,0.009793379
0.0,0,0.21660888
1.0,0,0.2227825
0.0,0,0.009774129
0.0,0,0.030593935
1.0,1,0.93572736
0.0,0,0.0112044625
0.0,0,0.06544441
0.0,0,0.12675433
1.0,1,0.7131195
0.0,0,0.011148892
0.0,0,0.23852946
1.0,1,0.94912905
0.0,0,0.1046686
1.0,1,0.9737498
0.0,0,0.1537755
0.0,0,0.24643338
1.0,1,0.94491076
0.0,0,0.011189643
1.0,1,0.8236197
0.0,1,0.59570235
0.0,0,0.013990338
1.0,1,0.97813165
1.0,1,0.9732623
1.0,1,0.8561607
1.0,1,0.947855
0.0,1,0.50936306
0.0,0,0.015766675
0.0,0,0.060011454
0.0,0,0.27469155
1.0,0,0.13883406
0.0,0,0.13841406
1.0,1,0.96822864
1.0,1,0.7566554
1.0,1,0.94088286
1.0,1,0.9805296
0.0,0,0.33021498
0.0,0,0.011220216
0.0,1,0.5797371
1.0,1,0.97180176
0.0,1,0.598001
1.0,1,0.9605534
1.0,1,0.9781331
0.0,0,0.010227989
0.0,1,0.7362966
0.0,0,0.18571666
0.0,0,0.010114569
1.0,0,0.2391216
0.0,0,0.016026605
0.0,0,0.021273559
0.0,0,0.048254933
1.0,1,0.9797572
0.0,0,0.17459734
0.0,0,0.23243092
0.0,0,0.04669284
1.0,1,0.97717386
0.0,0,0.018258063
1.0,1,0.4419134
0.0,0,0.28720453
0.0,0,0.032411747
1.0,1,0.871352
1.0,1,0.7840861
0.0,0,0.02889509
0.0,0,0.045152154
0.0,0,0.038345654
0.0,0,0.08338744
1.0,1,0.98216623
1.0,1,0.6789428
1.0,1,0.972262
0.0,0,0.020193713
1.0,1,0.9471877
0.0,0,0.010749315
0.0,0,0.009741655
1.0,1,0.90042436
1.0,1,0.9670644
0.0,0,0.03146195
1.0,1,0.9633878
1.0,1,0.74873555
0.0,0,0.019318733
0.0,0,0.30431193
0.0,1,0.71045023
1.0,1,0.7254878
1.0,1,0.9779049
0.0,0,0.0092745
0.0,0,0.03277053
1.0,1,0.4449593
0.0,0,0.0104364455
1.0,1,0.90638053
1.0,1,0.97412217
1.0,1,0.82698554
1.0,1,0.97119546
1.0,1,0.92686135
1.0,1,0.815382
1.0,1,0.47612444
0.0,1,0.46869293
0.0,0,0.020568024
1.0,1,0.8891504
1.0,1,0.8518405
0.0,1,0.6429045
0.0,0,0.03231422
0.0,0,0.14660874
0.0,0,0.011035693
0.0,0,0.029197196
0.0,0,0.018042775
0.0,1,0.4836216
1.0,1,0.9796376
0.0,0,0.017172763
1.0,1,0.9831271
0.0,0,0.010748805
1.0,1,0.6821325
1.0,1,0.98261154
1.0,1,0.7727676
0.0,0,0.013624603
0.0,0,0.026709689
1.0,1,0.74228585
0.0,0,0.025631959
1.0,1,0.48298082
0.0,0,0.11431116
0.0,0,0.35659927
0.0,0,0.1668096
0.0,0,0.3128309
0.0,0,0.033406273
1.0,0,0.025959441
0.0,0,0.0067460244
1.0,1,0.87505513
0.0,0,0.025854172
0.0,0,0.033290323
0.0,0,0.015573168
1.0,1,0.95612913
1.0,1,0.96418184
1.0,1,0.96521646
0.0,0,0.009589396
0.0,0,0.033468187
0.0,1,0.958066
1.0,1,0.8564336
0.0,1,0.5161364
1.0,1,0.8649095
1.0,1,0.9628969
1.0,1,0.97089654
1.0,1,0.957959
0.0,0,0.01931869
0.0,0,0.020560147
1.0,1,0.9367556
1.0,1,0.96158254
0.0,0,0.025348416
0.0,0,0.04503432
1.0,1,0.7146527
1.0,1,0.9258911
1.0,1,0.8532438
0.0,0,0.049816687
0.0,0,0.037022136
1.0,1,0.7815708
1.0,1,0.938559
1.0,1,0.9678071
1.0,1,0.9723464
0.0,0,0.002584698
1.0,1,0.9730015
0.0,0,0.023000807
0.0,0,0.07309223
1.0,1,0.8514399
1.0,1,0.92971766
0.0,0,0.018340357
1.0,1,0.97995657
1.0,1,0.9633641
1.0,1,0.9716976
1.0,1,0.95021915
0.0,0,0.008716277
1.0,1,0.9016767
0.0,0,0.027618147
1.0,1,0.85236955
0.0,0,0.12549403
1.0,1,0.9221511
0.0,0,0.3323301
0.0,0,0.049151193
0.0,0,0.27452266
0.0,0,0.07162637
1.0,1,0.9716453
1.0,1,0.88288647
1.0,1,0.9597682
0.0,0,0.004041182
1.0,1,0.6855173
0.0,1,0.7425436
0.0,0,0.023167957
1.0,1,0.97162473
0.0,0,0.19368845
0.0,0,0.017567547
0.0,0,0.008942669
0.0,1,0.5823275
1.0,0,0.18505871
0.0,0,0.30925176
1.0,1,0.9727392
1.0,0,0.11757435
0.0,0,0.06258046
0.0,0,0.06551044
0.0,0,0.06443611
1.0,1,0.78278285
0.0,0,0.017281903
1.0,1,0.9609813
1.0,1,0.95154595
0.0,0,0.07504517
1.0,1,0.7544447
0.0,0,0.0141706215
0.0,0,0.008634535
0.0,0,0.05652504
0.0,1,0.4730481
0.0,0,0.052592
0.0,0,0.06475072
0.0,0,0.24440737
0.0,0,0.24933718
1.0,1,0.92323196
1.0,1,0.95613647
0.0,0,0.044426315
0.0,0,0.05558117
0.0,0,0.0029155118
1.0,1,0.9349861
0.0,1,0.4717043
0.0,0,0.04587117
1.0,1,0.96153194
0.0,0,0.002615781
1.0,1,0.9656142
1.0,1,0.91529346
1.0,1,0.9439158
1.0,1,0.7200918
1.0,1,0.94130003
0.0,1,0.61620367
1.0,1,0.9832271
0.0,0,0.0010010536
1.0,1,0.94281214
0.0,0,0.023362061
0.0,1,0.42015317
0.0,0,0.051069215
1.0,1,0.95151955
0.0,0,0.02609048
1.0,1,0.97849655
0.0,0,0.0174011
0.0,0,0.0054443204
0.0,0,0.022880612
0.0,1,0.6034259
1.0,1,0.9043368
1.0,1,0.96991706
1.0,1,0.8121917
0.0,0,0.08362648
1.0,1,0.8093652
0.0,0,0.0144132115
1.0,1,0.8541959
1.0,1,0.97182673
0.0,0,0.007749969
0.0,0,0.33657318
0.0,1,0.49238262
1.0,1,0.981845
1.0,1,0.7670499
1.0,1,0.97562504
0.0,1,0.56734157
0.0,0,0.037930384
0.0,0,0.020353056
0.0,0,0.041431762
0.0,0,0.023385802
0.0,0,0.11931618
1.0,1,0.7444163
1.0,1,0.97994834
0.0,0,0.0024234243
1.0,1,0.8137329
1.0,1,0.9735585
1.0,0,0.24690673
0.0,1,0.5845707
1.0,1,0.9760361
0.0,0,0.06476016
0.0,0,0.22759113
0.0,0,0.053135928
1.0,1,0.9204192
1.0,1,0.98373014
1.0,1,0.98002326
0.0,0,0.009847178
0.0,1,0.49051514
0.0,0,0.001152386
1.0,1,0.95252895
1.0,0,0.052314322
0.0,0,0.024867915
0.0,0,0.014712997
1.0,1,0.9672661
1.0,1,0.9344061
0.0,1,0.66496944
1.0,1,0.86626244
1.0,1,0.7580831
1.0,1,0.80853915
0.0,0,0.1871242
0.0,0,0.012702648
0.0,0,0.31867152
0.0,0,0.2725649
1.0,1,0.9389656
0.0,0,0.009474868
1.0,1,0.98341453
1.0,1,0.9544116
0.0,0,0.014526369
0.0,0,0.008920422
1.0,1,0.69994503
0.0,1,0.78066355
1.0,1,0.95065415
1.0,0,0.24704184
1.0,1,0.96949315
1.0,1,0.8588683
0.0,0,0.06944992
1.0,1,0.90803087
0.0,0,0.018859528
0.0,0,0.03724794
1.0,1,0.9663076
0.0,0,0.010399335
1.0,0,0.3448806
1.0,1,0.9600721
0.0,1,0.9614334
0.0,0,0.004666622
0.0,0,0.41954634
0.0,0,0.08241526
1.0,1,0.83846647
0.0,0,0.1379015
1.0,1,0.73037285
0.0,1,0.77420545
1.0,1,0.8790984
1.0,1,0.9495507
1.0,1,0.9813118
1.0,1,0.96358955
1.0,1,0.9130696
1.0,0,0.33548513
0.0,0,0.007914462
0.0,0,0.2866557
0.0,1,0.43248552
1.0,1,0.7464297
1.0,1,0.7645881
0.0,0,0.0435882
0.0,1,0.6409538
0.0,0,0.031194951
1.0,1,0.9806527
0.0,0,0.002325241
1.0,1,0.98188174
0.0,1,0.5728153
1.0,1,0.9196971
1.0,1,0.9109228
0.0,0,0.0032592304
1.0,1,0.9843614
1.0,1,0.9698012
1.0,1,0.47984302
1.0,1,0.87804055
0.0,0,0.017119223
0.0,0,0.15790206
1.0,1,0.9753794
0.0,0,0.14602244
1.0,1,0.9222854
0.0,0,0.02325907
1.0,0,0.24185775
1.0,1,0.9812005
1.0,1,0.75843996
0.0,0,0.052204873
0.0,0,0.015326744
1.0,1,0.98378694
1.0,1,0.92653793
0.0,0,0.052189536
0.0,0,0.008498612
1.0,1,0.636353
1.0,1,0.85711086
0.0,0,0.079159595
0.0,0,0.0023778453
0.0,0,0.2503113
1.0,1,0.713309
1.0,1,0.9262403
1.0,1,0.81165713
0.0,0,0.017880412
1.0,1,0.45643583
1.0,1,0.847633
1.0,1,0.97773564
1.0,1,0.94394594
1.0,1,0.9830582
1.0,1,0.892299
0.0,0,0.036277097
0.0,0,0.011959115
0.0,0,0.002673334
0.0,0,0.049142227
0.0,0,0.086806715
0.0,0,0.0016746065
1.0,0,0.33919388
1.0,1,0.8897839
1.0,1,0.8735986
1.0,1,0.9010976
1.0,1,0.96960336
0.0,0,0.09588824
1.0,1,0.927464
0.0,0,0.15136525
0.0,0,0.014247638
1.0,1,0.82595205
1.0,0,0.40124118
0.0,0,0.0092734
0.0,0,0.015213449
1.0,1,0.96709275
1.0,1,0.8451004
0.0,1,0.6736883
1.0,1,0.5745779
1.0,1,0.98018837
0.0,0,0.03144563
1.0,0,0.04742964
1.0,1,0.9524557
0.0,0,0.013765566
0.0,0,0.15593651
0.0,1,0.87248266
0.0,1,0.4493388
1.0,0,0.20171294
1.0,1,0.733652
1.0,1,0.97200173
1.0,1,0.8110702
0.0,1,0.56111896
0.0,0,0.048012797
1.0,1,0.8922943
0.0,0,0.22901878
0.0,0,0.24716811
0.0,0,0.034146402
1.0,1,0.9737487
0.0,0,0.21195371
1.0,1,0.9217053
0.0,0,0.031137355
1.0,1,0.6589875
1.0,1,0.9087728
1.0,1,0.9545324
0.0,1,0.65576804
0.0,0,0.030687176
0.0,0,0.014887023
1.0,1,0.9362818
1.0,1,0.8654571
1.0,1,0.97879875
1.0,1,0.9191751
1.0,1,0.9148303
1.0,1,0.98164755
1.0,1,0.63630027
1.0,1,0.6956749
1.0,1,0.81735146
0.0,0,0.0059547033
1.0,1,0.9412317
0.0,0,0.08006323
1.0,1,0.87321055
1.0,1,0.8153391
0.0,0,0.027194913
1.0,0,0.024674263
0.0,1,0.55378103
0.0,0,0.41884878
0.0,0,0.016071174
0.0,0,0.16507386
0.0,0,0.050210696
0.0,1,0.6703827
1.0,0,0.2305994
0.0,0,0.034626033
0.0,1,0.8812052
0.0,0,0.032684527
0.0,0,0.009694015
1.0,1,0.95485353
0.0,0,0.0014524639
0.0,0,0.015868073
1.0,1,0.8877745
1.0,1,0.96569294
0.0,0,0.020881468
1.0,0,0.39282447
1.0,1,0.8309857
0.0,0,0.25524682
0.0,1,0.6123214
0.0,0,0.01139783
1.0,1,0.9603436
1.0,1,0.9050665
0.0,0,0.08835766
1.0,1,0.9642733
1.0,0,0.2744841
0.0,0,0.05613651
0.0,0,0.04233225
1.0,1,0.8094558
0.0,0,0.031483904
1.0,1,0.95953935
1.0,1,0.9812612
1.0,1,0.892733
0.0,0,0.006042629
1.0,1,0.93555117
1.0,0,0.20969585
1.0,1,0.9749999
1.0,1,0.774613
0.0,0,0.26137993
1.0,1,0.8893342
1.0,1,0.9236137
1.0,1,0.97637016
0.0,0,0.028589679
1.0,1,0.6688353
0.0,0,0.23459813
0.0,0,0.054623526
1.0,1,0.9832753
1.0,1,0.9807781
1.0,1,0.64136183
1.0,1,0.79875135
0.0,0,0.2635779
0.0,1,0.8066864
1.0,1,0.96014535
1.0,1,0.92309076
1.0,1,0.87971455
1.0,1,0.9546096
0.0,1,0.55534196
0.0,0,0.056102224
1.0,1,0.9082741
0.0,1,0.7457619
1.0,1,0.84072435
1.0,1,0.9351132
1.0,1,0.97271067
0.0,0,0.025459679
1.0,1,0.9433301
1.0,1,0.7688394
1.0,0,0.23661798
0.0,0,0.3727549
1.0,1,0.9099249
1.0,1,0.96643883
1.0,1,0.9856884
0.0,1,0.6147332
0.0,0,0.18221319
1.0,1,0.9241053
0.0,0,0.012907038
1.0,1,0.9825313
0.0,0,0.05079141
1.0,1,0.9458031
1.0,1,0.8191247
0.0,0,0.17390123
1.0,1,0.9553618
0.0,0,0.020057313
0.0,0,0.0042259735
0.0,0,0.021675278
1.0,1,0.97663206
1.0,1,0.95948404
0.0,0,0.05201301
1.0,1,0.92247343
0.0,0,0.03572936
1.0,1,0.98052955
1.0,1,0.9666063
1.0,1,0.7611862
1.0,1,0.8379707
0.0,0,0.030284323
0.0,0,0.015070618
1.0,1,0.9568569
0.0,0,0.010551903
1.0,1,0.97184765
1.0,1,0.51309526
0.0,0,0.18103975
1.0,1,0.9586469
1.0,1,0.86647165
0.0,0,0.017811444
1.0,1,0.76668143
0.0,0,0.2667744
1.0,1,0.91649675
0.0,0,0.021283593
0.0,0,0.13222775
1.0,0,0.013851567
0.0,0,0.013266319
0.0,0,0.4078175
1.0,1,0.93378705
0.0,0,0.12060368
0.0,1,0.76428974
1.0,1,0.971611
0.0,0,0.007182402
0.0,0,0.08122249
1.0,1,0.85081804
1.0,1,0.7731329
1.0,1,0.9065941
0.0,0,0.0031832987
0.0,0,0.019684004
0.0,0,0.0092068715
0.0,0,0.0046223626
0.0,0,0.0041110925
0.0,1,0.4230313
0.0,0,0.0706418
1.0,1,0.7429458
1.0,1,0.8456097
0.0,1,0.9243933
1.0,1,0.9586231
0.0,0,0.026476728
1.0,1,0.8840795
0.0,0,0.004939493
0.0,0,0.15730917
1.0,1,0.4729746
1.0,1,0.9029385
0.0,0,0.35698172
1.0,1,0.86658424
1.0,1,0.8703598
1.0,1,0.9858847
0.0,0,0.030964963
1.0,1,0.96061605
0.0,1,0.44264153
1.0,1,0.5095187
0.0,0,0.23730008
0.0,0,0.08144861
1.0,1,0.98213595
0.0,0,0.0048613097
0.0,1,0.9229898
1.0,1,0.74174494
0.0,0,0.042542055
1.0,1,0.9136822
1.0,1,0.8879385
1.0,1,0.70540607
0.0,0,0.0776163
1.0,0,0.22933584
0.0,0,0.2250589
0.0,0,0.006614236
1.0,1,0.962926
1.0,1,0.86870736
0.0,1,0.97276187
1.0,1,0.710668
1.0,1,0.97194374
1.0,1,0.52599764
0.0,0,0.043965567
1.0,1,0.6999111
0.0,0,0.040467247
1.0,1,0.8942347
1.0,1,0.9750301
1.0,1,0.8323126
0.0,0,0.34860444
1.0,1,0.98496985
0.0,0,0.007974418
1.0,1,0.9796911
0.0,0,0.15892038
0.0,0,0.01344097
0.0,0,0.3765334
1.0,1,0.9538803
0.0,0,0.080563836
1.0,1,0.98172605
1.0,1,0.9622194
0.0,1,0.8348955
0.0,0,0.03826706
0.0,1,0.5476451
0.0,0,0.16151984
0.0,1,0.7719969
0.0,0,0.23008355
1.0,1,0.9726223
1.0,1,0.9003856
0.0,0,0.04847587
1.0,1,0.98040813
1.0,1,0.83805066
1.0,1,0.97353053
0.0,0,0.039469417
1.0,1,0.95788455
1.0,1,0.54036343
1.0,1,0.9098536
1.0,1,0.9505115
1.0,1,0.97686356
0.0,0,0.10009234
1.0,1,0.8379253
1.0,1,0.894593
0.0,0,0.010198075
0.0,0,0.04446702
0.0,0,0.39880586
0.0,0,0.005361854
1.0,1,0.923241
0.0,0,0.006725157
1.0,1,0.638484
1.0,1,0.91878986
0.0,0,0.03841885
0.0,0,0.28926742
0.0,0,0.028780328
1.0,1,0.8251106
1.0,1,0.5941287
1.0,1,0.9377701
0.0,0,0.10140452
1.0,1,0.93946594
1.0,1,0.90541196
0.0,0,0.04377995
1.0,1,0.8800423
1.0,1,0.87618047
1.0,1,0.8484843
1.0,1,0.84974617
1.0,1,0.9607956
1.0,1,0.8014174
0.0,0,0.0046079443
0.0,0,0.25986022
1.0,1,0.98566073
1.0,1,0.51958907
0.0,0,0.04364641
1.0,1,0.96307313
1.0,1,0.9753349
0.0,0,0.012539912
1.0,1,0.9721821
0.0,0,0.014072568
1.0,1,0.9794994
1.0,1,0.8130425
0.0,0,0.010260122
1.0,1,0.6439021
0.0,0,0.2534674
0.0,0,0.10621575
0.0,0,0.0076758233
0.0,0,0.11180603
0.0,0,0.11177682
0.0,0,0.0011460857
1.0,1,0.9304954
0.0,0,0.07439502
1.0,1,0.82150316
1.0,0,0.40793255
0.0,0,0.002544165
0.0,0,0.0057901726
1.0,1,0.9723028
0.0,0,0.3718975
0.0,0,0.02008977
1.0,1,0.7207097
1.0,1,0.88208866
0.0,0,0.0058453293
0.0,0,0.002994063
1.0,1,0.96664345
1.0,1,0.96700704
1.0,1,0.90796703
1.0,1,0.9001712
1.0,1,0.97931623
0.0,0,0.016383387
0.0,0,0.013386046
1.0,1,0.9784381
0.0,0,0.18448897
1.0,1,0.9876307
1.0,1,0.83623046
1.0,1,0.6200566
1.0,0,0.40476957
0.0,0,0.020062122
0.0,0,0.07785827
0.0,0,0.02276033
0.0,1,0.8244096
1.0,1,0.97814524
0.0,0,0.023761671
0.0,0,0.06748339
1.0,1,0.7899753
0.0,0,0.016121848
1.0,1,0.9749962
0.0,0,0.26323113
1.0,0,0.2702459
1.0,1,0.92707425
0.0,0,0.03268813
1.0,1,0.64676505
0.0,0,0.014174039
1.0,1,0.87036145
1.0,1,0.97596645
0.0,0,0.0218193
1.0,1,0.7753825
0.0,1,0.5742562
1.0,1,0.90979564
1.0,1,0.9655912
0.0,0,0.023133198
1.0,1,0.93964547
1.0,1,0.7648616
1.0,1,0.6622994
0.0,0,0.056295417
0.0,0,0.046596356
1.0,0,0.22876295
1.0,1,0.9197389
1.0,1,0.9693963
1.0,1,0.44148415
1.0,1,0.8771741
0.0,0,0.20407312
1.0,1,0.9598936
0.0,0,0.05822482
1.0,1,0.9803488
0.0,0,0.26153052
0.0,1,0.89878
1.0,1,0.9853854
1.0,1,0.9758342
1.0,1,0.8642777
1.0,1,0.8980795
1.0,1,0.9667776
1.0,1,0.97095394
0.0,0,0.013075109
1.0,1,0.9266355
1.0,1,0.9658174
1.0,1,0.8715704
1.0,1,0.968505
1.0,1,0.49412188
0.0,0,0.005811066
0.0,0,0.36357838
0.0,0,0.20317428
0.0,0,0.025271373
0.0,0,0.025394926
0.0,0,0.014519277
1.0,1,0.97314906
0.0,0,0.041443262
1.0,0,0.16141756
1.0,1,0.98597986
1.0,1,0.9055467
0.0,0,0.033889763
1.0,1,0.96609443
0.0,0,0.026651565
1.0,1,0.94796866
1.0,1,0.9665574
0.0,0,0.008703942
1.0,0,0.20132172
0.0,0,0.13447838
0.0,0,0.27703825
0.0,0,0.1027839
1.0,1,0.56798774
0.0,1,0.44075674
0.0,0,0.3294638
0.0,0,0.018686125
1.0,1,0.9814232
1.0,1,0.97926897
1.0,1,0.95960176
1.0,1,0.9771821
0.0,0,0.01605549
0.0,1,0.68056047
0.0,0,0.14531219
1.0,1,0.8813092
0.0,0,0.025644835
1.0,1,0.9552684
0.0,0,0.028781414
0.0,0,0.007207013
1.0,1,0.972018
0.0,0,0.010045994
0.0,0,0.008146849
0.0,1,0.5782702
1.0,1,0.8374772
1.0,1,0.7233523
0.0,0,0.36374936
1.0,1,0.8374121
0.0,0,0.035447963
0.0,0,0.011621502
1.0,1,0.8013798
1.0,1,0.90065736
1.0,1,0.87639105
1.0,1,0.97228277
0.0,0,0.23064621
1.0,1,0.96994966
1.0,1,0.9648005
0.0,0,0.04336943
0.0,0,0.08219425
1.0,1,0.9802376
1.0,1,0.98031646
0.0,0,0.06775676
0.0,0,0.017898172
1.0,1,0.8448954
0.0,0,0.022077754
0.0,0,0.008852294
0.0,0,0.08778796
0.0,0,0.043442342
0.0,0,0.001290326
0.0,0,0.38243392
1.0,1,0.92680836
0.0,0,0.009688001
0.0,0,0.020705417
1.0,1,0.87025213
1.0,1,0.97970074
0.0,0,0.008183357
1.0,1,0.876282
1.0,1,0.9585151
1.0,1,0.9705158
0.0,0,0.28342187
0.0,0,0.017048305
1.0,1,0.8760826
1.0,1,0.92753017
1.0,1,0.9841608
1.0,1,0.9787047
0.0,0,0.0064162295
0.0,0,0.06633395
0.0,0,0.31916633
0.0,0,0.3813153
0.0,0,0.18406762
0.0,0,0.004371379
0.0,0,0.02209003
1.0,0,0.165341
1.0,1,0.97913384
0.0,0,0.024703095
0.0,1,0.59783053
0.0,0,0.02233019
1.0,1,0.96773535
0.0,0,0.0036052077
1.0,1,0.86812705
1.0,1,0.7352816
1.0,1,0.94818264
1.0,1,0.8877272
0.0,0,0.020944936
1.0,1,0.825428
0.0,0,0.04142137
1.0,1,0.8574299
0.0,1,0.5321626
0.0,0,0.01299934
1.0,1,0.9453665
1.0,0,0.17482075
1.0,1,0.9225722
1.0,0,0.36778104
0.0,0,0.012062238
0.0,0,0.09542475
0.0,0,0.0032966733
1.0,1,0.98292536
1.0,1,0.9269822
1.0,1,0.7847621
1.0,1,0.9772155
0.0,0,0.11265183
1.0,1,0.9048921
1.0,1,0.9872718
1.0,1,0.9853488
1.0,1,0.69404364
0.0,0,0.07751769
1.0,1,0.87976646
0.0,0,0.021106211
0.0,0,0.039881818
0.0,0,0.04000609
1.0,1,0.9644618
1.0,0,0.36286688
0.0,1,0.5828508
0.0,0,0.0046671154
0.0,0,0.061713103
0.0,0,0.027688494
1.0,1,0.97911704
0.0,0,0.0037877418
1.0,1,0.9207561
0.0,0,0.041912787
1.0,1,0.6367469
0.0,0,0.2888794
0.0,0,0.03876494
0.0,0,0.11311671
1.0,1,0.8456813
0.0,0,0.008138392
0.0,0,0.026088752
0.0,1,0.44982752
0.0,0,0.26353455
0.0,0,0.012861149
1.0,1,0.9646606
0.0,0,0.0041937022
0.0,0,0.011532151
1.0,1,0.70099914
1.0,1,0.963617
0.0,0,0.01006128
1.0,1,0.5620115
1.0,1,0.88170546
0.0,0,0.068211906
1.0,1,0.9809042
1.0,1,0.74600315
1.0,1,0.95501405
1.0,1,0.91576755
0.0,0,0.007672138
0.0,0,0.05754335
1.0,1,0.98426574
0.0,0,0.016500544
1.0,1,0.96247625
1.0,1,0.6287848
0.0,0,0.36254168
0.0,0,0.0051798066
1.0,0,0.16120757
1.0,1,0.75039035
0.0,0,0.0018739874
0.0,0,0.09905921
0.0,0,0.16859478
0.0,0,0.036455873
1.0,1,0.73471785
0.0,0,0.13590641
1.0,1,0.9398035
0.0,0,0.01799192
0.0,0,0.015294644
1.0,1,0.9110654
1.0,1,0.9413794
0.0,0,0.009589705
1.0,1,0.7425039
0.0,0,0.099490836
0.0,0,0.051616907
0.0,0,0.0064095794
1.0,1,0.75850964
0.0,0,0.040885996
0.0,0,0.032181207
1.0,1,0.9029315
1.0,1,0.977794
0.0,0,0.22865793
1.0,0,0.37178025
0.0,1,0.47039083
1.0,0,0.31164435
0.0,0,0.17108038
1.0,1,0.9076128
0.0,0,0.001922922
0.0,0,0.0028758969
1.0,1,0.89056504
1.0,1,0.9749545
1.0,1,0.7973206
0.0,0,0.06303729
0.0,0,0.006609895
1.0,1,0.9154786
1.0,1,0.743616
0.0,0,0.089483805
0.0,0,0.08569765
1.0,1,0.97045046
1.0,1,0.85933816
0.0,0,0.06814724
1.0,1,0.93251485
0.0,0,0.14113697
0.0,1,0.5491303
1.0,1,0.98390794
1.0,1,0.9708786
1.0,1,0.9122483
1.0,1,0.9747601
1.0,1,0.943465
1.0,1,0.94957
0.0,0,0.02114852
1.0,1,0.98219854
0.0,0,0.118901215
1.0,1,0.9626006
0.0,0,0.016949248
1.0,1,0.8866183
0.0,0,0.02502499
1.0,1,0.58609825
1.0,1,0.88239014
1.0,1,0.77090436
1.0,1,0.9769317
1.0,1,0.42068005
1.0,1,0.9661701
1.0,1,0.91097254
1.0,1,0.83613235
1.0,1,0.980061
1.0,1,0.7465105
0.0,1,0.7597145
0.0,0,0.05625491
1.0,1,0.8313018
1.0,1,0.7179857
1.0,1,0.9476165
1.0,1,0.9009904
0.0,0,0.0019716262
1.0,1,0.9786855
1.0,1,0.901489
0.0,0,0.002478412
1.0,1,0.8293028
1.0,1,0.91545326
0.0,1,0.52315354
0.0,0,0.034113023
1.0,1,0.8221245
0.0,0,0.032347884
0.0,0,0.06659002
0.0,1,0.5336368
1.0,1,0.98210484
1.0,1,0.63387215
0.0,0,0.018699175
0.0,0,0.02813269
1.0,1,0.96813226
0.0,0,0.0018174889
0.0,0,0.070159025
1.0,0,0.40575892
0.0,0,0.02461472
1.0,1,0.7482759
1.0,1,0.8793607
0.0,0,0.011590827
0.0,0,0.07183446
1.0,1,0.9436698
1.0,1,0.9726025
1.0,0,0.15970394
0.0,0,0.15184109
1.0,1,0.9863354
1.0,1,0.92273736
1.0,1,0.979098
1.0,1,0.66529715
0.0,0,0.37613082
1.0,1,0.6911914
1.0,1,0.92923903
1.0,1,0.62514037
1.0,1,0.98115474
1.0,1,0.8685301
1.0,0,0.23127465
0.0,0,0.003263912
0.0,0,0.046627887
0.0,1,0.9239307
0.0,0,0.26574114
1.0,1,0.5330237
0.0,1,0.59190285
0.0,1,0.5288316
1.0,1,0.67479974
1.0,1,0.9557711
1.0,1,0.9138534
0.0,0,0.017663548
0.0,0,0.014437944
1.0,1,0.96024317
0.0,0,0.00033446128
1.0,1,0.9632465
0.0,0,0.023166848
1.0,1,0.8284114
1.0,1,0.9686658
0.0,0,0.015688995
1.0,1,0.9755658
0.0,0,0.036350377
1.0,1,0.95796394
0.0,0,0.04991513
0.0,0,0.022174757
0.0,1,0.8113202
0.0,0,0.022857975
0.0,0,0.026713235
1.0,1,0.7088392
0.0,1,0.7676575
0.0,0,0.018453106
1.0,1,0.96438026
1.0,1,0.98368174
0.0,0,0.089549035
1.0,1,0.5638667
1.0,1,0.9429274
0.0,0,0.008609985
0.0,0,0.0066943155
0.0,0,0.19087897
0.0,0,0.1283747
0.0,0,0.0145661915
0.0,0,0.06390182
1.0,1,0.9880005
1.0,1,0.95330584
0.0,0,0.2204016
1.0,1,0.7001989
1.0,1,0.91137373
1.0,1,0.9209859
0.0,0,0.083223045
0.0,0,0.11586042
0.0,0,0.08228131
1.0,1,0.95832324
1.0,1,0.77866566
1.0,1,0.9663286
0.0,0,0.025143554
0.0,0,0.054995198
1.0,1,0.7447839
1.0,1,0.9755386
1.0,1,0.94661874
1.0,1,0.9604594
0.0,0,0.005113332
1.0,1,0.9587115
0.0,0,0.010378497
0.0,1,0.6011541
0.0,0,0.064173765
0.0,0,0.13072486
0.0,0,0.058582596
1.0,1,0.9627071
1.0,1,0.65748227
1.0,1,0.9827655
1.0,1,0.8651875
1.0,1,0.9826698
0.0,0,0.016427122
0.0,0,0.066002235
1.0,1,0.97229564
0.0,0,0.087071754
1.0,1,0.9440852
0.0,0,0.0018784739
1.0,1,0.9209837
1.0,0,0.389099
0.0,0,0.0055578044
0.0,0,0.21199691
0.0,0,0.004599859
1.0,1,0.9347842
0.0,1,0.48379517
1.0,1,0.9827381
1.0,0,0.3865583
0.0,0,0.03328035
1.0,1,0.730188
0.0,0,0.02038744
0.0,0,0.045273975
1.0,1,0.93371487
0.0,0,0.02524947
0.0,0,0.041750133
1.0,1,0.9533529
1.0,1,0.9061888
1.0,1,0.95524657
1.0,1,0.86311156
0.0,0,0.0062729595
0.0,0,0.027892355
1.0,1,0.9559717
0.0,0,0.25489476
0.0,0,0.02873906
1.0,1,0.5919081
0.0,0,0.0067126225
1.0,1,0.90405077
0.0,1,0.5178481
1.0,1,0.9050434
1.0,1,0.92852974
1.0,1,0.9697223
1.0,1,0.95574903
0.0,0,0.24271664
1.0,1,0.58991516
1.0,1,0.91986215
1.0,1,0.52350867
0.0,0,0.045734428
0.0,1,0.52339375
1.0,1,0.9828485
0.0,0,0.011354278
1.0,1,0.94633085
0.0,0,0.10846656
1.0,1,0.59601533
0.0,0,0.010360919
1.0,1,0.89296514
1.0,1,0.8431399
0.0,0,0.005733503
1.0,1,0.97416013
1.0,1,0.9856589
0.0,0,0.019887894
0.0,0,0.07168217
1.0,1,0.855893
1.0,0,0.36089793
0.0,0,0.029501652
0.0,0,0.0043602227
0.0,0,0.0022975397
0.0,0,0.01774197
1.0,1,0.98005104
1.0,1,0.9696183
1.0,1,0.90464413
1.0,1,0.7800584
1.0,1,0.9353546
1.0,1,0.5755887
1.0,1,0.97537756
1.0,1,0.48433143
1.0,1,0.7764603
1.0,1,0.9841283
1.0,1,0.82742226
1.0,1,0.5456109
1.0,1,0.96114993
1.0,1,0.9071996
1.0,1,0.62258846
0.0,0,0.013967488
1.0,1,0.77113014
1.0,1,0.9576627
1.0,1,0.7186253
0.0,0,0.00586446
0.0,0,0.28874102
1.0,1,0.9790176
0.0,0,0.07119749
1.0,1,0.8320458
0.0,1,0.8025363
0.0,0,0.0021499423
1.0,1,0.98255444
1.0,1,0.9139247
1.0,1,0.94349694
1.0,1,0.92302525
1.0,1,0.9561254
0.0,0,0.04672003
0.0,0,0.0007181407
1.0,1,0.97409207
1.0,1,0.97079366
1.0,1,0.54644203
0.0,0,0.09249601
0.0,0,0.012770278
0.0,1,0.42385036
1.0,1,0.8522923
0.0,0,0.24501565
0.0,0,0.06022039
0.0,0,0.13918233
0.0,0,0.17086549
0.0,1,0.5282655
1.0,1,0.88854045
0.0,1,0.5039661
1.0,1,0.9562515
0.0,0,0.028294617
1.0,1,0.95499593
1.0,1,0.9594072
1.0,0,0.38687894
0.0,0,0.07606399
0.0,0,0.0018139163
0.0,0,0.011544006
0.0,0,0.02058422
1.0,1,0.9756503
0.0,0,0.21591467
1.0,1,0.85502493
1.0,1,0.9832948
1.0,1,0.93801653
0.0,0,0.25939783
1.0,1,0.9756988
0.0,0,0.008038094
0.0,0,0.0021275165
0.0,0,0.012365345
1.0,1,0.780802
0.0,0,0.06819572
0.0,0,0.008041403
1.0,1,0.9459481
1.0,1,0.60108846
0.0,1,0.54220176
0.0,0,0.012121426
0.0,0,0.009462756
0.0,0,0.0010293846
1.0,1,0.86747694
0.0,0,0.32217392
1.0,1,0.9756321
1.0,1,0.7796478
1.0,1,0.8228657
0.0,1,0.7495144
1.0,1,0.94985247
0.0,0,0.018295057
1.0,1,0.97178185
1.0,1,0.45116475
0.0,0,0.37585044
1.0,0,0.36459705
1.0,1,0.96160614
1.0,1,0.9759082
0.0,0,0.007247069
0.0,0,0.02984365
0.0,1,0.93199104
0.0,1,0.42718235
0.0,0,0.14493178
1.0,1,0.9217602
0.0,0,0.03183082
0.0,0,0.08505727
1.0,1,0.9823146
1.0,1,0.9532209
1.0,1,0.95540136
1.0,1,0.8682733
1.0,1,0.566874
1.0,1,0.876587
1.0,1,0.7897843
1.0,1,0.96374255
1.0,1,0.86143863
0.0,0,0.001612651
0.0,0,0.033893034
0.0,0,0.0198278
0.0,0,0.043601718
1.0,1,0.8698823
1.0,1,0.78182673
1.0,1,0.9798793
0.0,0,0.0056835003
1.0,1,0.57122266
0.0,0,0.19558053
0.0,0,0.04300953
1.0,1,0.9549904
0.0,0,0.011328678
1.0,1,0.9784091
1.0,1,0.9498703
1.0,1,0.9499412
1.0,1,0.81373054
0.0,0,0.19705519
0.0,0,0.02836807
1.0,1,0.94472003
1.0,0,0.41521427
1.0,1,0.9352657
0.0,1,0.6732441
1.0,0,0.10067048
1.0,1,0.9509967
0.0,1,0.6908554
1.0,1,0.92618096
0.0,0,0.027101247
0.0,0,0.0096812835
0.0,0,0.102932125
1.0,1,0.8810679
1.0,1,0.8418796
1.0,1,0.9847086
1.0,1,0.61624193
1.0,1,0.89890915
0.0,0,0.26176026
0.0,1,0.7834412
1.0,1,0.76254153
1.0,1,0.9431131
0.0,0,0.0075782314
0.0,1,0.43144575
1.0,1,0.89508563
0.0,0,0.029204996
1.0,1,0.9676761
0.0,0,0.08041031
0.0,0,0.38177508
1.0,1,0.94363594
1.0,1,0.9771699
1.0,1,0.9657194
0.0,0,0.25917152
1.0,1,0.64314663
0.0,0,0.047938947
0.0,0,0.024201335
1.0,1,0.7938503
1.0,1,0.94383717
0.0,0,0.09215108
1.0,1,0.97066706
0.0,0,0.00916393
0.0,0,0.36588988
1.0,1,0.8599786
1.0,1,0.8728205
1.0,1,0.9778353
0.0,0,0.041632045
1.0,1,0.9578139
0.0,0,0.016146174
0.0,0,0.09490146
0.0,0,0.13697453
1.0,1,0.97987497
0.0,0,0.03751106
0.0,0,0.1368532
0.0,1,0.9751102
0.0,0,0.13183717
1.0,1,0.7456714
1.0,0,0.15219583
1.0,0,0.24724863
1.0,1,0.9873015
1.0,1,0.97349566
0.0,0,0.039466053
0.0,0,0.18987714
1.0,1,0.82245195
0.0,0,0.15614386
1.0,1,0.91349983
0.0,0,0.22608815
0.0,0,0.13424222
0.0,1,0.44510278
1.0,1,0.8657753
1.0,1,0.96882
1.0,1,0.9165825
0.0,0,0.009239588
1.0,1,0.957714
0.0,0,0.009778463
0.0,0,0.021630643
1.0,1,0.98380893
1.0,1,0.7795559
1.0,1,0.92199355
0.0,1,0.5327805
1.0,0,0.1805112
1.0,1,0.86493677
1.0,1,0.9707314
0.0,0,0.059435546
0.0,0,0.0026606813
0.0,0,0.3305926
0.0,0,0.034814246
0.0,0,0.26141936
0.0,0,0.0050124247
0.0,0,0.007600451
1.0,1,0.96750337
0.0,0,0.14232345
1.0,1,0.9661696
1.0,1,0.5858364
0.0,0,0.061562296
0.0,1,0.9423
1.0,1,0.9843087
0.0,0,0.010251573
0.0,0,0.2142734
1.0,1,0.6100782
1.0,1,0.9546422
0.0,1,0.68692267
0.0,0,0.25250494
0.0,0,0.36106545
0.0,1,0.5461759
0.0,0,0.011931055
0.0,0,0.020184467
0.0,0,0.3037818
0.0,0,0.0111642415
1.0,1,0.9350207
1.0,1,0.89810073
1.0,1,0.9559748
0.0,0,0.21861242
0.0,0,0.08707943
0.0,0,0.007339362
0.0,0,0.008032881
1.0,1,0.8605648
0.0,1,0.81253815
1.0,1,0.97905624
0.0,0,0.062680334
1.0,1,0.9491043
0.0,0,0.21163295
0.0,1,0.9348762
0.0,0,0.1369371
1.0,0,0.32978097
1.0,1,0.4286157
0.0,0,0.006703164
1.0,1,0.78043354
0.0,0,0.0071597444
1.0,1,0.9663861
0.0,0,0.0028130303
1.0,1,0.96090263
1.0,1,0.98124504
0.0,0,0.07302232
0.0,0,0.2686656
1.0,1,0.7281014
0.0,0,0.15482263
0.0,0,0.3515126
1.0,1,0.96818835
1.0,1,0.8181904
0.0,0,0.00950156
0.0,0,0.20335972
1.0,1,0.9552321
0.0,0,0.066503964
0.0,0,0.01677213
1.0,0,0.30865866
1.0,1,0.97797716
1.0,1,0.9671602
1.0,1,0.98282033
0.0,0,0.13432565
1.0,1,0.8787513
0.0,0,0.4088999
1.0,1,0.96986824
1.0,1,0.9725337
1.0,1,0.8412112
0.0,0,0.03678988
1.0,0,0.3767258
1.0,1,0.97914773
1.0,1,0.9187147
1.0,1,0.48989406
0.0,0,0.0027777639
1.0,1,0.93828386
1.0,1,0.8689968
0.0,0,0.006170597
0.0,0,0.07826802
0.0,0,0.03128313
0.0,1,0.8192017
0.0,0,0.06461177
0.0,0,0.018502159
1.0,1,0.9195264
1.0,1,0.89413816
1.0,1,0.54984605
1.0,1,0.92241657
1.0,1,0.9459488
1.0,1,0.96881634
1.0,1,0.9754729
0.0,0,0.005955748
1.0,1,0.97783047
0.0,1,0.8551574
0.0,1,0.9231925
1.0,1,0.98153275
1.0,1,0.85612273
1.0,1,0.8791407
1.0,1,0.9765534
0.0,0,0.040545564
1.0,1,0.9799405
0.0,0,0.39475664
1.0,1,0.9492948
1.0,1,0.9636672
1.0,1,0.96595335
0.0,1,0.5289093
1.0,1,0.9744423
0.0,0,0.011672199
0.0,0,0.011001575
1.0,1,0.9793684
0.0,1,0.9661381
0.0,0,0.01755528
1.0,1,0.71686375
1.0,1,0.8801652
0.0,0,0.0018744353
1.0,1,0.9635498
1.0,1,0.9671026
1.0,1,0.9399517
0.0,0,0.0056368234
1.0,1,0.97966623
0.0,1,0.79442
1.0,1,0.9801885
1.0,1,0.893538
0.0,1,0.43210787
1.0,1,0.9702664
0.0,0,0.0666142
1.0,0,0.28376633
0.0,0,0.001783656
0.0,0,0.013507091
1.0,1,0.9614941
1.0,1,0.43916756
0.0,0,0.18770102
1.0,1,0.92264545
1.0,1,0.9577405
0.0,0,0.14345172
1.0,1,0.9664916
1.0,1,0.9640614
1.0,1,0.60643196
1.0,1,0.9865992
1.0,1,0.7367702
0.0,0,0.01367997
0.0,0,0.25016
1.0,1,0.88696206
0.0,0,0.014966005
1.0,1,0.8251057
1.0,1,0.9746308
0.0,1,0.529886
0.0,0,0.0030185564
0.0,1,0.8658492
0.0,0,0.004341203
1.0,1,0.97528845
1.0,1,0.9741748
1.0,1,0.9310593
0.0,0,0.042238876
0.0,1,0.63751256
1.0,1,0.96909744
1.0,1,0.8425064
0.0,0,0.16945931
1.0,0,0.36536846
1.0,1,0.97269213
1.0,1,0.59995604
1.0,1,0.9517485
0.0,1,0.5751569
1.0,1,0.7814691
0.0,1,0.94756794
0.0,0,0.14088288
1.0,1,0.9106517
0.0,0,0.11388511
0.0,1,0.94529414
0.0,0,0.036686715
0.0,0,0.027681978
0.0,0,0.013302595
0.0,0,0.0323844
0.0,0,0.014246828
0.0,0,0.024907017
1.0,1,0.92263824
0.0,0,0.0036376195
1.0,1,0.84814316
0.0,0,0.0074651395
1.0,1,0.5804517
1.0,1,0.9782921
1.0,1,0.98270386
0.0,0,0.05065746
0.0,0,0.008009523
0.0,0,0.38703912
0.0,0,0.024852403
1.0,1,0.9619478
0.0,0,0.027210675
0.0,0,0.046292268
1.0,1,0.9837261
1.0,1,0.9344329
1.0,1,0.79512703
1.0,1,0.9298173
1.0,0,0.33029798
1.0,1,0.9811543
0.0,0,0.24857995
1.0,1,0.69668436
0.0,0,0.25170237
0.0,1,0.7898896
0.0,1,0.63437897
1.0,0,0.20641136
0.0,0,0.038034733
1.0,1,0.83285564
1.0,1,0.943216
1.0,1,0.92522675
1.0,1,0.8365427
1.0,1,0.96912265
0.0,0,0.12398129
1.0,1,0.92432004
0.0,1,0.6763772
0.0,1,0.49060652
1.0,1,0.9870385
1.0,1,0.9491538
0.0,0,0.02227503
0.0,1,0.6893824
1.0,1,0.9414967
1.0,1,0.9147661
1.0,1,0.86569107
0.0,0,0.020254476
0.0,0,0.0020439334
1.0,1,0.95352787
0.0,0,0.024609614
0.0,0,0.034353655
0.0,0,0.0027210813
0.0,0,0.018450672
1.0,0,0.295414
1.0,1,0.9828081
1.0,1,0.9644488
1.0,1,0.74767274
1.0,1,0.95489293
1.0,1,0.9488076
0.0,1,0.73831844
1.0,1,0.43047008
1.0,0,0.19731961
0.0,0,0.02470719
0.0,0,0.034691248
1.0,1,0.91776145
0.0,1,0.4314
0.0,1,0.4237296
0.0,0,0.010932561
1.0,1,0.9641727
1.0,1,0.96544313
1.0,1,0.97232527
1.0,1,0.54891706
0.0,0,0.07589831
0.0,1,0.5227053
0.0,0,0.040370595
0.0,0,0.04887882
1.0,1,0.7416545
1.0,0,0.34275335
1.0,1,0.78478223
1.0,1,0.9567757
0.0,0,0.32056734
0.0,0,0.15480705
1.0,1,0.9610102
1.0,1,0.97571653
1.0,1,0.9664149
1.0,1,0.94231653
1.0,1,0.9272104
1.0,0,0.2065292
0.0,0,0.14042649
1.0,1,0.5671091
0.0,0,0.22246362
1.0,1,0.7507067
1.0,1,0.8361662
0.0,0,0.013887789
1.0,1,0.59306705
0.0,0,0.022719527
1.0,1,0.97827685
0.0,0,0.017938467
0.0,0,0.042158455
0.0,0,0.41500625
1.0,1,0.89508396
0.0,0,0.014217927
0.0,0,0.37454873
1.0,1,0.94483966
1.0,1,0.97561103
1.0,1,0.63559145
0.0,0,0.019070808
0.0,0,0.022671495
0.0,0,0.0025384587
0.0,0,0.21095186
1.0,1,0.968788
0.0,0,0.0017075705
1.0,1,0.9799205
1.0,1,0.79996043
0.0,0,0.012434648
1.0,1,0.8359796
0.0,0,0.013278516
1.0,0,0.39303076
1.0,1,0.691535
1.0,1,0.6791369
1.0,1,0.883563
0.0,0,0.13351573
1.0,0,0.20700535
1.0,1,0.8618356
0.0,0,0.03459289
0.0,0,0.049392905
0.0,0,0.006329213
1.0,1,0.77108455
0.0,0,0.019504812
1.0,1,0.5287508
0.0,0,0.0075744307
0.0,0,0.30480814
1.0,1,0.96114296
0.0,0,0.017692612
1.0,1,0.81724256
0.0,0,0.021441538
0.0,0,0.02022941
1.0,1,0.9685978
0.0,0,0.010395523
0.0,1,0.7569203
1.0,0,0.27528718
1.0,0,0.39242202
1.0,1,0.98048264
1.0,1,0.93471384
0.0,0,0.12467389
0.0,0,0.07081372
0.0,1,0.5314754
0.0,0,0.024528095
0.0,0,0.09978498
0.0,0,0.0076419353
0.0,0,0.06652899
1.0,1,0.77454644
0.0,1,0.49907893
0.0,0,0.003237583
1.0,1,0.95318735
0.0,0,0.06996593
0.0,0,0.008799281
0.0,0,0.40285173
1.0,1,0.8716351
0.0,0,0.20413151
1.0,1,0.9693611
1.0,0,0.18851848
1.0,1,0.86294365
0.0,0,0.0059394785
0.0,1,0.47400737
1.0,1,0.9738393
1.0,1,0.46072143
1.0,1,0.9838674
0.0,0,0.117271625
0.0,0,0.072587095
0.0,1,0.907112
1.0,1,0.98254645
0.0,0,0.14049955
1.0,1,0.7496512
1.0,1,0.8675073
0.0,0,0.02842674
1.0,1,0.9631205
1.0,1,0.7655104
0.0,0,0.016497696
0.0,0,0.013096288
0.0,0,0.0026354317
0.0,0,0.020284303
1.0,0,0.39757693
0.0,0,0.10209474
0.0,0,0.109067746
1.0,1,0.9686844
1.0,1,0.8071117
0.0,0,0.016179416
0.0,0,0.009985169
0.0,0,0.015897721
1.0,1,0.9846039
1.0,0,0.32665557
1.0,1,0.9445338
1.0,1,0.8430486
0.0,0,0.013911866
0.0,0,0.018526299
1.0,1,0.95539945
1.0,1,0.9521768
0.0,0,0.004130122
0.0,0,0.0086835185
0.0,0,0.08586758
1.0,1,0.87917763
0.0,0,0.02374198
1.0,1,0.727169
0.0,0,0.028342819
1.0,1,0.9764076
1.0,1,0.89490306
1.0,1,0.45652387
1.0,1,0.9150284
0.0,0,0.038329795
1.0,1,0.96785384
1.0,1,0.8478147
0.0,1,0.47011405
0.0,0,0.004870065
1.0,1,0.6721535
0.0,0,0.023623854
1.0,0,0.34271452
1.0,1,0.77133125
1.0,1,0.86046344
0.0,0,0.01877211
0.0,0,0.0063581243
0.0,0,0.17581554
0.0,0,0.0008798615
0.0,0,0.04034668
0.0,0,0.011518472
1.0,1,0.9563459
1.0,1,0.79752153
1.0,1,0.9606286
0.0,0,0.028934345
0.0,0,0.034328874
1.0,1,0.958571
1.0,1,0.83173126
0.0,0,0.1924095
0.0,0,0.0049697733
0.0,1,0.5920396
1.0,0,0.40775228
0.0,0,0.02590625
0.0,1,0.9340504
1.0,1,0.9293258
1.0,1,0.94392216
0.0,0,0.021502677
0.0,0,0.014508849
0.0,0,0.03591606
0.0,0,0.12365412
0.0,0,0.030982675
0.0,0,0.052426197
1.0,1,0.8540963
1.0,1,0.89653444
1.0,1,0.9735549
1.0,1,0.9283739
0.0,1,0.60452986
0.0,0,0.0054198937
1.0,1,0.94816744
1.0,1,0.848278
1.0,1,0.8764217
0.0,0,0.3578121
0.0,0,0.016958706
1.0,1,0.96824825
0.0,0,0.27369702
1.0,1,0.7042959
1.0,1,0.90152335
1.0,1,0.9751258
0.0,0,0.010645939
1.0,1,0.964262
0.0,0,0.04170126
1.0,1,0.9820735
1.0,1,0.9250595
1.0,1,0.60577935
1.0,1,0.97417265
0.0,1,0.8890392
1.0,1,0.8905303
1.0,1,0.8341763
0.0,0,0.009412949
1.0,0,0.26764008
1.0,1,0.7703851
1.0,1,0.9746015
1.0,1,0.9681605
1.0,1,0.9757244
0.0,0,0.32042444
1.0,1,0.9177328
1.0,1,0.97033083
0.0,0,0.0050222366
0.0,0,0.033420578
0.0,0,0.0041739075
1.0,1,0.9784629
1.0,1,0.9615519
1.0,1,0.77664924
0.0,0,0.37172475
1.0,1,0.49016702
0.0,0,0.024465183
1.0,1,0.9295644
0.0,0,0.0620852
0.0,0,0.055049818
0.0,1,0.8266668
0.0,0,0.025522698
1.0,1,0.9729472
1.0,1,0.9768235
0.0,0,0.06704997
0.0,0,0.020940838
1.0,1,0.9161795
1.0,0,0.15244143
0.0,0,0.0132422345
1.0,1,0.96693707
1.0,1,0.87200075
1.0,1,0.8846918
0.0,0,0.029235443
1.0,1,0.6575527
0.0,0,0.013633153
1.0,1,0.85888433
0.0,0,0.03401446
0.0,0,0.31882066
1.0,1,0.95770425
0.0,0,0.022906907
1.0,1,0.50565803
0.0,0,0.041301113
1.0,1,0.6288115
0.0,0,0.18750876
1.0,1,0.6382638
0.0,0,0.41913837
1.0,1,0.9698722
0.0,1,0.7886649
0.0,0,0.013414049
0.0,0,0.0063861297
0.0,0,0.12985328
0.0,0,0.001467646
1.0,1,0.9622664
0.0,0,0.039834138
1.0,1,0.95633745
1.0,1,0.9762207
1.0,1,0.93102294
1.0,1,0.6193549
1.0,1,0.8571627
0.0,0,0.1054933
0.0,0,0.20587522
0.0,0,0.01895393
0.0,0,0.3130482
1.0,1,0.9648343
0.0,1,0.68407726
0.0,1,0.6273881
1.0,0,0.24470198
1.0,1,0.9455379
0.0,0,0.091181405
0.0,0,0.025580944
1.0,1,0.93948376
1.0,1,0.9597945
1.0,1,0.96751785
0.0,1,0.6714779
1.0,1,0.9610499
1.0,1,0.75407606
1.0,1,0.98209554
0.0,0,0.36482698
1.0,1,0.95266086
0.0,0,0.17138815
0.0,0,0.049036127
0.0,0,0.28142437
0.0,0,0.10719434
1.0,1,0.8619754
0.0,1,0.8592588
1.0,1,0.7917536
0.0,0,0.022864955
0.0,0,0.03971038
1.0,1,0.6941204
0.0,0,0.09976801
0.0,0,0.0040268246
0.0,0,0.13858213
1.0,1,0.9595859
0.0,0,0.32667717
1.0,1,0.98046905
1.0,1,0.88789463
1.0,1,0.9761645
0.0,0,0.23582533
0.0,0,0.025101664
1.0,1,0.95014286
0.0,0,0.2654794
1.0,1,0.9830631
1.0,1,0.9653916
0.0,0,0.1522202
0.0,0,0.014589358
0.0,0,0.040478375
1.0,1,0.43675983
0.0,0,0.03999766
1.0,1,0.7112949
1.0,1,0.9400615
0.0,0,0.009341558
1.0,1,0.61916924
1.0,1,0.7001536
0.0,0,0.05454364
1.0,1,0.9726688
0.0,0,0.01294942
1.0,1,0.90113485
1.0,1,0.9528286
0.0,0,0.012318503
1.0,1,0.9657825
0.0,0,0.004001804
1.0,1,0.8760146
1.0,1,0.9519798
0.0,0,0.4131423
0.0,0,0.025027368
1.0,1,0.9599357
1.0,1,0.9564246
0.0,0,0.049004056
1.0,1,0.98336375
0.0,0,0.02701182
0.0,1,0.688722
1.0,1,0.93207604
1.0,1,0.62143934
0.0,0,0.011125387
1.0,1,0.9056235
0.0,0,0.24010386
1.0,1,0.9795827
0.0,0,0.053699903
0.0,0,0.29397148
1.0,1,0.96913034
1.0,1,0.979509
1.0,1,0.97012645
1.0,1,0.97867733
0.0,0,0.066899724
0.0,0,0.030801361
1.0,1,0.9824674
0.0,0,0.010329353
1.0,1,0.8072132
0.0,0,0.13976464
1.0,1,0.96709454
0.0,0,0.37340787
0.0,0,0.17526522
0.0,0,0.04272468
1.0,1,0.9016687
0.0,0,0.066970214
1.0,1,0.89440846
0.0,0,0.25916496
1.0,1,0.9598011
1.0,1,0.80386204
1.0,1,0.9725356
1.0,1,0.97759426
0.0,0,0.039141692
1.0,1,0.93853605
0.0,0,0.0060234223
1.0,1,0.84262156
1.0,1,0.7472755
0.0,0,0.15036924
1.0,1,0.8935719
0.0,0,0.29709548
1.0,1,0.5391991
1.0,1,0.97881275
1.0,1,0.9062521
1.0,1,0.9431967
0.0,1,0.86839616
0.0,0,0.016863111
1.0,1,0.9664578
0.0,0,0.018869722
0.0,0,0.008512232
1.0,1,0.9404714
1.0,1,0.9773202
1.0,1,0.9798284
1.0,1,0.98223615
1.0,1,0.9596451
0.0,0,0.010925479
0.0,0,0.013103738
1.0,1,0.9777745
0.0,0,0.028161794
0.0,0,0.011226498
0.0,0,0.13084191
0.0,0,0.003607298
1.0,1,0.9089026
0.0,0,0.021144599
0.0,0,0.0026620028
1.0,1,0.9113722
1.0,1,0.97903407
0.0,0,0.18409932
0.0,0,0.020861482
1.0,1,0.9753964
1.0,1,0.98402303
1.0,1,0.8185686
0.0,0,0.19096123
0.0,0,0.0283664
1.0,1,0.8053858
1.0,1,0.6890751
0.0,1,0.85296565
0.0,0,0.13053179
1.0,0,0.26268408
1.0,1,0.5508945
0.0,1,0.48787406
1.0,1,0.9665127
1.0,1,0.9230175
0.0,0,0.16745766
1.0,1,0.84826595
0.0,0,0.005900398
0.0,1,0.9089711
0.0,0,0.3290741
0.0,0,0.23970217
0.0,0,0.016170356
0.0,0,0.028041987
0.0,0,0.08618321
0.0,0,0.37935358
1.0,0,0.39810082
1.0,1,0.95197153
1.0,0,0.37816945
0.0,0,0.009302909
1.0,1,0.95326936
1.0,1,0.9632017
1.0,1,0.9178736
1.0,1,0.8099883
0.0,0,0.11268951
1.0,1,0.6816677
1.0,1,0.8739091
0.0,0,0.03549715
0.0,0,0.024742804
1.0,1,0.9616726
1.0,1,0.96546537
1.0,1,0.96696424
0.0,0,0.06384788
1.0,1,0.9632774
0.0,0,0.15679567
1.0,1,0.60221124
1.0,1,0.9792968
1.0,1,0.71599257
0.0,0,0.1329148
1.0,1,0.5356684
1.0,0,0.1426844
0.0,0,0.019260019
0.0,0,0.02276513
0.0,0,0.03602198
1.0,1,0.91829973
1.0,1,0.59290814
1.0,1,0.8751129
0.0,0,0.006874226
1.0,1,0.98424065
1.0,1,0.8903247
0.0,0,0.019390931
1.0,1,0.9822189
1.0,1,0.9483272
1.0,1,0.97262764
0.0,0,0.014147432
1.0,1,0.97263575
1.0,1,0.96104914
0.0,0,0.3878787
1.0,1,0.9814782
1.0,1,0.8969768
1.0,1,0.95103824
1.0,1,0.9876974
1.0,1,0.9389798
0.0,0,0.106802806
1.0,1,0.45851403
1.0,1,0.9814194
0.0,0,0.027629668
1.0,1,0.9728219
1.0,1,0.97586036
0.0,0,0.07382778
1.0,1,0.77508616
1.0,1,0.98006386
1.0,0,0.32709813
0.0,0,0.021501934
1.0,1,0.90418017
1.0,1,0.7611885
1.0,1,0.92071915
0.0,0,0.023573928
0.0,1,0.49820435
0.0,0,0.12846263
1.0,0,0.21143891
0.0,1,0.5562128
0.0,0,0.0023203832
1.0,1,0.98470956
1.0,1,0.6545571
0.0,1,0.52486587
1.0,1,0.9739963
1.0,1,0.888495
1.0,1,0.9392442
0.0,1,0.97530013
1.0,1,0.9460256
0.0,0,0.0062135374
0.0,0,0.10528858
0.0,0,0.005141157
0.0,0,0.012359269
1.0,1,0.5065226
1.0,1,0.97225463
1.0,1,0.9793836
1.0,1,0.97589964
0.0,0,0.019650392
1.0,1,0.9712194
0.0,0,0.03642117
1.0,1,0.9745296
0.0,0,0.0028477008
0.0,0,0.083095744
0.0,1,0.9295053
1.0,1,0.95347744
1.0,1,0.9821383
0.0,0,0.17703101
1.0,1,0.96671313
1.0,1,0.8739134
1.0,1,0.7591784
1.0,1,0.9773378
0.0,1,0.7676085
1.0,1,0.8443602
0.0,0,0.015392744
0.0,0,0.011611474
0.0,1,0.592955
0.0,0,0.017494885
1.0,0,0.16541073
1.0,1,0.96564287
1.0,1,0.6856457
1.0,1,0.8800427
1.0,1,0.9597007
1.0,1,0.7941792
0.0,0,0.0036455556
1.0,1,0.980824
1.0,1,0.7807784
0.0,0,0.09150118
1.0,0,0.37405953
1.0,0,0.0960676
0.0,0,0.08401916
0.0,1,0.43396646
1.0,1,0.49473658
0.0,0,0.25147927
1.0,1,0.82299256
0.0,0,0.13892266
0.0,0,0.02099333
0.0,0,0.0102029005
0.0,0,0.018424239
1.0,1,0.84015846
1.0,1,0.92806166
1.0,1,0.505981
1.0,1,0.94899094
0.0,0,0.027730802
0.0,1,0.42405528
1.0,1,0.98423296
1.0,1,0.8318541
1.0,1,0.9465415
0.0,0,0.03644636
1.0,1,0.9805417
1.0,1,0.87287974
0.0,0,0.2200567
0.0,0,0.009326229
0.0,0,0.030666025
0.0,0,0.103631146
1.0,0,0.30743828
1.0,0,0.20247082
1.0,1,0.81039524
0.0,0,0.20288356
0.0,0,0.12831832
1.0,1,0.97892356
0.0,0,0.07648408
0.0,0,0.04762009
0.0,0,0.0093196845
1.0,1,0.8331595
0.0,0,0.026894128
0.0,0,0.018023025
1.0,1,0.9733377
0.0,1,0.6124089
1.0,1,0.97393274
1.0,1,0.94402474
0.0,0,0.0932198
0.0,0,0.012452462
1.0,1,0.5709045
1.0,1,0.56826043
1.0,1,0.91871375
0.0,0,0.039013863
1.0,1,0.9672207
0.0,0,0.023296017
0.0,0,0.37625578
1.0,1,0.9601632
0.0,0,0.023712726
0.0,0,0.016523363
1.0,1,0.88759977
1.0,1,0.69466025
0.0,0,0.041924566
1.0,1,0.9434072
1.0,1,0.5530428
0.0,0,0.055376463
0.0,0,0.011653929
0.0,0,0.028847452
1.0,1,0.9754044
1.0,1,0.96613395
0.0,1,0.8912262
0.0,0,0.14758097
1.0,1,0.9741069
1.0,1,0.8024492
1.0,1,0.9795413
0.0,0,0.024118507
1.0,1,0.9664857
0.0,0,0.055214062
1.0,1,0.93035364
1.0,1,0.60637915
0.0,1,0.9705342
1.0,1,0.93659365
1.0,1,0.97890335
0.0,0,0.100013055
1.0,1,0.64124656
1.0,1,0.7927122
0.0,0,0.055954758
1.0,1,0.9801305
0.0,0,0.056194022
0.0,0,0.046388805
0.0,0,0.011364866
0.0,0,0.023835197
0.0,0,0.1523512
0.0,0,0.0024021845
0.0,0,0.0631202
0.0,0,0.2257223
0.0,0,0.017407477
1.0,1,0.94738257
1.0,1,0.9054479
1.0,1,0.92373335
0.0,0,0.19334216
0.0,0,0.13063301
1.0,1,0.90128416
0.0,0,0.11046634
0.0,0,0.042565644
1.0,1,0.98175085
1.0,1,0.9785059
1.0,1,0.8432081
1.0,1,0.869923
1.0,1,0.94586647
0.0,0,0.3776255
0.0,0,0.09153841
0.0,1,0.9060703
1.0,1,0.87606657
0.0,0,0.019957159
0.0,0,0.0039253714
1.0,1,0.97947025
1.0,1,0.84631777
1.0,1,0.8868993
1.0,1,0.91126513
1.0,1,0.9786746
1.0,1,0.93784416
0.0,0,0.008999246
1.0,1,0.86316067
1.0,1,0.4652997
0.0,0,0.02940746
1.0,1,0.93031126
0.0,1,0.44859546
1.0,1,0.61403954
1.0,1,0.8982084
0.0,0,0.014697584
0.0,0,0.023531007
1.0,1,0.68390584
0.0,0,0.010941109
0.0,1,0.57302994
0.0,0,0.18656953
0.0,0,0.0054032705
0.0,0,0.023966843
0.0,1,0.571015
0.0,0,0.035917018
1.0,1,0.94813085
1.0,1,0.9735698
0.0,0,0.021340756
0.0,0,0.03346144
0.0,0,0.07115232
0.0,0,0.07254342
1.0,1,0.8512535
1.0,1,0.87661105
0.0,0,0.08873954
1.0,1,0.96217793
1.0,1,0.7494049
0.0,0,0.0076169814
0.0,1,0.49413154
0.0,0,0.036601696
1.0,1,0.956693
0.0,0,0.019032685
1.0,1,0.97724223
0.0,1,0.5161896
1.0,1,0.74027014
1.0,1,0.7015389
0.0,0,0.04358102
0.0,0,0.37564102
1.0,1,0.97042334
1.0,1,0.98429585
0.0,1,0.4524952
0.0,0,0.08461368
1.0,1,0.95309585
0.0,0,0.03941966
1.0,1,0.7168716
1.0,1,0.5115373
1.0,1,0.8910966
0.0,0,0.08761792
1.0,1,0.8537936
1.0,1,0.95948315
1.0,1,0.9165739
1.0,1,0.8303004
0.0,0,0.0061022025
1.0,1,0.969726
0.0,0,0.015876176
1.0,0,0.09355338
1.0,1,0.9623713
0.0,0,0.20990168
0.0,0,0.0053153434
0.0,1,0.6908673
1.0,0,0.2725231
1.0,1,0.9765321
0.0,0,0.047143828
1.0,1,0.9696937
0.0,0,0.22414796
0.0,1,0.57258415
1.0,1,0.48892018
1.0,1,0.9751929
0.0,0,0.0136348475
1.0,1,0.9172374
0.0,0,0.13712525
0.0,0,0.0070872214
1.0,1,0.7593466
0.0,0,0.19029957
1.0,1,0.82793236
0.0,0,0.19427678
1.0,0,0.3376746
0.0,1,0.7616296
0.0,0,0.009171048
1.0,1,0.7333653
0.0,0,0.022105541
1.0,1,0.9295015
1.0,0,0.25224802
1.0,1,0.82608914
1.0,1,0.68394625
0.0,0,0.26769036
0.0,0,0.010872596
1.0,1,0.9738077
0.0,0,0.008661169
1.0,1,0.9800515
0.0,0,0.0056042834
1.0,1,0.6453855
1.0,0,0.26881585
1.0,1,0.90771145
0.0,0,0.01707243
1.0,1,0.9787306
0.0,0,0.10056607
0.0,0,0.01669093
0.0,0,0.1464176
1.0,1,0.80738246
1.0,1,0.8880184
1.0,1,0.9729176
1.0,1,0.9680038
0.0,0,0.18574812
0.0,0,0.34252164
0.0,0,0.025875889
0.0,0,0.12006582
0.0,0,0.05094259
1.0,1,0.9786663
0.0,0,0.09071713
0.0,1,0.513135
0.0,0,0.017987657
0.0,0,0.38996962
0.0,1,0.86855805
0.0,0,0.0063964613
0.0,0,0.029133989
0.0,1,0.65110415
1.0,1,0.9088538
0.0,0,0.016430188
0.0,0,0.028961949
0.0,0,0.30259964
1.0,1,0.7341888
0.0,0,0.008252839
1.0,1,0.76424086
1.0,1,0.9406692
1.0,1,0.9257722
0.0,0,0.025035331
1.0,1,0.9140168
0.0,0,0.009375237
1.0,1,0.9829182
1.0,1,0.89105266
1.0,1,0.86038834
1.0,1,0.6813543
1.0,1,0.9498768
1.0,1,0.43699816
0.0,0,0.004490183
0.0,0,0.038569666
1.0,1,0.9518054
0.0,0,0.08464777
0.0,1,0.9497146
1.0,1,0.9199423
0.0,0,0.014971938
0.0,1,0.95993114
0.0,0,0.012478476
0.0,0,0.03569778
1.0,1,0.95038915
1.0,1,0.83066463
0.0,0,0.0063637085
0.0,0,0.21419443
1.0,1,0.92818964
1.0,1,0.73196524
0.0,1,0.5358795
1.0,1,0.97945017
1.0,1,0.9063165
1.0,1,0.97747964
1.0,1,0.9196026
0.0,0,0.015034803
0.0,0,0.21167304
0.0,0,0.24751596
0.0,1,0.56369126
0.0,0,0.03674267
1.0,1,0.9510352
1.0,1,0.97055197
1.0,1,0.93686754
0.0,1,0.793501
1.0,1,0.9734497
0.0,0,0.0033363167
0.0,0,0.0068091727
1.0,1,0.7982901
0.0,0,0.05596418
0.0,0,0.15324381
1.0,1,0.7418289
1.0,1,0.97521996
0.0,0,0.08243602
1.0,1,0.827761
0.0,0,0.0705344
1.0,1,0.980284
1.0,1,0.9678932
1.0,1,0.6004839
1.0,1,0.9692135
0.0,0,0.0064452128
1.0,1,0.95151854
1.0,1,0.66470015
1.0,1,0.80347335
1.0,1,0.9672088
1.0,1,0.93425035
0.0,0,0.11562057
0.0,0,0.019746874
1.0,1,0.88100046
1.0,1,0.8619916
0.0,0,0.030576292
1.0,1,0.7154287
0.0,0,0.031671267
1.0,1,0.9683218
1.0,1,0.98039496
0.0,0,0.1569336
0.0,0,0.30867225
1.0,1,0.97264427
1.0,1,0.9817068
1.0,0,0.040678024
0.0,0,0.18461786
1.0,1,0.9289038
0.0,0,0.028314795
0.0,0,0.027350187
1.0,1,0.8064038
1.0,1,0.8195697
1.0,1,0.62099934
1.0,1,0.98372734
1.0,1,0.89363647
0.0,0,0.039050575
0.0,0,0.019297482
1.0,1,0.93971735
1.0,1,0.84001625
0.0,1,0.48692945
1.0,1,0.543069
1.0,1,0.9736866
0.0,0,0.036480747
0.0,1,0.44889694
1.0,1,0.8457382
0.0,1,0.9385128
1.0,1,0.97875684
0.0,0,0.0103224525
0.0,1,0.6526936
0.0,0,0.26208553
0.0,0,0.18316695
1.0,1,0.9719848
0.0,0,0.22778738
1.0,1,0.97969663
0.0,0,0.0326317
0.0,0,0.10851698
1.0,1,0.91940004
1.0,1,0.9607718
0.0,0,0.023952574
1.0,1,0.9430452
1.0,1,0.98053044
0.0,0,0.02360284
0.0,1,0.5516471
1.0,1,0.9528324
0.0,0,0.026003618
1.0,1,0.6896019
0.0,0,0.07819566
0.0,1,0.4208423
0.0,1,0.6909267
1.0,1,0.80462945
1.0,1,0.7100382
1.0,1,0.980749
0.0,1,0.951221
0.0,0,0.0025543438
0.0,0,0.19103326
0.0,0,0.027424168
1.0,1,0.58977723
0.0,0,0.0070018256
0.0,0,0.07896923
0.0,0,0.025415529
1.0,1,0.9696361
1.0,1,0.8434265
1.0,1,0.9671832
0.0,0,0.1171644
0.0,0,0.097376116
0.0,0,0.2992376
1.0,1,0.9686482
0.0,0,0.019183682
1.0,1,0.91784155
0.0,1,0.5664334
0.0,1,0.6364002
1.0,1,0.9074688
1.0,1,0.8442849
1.0,1,0.95020443
1.0,1,0.9784853
1.0,1,0.94057995
0.0,0,0.27394673
1.0,1,0.96745145
0.0,0,0.35068768
1.0,1,0.97264194
0.0,0,0.0120808
1.0,0,0.24066515
0.0,0,0.022974676
0.0,0,0.0077705816
1.0,1,0.85772336
1.0,1,0.81638044
1.0,1,0.9571041
0.0,0,0.008429106
0.0,0,0.07052167
0.0,0,0.13117558
0.0,0,0.025264336
0.0,0,0.07440513
0.0,0,0.088817105
1.0,1,0.8300463
1.0,1,0.89630175
0.0,0,0.087592006
0.0,0,0.03849144
1.0,1,0.98165566
1.0,1,0.92856383
0.0,1,0.52140427
1.0,1,0.91131085
1.0,0,0.104456805
0.0,0,0.0238918
0.0,0,0.0027140277
1.0,1,0.94193226
0.0,0,0.03732389
1.0,0,0.16742578
0.0,0,0.07932722
1.0,1,0.983022
0.0,1,0.6398634
1.0,1,0.89422524
0.0,0,0.0054876143
0.0,0,0.08679184
0.0,0,0.10455577
0.0,0,0.011907278
1.0,1,0.96703964
0.0,0,0.02515165
1.0,1,0.9387123
1.0,1,0.7779104
1.0,1,0.79824585
1.0,1,0.9832202
1.0,1,0.8032317
0.0,0,0.021070227
1.0,1,0.84144616
0.0,0,0.0105938045
0.0,0,0.0058094133
1.0,1,0.9177971
1.0,1,0.75598526
0.0,0,0.027473696
1.0,1,0.85730255
0.0,0,0.2317696
0.0,0,0.35482252
0.0,0,0.20914644
0.0,0,0.013107762
1.0,0,0.36124545
1.0,1,0.79048306
0.0,0,0.38633764
1.0,1,0.664698
1.0,1,0.6413535
1.0,1,0.76367015
0.0,0,0.0019564002
1.0,1,0.9458694
1.0,1,0.96885103
0.0,0,0.084091194
1.0,1,0.9595451
1.0,1,0.9754345
0.0,0,0.033181895
1.0,1,0.93582326
1.0,1,0.8888048
1.0,1,0.98169667
1.0,1,0.9379603
0.0,0,0.038097132
1.0,1,0.80876994
0.0,0,0.014649056
0.0,0,0.10403158
0.0,0,0.1576203
1.0,1,0.8324409
1.0,0,0.17065097
1.0,1,0.83239406
0.0,0,0.021595487
1.0,1,0.7821959
0.0,0,0.026132593
1.0,1,0.74961114
0.0,0,0.021469604
1.0,0,0.047877613
1.0,1,0.8611548
0.0,1,0.85849065
0.0,0,0.021673534
1.0,1,0.9292795
0.0,0,0.043793444
0.0,0,0.07366234
0.0,0,0.015931025
1.0,1,0.7199018
1.0,1,0.79803866
0.0,1,0.72925353
1.0,1,0.9438339
1.0,1,0.6928576
0.0,0,0.013047546
0.0,0,0.13306761
1.0,1,0.48983282
1.0,1,0.9748115
1.0,1,0.50916874
0.0,0,0.03715737
1.0,0,0.20089032
0.0,0,0.005744076
0.0,0,0.003053504
0.0,1,0.70853865
0.0,0,0.0019360414
0.0,1,0.45139468
0.0,1,0.44116977
1.0,1,0.4802001
1.0,1,0.86799127
1.0,1,0.93154705
0.0,0,0.07359293
0.0,0,0.006640961
1.0,1,0.98364323
1.0,1,0.8473166
1.0,1,0.9622575
0.0,0,0.02468563
0.0,0,0.012333492
0.0,0,0.00970304
0.0,0,0.008470387
0.0,0,0.012389828
0.0,0,0.018499076
1.0,1,0.82469743
1.0,1,0.79390585
1.0,1,0.6816815
0.0,0,0.30721503
1.0,1,0.979542
0.0,0,0.354119
0.0,0,0.015346537
0.0,0,0.0045778668
0.0,0,0.06833058
0.0,0,0.18289448
0.0,0,0.060019113
1.0,1,0.97199285
1.0,1,0.8524831
1.0,1,0.90177876
0.0,0,0.008654756
0.0,0,0.036866635
0.0,1,0.7915931
1.0,1,0.9520521
1.0,1,0.8183412
1.0,1,0.94666433
1.0,1,0.8770397
0.0,0,0.008162383
1.0,1,0.63414764
1.0,1,0.96584386
0.0,0,0.15522225
1.0,1,0.97018844
0.0,0,0.003521184
0.0,0,0.0011319891
0.0,0,0.016997073
0.0,1,0.9733185
0.0,1,0.7357605
1.0,1,0.8819796
0.0,0,0.096424535
1.0,1,0.95855963
0.0,0,0.05379457
1.0,1,0.9803988
0.0,0,0.30216086
0.0,0,0.012334281
1.0,1,0.91896135
0.0,0,0.083334506
1.0,1,0.7571293
1.0,1,0.97847116
0.0,0,0.30557913
0.0,0,0.009571618
1.0,1,0.7558724
0.0,0,0.24453548
1.0,1,0.9505575
0.0,0,0.0055296924
0.0,0,0.0040683523
0.0,0,0.015640851
1.0,1,0.86427987
0.0,0,0.30636105
1.0,1,0.4432059
0.0,0,0.05725824
1.0,0,0.24097571
1.0,1,0.98499584
0.0,0,0.015412153
1.0,1,0.9187329
1.0,1,0.9779716
0.0,0,0.16351126
1.0,0,0.054684155
0.0,0,0.3514769
1.0,1,0.9706491
1.0,1,0.9805524
0.0,1,0.91485304
0.0,0,0.0016071987
1.0,1,0.97852266
1.0,1,0.94513184
0.0,0,0.30562514
1.0,1,0.96457165
0.0,0,0.012254111
1.0,1,0.9803101
1.0,0,0.4137699
1.0,1,0.9400959
1.0,1,0.9777388
0.0,0,0.11579574
1.0,1,0.46814358
1.0,1,0.61507136
0.0,0,0.0033527121
0.0,0,0.021050157
0.0,1,0.45891103
0.0,0,0.40683588
0.0,1,0.4874469
0.0,0,0.33515316
1.0,1,0.98031807
1.0,1,0.9127551
1.0,1,0.87946886
1.0,1,0.468374
1.0,1,0.85412437
0.0,0,0.028479183
0.0,0,0.027377158
0.0,0,0.11507893
0.0,0,0.030412827
1.0,1,0.57435715
0.0,1,0.48492277
0.0,0,0.017771188
1.0,1,0.96129197
0.0,0,0.05304334
1.0,1,0.953107
1.0,1,0.8519752
0.0,1,0.49409473
1.0,1,0.9830665
1.0,1,0.97688127
0.0,0,0.034100767
0.0,0,0.014140768
0.0,0,0.058948386
0.0,0,0.14724626
0.0,0,0.19870079
1.0,0,0.1119807
0.0,0,0.33338615
1.0,1,0.9830999
0.0,1,0.61425865
0.0,0,0.28401348
1.0,1,0.8557138
1.0,1,0.9570792
1.0,1,0.9526721
0.0,0,0.0029126853
1.0,1,0.9759104
1.0,0,0.3188468
1.0,1,0.7407808
0.0,1,0.42493793
0.0,0,0.0036328149
1.0,1,0.98037547
1.0,1,0.985107
1.0,1,0.888101
0.0,0,0.38712704
0.0,0,0.022789901
0.0,0,0.30215386
0.0,0,0.047633253
0.0,0,0.07563982
0.0,0,0.1271424
1.0,1,0.9766215
0.0,0,0.025938412
0.0,0,0.34446198
1.0,1,0.7347927
0.0,0,0.08160869
1.0,1,0.8860789
1.0,1,0.9630363
0.0,0,0.043172028
1.0,1,0.85978866
0.0,0,0.047540024
0.0,0,0.058622964
0.0,0,0.06220516
0.0,0,0.027559979
1.0,1,0.9546692
0.0,0,0.027785497
1.0,1,0.98226494
1.0,1,0.7443957
1.0,1,0.50743425
0.0,0,0.13615368
1.0,1,0.92758703
0.0,1,0.56174576
1.0,1,0.9251757
0.0,0,0.02726735
0.0,0,0.020643158
1.0,1,0.9832043
1.0,1,0.9492115
1.0,1,0.9669204
0.0,0,0.08041858
1.0,0,0.17770843
0.0,0,0.30656928
0.0,0,0.028072206
1.0,1,0.91044724
0.0,0,0.027775269
0.0,1,0.5893296
0.0,0,0.05170767
1.0,1,0.8805542
0.0,0,0.120367534
1.0,1,0.9814022
0.0,0,0.41951385
0.0,0,0.01775559
1.0,1,0.89866036
0.0,0,0.27880082
0.0,0,0.011057018
0.0,0,0.05019175
1.0,1,0.9093485
0.0,0,0.07771347
1.0,1,0.9616946
1.0,1,0.9800108
1.0,1,0.8375787
0.0,0,0.0144029325
0.0,0,0.025278104
1.0,1,0.9078077
1.0,1,0.9700936
0.0,1,0.85261714
1.0,0,0.25300935
0.0,0,0.002519722
1.0,1,0.80036974
0.0,0,0.14492887
0.0,1,0.9538282
1.0,1,0.59500146
0.0,1,0.78595567
1.0,1,0.58548474
1.0,1,0.9728126
0.0,0,0.029910376
0.0,0,0.0029235599
1.0,1,0.8383575
0.0,0,0.01603521
0.0,0,0.02198308
0.0,0,0.14817369
1.0,1,0.7348303
1.0,1,0.58399516
0.0,0,0.12942097
1.0,1,0.97927755
0.0,0,0.063306965
1.0,1,0.6709198
1.0,1,0.95835173
1.0,1,0.9755848
1.0,1,0.84274775
1.0,1,0.97733575
1.0,1,0.9758698
1.0,1,0.9639882
0.0,0,0.022814026
1.0,1,0.95611644
0.0,0,0.14797635
0.0,0,0.033891417
1.0,0,0.06410453
0.0,1,0.5592691
0.0,1,0.6925468
0.0,0,0.24759103
0.0,0,0.029500302
1.0,1,0.9563297
1.0,1,0.8599212
0.0,0,0.25119954
0.0,1,0.6155411
1.0,1,0.97035486
1.0,1,0.9833642
1.0,1,0.81241834
1.0,1,0.9493135
1.0,1,0.5675963
0.0,0,0.081436455
1.0,1,0.9098748
0.0,0,0.0026958454
1.0,1,0.94184256
0.0,0,0.40750054
0.0,1,0.7260151
0.0,0,0.021138396
0.0,1,0.42441857
1.0,1,0.97078407
0.0,0,0.035569955
0.0,0,0.05328179
0.0,0,0.20668307
1.0,1,0.9207077
0.0,0,0.0053766617
0.0,1,0.5462647
0.0,0,0.19991703
0.0,0,0.16035576
0.0,0,0.091409996
1.0,1,0.9765568
0.0,0,0.017473744
0.0,0,0.009135011
1.0,1,0.7391535
0.0,0,0.4101339
1.0,1,0.96252304
0.0,0,0.024398344
0.0,0,0.18962897
0.0,0,0.10982732
1.0,1,0.6663438
1.0,1,0.9705824
0.0,0,0.13632886
1.0,1,0.9318938
1.0,0,0.32709384
1.0,1,0.8391973
0.0,0,0.027046854
1.0,1,0.9668775
1.0,1,0.9737859
1.0,1,0.65307623
0.0,0,0.10799643
0.0,0,0.018430233
0.0,0,0.0092978105
0.0,0,0.04562804
0.0,0,0.019217858
1.0,1,0.96378034
0.0,0,0.0045242184
0.0,0,0.17656644
0.0,0,0.3223717
1.0,1,0.9656879
0.0,1,0.5297971
0.0,0,0.062070966
0.0,0,0.06464001
0.0,0,0.020420512
1.0,1,0.66459215
0.0,0,0.2571432
0.0,0,0.32423794
0.0,0,0.021422742
1.0,1,0.75839293
1.0,1,0.9866832
0.0,0,0.03678029
1.0,1,0.955325
0.0,0,0.13976835
0.0,1,0.74661624
0.0,0,0.0052027553
0.0,0,0.014321351
0.0,0,0.001731036
1.0,1,0.9616681
0.0,0,0.14328094
1.0,1,0.9858425
1.0,1,0.9047679
1.0,1,0.9647467
0.0,0,0.08355967
0.0,0,0.12219289
1.0,1,0.98135215
1.0,1,0.8009364
1.0,1,0.97627753
1.0,1,0.891005
1.0,1,0.9704875
0.0,0,0.020228289
1.0,1,0.7774911
0.0,0,0.22926597
1.0,1,0.9622728
0.0,0,0.008687155
0.0,0,0.010203472
1.0,1,0.6583431
1.0,1,0.9341486
1.0,1,0.85754794
1.0,1,0.8258204
0.0,1,0.5463234
1.0,1,0.9529024
1.0,1,0.9042602
0.0,0,0.016670464
1.0,1,0.88627344
0.0,0,0.027940389
1.0,1,0.94746834
0.0,0,0.022566305
1.0,1,0.96020305
0.0,0,0.0058498946
0.0,0,0.19138016
1.0,1,0.98501116
0.0,0,0.016835645
1.0,1,0.96819633
1.0,1,0.8248348
1.0,1,0.8986088
1.0,1,0.9620016
0.0,1,0.88772106
1.0,1,0.9265457
1.0,1,0.52962327
1.0,1,0.9683331
1.0,1,0.7299105
0.0,0,0.2828978
1.0,1,0.9437381
1.0,1,0.85233575
1.0,0,0.07716748
1.0,1,0.9583051
0.0,0,0.14106393
1.0,1,0.9456308
1.0,1,0.9819116
1.0,1,0.8953323
0.0,0,0.013796388
0.0,0,0.22899029
0.0,0,0.039682288
0.0,0,0.017412916
0.0,0,0.05851668
1.0,1,0.96058
1.0,1,0.9630213
1.0,1,0.9774634
1.0,0,0.12576811
1.0,1,0.97835976
0.0,0,0.23410346
1.0,1,0.982235
1.0,1,0.91281664
1.0,1,0.9817866
0.0,0,0.014285056
1.0,1,0.7854998
0.0,0,0.09428565
0.0,0,0.0077453274
1.0,1,0.7465387
1.0,1,0.9296572
0.0,0,0.08861886
0.0,0,0.0021542031
0.0,0,0.002515588
1.0,1,0.97424734
0.0,1,0.7475563
1.0,1,0.9368359
0.0,0,0.14043067
1.0,1,0.60781527
0.0,0,0.034044445
1.0,1,0.7658179
1.0,1,0.7935832
0.0,0,0.0041337754
0.0,0,0.07513473
1.0,0,0.20349866
0.0,0,0.104433365
0.0,0,0.22625081
0.0,0,0.037164688
0.0,0,0.0031440118
0.0,0,0.19943407
0.0,0,0.23649244
1.0,1,0.9685499
0.0,0,0.026693147
1.0,1,0.9189598
0.0,0,0.20145242
1.0,1,0.9464229
1.0,1,0.970048
1.0,1,0.9839553
0.0,1,0.59907246
1.0,1,0.9762139
0.0,0,0.029049803
0.0,0,0.24764396
1.0,0,0.30931345
0.0,0,0.032714274
0.0,0,0.011311654
0.0,1,0.63429284
0.0,0,0.09159584
0.0,0,0.043899883
1.0,1,0.5023974
0.0,0,0.018805517
1.0,1,0.98207337
1.0,1,0.6841643
0.0,0,0.011727037
0.0,0,0.11333038
0.0,0,0.018886292
0.0,0,0.019419383
0.0,0,0.0346016
0.0,0,0.030470427
1.0,1,0.9576026
0.0,0,0.02192232
1.0,1,0.8758829
1.0,1,0.98365813
1.0,1,0.95112216
1.0,1,0.7472842
1.0,1,0.9648372
1.0,1,0.9826243
0.0,0,0.0077316994
1.0,1,0.9026119
0.0,0,0.24979402
0.0,1,0.7848506
0.0,0,0.0187371
0.0,0,0.04995105
0.0,1,0.6020806
0.0,1,0.63012123
1.0,1,0.984837
1.0,1,0.9823759
1.0,1,0.9328873
1.0,1,0.8833766
0.0,0,0.013311474
0.0,1,0.6430347
1.0,1,0.7264242
1.0,1,0.9776638
0.0,1,0.4796379
1.0,1,0.74416363
0.0,0,0.045368027
1.0,1,0.8739512
1.0,1,0.86542547
1.0,1,0.5834329
0.0,0,0.069226675
1.0,1,0.85574675
0.0,0,0.03452061
1.0,1,0.8713577
1.0,1,0.9693719
0.0,0,0.013168428
0.0,1,0.50953865
1.0,1,0.75996065
0.0,0,0.011165168
0.0,0,0.059597455
1.0,1,0.91022605
0.0,0,0.01830903
1.0,0,0.05544602
0.0,0,0.1790923
0.0,1,0.6131784
0.0,0,0.022998255
0.0,0,0.031735387
1.0,1,0.49673736
1.0,1,0.98037034
1.0,1,0.9489542
0.0,0,0.010352083
1.0,1,0.91411877
0.0,0,0.01973595
0.0,0,0.05336665
0.0,1,0.73528016
0.0,0,0.085780874
0.0,0,0.10056712
1.0,1,0.80690986
0.0,0,0.030003794
1.0,1,0.9325919
1.0,1,0.9649252
0.0,0,0.041176155
0.0,0,0.039358865
1.0,1,0.9738526
0.0,0,0.39305
0.0,1,0.7386358
1.0,1,0.6194632
1.0,1,0.96183395
1.0,1,0.96288043
0.0,0,0.020598587
1.0,1,0.8995584
0.0,0,0.02148695
0.0,0,0.016457975
1.0,1,0.81891865
1.0,1,0.7233485
1.0,1,0.9673976
1.0,1,0.5184005
0.0,0,0.06830474
0.0,1,0.69278646
1.0,1,0.932069
1.0,1,0.8282851
1.0,1,0.90343463
0.0,0,0.04482561
1.0,0,0.042252097
1.0,1,0.9797389
0.0,0,0.022892628
1.0,1,0.8716744
0.0,0,0.027671097
0.0,0,0.032557137
1.0,1,0.9737643
0.0,0,0.01913608
0.0,0,0.09693275
0.0,0,0.40090367
1.0,1,0.89946556
1.0,1,0.8154592
0.0,1,0.6472881
0.0,0,0.20383473
1.0,1,0.9672172
0.0,0,0.011900676
1.0,1,0.96197623
0.0,0,0.0012240713
1.0,1,0.56927717
0.0,0,0.021153891
0.0,0,0.03092151
1.0,1,0.9639889
0.0,0,0.014142058
0.0,0,0.09474964
1.0,1,0.9445649
0.0,0,0.012254018
0.0,0,0.010971424
1.0,1,0.87961626
1.0,1,0.8002746
1.0,1,0.9246609
0.0,0,0.035619255
0.0,1,0.4519917
0.0,0,0.022844836
1.0,1,0.75119346
1.0,1,0.95688033
1.0,1,0.9841205
1.0,1,0.9483162
0.0,1,0.5029155
1.0,1,0.9692384
1.0,1,0.8202044
1.0,1,0.9835728
0.0,0,0.0539043
0.0,0,0.05118446
1.0,1,0.98193854
0.0,0,0.018769583
0.0,0,0.0007582278
1.0,1,0.9776651
0.0,0,0.017997194
1.0,1,0.9777811
0.0,0,0.0895959
0.0,1,0.45993325
0.0,0,0.009971437
0.0,0,0.026892431
0.0,0,0.009651394
1.0,1,0.96294093
1.0,1,0.94511175
1.0,1,0.82768583
1.0,1,0.9844795
0.0,0,0.00614028
1.0,0,0.027785385
0.0,0,0.37256497
1.0,1,0.87498975
1.0,1,0.8905849
1.0,1,0.96148443
1.0,1,0.97784954
0.0,0,0.06357654
0.0,0,0.0063505103
0.0,0,0.009165832
0.0,0,0.0014175519
0.0,0,0.03883549
1.0,1,0.9496376
0.0,0,0.031844974
0.0,0,0.19032682
0.0,0,0.03123808
0.0,0,0.32441592
1.0,1,0.9844579
1.0,1,0.89309245
1.0,0,0.41595265
0.0,0,0.018979883
0.0,0,0.023656812
1.0,1,0.9806169
1.0,1,0.8271329
1.0,1,0.90742874
0.0,0,0.017220134
1.0,1,0.84186226
0.0,0,0.11421392
1.0,1,0.94118464
0.0,0,0.05010873
0.0,0,0.10603907
0.0,0,0.03642113
1.0,1,0.94339424
1.0,1,0.769521
0.0,0,0.027770255
1.0,1,0.95187336
0.0,0,0.25228575
0.0,0,0.0055586053
1.0,1,0.9696588
0.0,0,0.0022294563
0.0,0,0.0112642
0.0,0,0.2214819
0.0,0,0.18519592
1.0,1,0.8303048
1.0,1,0.97332895
1.0,1,0.96367455
0.0,0,0.23853102
1.0,1,0.95847476
0.0,0,0.014479392
0.0,1,0.5808855
1.0,1,0.9616239
0.0,0,0.054127377
0.0,0,0.023777612
0.0,0,0.02002642
1.0,1,0.9557331
1.0,1,0.9786227
1.0,1,0.95147955
1.0,1,0.97195965
0.0,0,0.0128772445
0.0,0,0.004085603
0.0,0,0.027756246
1.0,1,0.9273395
0.0,0,0.018188387
1.0,1,0.9775031
0.0,1,0.7153172
1.0,1,0.9833816
0.0,0,0.023725005
1.0,1,0.7384789
1.0,1,0.8540097
0.0,0,0.08183503
1.0,1,0.98097825
1.0,1,0.97341126
0.0,0,0.2613085
0.0,0,0.06757753
1.0,0,0.32671845
1.0,1,0.9279305
1.0,1,0.9782378
0.0,0,0.20479366
1.0,1,0.5531472
1.0,1,0.8393563
1.0,1,0.8641205
0.0,0,0.019337317
1.0,1,0.9553434
0.0,0,0.017465413
0.0,0,0.030373363
0.0,0,0.037193876
1.0,1,0.44491968
0.0,0,0.055855196
0.0,0,0.03215269
0.0,0,0.11788425
1.0,1,0.9335017
0.0,0,0.053969484
1.0,1,0.93412906
0.0,0,0.012141574
0.0,0,0.012212826
1.0,1,0.5296116
0.0,0,0.048507046
0.0,0,0.04983347
0.0,0,0.029989775
0.0,0,0.21041836
0.0,0,0.116196826
0.0,0,0.03611209
1.0,1,0.8081639
1.0,1,0.80933636
0.0,0,0.11735154
1.0,1,0.53693473
0.0,0,0.33343616
0.0,0,0.021349432
1.0,1,0.9836401
1.0,1,0.9088154
1.0,1,0.96152365
1.0,1,0.9001814
0.0,0,0.076766364
0.0,1,0.96909434
1.0,1,0.6733768
0.0,1,0.83515024
1.0,1,0.9642934
0.0,0,0.017864324
0.0,0,0.05979325
0.0,1,0.61477864
1.0,1,0.6617198
0.0,0,0.12168947
0.0,0,0.021976078
1.0,1,0.9731004
1.0,1,0.8262006
0.0,0,0.019366182
1.0,1,0.978405
1.0,1,0.522028
0.0,0,0.32134196
0.0,0,0.002115177
0.0,0,0.0040486944
0.0,0,0.009845473
1.0,1,0.92702496
1.0,1,0.9634101
1.0,1,0.7238457
0.0,0,0.005881602
1.0,1,0.8561695
0.0,0,0.021435415
0.0,0,0.01654852
1.0,1,0.9502981
1.0,1,0.764698
0.0,0,0.026795529
1.0,1,0.98455715
0.0,0,0.0070468416
1.0,1,0.4829924
1.0,1,0.9698495
0.0,0,0.018962435
1.0,0,0.3691102
1.0,1,0.97321856
1.0,1,0.87622535
1.0,0,0.26467603
0.0,0,0.057430796
0.0,0,0.22417778
1.0,1,0.9788647
1.0,1,0.89531934
0.0,0,0.09684483
0.0,0,0.13838497
1.0,1,0.97155344
1.0,1,0.9561502
1.0,1,0.7610452
0.0,0,0.021471392
0.0,0,0.17078295
1.0,1,0.7581026
1.0,1,0.9618214
1.0,1,0.98477435
1.0,1,0.9797236
0.0,0,0.080226935
1.0,1,0.9542499
0.0,0,0.013595207
0.0,0,0.01837072
1.0,1,0.81298876
0.0,0,0.2623653
0.0,0,0.021298962
1.0,1,0.9481272
1.0,1,0.9709119
1.0,1,0.9618098
1.0,1,0.95755726
0.0,0,0.017218003
0.0,0,0.07699825
1.0,1,0.793004
1.0,1,0.9443726
1.0,1,0.96891314
1.0,1,0.93551093
0.0,0,0.1566667
0.0,0,0.25230673
1.0,1,0.9788329
0.0,0,0.35974193
1.0,1,0.6918291
0.0,0,0.09999672
1.0,1,0.80198103
1.0,1,0.95980716
0.0,0,0.025400853
1.0,1,0.96427613
0.0,1,0.81688243
1.0,1,0.90192425
1.0,1,0.90979755
0.0,0,0.39731255
1.0,1,0.980632
1.0,1,0.96194065
1.0,1,0.71968114
0.0,0,0.3336688
1.0,1,0.9668842
1.0,1,0.9167968
1.0,1,0.7095255
0.0,0,0.059225697
1.0,1,0.9571985
1.0,1,0.7686474
1.0,1,0.61426044
1.0,1,0.9574503
1.0,1,0.9638129
1.0,1,0.8195922
0.0,0,0.041401163
0.0,0,0.20690739
1.0,1,0.9254184
1.0,1,0.5848788
1.0,1,0.9768835
0.0,0,0.027117668
0.0,1,0.6840275
0.0,0,0.058843944
0.0,0,0.11774061
0.0,0,0.08863808
0.0,0,0.09553829
0.0,0,0.019647013
0.0,0,0.23324792
0.0,0,0.041426234
1.0,1,0.84877676
1.0,1,0.79112935
0.0,0,0.009426666
1.0,1,0.8177933
0.0,0,0.099185266
1.0,1,0.83513165
0.0,0,0.20865901
0.0,0,0.050869122
0.0,0,0.078364804
1.0,1,0.9164022
1.0,1,0.9798497
0.0,0,0.005808544
1.0,1,0.9245385
0.0,0,0.07554538
0.0,0,0.013958688
1.0,1,0.97288465
0.0,0,0.0028615925
1.0,1,0.59909
1.0,1,0.581637
1.0,1,0.9368073
0.0,0,0.024903137
0.0,0,0.04692951
0.0,0,0.01920767
1.0,1,0.96419233
0.0,1,0.8422172
0.0,0,0.083538055
0.0,0,0.0025512113
1.0,1,0.9537342
1.0,1,0.8911216
1.0,1,0.6540223
1.0,1,0.868652
1.0,0,0.23727313
1.0,1,0.7960331
0.0,1,0.7738212
1.0,1,0.984712
0.0,0,0.021270342
0.0,0,0.16618092
0.0,0,0.111343645
0.0,0,0.0037533413
1.0,1,0.83678824
0.0,0,0.04029576
0.0,0,0.016388476
1.0,1,0.9594296
1.0,1,0.94164914
1.0,1,0.9768626
1.0,1,0.97577095
1.0,1,0.79399925
1.0,1,0.9123159
0.0,0,0.06272964
0.0,0,0.019989153
1.0,1,0.77487767
1.0,1,0.979583
0.0,0,0.046515267
1.0,0,0.022805687
0.0,0,0.13358474
0.0,1,0.42673543
0.0,0,0.010577863
1.0,1,0.85814077
0.0,0,0.010273227
0.0,0,0.03048418
1.0,1,0.98227143
1.0,1,0.9670268
0.0,0,0.043988727
0.0,0,0.1514578
0.0,0,0.036322746
1.0,1,0.85201454
0.0,0,0.009702647
1.0,1,0.74735546
0.0,0,0.112471536
0.0,0,0.022720331
0.0,0,0.009852513
1.0,1,0.8987007
1.0,1,0.9740727
1.0,1,0.93133175
1.0,1,0.9691161
1.0,1,0.9350246
0.0,0,0.03233357
0.0,0,0.19192924
0.0,0,0.15681341
1.0,1,0.96675134
1.0,1,0.95667523
1.0,1,0.9672074
0.0,0,0.0127152465
1.0,1,0.9719697
0.0,0,0.24900813
0.0,0,0.3906091
1.0,1,0.5839828
0.0,0,0.07032154
1.0,1,0.9712073
0.0,1,0.96141434
0.0,0,0.07916029
0.0,0,0.2038263
1.0,1,0.9727286
1.0,1,0.85848355
1.0,1,0.90897506
1.0,1,0.8878809
1.0,1,0.95196676
1.0,1,0.8723615
1.0,1,0.8219851
0.0,0,0.021740366
1.0,1,0.9540115
0.0,0,0.10763293
0.0,0,0.20114556
0.0,0,0.001246976
0.0,1,0.4288516
0.0,1,0.42844284
0.0,0,0.008475817
0.0,0,0.0066574044
1.0,0,0.060918633
0.0,0,0.054284878
0.0,0,0.010186934
1.0,0,0.21888946
1.0,1,0.9556447
0.0,0,0.11090924
0.0,1,0.5150916
1.0,1,0.9795457
1.0,1,0.56458133
0.0,1,0.6515725
1.0,1,0.5623994
0.0,0,0.031394478
1.0,0,0.41099215
0.0,0,0.056312345
0.0,0,0.02188774
1.0,1,0.9759574
0.0,0,0.18598105
0.0,1,0.51678985
1.0,1,0.9254512
0.0,0,0.015528282
1.0,1,0.59938335
0.0,0,0.3226334
0.0,0,0.014298914
0.0,0,0.022163065
0.0,0,0.13001616
1.0,1,0.6947156
1.0,1,0.9756642
1.0,1,0.9614313
1.0,0,0.35208532
0.0,0,0.011226148
0.0,0,0.010137884
1.0,1,0.87523925
1.0,1,0.67410815
1.0,1,0.8133974
0.0,0,0.008127034
0.0,0,0.17936249
0.0,0,0.23190354
0.0,0,0.01631464
0.0,0,0.034543682
0.0,0,0.09935481
1.0,1,0.9675311
1.0,1,0.8149318
0.0,0,0.07269316
0.0,0,0.00762651
0.0,0,0.020936389
0.0,0,0.006480362
1.0,1,0.9794426
0.0,0,0.011338307
0.0,0,0.025634104
1.0,1,0.95647806
0.0,0,0.026536519
1.0,1,0.93033713
1.0,0,0.046277072
0.0,0,0.2194648
0.0,0,0.0518623
1.0,1,0.9572424
1.0,1,0.92769027
1.0,1,0.8693013
1.0,1,0.78444815
0.0,1,0.5878524
1.0,1,0.8618344
1.0,1,0.9637053
1.0,1,0.97364146
1.0,1,0.51412976
0.0,0,0.10007164
0.0,0,0.03055883
0.0,0,0.0075347796
0.0,0,0.23784266
1.0,1,0.96607673
1.0,1,0.7980216
0.0,0,0.012312998
1.0,1,0.97803175
1.0,1,0.8179842
0.0,0,0.014054955
0.0,0,0.0051460257
1.0,1,0.87481296
1.0,1,0.9273156
0.0,0,0.33505228
1.0,1,0.9464656
0.0,0,0.07175862
1.0,1,0.9633624
1.0,1,0.95686454
0.0,0,0.3783322
0.0,0,0.054187655
0.0,0,0.13721995
0.0,0,0.077292815
1.0,1,0.9825459
0.0,0,0.19288957
0.0,0,0.04871118
1.0,1,0.98232806
0.0,0,0.2408416
0.0,0,0.06254007
0.0,1,0.69123626
1.0,1,0.7615673
0.0,0,0.12121121
0.0,0,0.0077195936
1.0,1,0.8323263
0.0,0,0.06758687
0.0,0,0.014559299
0.0,0,0.0036301715
1.0,1,0.8710449
0.0,0,0.11358006
1.0,1,0.9403972
0.0,0,0.015155256
0.0,0,0.064951405
1.0,1,0.97470164
0.0,0,0.0011560858
1.0,1,0.7614516
0.0,0,0.0033665146
1.0,1,0.97092646
1.0,1,0.97902274
0.0,1,0.9294306
0.0,0,0.022273783
1.0,1,0.879069
0.0,1,0.8328579
0.0,1,0.7577938
1.0,1,0.9835318
1.0,1,0.9673082
1.0,1,0.67110825
1.0,0,0.41277865
0.0,1,0.47411487
0.0,0,0.009098749
0.0,0,0.02082881
1.0,1,0.81252897
1.0,1,0.97490734
0.0,0,0.10343515
1.0,1,0.7387551
0.0,0,0.029260067
1.0,1,0.9081361
1.0,1,0.94799787
0.0,0,0.17830542
1.0,1,0.9117438
0.0,0,0.2411977
0.0,0,0.0052905986
0.0,0,0.0017335212
1.0,1,0.95478004
1.0,1,0.98008823
0.0,0,0.21061677
0.0,1,0.6551281
0.0,0,0.009486165
1.0,1,0.9786716
0.0,0,0.14856128
0.0,0,0.025288304
0.0,1,0.7112112
0.0,0,0.12956566
0.0,0,0.19041535
1.0,1,0.9486238
1.0,1,0.92181295
1.0,1,0.73232436
0.0,0,0.1339386
0.0,1,0.9442903
1.0,1,0.96766186
0.0,0,0.2743234
0.0,1,0.4893715
1.0,1,0.63592905
1.0,1,0.96771765
0.0,0,0.18735735
1.0,1,0.84640825
1.0,1,0.5245394
0.0,0,0.02998333
0.0,0,0.011232598
1.0,1,0.96435314
1.0,1,0.9181309
1.0,1,0.8788537
1.0,1,0.9691788
0.0,0,0.07661333
0.0,0,0.077319644
1.0,1,0.96090066
1.0,1,0.62572193
0.0,0,0.021046963
0.0,0,0.013659449
1.0,1,0.9027041
1.0,1,0.98019403
1.0,1,0.97640765
0.0,0,0.0070044887
0.0,0,0.003663785
1.0,1,0.9842661
0.0,0,0.0070159165
0.0,0,0.046504945
1.0,0,0.39778212
0.0,0,0.028881561
0.0,0,0.19393472
1.0,1,0.98185307
1.0,1,0.9552243
1.0,1,0.98314375
1.0,1,0.75279033
0.0,0,0.051191106
0.0,0,0.032355808
0.0,0,0.12940708
0.0,0,0.0054706316
1.0,1,0.9267528
1.0,1,0.94734985
1.0,1,0.9738664
0.0,0,0.3119086
0.0,0,0.032244414
0.0,0,0.065678224
1.0,1,0.97723836
1.0,1,0.8869319
1.0,1,0.804919
1.0,1,0.87592375
0.0,0,0.044955306
0.0,0,0.009946073
0.0,1,0.6909312
0.0,0,0.0076602693
1.0,1,0.97699124
1.0,1,0.9383848
1.0,1,0.9753801
0.0,0,0.3918459
0.0,0,0.014858422
1.0,1,0.8894944
1.0,1,0.6782348
0.0,0,0.118542835
1.0,1,0.8891506
1.0,1,0.96951824
1.0,1,0.9057013
0.0,0,0.14661124
1.0,1,0.8300465
1.0,1,0.93296826
1.0,1,0.978318
1.0,1,0.7813326
1.0,1,0.93035954
0.0,0,0.0073052356
0.0,1,0.66886246
1.0,1,0.8354707
1.0,1,0.96611094
1.0,1,0.7818679
1.0,1,0.97090864
1.0,1,0.9798409
1.0,1,0.92363244
1.0,1,0.7839105
0.0,0,0.16568804
1.0,1,0.94732493
1.0,1,0.96517766
1.0,1,0.8092125
0.0,1,0.49689484
1.0,1,0.88781583
0.0,0,0.1867837
0.0,0,0.0015968286
0.0,1,0.60752463
1.0,1,0.97083694
0.0,0,0.042520896
0.0,0,0.0005543747
0.0,0,0.01136042
0.0,0,0.34377834
0.0,0,0.0244658
0.0,0,0.06985399
1.0,1,0.9731571
0.0,0,0.016018081
1.0,1,0.9451947
0.0,0,0.038392514
1.0,1,0.9313875
1.0,1,0.7096114
0.0,0,0.030617854
1.0,1,0.47893986
0.0,1,0.47463313
0.0,1,0.47806162
1.0,0,0.042869676
0.0,0,0.19583127
1.0,1,0.96161133
1.0,1,0.955404
1.0,1,0.9562709
0.0,0,0.013945273
0.0,0,0.009629368
1.0,1,0.72767955
1.0,1,0.86923295
1.0,1,0.980253
0.0,1,0.52040225
0.0,0,0.018960254
0.0,0,0.042723898
0.0,1,0.46513647
0.0,0,0.11868239
0.0,0,0.35854077
0.0,0,0.0988499
0.0,0,0.026240863
1.0,1,0.96019936
1.0,1,0.96554077
0.0,0,0.011246846
1.0,1,0.5305934
0.0,0,0.024679374
0.0,0,0.35828403
0.0,0,0.026669854
1.0,1,0.8665346
1.0,0,0.32737333
0.0,0,0.16632137
0.0,0,0.014263672
0.0,0,0.032334752
1.0,1,0.7412963
1.0,1,0.9365236
0.0,0,0.11109109
1.0,1,0.8079747
0.0,0,0.011208241
0.0,0,0.39239478
0.0,1,0.62673706
0.0,0,0.05432529
0.0,0,0.023898732
0.0,0,0.011678169
1.0,1,0.9820431
1.0,1,0.77267236
0.0,0,0.07786289
1.0,1,0.9530057
0.0,0,0.018546987
0.0,1,0.47435227
1.0,1,0.73141915
1.0,1,0.9680473
1.0,1,0.73358977
1.0,1,0.98598206
0.0,0,0.031592395
1.0,1,0.91347086
1.0,1,0.5521341
1.0,1,0.87427664
0.0,0,0.015050699
1.0,1,0.94268006
1.0,1,0.59955585
0.0,0,0.41249952
0.0,0,0.09310695
1.0,1,0.93318033
0.0,0,0.004150006
1.0,0,0.2917735
1.0,1,0.52331173
0.0,0,0.07089336
0.0,0,0.18110266
0.0,0,0.024091572
1.0,0,0.0055050063
1.0,1,0.956434
0.0,0,0.23585925
0.0,0,0.013367864
1.0,1,0.67178583
1.0,1,0.9518449
0.0,0,0.028262276
1.0,1,0.9840911
1.0,1,0.7912438
1.0,1,0.8815479
1.0,1,0.9781997
1.0,1,0.8707428
1.0,1,0.9813171
0.0,0,0.0021504846
1.0,1,0.97682625
0.0,0,0.16530202
1.0,1,0.95956385
1.0,1,0.65183115
0.0,0,0.0046654884
0.0,0,0.0124612255
1.0,1,0.64331377
0.0,0,0.25347596
1.0,1,0.98294795
1.0,0,0.4149991
0.0,0,0.032928262
1.0,1,0.9533504
0.0,0,0.15640642
0.0,0,0.020068657
1.0,1,0.9644688
0.0,0,0.09991407
1.0,1,0.9521138
0.0,0,0.096548185
1.0,0,0.25284883
1.0,1,0.8168297
1.0,1,0.95913786
1.0,1,0.96168417
1.0,1,0.94817966
1.0,1,0.982449
0.0,1,0.95271397
1.0,1,0.97163373
1.0,1,0.8417146
0.0,0,0.024007462
1.0,1,0.9832887
0.0,0,0.23524398
1.0,1,0.9771939
1.0,1,0.98131937
1.0,1,0.77793443
0.0,0,0.006727117
0.0,0,0.017015332
0.0,0,0.1411342
0.0,0,0.024303995
1.0,1,0.944794
0.0,1,0.7077855
1.0,1,0.9169024
1.0,1,0.8676647
1.0,1,0.9709818
1.0,1,0.91859424
0.0,0,0.009112706
1.0,1,0.8195534
0.0,0,0.008120822
1.0,1,0.9313619
0.0,0,0.018281369
1.0,1,0.7062292
0.0,0,0.12824345
1.0,1,0.7897037
0.0,0,0.054457232
0.0,0,0.04114864
0.0,0,0.06567486
0.0,0,0.014342383
0.0,0,0.023604581
0.0,0,0.17912431
1.0,1,0.969286
1.0,1,0.790761
1.0,1,0.95057917
1.0,0,0.35934204
0.0,0,0.21767707
0.0,0,0.20901541
1.0,1,0.89039946
0.0,0,0.14430687
0.0,1,0.4476143
1.0,1,0.9340773
1.0,1,0.84712726
0.0,0,0.03419707
0.0,0,0.014029609
1.0,1,0.8722167
0.0,0,0.054231573
1.0,1,0.9632903
0.0,0,0.05680399
1.0,1,0.64676493
0.0,0,0.012266577
0.0,0,0.0132685425
1.0,1,0.94498473
1.0,1,0.97581846
1.0,1,0.9613521
0.0,0,0.02155161
1.0,1,0.9842393
0.0,1,0.8832928
0.0,0,0.14692758
1.0,1,0.69902027
0.0,0,0.017834423
1.0,0,0.19139805
0.0,0,0.10997275
1.0,1,0.97999454
1.0,1,0.9759951
0.0,0,0.031132441
0.0,0,0.057796
0.0,0,0.27537626
0.0,0,0.0029417651
1.0,1,0.9656231
0.0,0,0.008282193
1.0,1,0.96478504
0.0,0,0.010952652
0.0,0,0.30751655
0.0,0,0.020211779
1.0,1,0.97329986
0.0,0,0.2646608
0.0,0,0.009932555
1.0,1,0.98224777
0.0,0,0.13682042
0.0,0,0.026903464
1.0,1,0.94729733
1.0,1,0.9758954
0.0,1,0.9122756
1.0,1,0.7765889
0.0,0,0.021550408
1.0,1,0.9750322
0.0,0,0.031850457
0.0,0,0.049687993
1.0,1,0.94718915
1.0,1,0.6414516
1.0,1,0.96066105
1.0,1,0.89338666
0.0,0,0.0012204628
1.0,1,0.8819494
1.0,1,0.9733629
0.0,0,0.0006283054
0.0,0,0.34457585
0.0,0,0.06672158
1.0,1,0.97565347
1.0,1,0.48122314
0.0,1,0.62721694
1.0,1,0.79221153
1.0,1,0.9694725
0.0,1,0.69926083
1.0,1,0.9698562
0.0,0,0.070374735
1.0,1,0.8017583
1.0,1,0.87713295
0.0,1,0.6781093
0.0,0,0.017296672
1.0,1,0.98176086
1.0,1,0.6610763
1.0,1,0.9808952
0.0,0,0.02802562
0.0,0,0.28453502
1.0,1,0.8892201
0.0,0,0.018614622
1.0,1,0.94243133
1.0,1,0.8901034
0.0,0,0.03651139
0.0,0,0.04190027
1.0,1,0.9353645
0.0,0,0.014472166
0.0,0,0.005824313
1.0,1,0.6914481
1.0,1,0.97049326
0.0,0,0.08005747
1.0,1,0.94113505
0.0,0,0.007946872
1.0,1,0.8075725
0.0,0,0.005722054
0.0,0,0.21405977
1.0,1,0.9134733
1.0,1,0.89345837
0.0,1,0.42834827
0.0,0,0.0059703835
0.0,0,0.21487394
0.0,0,0.0038296904
1.0,1,0.55364203
0.0,0,0.14872585
0.0,0,0.021599803
1.0,1,0.9829552
1.0,1,0.92444706
0.0,1,0.45121625
0.0,0,0.0034161357
1.0,1,0.95771307
0.0,0,0.39225048
0.0,0,0.04657585
1.0,1,0.7781064
1.0,1,0.7754575
1.0,1,0.93265057
1.0,1,0.953198
0.0,0,0.05744982
0.0,0,0.20171377
0.0,1,0.43464094
0.0,0,0.1466992
0.0,0,0.019951215
0.0,0,0.017341983
1.0,1,0.9526979
0.0,0,0.027201716
1.0,1,0.82232416
1.0,1,0.9794839
1.0,1,0.8172986
0.0,1,0.49182966
0.0,0,0.026664339
0.0,0,0.09893603
0.0,0,0.025360087
1.0,1,0.90748227
0.0,0,0.031603657
0.0,0,0.009977041
1.0,1,0.832559
1.0,1,0.9454392
1.0,1,0.8226818
1.0,1,0.9072588
1.0,1,0.4819475
1.0,1,0.94507796
0.0,0,0.015701424
0.0,0,0.022354053
0.0,0,0.020226864
0.0,0,0.010237489
1.0,1,0.984912
1.0,1,0.49730945
1.0,1,0.9357271
0.0,0,0.21850993
1.0,1,0.6022012
1.0,1,0.93249315
0.0,0,0.059944283
1.0,1,0.9422709
0.0,0,0.00584674
1.0,1,0.9730897
0.0,0,0.036122598
0.0,0,0.026928697
1.0,1,0.4230563
0.0,0,0.011056222
0.0,0,0.032105744
1.0,1,0.9551216
1.0,1,0.8993904
0.0,0,0.022569576
1.0,1,0.57803524
0.0,0,0.07716314
0.0,0,0.10406515
1.0,1,0.96898764
1.0,1,0.97159684
1.0,1,0.9431918
1.0,1,0.9822748
0.0,0,0.0495295
1.0,1,0.974926
0.0,0,0.0877886
1.0,0,0.25191468
1.0,1,0.7475801
1.0,1,0.87196946
0.0,0,0.024217045
0.0,0,0.058492206
0.0,0,0.3449903
0.0,0,0.04490497
0.0,0,0.0048275064
1.0,1,0.96541977
0.0,0,0.02779137
0.0,1,0.6706367
0.0,0,0.34530813
1.0,1,0.9052034
1.0,1,0.9638374
1.0,1,0.9843962
0.0,1,0.55201924
1.0,1,0.9857512
1.0,0,0.22965893
0.0,0,0.01434704
0.0,0,0.065523475
1.0,1,0.8126628
1.0,1,0.8954429
0.0,0,0.066089764
0.0,0,0.21163216
0.0,1,0.80736196
1.0,0,0.10747408
0.0,1,0.8685494
0.0,0,0.08034877
0.0,1,0.80186975
1.0,1,0.94766635
0.0,0,0.32327688
0.0,0,0.05917891
0.0,0,0.008144507
0.0,0,0.407591
1.0,1,0.9734311
1.0,1,0.9507426
1.0,1,0.8269083
0.0,0,0.078011505
0.0,1,0.44943988
1.0,1,0.97424865
1.0,1,0.94932026
0.0,1,0.6243937
1.0,1,0.854137
1.0,1,0.63372076
1.0,1,0.94303524
1.0,1,0.9108236
1.0,1,0.97626555
0.0,0,0.0139365615
1.0,1,0.9677706
0.0,0,0.03539856
0.0,0,0.32459795
1.0,1,0.95972514
0.0,0,0.017428106
0.0,0,0.024855942
1.0,1,0.9541092
1.0,1,0.9697829
0.0,0,0.029420879
1.0,1,0.9187006
0.0,0,0.020007309
1.0,1,0.93552864
1.0,1,0.97808486
0.0,0,0.059835292
1.0,1,0.9775752
0.0,0,0.024946671
1.0,0,0.09630677
1.0,1,0.9611707
1.0,1,0.9428548
1.0,1,0.88446474
1.0,1,0.63458705
1.0,1,0.9815749
0.0,0,0.088618286
0.0,0,0.02623733
0.0,0,0.018386189
0.0,0,0.031183856
0.0,0,0.061270013
1.0,1,0.4477589
0.0,0,0.16464818
0.0,0,0.033371985
1.0,1,0.9681891
1.0,1,0.8086334
0.0,1,0.9335237
1.0,1,0.9110835
0.0,0,0.0016703662
1.0,1,0.92489576
1.0,1,0.9433747
1.0,1,0.44094905
0.0,0,0.0035417122
1.0,1,0.96838
1.0,1,0.9303447
0.0,0,0.009863245
1.0,1,0.9826834
1.0,1,0.96584934
0.0,0,0.38778353
0.0,0,0.07309829
0.0,0,0.19256069
0.0,0,0.13354312
1.0,1,0.934063
1.0,1,0.9665817
1.0,1,0.86775714
1.0,1,0.84550184
1.0,1,0.94937766
1.0,1,0.5297297
0.0,0,0.15670551
0.0,0,0.0048979446
0.0,0,0.2074851
0.0,0,0.033842586
1.0,1,0.93315786
0.0,0,0.021137003
0.0,0,0.03656865
1.0,1,0.8356129
1.0,1,0.75781226
0.0,0,0.07355847
0.0,1,0.94825184
0.0,0,0.05110969
0.0,1,0.8196489
1.0,1,0.9728395
1.0,1,0.9809039
0.0,0,0.034901515
1.0,1,0.9172571
1.0,1,0.9601163
1.0,1,0.9241816
0.0,0,0.0510654
0.0,0,0.0067979274
1.0,1,0.8890671
1.0,1,0.93991494
1.0,1,0.8653786
0.0,0,0.0017690479
1.0,1,0.97643626
1.0,1,0.8911671
1.0,1,0.8863567
1.0,0,0.12199166
1.0,1,0.9770825
0.0,0,0.20975919
0.0,0,0.03975752
1.0,1,0.977214
0.0,0,0.045058563
1.0,1,0.9467776
0.0,0,0.0037609593
1.0,1,0.97942686
1.0,1,0.9254467
0.0,0,0.026558701
0.0,0,0.018239532
1.0,1,0.92240065
0.0,0,0.07106737
1.0,1,0.79051083
0.0,0,0.013914778
1.0,1,0.9758449
0.0,0,0.34508428
1.0,1,0.97620857
1.0,1,0.8878155
1.0,1,0.9323783
0.0,0,0.042672347
1.0,1,0.9835363
1.0,1,0.91576946
1.0,1,0.46156415
0.0,0,0.13273008
0.0,0,0.021335367
1.0,1,0.97870535
0.0,0,0.07860104
1.0,1,0.9591572
0.0,0,0.32124946
1.0,1,0.9363933
1.0,0,0.26248455
0.0,0,0.030638719
0.0,0,0.017076919
1.0,1,0.737722
0.0,0,0.10699308
1.0,1,0.95458084
0.0,1,0.93281406
1.0,1,0.9456802
0.0,0,0.29365543
0.0,0,0.015088905
0.0,0,0.2926641
1.0,1,0.7686946
1.0,1,0.9833019
0.0,0,0.1502563
0.0,1,0.6314726
0.0,0,0.11085663
1.0,1,0.8463515
1.0,1,0.7365561
1.0,1,0.944406
1.0,1,0.5405233
0.0,0,0.15139529
1.0,1,0.7512563
0.0,0,0.37145102
1.0,1,0.9283745
1.0,0,0.18960552
0.0,0,0.027041811
1.0,1,0.955398
1.0,1,0.9412001
1.0,1,0.8290048
1.0,1,0.59645325
0.0,1,0.45480636
0.0,0,0.10969623
1.0,1,0.9226339
1.0,1,0.65188986
0.0,0,0.009185244
1.0,1,0.9546032
0.0,0,0.08868297
0.0,0,0.020788023
1.0,1,0.5571173
0.0,1,0.5886493
1.0,1,0.882795
1.0,1,0.9607035
0.0,0,0.009706322
0.0,0,0.0598996
1.0,1,0.9628691
0.0,0,0.024252474
1.0,1,0.97803366
1.0,1,0.9769455
0.0,0,0.04554834
0.0,0,0.046611883
1.0,1,0.8671843
0.0,0,0.26431116
1.0,1,0.87069535
1.0,1,0.92859894
1.0,1,0.98191184
1.0,1,0.43649668
1.0,1,0.80213785
1.0,1,0.78117293
0.0,0,0.038875062
1.0,1,0.7884416
1.0,1,0.93291855
0.0,0,0.007147924
0.0,1,0.8704226
0.0,0,0.40157354
1.0,1,0.96694833
0.0,0,0.05447833
1.0,1,0.9614188
1.0,1,0.4607665
0.0,0,0.09864938
1.0,1,0.9060682
1.0,1,0.98003906
1.0,1,0.8557627
0.0,0,0.058357812
1.0,1,0.9130666
0.0,0,0.0061870064
1.0,1,0.9287768
1.0,1,0.86331916
0.0,1,0.60376877
0.0,0,0.01426433
0.0,1,0.61090267
0.0,1,0.4719057
0.0,0,0.006798052
1.0,1,0.89547014
1.0,1,0.75230193
0.0,1,0.93331516
0.0,0,0.02227231
1.0,1,0.9754641
1.0,1,0.9807137
0.0,0,0.0063703367
1.0,1,0.9705883
1.0,1,0.9607962
0.0,0,0.006513868
0.0,0,0.04759323
0.0,0,0.027754584
1.0,1,0.87705857
0.0,0,0.053395107
0.0,0,0.04638483
0.0,0,0.025609592
0.0,0,0.0026156618
1.0,1,0.67303276
1.0,1,0.9591196
0.0,0,0.11873366
1.0,1,0.91404474
1.0,1,0.5359453
0.0,0,0.12351783
0.0,0,0.060483105
1.0,1,0.93080884
1.0,1,0.847158
0.0,0,0.042718247
0.0,0,0.24259202
0.0,0,0.021946643
0.0,1,0.4318667
0.0,0,0.014567196
0.0,0,0.0037153577
1.0,1,0.98066676
0.0,0,0.01005209
1.0,0,0.25384116
1.0,1,0.9707998
1.0,1,0.9770757
1.0,1,0.8631045
0.0,0,0.17236717
1.0,1,0.7578216
1.0,1,0.95820403
1.0,1,0.96324515
0.0,0,0.026404487
1.0,1,0.9857615
1.0,1,0.97753316
0.0,0,0.26227537
1.0,1,0.5182682
0.0,1,0.4208872
1.0,1,0.6458033
0.0,0,0.08593291
1.0,1,0.93993694
0.0,0,0.30676508
1.0,1,0.9497659
1.0,1,0.9553207
1.0,1,0.95971763
0.0,0,0.021922784
0.0,0,0.18442471
1.0,1,0.9208797
1.0,1,0.90038526
1.0,1,0.96762365
0.0,0,0.030756311
0.0,1,0.6858116
0.0,0,0.018094113
0.0,0,0.0032977215
0.0,0,0.24611117
0.0,1,0.94142526
1.0,1,0.9559294
0.0,0,0.11895827
1.0,1,0.43998024
1.0,1,0.9739858
0.0,0,0.024145007
0.0,0,0.03496106
0.0,1,0.9128907
1.0,0,0.047111005
0.0,0,0.028967937
1.0,1,0.95146656
0.0,0,0.026339374
1.0,1,0.8862888
1.0,1,0.66137516
0.0,0,0.10690583
1.0,1,0.88425815
1.0,1,0.94821954
1.0,1,0.74946105
1.0,0,0.26738685
0.0,0,0.013159255
1.0,0,0.081041984
1.0,1,0.95346016
0.0,0,0.13608786
0.0,0,0.16847338
0.0,0,0.05484888
1.0,1,0.9029224
0.0,0,0.019705558
0.0,0,0.06963328
1.0,1,0.7563069
1.0,1,0.9528272
1.0,1,0.9703974
1.0,1,0.9481876
0.0,0,0.030997006
1.0,1,0.9659648
0.0,0,0.19583973
1.0,1,0.959208
1.0,1,0.9749994
0.0,0,0.17084616
0.0,0,0.19139154
0.0,0,0.004930548
1.0,1,0.9260449
0.0,0,0.04040571
0.0,0,0.0022783221
0.0,0,0.015395345
0.0,0,0.03871859
1.0,1,0.97593343
0.0,0,0.15983306
1.0,1,0.9390892
0.0,0,0.14518777
0.0,0,0.12550218
0.0,0,0.19925116
1.0,1,0.7914289
1.0,1,0.9747265
0.0,0,0.083387494
0.0,0,0.006652701
0.0,1,0.74273705
1.0,1,0.947465
1.0,1,0.9620242
0.0,0,0.027026618
1.0,1,0.9699236
0.0,0,0.01266092
0.0,0,0.003436988
1.0,1,0.5707905
0.0,0,0.010456617
0.0,0,0.074821785
1.0,1,0.9703415
0.0,0,0.042977378
1.0,1,0.8916018
1.0,1,0.95116794
0.0,1,0.42675233
0.0,1,0.52137655
0.0,0,0.013300112
0.0,0,0.119421996
1.0,1,0.9728826
1.0,1,0.97651523
0.0,0,0.018154759
1.0,1,0.9561838
1.0,1,0.9817197
0.0,0,0.07292132
1.0,1,0.9782349
0.0,0,0.016551204
0.0,0,0.02547374
1.0,1,0.65615296
1.0,1,0.5662864
1.0,1,0.9727455
1.0,1,0.97720635
0.0,0,0.1933389
1.0,1,0.9466051
0.0,0,0.016210299
0.0,0,0.0007525998
0.0,1,0.48640293
1.0,1,0.85877776
1.0,1,0.9277332
1.0,1,0.9389024
1.0,1,0.72177064
1.0,1,0.57186437
0.0,0,0.08108994
1.0,0,0.2784609
0.0,0,0.41702214
0.0,1,0.44595835
1.0,1,0.9787291
1.0,1,0.9688515
0.0,0,0.3420949
1.0,1,0.98014843
0.0,0,0.01637281
0.0,0,0.024783278
0.0,0,0.042086735
1.0,1,0.814402
1.0,1,0.98550314
1.0,1,0.8521427
0.0,0,0.0039213332
1.0,1,0.79992175
1.0,1,0.8697332
1.0,1,0.58651376
1.0,1,0.94127893
1.0,1,0.7982056
0.0,1,0.5764521
1.0,1,0.7295928
1.0,1,0.97822714
0.0,0,0.10809059
1.0,1,0.97542095
1.0,1,0.9156198
0.0,1,0.42839095
1.0,1,0.96482027
0.0,0,0.0010986411
1.0,1,0.97376424
1.0,1,0.7437205
0.0,0,0.0123304315
0.0,1,0.88971263
0.0,1,0.5836401
0.0,0,0.017774327
0.0,1,0.4990118
1.0,1,0.7878854
1.0,1,0.9670485
1.0,1,0.80170166
0.0,1,0.53183985
0.0,0,0.4115905
1.0,1,0.9678798
1.0,1,0.4894739
0.0,0,0.10543877
1.0,1,0.7117208
0.0,0,0.1322911
1.0,1,0.7281835
0.0,0,0.35885867
1.0,1,0.967697
1.0,1,0.9549304
0.0,0,0.0095825335
1.0,1,0.9645462
1.0,1,0.9233168
1.0,1,0.9108149
0.0,0,0.02944424
0.0,0,0.027546793
0.0,0,0.017958218
0.0,0,0.20885965
0.0,1,0.42487377
0.0,0,0.1304733
1.0,1,0.71945643
1.0,1,0.96772826
0.0,0,0.019469371
1.0,1,0.9817932
1.0,1,0.685737
0.0,1,0.4468623
1.0,1,0.7292378
0.0,0,0.014255079
1.0,1,0.94278985
0.0,0,0.016920066
0.0,0,0.04948544
0.0,0,0.02941192
1.0,1,0.9681843
1.0,1,0.9720312
1.0,1,0.46094722
1.0,1,0.97648203
0.0,0,0.07024639
0.0,0,0.33809695
0.0,1,0.73215926
0.0,0,0.01253215
0.0,0,0.0038485534
1.0,1,0.54604924
1.0,1,0.8244903
1.0,1,0.93121886
1.0,1,0.8666009
0.0,0,0.004439801
0.0,0,0.050841223
0.0,0,0.024462296
1.0,1,0.7924062
1.0,1,0.96547186
0.0,0,0.05326117
0.0,0,0.033236276
0.0,0,0.0338011
0.0,0,0.017850976
0.0,0,0.025542213
1.0,1,0.73442376
1.0,1,0.83976674
1.0,1,0.9701233
1.0,1,0.9826448
0.0,1,0.9446879
1.0,1,0.78030014
1.0,1,0.9788418
0.0,0,0.007932041
0.0,0,0.0059958613
0.0,0,0.036166716
0.0,1,0.77456284
0.0,1,0.6266891
1.0,1,0.72995436
1.0,1,0.9208578
1.0,1,0.79379475
0.0,0,0.13107784
0.0,0,0.080100335
0.0,0,0.1778511
0.0,0,0.18900855
1.0,1,0.94618225
0.0,0,0.009082419
0.0,0,0.0017152219
0.0,0,0.023075981
1.0,1,0.9581419
0.0,0,0.0125965495
1.0,1,0.9728216
1.0,1,0.97377074
0.0,0,0.0034323623
0.0,0,0.017510187
0.0,0,0.045394696
1.0,1,0.8563502
1.0,1,0.94682026
1.0,1,0.95018005
0.0,0,0.1778797
1.0,1,0.87271494
0.0,0,0.38442189
0.0,0,0.24708408
1.0,1,0.9803493
0.0,0,0.19994235
0.0,0,0.048437815
1.0,1,0.94254756
0.0,1,0.964157
0.0,1,0.66672003
1.0,1,0.9816646
0.0,0,0.009337911
1.0,1,0.6791589
1.0,1,0.9560047
1.0,1,0.95423925
1.0,1,0.8489367
1.0,1,0.97085345
0.0,0,0.004029174
0.0,0,0.006801949
0.0,0,0.20453082
1.0,1,0.97511786
0.0,0,0.025881873
1.0,1,0.8750675
0.0,1,0.86914337
1.0,1,0.90497065
0.0,0,0.053870857
1.0,1,0.9258736
1.0,1,0.94255567
1.0,1,0.94798
0.0,0,0.0064651985
1.0,1,0.8465954
1.0,1,0.9745344
0.0,0,0.052502345
1.0,1,0.976334
1.0,1,0.78762114
0.0,1,0.5017736
1.0,1,0.7845107
1.0,1,0.9817709
1.0,1,0.9752289
0.0,0,0.06794211
0.0,0,0.04525672
1.0,1,0.8150879
0.0,0,0.0178343
0.0,0,0.0058695697
0.0,0,0.038198374
0.0,0,0.16153432
0.0,0,0.026971182
0.0,0,0.030982692
0.0,0,0.064829476
1.0,1,0.91330326
1.0,1,0.8522267
1.0,1,0.9836196
1.0,1,0.8184802
1.0,1,0.9698642
0.0,0,0.23608117
1.0,1,0.9413121
0.0,0,0.28703177
0.0,0,0.017961347
1.0,1,0.8830469
0.0,0,0.12825425
0.0,0,0.083792195
0.0,0,0.02208239
0.0,0,0.09020368
0.0,0,0.06492479
1.0,1,0.9818615
0.0,0,0.006459605
0.0,0,0.16995336
1.0,1,0.9772219
1.0,1,0.88072264
0.0,1,0.61435
1.0,1,0.8447857
0.0,0,0.042561036
1.0,1,0.9824311
1.0,1,0.9679668
1.0,1,0.94745994
0.0,0,0.05659901
1.0,1,0.9423458
1.0,1,0.9289017
1.0,1,0.8954821
1.0,1,0.98071426
1.0,1,0.9601338
1.0,1,0.9683962
0.0,0,0.011273551
1.0,1,0.7705768
1.0,0,0.31665626
1.0,1,0.662981
0.0,0,0.0749998
1.0,1,0.9761929
0.0,0,0.013033253
0.0,0,0.030351963
0.0,0,0.014118172
1.0,1,0.9788397
0.0,0,0.28976578
0.0,1,0.54979134
0.0,0,0.31880444
0.0,0,0.051239222
1.0,1,0.8549183
0.0,1,0.53682506
1.0,1,0.95543146
0.0,0,0.080572434
1.0,1,0.9808796
1.0,1,0.95366216
1.0,1,0.8017369
0.0,0,0.035124898
0.0,0,0.005224937
0.0,0,0.003937679
0.0,0,0.39087483
1.0,1,0.8710349
1.0,1,0.9636835
1.0,1,0.9027844
0.0,0,0.01070562
0.0,0,0.0055354927
0.0,0,0.029279048
1.0,1,0.83641243
1.0,1,0.78319526
0.0,0,0.12686886
0.0,0,0.18440972
1.0,1,0.9623815
1.0,1,0.880711
1.0,1,0.5143359
0.0,0,0.044525694
1.0,1,0.952863
1.0,1,0.8797508
0.0,0,0.023913588
0.0,0,0.18324353
0.0,0,0.16377324
0.0,0,0.012296234
0.0,0,0.037749566
0.0,0,0.21596074
0.0,0,0.012342666
1.0,1,0.9771686
1.0,1,0.9389067
0.0,1,0.6584295
1.0,1,0.91290087
0.0,1,0.66920567
0.0,0,0.0011318587
0.0,0,0.30226818
1.0,1,0.93019164
1.0,1,0.93736535
1.0,1,0.9488287
0.0,0,0.00587171
1.0,1,0.9345652
1.0,1,0.9357666
1.0,1,0.95531964
0.0,0,0.037725743
1.0,1,0.94008803
1.0,1,0.7508908
0.0,1,0.7177162
1.0,0,0.39835614
0.0,1,0.5004447
1.0,1,0.9794986
0.0,0,0.01373991
0.0,0,0.034194816
1.0,1,0.85023415
0.0,0,0.029454956
1.0,1,0.9670166
0.0,0,0.018361427
0.0,0,0.22691752
0.0,0,0.08715896
0.0,1,0.5418873
0.0,0,0.08809581
0.0,0,0.2897609
1.0,1,0.9597161
1.0,1,0.9841535
1.0,1,0.9798434
1.0,1,0.696589
1.0,1,0.9747894
0.0,0,0.20894463
0.0,0,0.13420343
0.0,0,0.0020670597
1.0,1,0.9124717
1.0,1,0.86254114
0.0,0,0.020152409
1.0,1,0.8866083
1.0,1,0.8647034
1.0,1,0.97379875
1.0,1,0.75139487
0.0,0,0.003912433
0.0,0,0.0768872
1.0,1,0.94194555
0.0,0,0.0063434225
1.0,0,0.41258365
1.0,1,0.8534355
0.0,0,0.035006743
1.0,1,0.84345645
1.0,1,0.6510982
0.0,0,0.33636248
0.0,0,0.3442123
0.0,0,0.011152141
1.0,1,0.68809605
1.0,1,0.9401765
1.0,1,0.78652537
1.0,1,0.875026
0.0,0,0.08240706
0.0,0,0.24171607
1.0,1,0.81595695
0.0,0,0.04283926
1.0,1,0.9755027
1.0,1,0.97402805
0.0,0,0.16566652
1.0,1,0.9814009
1.0,1,0.42317337
1.0,1,0.9618188
1.0,1,0.8339474
0.0,0,0.037126433
0.0,0,0.16626848
1.0,1,0.93344176
1.0,1,0.96806943
0.0,0,0.07360071
1.0,1,0.8582011
0.0,0,0.0045951717
1.0,1,0.9677189
0.0,0,0.017977891
1.0,0,0.29553065
0.0,0,0.034420095
1.0,1,0.70999086
0.0,0,0.0046708407
0.0,0,0.3153595
1.0,0,0.33736402
0.0,1,0.8570637
0.0,0,0.008440018
0.0,0,0.021769796
0.0,0,0.073457345
1.0,1,0.7608832
1.0,1,0.9773158
0.0,0,0.03000507
1.0,1,0.97711605
0.0,0,0.0086172335
1.0,1,0.48339516
0.0,0,0.003536059
1.0,1,0.6002015
1.0,1,0.842648
1.0,1,0.98156863
0.0,0,0.15557589
0.0,0,0.009063993
0.0,0,0.13618985
1.0,1,0.9514686
1.0,1,0.9817432
1.0,1,0.8927167
1.0,1,0.96681327
1.0,1,0.61888313
1.0,1,0.6563651
0.0,0,0.020904137
0.0,1,0.85181147
0.0,0,0.3528299
0.0,0,0.040283944
0.0,0,0.09369552
1.0,1,0.8348777
0.0,0,0.012785316
1.0,1,0.9634759
0.0,0,0.08877095
1.0,1,0.9676345
0.0,0,0.31506136
1.0,1,0.8951882
0.0,0,0.13706082
1.0,1,0.985108
1.0,1,0.88700044
1.0,1,0.94036704
1.0,1,0.7338133
1.0,1,0.9762726
0.0,0,0.115881585
1.0,1,0.9696459
1.0,1,0.88482213
0.0,0,0.050531697
1.0,1,0.9146591
1.0,1,0.97729546
1.0,1,0.9792673
0.0,0,0.016275682
0.0,0,0.033514235
0.0,0,0.03558477
1.0,1,0.9503076
1.0,1,0.9831435
0.0,0,0.013300368
0.0,0,0.011957352
0.0,0,0.009403603
1.0,1,0.5686926
0.0,0,0.050189845
0.0,0,0.040654518
0.0,0,0.029784638
0.0,0,0.03134457
1.0,1,0.7695172
1.0,0,0.23817667
1.0,1,0.9536917
0.0,0,0.028280387
0.0,0,0.029805867
1.0,1,0.94079727
0.0,0,0.013103646
0.0,0,0.021453917
1.0,1,0.9276264
0.0,0,0.034821812
1.0,1,0.94782364
0.0,0,0.013531861
1.0,1,0.97324985
1.0,1,0.9791093
0.0,0,0.04118636
0.0,1,0.96566963
0.0,0,0.014426148
1.0,1,0.94163895
0.0,0,0.020624427
1.0,1,0.9594218
1.0,1,0.9619624
0.0,0,0.25428686
1.0,1,0.88758737
0.0,0,0.08321936
1.0,1,0.9841027
1.0,1,0.92929035
1.0,1,0.9444761
1.0,1,0.93996626
0.0,0,0.036056716
1.0,1,0.9779863
1.0,1,0.93316424
0.0,0,0.11018778
0.0,0,0.18231137
1.0,1,0.98214465
1.0,1,0.9825772
1.0,0,0.3479714
1.0,1,0.9457143
0.0,0,0.11544444
0.0,0,0.14329936
1.0,1,0.97959554
1.0,1,0.9850426
0.0,0,0.0049745976
0.0,0,0.0145684425
0.0,0,0.2130577
0.0,0,0.036501013
1.0,1,0.9739142
1.0,1,0.9600652
1.0,0,0.34670293
1.0,1,0.96032166
0.0,0,0.020537581
0.0,0,0.00849407
1.0,1,0.9857303
1.0,1,0.9843985
0.0,0,0.09934002
1.0,1,0.93951243
1.0,0,0.36864734
1.0,1,0.94169027
1.0,1,0.89409345
0.0,0,0.33962798
0.0,0,0.0032240897
0.0,1,0.58444196
1.0,1,0.96231204
0.0,1,0.8073273
0.0,0,0.14047655
0.0,0,0.005062275
1.0,1,0.49105543
1.0,1,0.62889534
1.0,1,0.9578815
0.0,1,0.94407076
1.0,1,0.7538695
1.0,1,0.92871106
0.0,0,0.0027609442
0.0,0,0.005539274
1.0,1,0.8243356
1.0,1,0.9005457
0.0,1,0.4793214
1.0,1,0.9456128
1.0,1,0.9506319
0.0,0,0.05741024
0.0,0,0.0015051988
0.0,0,0.28501725
0.0,0,0.00723086
1.0,1,0.69470316
0.0,1,0.42792886
1.0,1,0.94264644
0.0,0,0.09257052
0.0,0,0.09945727
1.0,1,0.9272897
0.0,0,0.11307395
1.0,1,0.9666465
0.0,0,0.015245572
1.0,1,0.84642196
0.0,0,0.19002363
0.0,1,0.8727755
1.0,1,0.94229805
0.0,0,0.086915515
0.0,0,0.02436815
1.0,1,0.9312545
0.0,0,0.11408551
1.0,1,0.9662933
1.0,1,0.6815363
0.0,0,0.092327304
0.0,0,0.011719767
0.0,0,0.011532547
1.0,1,0.9720224
1.0,1,0.91077346
1.0,1,0.88100594
0.0,0,0.33021453
1.0,1,0.96436477
0.0,0,0.070046626
0.0,0,0.05076742
1.0,1,0.953818
1.0,1,0.8684688
1.0,1,0.9023089
1.0,1,0.95221233
0.0,0,0.07454408
0.0,0,0.4023582
1.0,1,0.9657465
0.0,0,0.26618335
0.0,0,0.21027921
0.0,0,0.041054446
1.0,1,0.93346643
1.0,1,0.8603107
0.0,0,0.008279409
0.0,0,0.02394275
1.0,1,0.96868366
1.0,1,0.92561185
0.0,0,0.19185683
0.0,0,0.0057799076
0.0,0,0.024607502
0.0,0,0.03315074
1.0,1,0.43623677
1.0,1,0.89575297
0.0,1,0.6128759
0.0,0,0.006054503
1.0,1,0.97907686
0.0,0,0.20460187
1.0,1,0.93029326
1.0,1,0.9355259
1.0,1,0.96649414
1.0,1,0.9638765
1.0,1,0.65687144
0.0,0,0.024436625
0.0,0,0.07849021
0.0,0,0.33357722
1.0,1,0.9408283
1.0,1,0.82918817
0.0,0,0.010299359
1.0,1,0.53110063
0.0,0,0.011244895
0.0,0,0.123584636
0.0,0,0.099943526
0.0,0,0.32914594
0.0,1,0.93697274
0.0,0,0.014918622
0.0,0,0.014895808
1.0,1,0.84058017
0.0,0,0.24428421
1.0,1,0.9631523
1.0,1,0.90699166
0.0,0,0.15930109
1.0,1,0.78510296
1.0,1,0.98090416
0.0,0,0.014878753
0.0,0,0.18954735
0.0,0,0.099712186
0.0,0,0.050368767
1.0,1,0.8078819
0.0,0,0.029494967
0.0,0,0.07328403
0.0,1,0.844913
1.0,1,0.92020345
0.0,1,0.66953146
0.0,0,0.0090981955
1.0,0,0.13086925
1.0,1,0.9563704
1.0,1,0.96701294
1.0,1,0.92262506
1.0,1,0.96295017
0.0,0,0.023171108
1.0,1,0.87915456
0.0,0,0.19540325
0.0,0,0.03673074
0.0,0,0.147441
0.0,0,0.014419872
0.0,0,0.0070917495
1.0,1,0.6522764
1.0,1,0.9754615
0.0,0,0.012904609
0.0,0,0.030953325
1.0,1,0.9578908
1.0,1,0.9666428
0.0,1,0.57471263
1.0,1,0.90314156
1.0,1,0.9235407
1.0,1,0.9657773
1.0,1,0.97966284
1.0,1,0.75378793
1.0,1,0.8811705
0.0,1,0.8404258
1.0,1,0.8962876
1.0,0,0.016999325
0.0,0,0.012217463
0.0,0,0.04999969
1.0,1,0.8649641
1.0,1,0.728209
0.0,1,0.85697234
1.0,1,0.87759805
1.0,1,0.9755115
1.0,1,0.5926689
1.0,0,0.18192329
0.0,0,0.06728928
1.0,1,0.44797778
1.0,1,0.9504891
0.0,0,0.13090202
1.0,1,0.942301
0.0,1,0.8782022
1.0,1,0.9219513
1.0,1,0.8717396
1.0,1,0.84096164
1.0,0,0.38947326
0.0,0,0.13082173
0.0,0,0.12408359
0.0,1,0.745167
1.0,1,0.9448304
0.0,0,0.010594149
0.0,0,0.098800264
1.0,1,0.9631803
1.0,1,0.9321639
1.0,0,0.26120147
0.0,1,0.67653906
0.0,0,0.009941393
0.0,0,0.00683964
0.0,0,0.025627786
1.0,1,0.92929935
1.0,1,0.6577853
0.0,0,0.24343143
0.0,0,0.069743514
1.0,1,0.6899843
0.0,0,0.03191018
1.0,1,0.94748837
1.0,1,0.8086082
1.0,1,0.9364016
0.0,0,0.01891871
1.0,1,0.608152
1.0,1,0.6923702
1.0,1,0.9548658
1.0,1,0.8969425
1.0,1,0.93187356
0.0,0,0.010468524
1.0,0,0.080792196
0.0,0,0.028402625
0.0,0,0.08690683
1.0,1,0.60313344
1.0,1,0.96468633
1.0,1,0.9613596
1.0,1,0.56773925
0.0,0,0.019922737
0.0,0,0.054205377
1.0,1,0.9716449
1.0,1,0.9605019
0.0,0,0.30317816
1.0,1,0.5499333
1.0,1,0.97816354
1.0,1,0.96930397
1.0,1,0.9177887
0.0,1,0.45718345
1.0,1,0.984637
1.0,1,0.82680905
0.0,0,0.14758268
1.0,1,0.9420549
0.0,1,0.5183172
1.0,1,0.97196
0.0,0,0.0137248235
0.0,0,0.015193985
1.0,1,0.85149634
1.0,1,0.9113946
0.0,0,0.0067404476
0.0,0,0.039726544
1.0,1,0.91758114
0.0,0,0.013450065
1.0,1,0.9571539
0.0,0,0.019233422
0.0,0,0.017330471
1.0,1,0.97194755
0.0,0,0.15056783
0.0,0,0.07746678
1.0,1,0.7230281
0.0,0,0.024491021
0.0,0,0.08270737
1.0,1,0.92594373
1.0,1,0.84754336
1.0,1,0.96475923
1.0,1,0.97908825
0.0,0,0.00873276
1.0,1,0.9783918
0.0,0,0.040323514
0.0,1,0.71517193
1.0,1,0.9574972
0.0,0,0.006186431
0.0,0,0.11555763
0.0,0,0.14690001
0.0,0,0.024973867
1.0,1,0.90777636
0.0,0,0.17326574
0.0,0,0.08423308
1.0,1,0.96916956
0.0,0,0.2844922
0.0,0,0.0860573
0.0,1,0.58961266
1.0,1,0.62889016
0.0,0,0.10407957
1.0,1,0.93975043
0.0,0,0.12228995
1.0,1,0.9739391
0.0,0,0.024474338
0.0,0,0.024440022
0.0,0,0.120490044
1.0,1,0.9808819
1.0,1,0.6692203
1.0,1,0.87418455
1.0,1,0.9492896
0.0,0,0.016454047
1.0,1,0.9280158
1.0,1,0.98406184
0.0,0,0.0020649708
1.0,1,0.84857047
1.0,1,0.9500994
0.0,0,0.03177103
0.0,0,0.1870578
1.0,1,0.81699693
1.0,1,0.7921721
0.0,0,0.07213746
1.0,1,0.82615536
0.0,0,0.02009256
1.0,1,0.97646797
0.0,0,0.004639912
1.0,1,0.8148496
1.0,1,0.9273013
1.0,1,0.9765928
1.0,1,0.9679247
1.0,1,0.98023945
0.0,0,0.00086959597
1.0,1,0.9140258
0.0,0,0.25543475
1.0,1,0.47055203
0.0,0,0.31224442
1.0,1,0.9478801
1.0,1,0.51037705
1.0,1,0.7688958
1.0,1,0.97208834
0.0,0,0.11556516
1.0,1,0.47758207
0.0,0,0.1882092
0.0,0,0.056310534
1.0,1,0.9716415
0.0,0,0.16394077
0.0,0,0.033838887
1.0,1,0.89850885
1.0,1,0.648521
1.0,1,0.8936175
1.0,1,0.779437
0.0,0,0.07329384
1.0,1,0.9582197
1.0,1,0.69518065
1.0,1,0.9762745
1.0,1,0.91802186
0.0,0,0.091614336
1.0,1,0.8780344
1.0,1,0.6288395
1.0,1,0.54737073
0.0,0,0.22273614
0.0,0,0.07886111
1.0,0,0.37743843
0.0,0,0.008415245
0.0,0,0.33329353
0.0,0,0.1080619
1.0,1,0.9046747
1.0,1,0.9777915
0.0,0,0.011952136
0.0,0,0.03949065
0.0,1,0.7231386
1.0,1,0.93546087
0.0,0,0.22771479
1.0,1,0.9493406
1.0,1,0.9625907
1.0,0,0.3656521
1.0,1,0.95179564
1.0,1,0.9768378
1.0,1,0.78094894
1.0,1,0.8126017
0.0,1,0.8047358
1.0,1,0.96538216
0.0,0,0.021198342
1.0,1,0.9802015
0.0,0,0.31743878
1.0,1,0.61548436
0.0,0,0.40575382
0.0,0,0.007861912
0.0,0,0.07588064
0.0,0,0.010035681
1.0,1,0.6277424
1.0,1,0.8239175
0.0,0,0.012528745
1.0,1,0.89491725
0.0,0,0.012146449
0.0,0,0.022589535
0.0,0,0.2719826
0.0,0,0.035758216
1.0,1,0.9786651
0.0,1,0.58997285
1.0,1,0.9240137
1.0,1,0.9393049
0.0,0,0.2079935
0.0,0,0.013762213
0.0,0,0.10174958
0.0,0,0.014922918
1.0,1,0.975549
0.0,0,0.07667911
0.0,0,0.0036022766
0.0,0,0.06336503
1.0,1,0.9715085
0.0,0,0.14863782
0.0,0,0.017685717
0.0,0,0.025448795
0.0,0,0.20887761
0.0,0,0.009598277
1.0,1,0.96208924
1.0,1,0.9608755
0.0,1,0.57927835
0.0,0,0.06993219
0.0,0,0.06650657
0.0,0,0.1324485
1.0,1,0.9819317
1.0,1,0.9765105
0.0,0,0.06460863
1.0,1,0.94678015
1.0,0,0.2242735
0.0,0,0.40460017
0.0,0,0.0028468934
1.0,1,0.9237661
0.0,0,0.0439865
1.0,1,0.8504346
0.0,0,0.0033788625
0.0,0,0.05727918
0.0,0,0.065348625
0.0,0,0.030135255
1.0,1,0.9628202
0.0,0,0.0053237
0.0,0,0.07693086
0.0,0,0.01201023
1.0,1,0.6352926
1.0,1,0.9787562
1.0,1,0.91257614
0.0,1,0.8777199
1.0,1,0.98182803
1.0,1,0.84246206
0.0,1,0.4326814
0.0,0,0.02746622
1.0,1,0.8722986
1.0,1,0.6290458
0.0,1,0.48723415
0.0,1,0.45237496
1.0,1,0.7028747
1.0,1,0.9614558
0.0,0,0.022691663
1.0,1,0.8684827
0.0,0,0.038489632
0.0,0,0.25171095
1.0,0,0.2598263
0.0,0,0.3333968
0.0,0,0.030613504
1.0,1,0.6935413
1.0,1,0.842357
0.0,0,0.101842925
0.0,0,0.0021764855
1.0,1,0.966015
0.0,1,0.8454232
0.0,0,0.06482802
0.0,0,0.0012172561
0.0,0,0.19751033
0.0,0,0.029078538
0.0,0,0.16459492
0.0,0,0.22584124
1.0,0,0.10346957
0.0,0,0.11364024
1.0,1,0.98532677
0.0,0,0.13328056
1.0,1,0.98088145
1.0,1,0.71597815
1.0,1,0.7310387
1.0,1,0.81459177
0.0,0,0.0032702533
0.0,0,0.024436437
0.0,0,0.03307335
1.0,1,0.95064384
0.0,0,0.010353484
0.0,1,0.6990558
0.0,0,0.026819676
1.0,1,0.7788408
1.0,1,0.94594526
0.0,0,0.014305702
1.0,1,0.890554
0.0,0,0.29842976
0.0,0,0.074253805
1.0,1,0.96920526
1.0,1,0.9409844
1.0,1,0.94415617
0.0,0,0.08380913
0.0,0,0.018607786
0.0,0,0.008207745
1.0,1,0.9803014
0.0,0,0.10693052
0.0,0,0.007449882
1.0,1,0.48778507
0.0,0,0.025052236
1.0,1,0.95369047
1.0,1,0.7430173
1.0,1,0.69168997
1.0,1,0.9485209
0.0,0,0.03275788
0.0,0,0.004571483
0.0,0,0.051757082
1.0,1,0.9069225
0.0,1,0.46197593
0.0,0,0.0048151673
1.0,1,0.8715133
1.0,1,0.78958577
1.0,1,0.95915407
1.0,1,0.4265497
1.0,1,0.4742828
1.0,1,0.97101754
0.0,0,0.15486132
0.0,0,0.22455704
1.0,1,0.45223686
1.0,1,0.9816657
0.0,0,0.006493103
1.0,1,0.7700115
0.0,0,0.023426104
1.0,1,0.86212516
0.0,0,0.014833642
1.0,1,0.96584636
1.0,1,0.9817272
0.0,1,0.5091075
0.0,0,0.2856436
0.0,0,0.02309984
1.0,1,0.9609352
1.0,1,0.7973375
0.0,0,0.007178805
0.0,0,0.3104957
1.0,1,0.9791201
0.0,0,0.011621048
1.0,1,0.9299432
1.0,1,0.9704164
1.0,1,0.9472519
1.0,1,0.9197208
0.0,0,0.37417507
0.0,0,0.27785912
0.0,0,0.006211406
0.0,0,0.2563666
1.0,1,0.97290415
0.0,1,0.54684335
1.0,1,0.85384893
1.0,1,0.89290756
0.0,0,0.013939328
1.0,1,0.5205871
1.0,1,0.97624624
0.0,0,0.11198681
1.0,1,0.9701109
1.0,1,0.8130734
0.0,0,0.386543
0.0,0,0.01582864
0.0,0,0.005250034
0.0,0,0.09495366
0.0,0,0.021355022
1.0,1,0.63470876
1.0,1,0.9668882
0.0,0,0.032617904
0.0,0,0.0059090187
1.0,1,0.8523996
0.0,0,0.100610904
1.0,1,0.9671682
1.0,1,0.817636
1.0,1,0.9301663
0.0,0,0.3794109
1.0,1,0.7167334
0.0,1,0.6641754
0.0,0,0.15783483
0.0,0,0.00185894
1.0,1,0.5315857
0.0,0,0.0070936605
0.0,0,0.09666401
0.0,0,0.03372776
1.0,1,0.8581176
1.0,1,0.9121224
1.0,1,0.9323686
0.0,0,0.13683192
0.0,1,0.83775586
1.0,1,0.977311
0.0,0,0.023263678
1.0,1,0.9018208
1.0,1,0.78050035
0.0,0,0.007983602
0.0,0,0.021400012
1.0,1,0.97247845
1.0,1,0.8511857
0.0,0,0.2150053
1.0,1,0.7991446
1.0,1,0.92520404
0.0,0,0.1215783
0.0,0,0.017255273
1.0,1,0.971059
1.0,1,0.8958905
0.0,0,0.015083605
1.0,1,0.91178507
1.0,1,0.8253384
0.0,0,0.012968687
0.0,1,0.8400933
0.0,1,0.70786726
0.0,0,0.050508082
1.0,1,0.9159324
0.0,0,0.31181538
0.0,0,0.23600858
0.0,0,0.028568016
1.0,1,0.9285454
0.0,0,0.00486872
0.0,0,0.015054517
1.0,1,0.562505
1.0,1,0.9594836
0.0,0,0.04760687
0.0,0,0.22506313
0.0,0,0.059466753
1.0,1,0.9758957
0.0,0,0.15050407
0.0,0,0.041876134
0.0,0,0.033029
0.0,0,0.032200675
0.0,0,0.004236265
0.0,0,0.22811326
1.0,1,0.9733333
0.0,0,0.15820035
1.0,1,0.8804542
1.0,1,0.9626486
0.0,0,0.24924465
1.0,1,0.8541064
0.0,1,0.83591044
1.0,1,0.95121986
1.0,1,0.8429764
1.0,1,0.7840604
1.0,0,0.24772441
1.0,1,0.978888
1.0,1,0.91635174
0.0,0,0.010834989
1.0,1,0.9848682
1.0,1,0.74059975
1.0,0,0.21930756
1.0,1,0.86496955
1.0,0,0.237511
0.0,0,0.13839938
0.0,0,0.2816728
0.0,0,0.015129897
0.0,0,0.013252705
1.0,1,0.6817615
0.0,0,0.23212983
1.0,1,0.9716544
0.0,0,0.005185166
1.0,1,0.64310503
1.0,1,0.8800931
1.0,1,0.98282135
0.0,0,0.4128997
0.0,0,0.035956334
0.0,0,0.005433291
0.0,0,0.024229584
1.0,1,0.52317244
0.0,0,0.02350143
1.0,1,0.82248896
1.0,1,0.5434885
0.0,0,0.2017028
1.0,1,0.8905995
1.0,1,0.45507812
0.0,0,0.3404382
1.0,1,0.5555651
1.0,1,0.46105397
0.0,0,0.04219424
1.0,1,0.882257
0.0,0,0.016144546
0.0,0,0.0036442203
1.0,1,0.9655242
0.0,0,0.24867696
1.0,1,0.7555962
0.0,0,0.028736683
0.0,0,0.010472758
1.0,1,0.87027335
0.0,0,0.023878703
1.0,1,0.78504944
1.0,1,0.98100406
1.0,1,0.5763649
1.0,1,0.74720377
0.0,1,0.60748607
0.0,0,0.01110594
0.0,0,0.31267104
1.0,1,0.9008566
0.0,0,0.0066811065
1.0,1,0.9673196
1.0,1,0.9732147
0.0,0,0.027460348
0.0,0,0.0012651358
0.0,0,0.0026168784
0.0,1,0.48940912
1.0,1,0.98062485
0.0,1,0.5082538
1.0,1,0.89224875
0.0,0,0.030067319
1.0,1,0.949849
1.0,1,0.94623893
1.0,1,0.7454755
0.0,0,0.0013821265
1.0,1,0.4590738
1.0,1,0.9287351
0.0,0,0.013921054
0.0,0,0.025719779
0.0,0,0.005180227
1.0,1,0.88892645
1.0,1,0.70231724
1.0,1,0.4883093
0.0,0,0.032985024
1.0,1,0.97463584
1.0,0,0.2866231
0.0,0,0.013552143
1.0,1,0.9526558
0.0,0,0.02103101
1.0,1,0.98466474
0.0,0,0.010911046
1.0,1,0.97501135
1.0,1,0.97588056
1.0,1,0.42864597
1.0,1,0.84835833
0.0,0,0.006141476
1.0,1,0.9425132
1.0,1,0.46778244
0.0,0,0.010047487
1.0,0,0.0375707
0.0,0,0.123918094
0.0,0,0.053088173
1.0,0,0.23727138
0.0,0,0.033059765
0.0,0,0.07799041
1.0,1,0.9839579
0.0,0,0.054158118
1.0,1,0.96771044
0.0,0,0.042929117
0.0,0,0.024718784
0.0,0,0.14854835
1.0,1,0.96001405
1.0,1,0.96867085
0.0,0,0.018335806
0.0,1,0.5534641
1.0,1,0.89430285
0.0,0,0.34133697
1.0,1,0.98270303
1.0,1,0.9245807
0.0,1,0.6424521
1.0,1,0.9845459
1.0,1,0.8947202
0.0,0,0.07622195
0.0,0,0.010164107
0.0,0,0.0017975938
1.0,1,0.8263501
0.0,0,0.024646489
1.0,1,0.4687216
1.0,1,0.9792967
0.0,0,0.010390792
0.0,0,0.023199411
0.0,1,0.4574128
1.0,1,0.9387777
1.0,1,0.98182607
0.0,0,0.061643474
1.0,1,0.9152492
1.0,1,0.96879506
1.0,1,0.9707878
0.0,1,0.5968534
0.0,1,0.59338534
0.0,0,0.39209554
1.0,1,0.9760763
0.0,0,0.027055165
1.0,1,0.973296
1.0,1,0.8055241
1.0,1,0.82839173
1.0,1,0.9313109
1.0,1,0.9225452
1.0,1,0.9540622
0.0,0,0.005692592
1.0,1,0.7745581
0.0,1,0.5279225
1.0,1,0.98061585
0.0,0,0.20322423
1.0,1,0.9642289
1.0,1,0.80883217
0.0,0,0.074409604
1.0,1,0.55802464
1.0,1,0.7424381
0.0,1,0.48830965
1.0,1,0.8927276
1.0,1,0.9604858
1.0,1,0.90870875
1.0,1,0.9794588
0.0,0,0.008595865
1.0,1,0.5592295
0.0,0,0.07034259
1.0,1,0.59921455
0.0,0,0.002452516
0.0,0,0.017082473
0.0,0,0.08084643
0.0,0,0.15310998
1.0,0,0.06794068
0.0,0,0.01222011
1.0,1,0.860264
0.0,0,0.006595361
0.0,0,0.22591504
0.0,0,0.043904997
0.0,0,0.011301941
0.0,0,0.024294509
1.0,1,0.97356755
1.0,0,0.24655683
0.0,0,0.007418546
0.0,0,0.03401402
0.0,0,0.065551214
1.0,1,0.9630358
0.0,0,0.34200674
0.0,1,0.75298494
0.0,1,0.60835075
0.0,0,0.022434289
1.0,1,0.8570584
1.0,1,0.9757308
0.0,0,0.05157528
1.0,1,0.8560805
1.0,1,0.8792161
0.0,0,0.010424775
1.0,1,0.9655855
1.0,1,0.6532552
1.0,1,0.97246015
1.0,1,0.9827631
0.0,0,0.11078372
0.0,0,0.002659667
1.0,1,0.9804099
1.0,1,0.9757896
0.0,0,0.1491262
0.0,0,0.25357628
1.0,1,0.9077141
1.0,1,0.8799685
0.0,0,0.009332615
1.0,1,0.7250211
0.0,0,0.09249011
1.0,1,0.96135175
1.0,1,0.85166603
1.0,1,0.78138024
1.0,1,0.6935358
1.0,1,0.95817673
0.0,0,0.3709866
0.0,0,0.18805383
1.0,1,0.7770183
1.0,1,0.9784684
0.0,0,0.24866511
0.0,0,0.010233542
1.0,1,0.94078016
0.0,0,0.23961797
0.0,0,0.081323534
1.0,1,0.5336579
1.0,1,0.97025186
1.0,1,0.86351943
0.0,0,0.03812767
0.0,0,0.3806334
1.0,1,0.6087398
0.0,0,0.030101458
1.0,1,0.5600523
1.0,1,0.9422686
0.0,0,0.3156566
1.0,0,0.40913257
0.0,0,0.027904674
1.0,1,0.92273605
1.0,1,0.8161249
1.0,1,0.9361291
0.0,0,0.06888974
1.0,1,0.95933264
0.0,1,0.7657726
0.0,0,0.32907584
1.0,1,0.5940795
1.0,1,0.88974655
1.0,1,0.9404719
1.0,1,0.885161
1.0,1,0.96162367
0.0,0,0.016192356
0.0,0,0.004708542
1.0,1,0.9254586
0.0,0,0.023765959
0.0,0,0.055446245
1.0,1,0.9696244
1.0,0,0.39227593
1.0,1,0.6848102
1.0,1,0.98607105
0.0,0,0.002418201
1.0,1,0.6806034
1.0,1,0.7746261
0.0,0,0.010139042
0.0,0,0.11715089
1.0,1,0.86618453
0.0,0,0.37452662
0.0,0,0.020133127
1.0,1,0.968669
1.0,0,0.3988029
1.0,1,0.98227584
0.0,0,0.40327382
1.0,1,0.9714837
1.0,1,0.8533269
1.0,1,0.9074513
0.0,0,0.021207394
1.0,1,0.95045537
0.0,0,0.0026958545
0.0,1,0.93774706
0.0,0,0.34719852
1.0,1,0.9794741
0.0,0,0.0009982499
0.0,0,0.3142839
0.0,0,0.08060708
1.0,1,0.94453394
0.0,0,0.18145368
0.0,0,0.036986288
0.0,0,0.011103144
1.0,1,0.8968747
0.0,0,0.014054446
0.0,0,0.01826113
1.0,1,0.66615534
1.0,1,0.93320364
1.0,1,0.54097277
1.0,1,0.9179164
0.0,1,0.5388509
0.0,0,0.023307886
0.0,0,0.007057256
0.0,0,0.26629272
1.0,1,0.9834703
1.0,1,0.9704549
0.0,0,0.095655516
0.0,0,0.017333379
1.0,1,0.96111006
0.0,0,0.07821549
0.0,0,0.038054865
1.0,1,0.92815995
0.0,0,0.016845932
1.0,1,0.853778
0.0,1,0.7384327
0.0,0,0.029329801
0.0,0,0.38870305
1.0,1,0.86422545
1.0,1,0.81155163
1.0,1,0.9829247
0.0,0,0.31029013
0.0,0,0.008975808
0.0,0,0.04596784
1.0,1,0.7264367
0.0,0,0.075571805
1.0,1,0.8821723
1.0,1,0.96592635
1.0,1,0.8470834
1.0,1,0.9616137
1.0,1,0.9653346
0.0,0,0.0125029385
1.0,0,0.27227408
0.0,0,0.023129867
1.0,1,0.61213434
0.0,0,0.01416243
0.0,0,0.031031141
0.0,0,0.051834248
1.0,1,0.9703472
1.0,1,0.9618948
0.0,0,0.0050089206
0.0,0,0.07586815
0.0,0,0.09601296
0.0,0,0.0043908576
1.0,1,0.9223649
0.0,1,0.6187459
0.0,0,0.028195733
1.0,1,0.9499676
1.0,1,0.96647483
0.0,1,0.95235026
1.0,1,0.96266294
0.0,1,0.7309304
0.0,0,0.23726663
0.0,0,0.0060565546
0.0,0,0.022912921
1.0,1,0.8822071
1.0,1,0.94416106
1.0,1,0.9297104
0.0,1,0.64067835
1.0,1,0.9342838
1.0,1,0.88830525
0.0,0,0.0056616208
1.0,1,0.76987
0.0,0,0.0065406957
0.0,0,0.04350752
1.0,1,0.9806748
0.0,0,0.109123506
0.0,1,0.51468456
0.0,0,0.4065938
1.0,1,0.7780448
0.0,1,0.6050647
1.0,1,0.9679411
1.0,1,0.9822613
0.0,0,0.033077076
0.0,1,0.5937912
1.0,1,0.91431475
0.0,0,0.013448383
0.0,0,0.010816209
0.0,0,0.017937543
0.0,0,0.09326353
1.0,1,0.96544003
0.0,0,0.06463715
1.0,1,0.8110383
0.0,0,0.022123732
1.0,1,0.9781096
0.0,0,0.01594546
1.0,1,0.794636
0.0,0,0.0034908839
1.0,1,0.8097248
1.0,1,0.8538551
1.0,1,0.7875094
1.0,1,0.97252685
0.0,0,0.008356276
0.0,0,0.007326748
0.0,0,0.015065212
0.0,0,0.36988342
0.0,0,0.012799805
1.0,1,0.9839254
1.0,1,0.96876687
0.0,0,0.00610491
1.0,1,0.96289843
1.0,1,0.86257
1.0,1,0.9818132
0.0,0,0.40546924
0.0,0,0.083934836
0.0,0,0.028512415
1.0,1,0.974123
1.0,1,0.95123214
0.0,0,0.11519803
0.0,1,0.7769742
1.0,1,0.9080613
0.0,0,0.012232481
1.0,1,0.97037196
0.0,0,0.012510812
1.0,0,0.31488115
1.0,1,0.9498917
0.0,0,0.0066833473
1.0,1,0.5762229
1.0,1,0.9500012
1.0,1,0.8281649
0.0,0,0.04447024
0.0,0,0.23508908
1.0,1,0.66525096
1.0,1,0.5163088
0.0,0,0.010465324
0.0,0,0.009418811
1.0,1,0.98552364
0.0,0,0.015993161
1.0,1,0.970168
1.0,1,0.9789526
0.0,0,0.008478855
1.0,1,0.97630113
0.0,0,0.11436359
0.0,0,0.04754555
0.0,0,0.02681313
0.0,0,0.015866032
0.0,0,0.09381936
0.0,1,0.43371508
1.0,1,0.98071
1.0,1,0.9754679
0.0,0,0.039014522
1.0,1,0.95787996
1.0,1,0.9543829
0.0,0,0.30831552
0.0,1,0.842703
1.0,1,0.77754307
1.0,1,0.94413483
1.0,1,0.98161185
1.0,1,0.9609515
1.0,1,0.90197027
0.0,0,0.30279642
0.0,0,0.12291476
0.0,0,0.08617018
1.0,1,0.95237345
0.0,0,0.015731646
1.0,1,0.96429735
1.0,1,0.9819163
0.0,0,0.0053449543
0.0,0,0.003492777
0.0,0,0.37567124
1.0,1,0.86115897
1.0,1,0.6333082
1.0,1,0.98103285
0.0,0,0.33124265
1.0,1,0.9774643
1.0,1,0.91960084
0.0,0,0.033220578
1.0,0,0.26717243
1.0,1,0.96765673
0.0,0,0.02286393
0.0,0,0.015397983
1.0,1,0.66133416
0.0,1,0.93805736
0.0,0,0.007202907
1.0,1,0.97464925
0.0,0,0.031332996
1.0,1,0.9524912
0.0,0,0.20430638
0.0,0,0.07627041
1.0,1,0.8016289
1.0,1,0.9615996
1.0,1,0.98108035
0.0,0,0.013945543
0.0,0,0.009705855
0.0,0,0.026096197
1.0,1,0.9768047
1.0,1,0.68894494
1.0,1,0.9602388
1.0,1,0.83979774
1.0,0,0.31303242
0.0,0,0.020113004
0.0,1,0.5994039
0.0,0,0.13107248
1.0,1,0.98415637
0.0,0,0.3529091
1.0,1,0.9125929
1.0,1,0.94218564
0.0,0,0.03291927
0.0,1,0.6048683
1.0,0,0.25717577
0.0,0,0.33981538
0.0,0,0.06611305
1.0,1,0.9656252
0.0,0,0.021738196
1.0,1,0.80739486
1.0,0,0.08326266
1.0,0,0.35888445
1.0,1,0.9709108
1.0,1,0.56234145
1.0,1,0.9367532
0.0,0,0.3702159
0.0,0,0.34268624
0.0,0,0.014842396
0.0,0,0.19164662
1.0,1,0.965918
1.0,1,0.88833547
0.0,0,0.0059457687
1.0,1,0.76286155
0.0,0,0.0052963383
0.0,1,0.5021455
0.0,0,0.06095375
0.0,0,0.009033267
0.0,1,0.8393606
0.0,0,0.013776096
0.0,0,0.09354194
1.0,1,0.86297166
0.0,0,0.0037714269
1.0,1,0.9657018
1.0,1,0.79301256
0.0,0,0.05476824
0.0,0,0.019998573
0.0,0,0.29209405
1.0,1,0.427654
0.0,0,0.29791683
1.0,1,0.8317888
0.0,0,0.29218334
0.0,0,0.048725348
0.0,1,0.8447602
1.0,1,0.97429276
0.0,0,0.0042340956
1.0,1,0.9472467
0.0,1,0.6508181
0.0,0,0.03353857
0.0,1,0.8130956
1.0,1,0.43634146
0.0,0,0.3157838
0.0,0,0.031002993
0.0,0,0.02354176
1.0,1,0.84332794
1.0,1,0.9364153
1.0,1,0.69619143
1.0,1,0.7840124
0.0,1,0.75875074
1.0,1,0.8588761
0.0,0,0.024676673
0.0,0,0.058497045
0.0,1,0.919003
1.0,1,0.9654029
1.0,0,0.40365118
1.0,1,0.5929631
0.0,0,0.0069805393
1.0,1,0.49216124
0.0,0,0.010467955
1.0,1,0.98076963
1.0,1,0.97267514
0.0,1,0.7807326
1.0,1,0.9549997
1.0,1,0.9498713
0.0,0,0.112156846
0.0,0,0.14318903
0.0,0,0.008980194
0.0,0,0.028991072
0.0,1,0.64305973
0.0,0,0.30755463
1.0,1,0.9839087
1.0,1,0.7796686
0.0,0,0.28509024
1.0,1,0.8154673
0.0,0,0.019320488
0.0,0,0.18250155
1.0,1,0.9788131
1.0,1,0.9728726
1.0,1,0.90317
1.0,1,0.82080173
0.0,0,0.12501697
0.0,0,0.3751484
1.0,1,0.74339414
1.0,1,0.96490586
0.0,0,0.0114016775
0.0,0,0.008906987
1.0,1,0.8774749
0.0,0,0.019652434
0.0,0,0.026051098
1.0,1,0.8785627
1.0,1,0.9570978
1.0,1,0.9610559
0.0,0,0.17744525
1.0,1,0.94761145
0.0,0,0.083739236
1.0,1,0.96245724
0.0,1,0.55624616
0.0,0,0.288102
0.0,0,0.06431013
0.0,0,0.04484993
0.0,0,0.0334306
0.0,1,0.46603116
1.0,1,0.97432154
1.0,1,0.94271857
0.0,0,0.19978113
0.0,1,0.907582
0.0,0,0.029255614
0.0,0,0.03135031
0.0,0,0.03216806
0.0,0,0.0080364635
1.0,1,0.97279227
1.0,1,0.9252884
1.0,1,0.98457247
1.0,1,0.965834
0.0,0,0.03108433
0.0,0,0.01775722
0.0,1,0.4325955
1.0,1,0.97528946
1.0,1,0.9170081
0.0,1,0.49409944
0.0,0,0.011705565
1.0,1,0.9710726
0.0,0,0.010624376
1.0,1,0.8100092
0.0,0,0.12256289
1.0,1,0.9788623
1.0,1,0.6972605
0.0,0,0.018434357
0.0,0,0.010396431
0.0,0,0.026286649
1.0,1,0.9809908
1.0,0,0.2659728
1.0,1,0.8300764
0.0,0,0.045289822
0.0,0,0.30187595
1.0,1,0.98171365
0.0,0,0.067074254
0.0,0,0.0022311902
0.0,0,0.07392826
1.0,1,0.97434705
1.0,1,0.8218555
1.0,1,0.64551157
1.0,1,0.96919656
1.0,1,0.8877499
0.0,0,0.11029324
0.0,0,0.010018881
0.0,0,0.009576439
0.0,0,0.07060003
1.0,1,0.9778041
1.0,1,0.9768888
0.0,0,0.007481973
0.0,0,0.03356608
1.0,1,0.8908204
1.0,1,0.47681388
0.0,0,0.10143407
1.0,1,0.955149
0.0,0,0.19044301
0.0,0,0.15546018
1.0,1,0.98202616
0.0,0,0.036657676
1.0,1,0.81994325
0.0,0,0.045671497
1.0,1,0.42096123
1.0,1,0.7684639
0.0,0,0.281691
0.0,0,0.01868922
0.0,0,0.00395447
1.0,1,0.6240121
0.0,0,0.1451443
0.0,0,0.029085439
0.0,0,0.031501193
1.0,0,0.1324186
0.0,0,0.010050177
1.0,1,0.9748133
0.0,0,0.007386942
0.0,0,0.035026707
0.0,0,0.19481486
1.0,1,0.9619717
0.0,0,0.012916691
0.0,0,0.01697687
1.0,1,0.6654887
0.0,0,0.06559171
0.0,0,0.26495674
0.0,0,0.26604077
1.0,1,0.9737528
0.0,0,0.19691257
1.0,1,0.9807679
0.0,0,0.0035073692
0.0,0,0.024398336
1.0,1,0.97601706
1.0,1,0.92474526
0.0,1,0.49896204
0.0,0,0.008311202
1.0,1,0.9627772
0.0,0,0.013297634
0.0,1,0.53850687
0.0,0,0.022046115
0.0,1,0.8977101
1.0,1,0.9577556
0.0,0,0.030805461
0.0,0,0.018627789
1.0,1,0.6540781
1.0,1,0.53309846
0.0,1,0.5658074
0.0,0,0.0077869594
1.0,1,0.9786513
0.0,0,0.28563917
0.0,0,0.19245058
1.0,0,0.0070786164
0.0,0,0.06332498
0.0,0,0.020174624
0.0,0,0.15112357
0.0,0,0.141476
0.0,1,0.75326705
1.0,1,0.9821153
1.0,1,0.90569
1.0,1,0.9771145
0.0,0,0.19185977
0.0,0,0.3137035
1.0,1,0.90598595
0.0,0,0.12394437
0.0,0,0.0054341517
1.0,1,0.9454414
1.0,1,0.97041273
1.0,1,0.79203266
1.0,1,0.90574163
0.0,0,0.015874403
1.0,1,0.78048885
0.0,0,0.02910571
1.0,1,0.97342813
1.0,0,0.41856232
1.0,1,0.88722444
0.0,0,0.007049218
1.0,1,0.8220699
0.0,0,0.006264016
0.0,0,0.10228248
0.0,0,0.16747566
0.0,0,0.008720954
1.0,1,0.46004602
1.0,1,0.90294564
0.0,1,0.42105275
1.0,1,0.77300644
0.0,0,0.016900709
1.0,1,0.8699923
1.0,0,0.30818418
1.0,1,0.9807923
0.0,1,0.7651769
1.0,1,0.9807216
0.0,0,0.007149498
1.0,1,0.9273001
0.0,0,0.011115764
0.0,0,0.0044505843
0.0,0,0.020757964
0.0,0,0.11939311
1.0,1,0.97149086
0.0,1,0.8065862
1.0,1,0.9179299
1.0,1,0.7115947
0.0,0,0.32615587
1.0,1,0.9427972
0.0,1,0.5257747
0.0,0,0.0152047705
0.0,0,0.12393088
0.0,1,0.69177425
1.0,1,0.9820748
0.0,0,0.0063555553
0.0,0,0.010428014
1.0,1,0.97081083
0.0,0,0.11556524
0.0,0,0.016404215
0.0,1,0.49914593
0.0,0,0.09551082
0.0,0,0.062360555
0.0,0,0.0071555628
1.0,0,0.39489418
0.0,0,0.3730281
0.0,0,0.058094483
0.0,0,0.007285007
0.0,0,0.065039285
1.0,1,0.93602985
1.0,1,0.95983386
1.0,1,0.9437645
0.0,0,0.07647033
0.0,0,0.054691486
0.0,0,0.21547219
1.0,0,0.30726242
0.0,0,0.05529776
0.0,0,0.021288157
0.0,0,0.009005104
0.0,0,0.019737113
0.0,1,0.48942792
0.0,0,0.014795358
0.0,0,0.022331534
0.0,0,0.016730176
0.0,1,0.6641228
1.0,1,0.9597825
0.0,0,0.021600926
1.0,1,0.8853996
1.0,1,0.78763956
0.0,0,0.022351071
1.0,1,0.8814971
1.0,1,0.94348323
0.0,0,0.02179911
1.0,1,0.9243605
1.0,1,0.9207107
1.0,0,0.30557933
1.0,1,0.9648411
0.0,1,0.9119677
0.0,0,0.06390882
1.0,1,0.9789293
1.0,1,0.946592
1.0,1,0.9673955
1.0,1,0.74621654
0.0,0,0.0033999486
1.0,1,0.8305739
0.0,0,0.08136479
1.0,1,0.89993757
0.0,0,0.008632421
0.0,1,0.6220071
0.0,0,0.21317442
1.0,1,0.97236747
1.0,1,0.5790453
0.0,0,0.012256662
0.0,0,0.019485671
0.0,0,0.08567496
1.0,1,0.88481
1.0,0,0.36774296
1.0,1,0.51395726
0.0,0,0.010435008
1.0,1,0.8663903
0.0,0,0.06993168
1.0,1,0.94735044
0.0,0,0.11411398
0.0,0,0.041920297
1.0,1,0.90694654
1.0,1,0.9656242
1.0,1,0.972734
0.0,0,0.05933113
0.0,0,0.20252213
0.0,0,0.03718068
0.0,0,0.091126144
1.0,1,0.7523154
0.0,0,0.2243077
0.0,0,0.13227291
1.0,0,0.28896436
1.0,1,0.9617065
0.0,0,0.16996244
1.0,1,0.64545494
0.0,0,0.13686353
1.0,1,0.9547819
0.0,0,0.413883
0.0,0,0.086756885
1.0,1,0.9232641
0.0,0,0.026398763
1.0,1,0.82815385
0.0,0,0.093655184
0.0,0,0.0074437065
1.0,1,0.95876396
0.0,0,0.12853506
0.0,0,0.18738784
0.0,0,0.009473235
1.0,1,0.97032034
1.0,1,0.9489143
1.0,1,0.8526669
0.0,0,0.014137073
0.0,0,0.0035783297
1.0,1,0.91940475
1.0,1,0.4933875
0.0,1,0.4688756
0.0,0,0.005162287
0.0,0,0.07688041
0.0,0,0.2503483
1.0,1,0.9809786
0.0,0,0.21969838
0.0,0,0.008729673
1.0,1,0.8674494
0.0,0,0.036170088
0.0,0,0.11360774
1.0,1,0.9690888
1.0,1,0.8678964
0.0,0,0.18804502
0.0,0,0.1166739
1.0,1,0.9709052
0.0,0,0.17144337
1.0,1,0.9822931
0.0,0,0.041162126
0.0,0,0.1315923
1.0,1,0.9796437
1.0,1,0.74146104
1.0,1,0.85071534
1.0,1,0.9797441
1.0,0,0.32476494
0.0,0,0.0029626822
1.0,1,0.9820191
1.0,1,0.98134255
0.0,0,0.14917117
1.0,1,0.92885804
1.0,1,0.9540491
1.0,1,0.76696503
0.0,1,0.9288343
0.0,0,0.16332103
0.0,0,0.033443168
0.0,0,0.010101525
1.0,1,0.9331497
1.0,1,0.9388157
0.0,0,0.2132151
0.0,1,0.6789303
1.0,1,0.96396327
1.0,1,0.8813145
0.0,0,0.043425977
0.0,0,0.01959148
0.0,1,0.5118203
0.0,0,0.029867124
1.0,1,0.9831785
1.0,1,0.966904
0.0,0,0.031893108
1.0,1,0.97642165
0.0,0,0.018420212
1.0,1,0.90158975
0.0,0,0.41988277
1.0,1,0.9236876
1.0,1,0.9662451
1.0,1,0.9670798
0.0,0,0.02122005
0.0,1,0.445777
0.0,0,0.17896141
1.0,1,0.7373656
0.0,0,0.029085089
1.0,1,0.83809835
0.0,0,0.009413505
0.0,0,0.0837655
1.0,1,0.97831076
1.0,1,0.9657941
1.0,1,0.95794684
0.0,0,0.14974833
1.0,1,0.9466111
1.0,1,0.6602367
1.0,1,0.9360665
0.0,0,0.06958491
1.0,1,0.6805496
0.0,0,0.09476496
1.0,1,0.9751721
1.0,1,0.66134953
1.0,1,0.8926313
1.0,1,0.86739373
0.0,0,0.025207778
0.0,1,0.6757648
0.0,0,0.020193243
0.0,1,0.82880175
0.0,0,0.041123364
0.0,0,0.03511365
0.0,0,0.029513733
1.0,1,0.93839204
0.0,0,0.036672615
0.0,0,0.09430451
1.0,1,0.9690397
1.0,1,0.9023704
1.0,1,0.78852063
0.0,0,0.04754646
1.0,1,0.98333484
0.0,1,0.82156146
1.0,1,0.92573565
0.0,0,0.026043102
0.0,1,0.6127714
0.0,1,0.58445823
1.0,1,0.9721208
1.0,1,0.61502635
1.0,1,0.89244974
1.0,1,0.5521153
1.0,1,0.92043686
1.0,1,0.85776514
1.0,1,0.9506205
1.0,1,0.95602375
1.0,1,0.4901477
0.0,0,0.00019146729
1.0,1,0.7495983
1.0,1,0.9798138
0.0,0,0.23255424
1.0,1,0.94941485
1.0,1,0.90260446
0.0,0,0.0014267118
0.0,0,0.031157222
1.0,1,0.96129686
0.0,0,0.14692059
1.0,1,0.8548111
0.0,0,0.09261642
0.0,0,0.013067099
0.0,0,0.027634587
0.0,0,0.016307296
0.0,0,0.028310115
1.0,1,0.974013
0.0,0,0.09934812
1.0,1,0.95249104
0.0,0,0.044164713
0.0,1,0.95820415
0.0,0,0.13481562
0.0,0,0.23699053
0.0,0,0.0040391367
1.0,1,0.5427673
1.0,1,0.6659572
0.0,0,0.39675382
0.0,0,0.08189667
0.0,0,0.096835114
0.0,1,0.9430433
1.0,1,0.9706565
1.0,1,0.91260225
0.0,0,0.008134062
1.0,1,0.7838546
1.0,1,0.95943093
1.0,1,0.6484939
0.0,0,0.059332233
1.0,1,0.8727256
0.0,0,0.018857235
1.0,1,0.9348678
0.0,0,0.33837852
1.0,1,0.8135949
0.0,0,0.03133127
0.0,0,0.0399906
0.0,0,0.058710672
1.0,1,0.842754
1.0,1,0.68899775
1.0,0,0.028520929
0.0,0,0.0056271832
0.0,0,0.0039091418
0.0,1,0.85550416
1.0,1,0.98131514
0.0,1,0.652241
0.0,0,0.0016646102
0.0,0,0.108793415
0.0,0,0.01115951
1.0,1,0.98481685
1.0,1,0.96413994
1.0,1,0.98338693
0.0,0,0.03036483
1.0,1,0.9064281
1.0,1,0.98233384
0.0,0,0.014947423
0.0,0,0.002815194
1.0,1,0.8456514
0.0,0,0.04119568
0.0,0,0.008608728
0.0,0,0.059444975
1.0,1,0.96448576
0.0,0,0.008498315
1.0,1,0.8413572
1.0,1,0.4271088
1.0,1,0.85005283
1.0,1,0.73252547
0.0,0,0.035597622
1.0,1,0.9754555
0.0,1,0.7636726
0.0,0,0.020110674
1.0,1,0.9373377
0.0,0,0.050695147
0.0,0,0.086608775
0.0,0,0.07311546
1.0,1,0.95985764
1.0,1,0.8783257
0.0,0,0.20663455
1.0,1,0.9314309
1.0,1,0.6252353
1.0,1,0.7375005
0.0,0,0.030823795
0.0,0,0.09926132
1.0,1,0.98676
1.0,1,0.92533475
1.0,1,0.97794145
0.0,0,0.33601093
1.0,1,0.977483
1.0,1,0.8676448
1.0,1,0.8709017
1.0,1,0.82912636
0.0,0,0.022088425
0.0,0,0.14910868
0.0,0,0.03634642
1.0,1,0.9244634
0.0,1,0.81186485
1.0,1,0.91950834
0.0,0,0.052856043
1.0,1,0.96686447
0.0,0,0.14459145
0.0,1,0.8227954
0.0,0,0.34791845
0.0,0,0.37380558
0.0,0,0.2065772
1.0,1,0.98124737
1.0,1,0.93573606
1.0,1,0.93046457
0.0,0,0.05490336
0.0,0,0.38557124
1.0,1,0.5207722
0.0,0,0.23049498
0.0,0,0.021682419
1.0,1,0.9246234
1.0,1,0.9519143
1.0,1,0.9474011
1.0,1,0.84853643
0.0,1,0.6779696
1.0,1,0.96405566
0.0,0,0.024761705
1.0,1,0.9801039
0.0,0,0.028227964
0.0,0,0.08882139
1.0,1,0.82322156
0.0,0,0.031840254
0.0,0,0.004418097
0.0,0,0.01591651
0.0,0,0.0043447223
0.0,0,0.0019970387
0.0,1,0.570658
1.0,1,0.9841756
0.0,0,0.047144983
1.0,1,0.9392451
0.0,0,0.030591091
0.0,0,0.015684985
1.0,1,0.9570999
0.0,0,0.05286516
0.0,0,0.07538025
1.0,1,0.4933499
1.0,1,0.9031491
0.0,0,0.0028601387
1.0,1,0.83444124
1.0,1,0.94838446
0.0,0,0.0028921461
1.0,1,0.97943103
0.0,0,0.00643655
1.0,1,0.8419645
1.0,1,0.97030634
0.0,0,0.024965521
1.0,1,0.84289587
1.0,1,0.9527548
1.0,1,0.9562626
0.0,0,0.038015008
0.0,0,0.011615365
1.0,1,0.7674218
1.0,1,0.88782495
0.0,1,0.45184186
0.0,0,0.058732163
0.0,0,0.010721802
0.0,0,0.031995956
0.0,0,0.36926696
0.0,0,0.039361287
0.0,0,0.03922959
0.0,0,0.0067763682
0.0,0,0.049765166
1.0,1,0.91692275
1.0,1,0.82980824
0.0,0,0.09471989
0.0,0,0.023573788
1.0,1,0.91506034
1.0,1,0.909383
1.0,1,0.76180106
1.0,1,0.978815
0.0,0,0.0010862869
1.0,1,0.9570845
1.0,1,0.9678943
1.0,1,0.92722535
0.0,1,0.93087775
1.0,1,0.9834223
0.0,0,0.18000694
0.0,0,0.022619216
1.0,1,0.5182968
0.0,0,0.16307391
1.0,1,0.92157114
1.0,1,0.8435345
1.0,1,0.9767437
0.0,1,0.5810788
0.0,0,0.37169063
0.0,1,0.69853616
0.0,0,0.045374658
1.0,1,0.9116281
0.0,0,0.009261273
1.0,1,0.9650555
0.0,0,0.07713049
1.0,1,0.9160219
1.0,1,0.94171333
0.0,0,0.001335637
0.0,0,0.00980472
0.0,0,0.032330204
0.0,0,0.19916737
0.0,0,0.01968304
0.0,0,0.01049748
1.0,1,0.8228618
0.0,0,0.18165149
0.0,0,0.023769455
0.0,0,0.17518115
1.0,1,0.98206955
1.0,1,0.94216585
0.0,0,0.0024858569
1.0,1,0.9118875
1.0,0,0.380337
0.0,0,0.005236768
1.0,1,0.9452752
1.0,1,0.82652915
0.0,0,0.03864225
1.0,1,0.973916
0.0,0,0.002405606
0.0,0,0.04963204
1.0,1,0.8252128
0.0,0,0.004455679
0.0,0,0.02281702
0.0,0,0.036183584
1.0,1,0.9283149
1.0,1,0.98420715
0.0,0,0.025947116
0.0,1,0.92720205
1.0,1,0.9828309
0.0,0,0.23284732
1.0,1,0.9423052
1.0,1,0.9579486
1.0,1,0.6098728
1.0,1,0.7187618
0.0,0,0.042518668
1.0,1,0.9231896
0.0,0,0.011871897
1.0,1,0.9419545
0.0,0,0.23783097
0.0,0,0.012932944
1.0,1,0.6035124
1.0,1,0.9512198
0.0,0,0.29634768
1.0,1,0.9695971
1.0,1,0.98354876
0.0,0,0.010852645
0.0,0,0.14149861
0.0,0,0.019936182
1.0,1,0.880895
1.0,1,0.9265844
1.0,1,0.846041
0.0,0,0.11593828
0.0,1,0.66660714
1.0,1,0.98487765
1.0,1,0.96391857
0.0,1,0.7227511
0.0,0,0.018085776
1.0,1,0.9800315
0.0,1,0.5411319
1.0,0,0.4167764
0.0,0,0.34009743
1.0,1,0.9230611
0.0,0,0.007850693
0.0,0,0.051024087
1.0,1,0.7901707
0.0,0,0.01962645
0.0,0,0.11722938
1.0,1,0.84262806
0.0,0,0.17691942
1.0,1,0.8024681
0.0,0,0.036896728
0.0,0,0.040826846
0.0,0,0.015361028
0.0,0,0.044756245
0.0,0,0.0046325447
1.0,1,0.7115796
1.0,1,0.9747363
0.0,0,0.027710833
0.0,0,0.080209136
1.0,1,0.97495383
0.0,0,0.38783818
0.0,0,0.03925003
1.0,1,0.84744513
0.0,0,0.0024246927
0.0,0,0.06830833
0.0,0,0.039240155
1.0,1,0.6699866
1.0,1,0.9791549
1.0,1,0.60157895
0.0,0,0.006003334
0.0,0,0.014973788
1.0,1,0.9796445
1.0,1,0.9325252
0.0,0,0.28851444
0.0,1,0.53143275
0.0,0,0.12465511
0.0,0,0.27790308
0.0,0,0.015632669
1.0,1,0.9533964
1.0,1,0.9816872
0.0,0,0.028315216
0.0,0,0.024377758
1.0,1,0.97522205
1.0,1,0.66952085
1.0,1,0.8322167
1.0,1,0.96783483
0.0,0,0.12924041
0.0,0,0.093324825
0.0,0,0.31822127
1.0,1,0.9609284
0.0,0,0.109504506
1.0,1,0.75414705
1.0,1,0.97975653
1.0,0,0.18212137
0.0,0,0.2487414
0.0,0,0.019672958
0.0,1,0.7976289
0.0,0,0.016339254
1.0,1,0.9569559
0.0,0,0.0071534966
0.0,0,0.009982486
0.0,0,0.017987167
0.0,0,0.3397428
1.0,1,0.970505
0.0,0,0.33063245
0.0,1,0.92960197
0.0,0,0.011185625
1.0,1,0.9601188
0.0,0,0.015185275
0.0,0,0.01457896
1.0,1,0.73654926
1.0,1,0.9042353
0.0,0,0.021839406
1.0,1,0.79013747
1.0,1,0.8970066
1.0,1,0.8248242
0.0,0,0.4162831
1.0,1,0.97801024
0.0,0,0.21904267
1.0,1,0.9201989
0.0,0,0.015506275
0.0,0,0.004441555
0.0,0,0.021767398
0.0,1,0.88453346
0.0,0,0.18818927
0.0,0,0.027302323
1.0,1,0.7132119
1.0,1,0.8667648
0.0,0,0.10618558
0.0,0,0.21534777
0.0,0,0.0045362674
1.0,1,0.9805209
0.0,0,0.19035046
1.0,1,0.97310024
1.0,1,0.73083735
1.0,1,0.9699305
1.0,1,0.9535185
1.0,1,0.6922756
1.0,1,0.95199466
0.0,0,0.15111558
1.0,1,0.95738256
0.0,0,0.23801835
0.0,0,0.2968823
1.0,1,0.9819465
0.0,0,0.22712994
1.0,1,0.94313914
1.0,1,0.869543
1.0,1,0.9022062
0.0,0,0.3028035
0.0,1,0.7665944
0.0,0,0.014965702
0.0,1,0.8822333
1.0,1,0.882148
1.0,1,0.9680048
0.0,0,0.058985855
0.0,0,0.032682385
1.0,0,0.3467956
0.0,0,0.06673875
1.0,1,0.8434883
1.0,0,0.16806343
1.0,1,0.81110996
1.0,1,0.8092064
0.0,0,0.007838281
1.0,1,0.70687485
0.0,0,0.02812121
1.0,1,0.90449774
1.0,1,0.8174176
0.0,1,0.6112572
0.0,0,0.10538987
1.0,1,0.68478346
1.0,1,0.9681554
0.0,0,0.012642198
1.0,1,0.7029122
1.0,1,0.45916653
1.0,1,0.75612897
0.0,0,0.07037352
0.0,0,0.04769939
0.0,1,0.866607
1.0,1,0.95689595
1.0,1,0.90905124
1.0,1,0.8706293
1.0,1,0.93911725
1.0,1,0.9016186
1.0,1,0.9760179
0.0,0,0.11210885
0.0,0,0.08586752
1.0,1,0.95355475
0.0,1,0.6009166
1.0,1,0.73852277
1.0,1,0.94841295
1.0,1,0.98570836
0.0,0,0.008184011
1.0,1,0.8939144
1.0,1,0.92214394
0.0,1,0.9619844
0.0,0,0.018438198
1.0,1,0.966528
1.0,1,0.9032771
1.0,1,0.4864466
0.0,0,0.03096918
1.0,1,0.97202814
0.0,1,0.9429522
0.0,0,0.03554204
0.0,0,0.0020071275
0.0,0,0.24685206
1.0,1,0.97207505
1.0,1,0.9787222
1.0,1,0.94358385
1.0,1,0.6822855
1.0,1,0.9649058
0.0,1,0.5948391
0.0,0,0.007919458
0.0,0,0.008806121
1.0,1,0.9797647
0.0,0,0.10252714
0.0,0,0.11784956
1.0,1,0.96760195
1.0,1,0.7029853
1.0,1,0.9812791
1.0,1,0.90065765
0.0,0,0.033096213
0.0,0,0.119351864
1.0,1,0.9770866
1.0,1,0.8326252
0.0,0,0.024169737
0.0,0,0.01390068
0.0,0,0.12402363
1.0,1,0.87442213
1.0,1,0.97954524
0.0,0,0.06636117
1.0,1,0.8982615
1.0,1,0.97639585
1.0,1,0.9534517
1.0,1,0.9632145
1.0,1,0.82531786
1.0,1,0.9255061
1.0,1,0.86044306
0.0,0,0.36064768
0.0,0,0.058451615
1.0,1,0.9323358
1.0,1,0.96475285
0.0,0,0.019021792
0.0,0,0.0029454753
1.0,1,0.97220904
1.0,0,0.20225549
1.0,1,0.7898804
0.0,0,0.106476076
1.0,1,0.7320055
1.0,1,0.9335995
0.0,0,0.31726804
1.0,1,0.8123293
1.0,1,0.8514141
0.0,1,0.9795234
0.0,1,0.63987064
1.0,1,0.9844872
0.0,0,0.043480337
0.0,0,0.061459377
0.0,0,0.09827967
0.0,0,0.013984263
1.0,1,0.9573505
1.0,1,0.9245163
1.0,1,0.8552338
0.0,0,0.008595394
1.0,1,0.9649023
1.0,1,0.96025425
1.0,1,0.8806995
0.0,0,0.09644333
0.0,0,0.05180319
1.0,1,0.9015885
0.0,0,0.039132956
0.0,0,0.03876906
1.0,1,0.9816062
0.0,0,0.32812223
1.0,1,0.97972065
0.0,0,0.017164566
1.0,1,0.9799819
0.0,0,0.008368455
0.0,0,0.040936187
1.0,1,0.9117324
1.0,1,0.9691787
0.0,0,0.002889734
0.0,1,0.86100817
1.0,1,0.9833708
0.0,0,0.04290686
1.0,1,0.97046345
1.0,1,0.85728467
1.0,1,0.96623087
1.0,1,0.94338775
0.0,0,0.072080515
0.0,0,0.04979246
1.0,1,0.94561255
1.0,1,0.783223
1.0,1,0.9820056
0.0,0,0.018944703
1.0,1,0.9599205
1.0,1,0.88207847
1.0,1,0.6981019
0.0,0,0.16429661
1.0,1,0.7594485
1.0,1,0.89627147
1.0,1,0.97696215
1.0,1,0.97756195
0.0,0,0.008282017
1.0,1,0.9674403
0.0,0,0.0060347663
0.0,1,0.68650866
1.0,1,0.8465974
1.0,1,0.95534664
0.0,0,0.24682131
1.0,1,0.975643
1.0,1,0.9694569
0.0,0,0.03740639
0.0,0,0.028966006
1.0,0,0.027507626
1.0,1,0.8326943
1.0,1,0.98464674
0.0,0,0.011577429
0.0,0,0.10737352
1.0,1,0.85579085
0.0,0,0.04010167
1.0,1,0.6802383
0.0,1,0.6515
1.0,1,0.9859396
0.0,0,0.026169598
0.0,0,0.112710305
0.0,1,0.8086718
1.0,1,0.5143211
1.0,1,0.96333146
1.0,1,0.958231
0.0,0,0.09244615
1.0,1,0.9167354
0.0,0,0.02805102
1.0,1,0.95355797
0.0,0,0.029632896
0.0,0,0.013888194
0.0,1,0.6565633
0.0,0,0.012529312
1.0,1,0.896397
0.0,0,0.009589623
0.0,0,0.23824506
1.0,0,0.08904109
1.0,1,0.8142851
0.0,0,0.08829354
1.0,1,0.9280385
0.0,0,0.22287728
0.0,0,0.008358501
0.0,0,0.024246907
1.0,1,0.94908935
0.0,0,0.033630684
1.0,1,0.9560534
0.0,0,0.052932348
1.0,1,0.9582773
1.0,1,0.7693577
1.0,1,0.829257
0.0,0,0.0022823003
0.0,0,0.002022343
1.0,1,0.69244564
0.0,0,0.062010612
0.0,0,0.011481386
0.0,0,0.11527406
0.0,0,0.0057736854
0.0,0,0.13353536
1.0,1,0.8254029
1.0,1,0.70108986
0.0,0,0.12524602
0.0,0,0.004309496
0.0,0,0.010590927
0.0,0,0.024293011
0.0,0,0.008971202
0.0,0,0.0010563702
1.0,1,0.9606485
0.0,1,0.46765682
1.0,1,0.5900917
1.0,1,0.876334
0.0,0,0.1469939
0.0,0,0.042137843
0.0,0,0.0034469292
1.0,1,0.778945
0.0,0,0.002075112
1.0,1,0.964752
1.0,1,0.85394585
1.0,1,0.97974795
0.0,0,0.006493832
0.0,0,0.01950818
1.0,1,0.85876596
0.0,0,0.23285307
0.0,1,0.52785057
0.0,1,0.68140626
0.0,0,0.24875186
0.0,0,0.006649239
0.0,1,0.552014
0.0,0,0.16533294
0.0,0,0.002230333
1.0,1,0.87934786
1.0,1,0.93989366
0.0,0,0.009098306
0.0,0,0.002558984
1.0,0,0.0950663
0.0,0,0.07435212
0.0,1,0.5033268
0.0,0,0.34368777
1.0,1,0.9292845
1.0,1,0.7894798
0.0,0,0.13983415
1.0,1,0.9841
1.0,1,0.9247694
1.0,1,0.98380065
0.0,1,0.4921419
1.0,1,0.9427389
1.0,1,0.8715997
0.0,1,0.68163925
1.0,1,0.89304
1.0,1,0.9568867
1.0,1,0.5733664
1.0,1,0.81414163
1.0,1,0.9367475
0.0,1,0.6036304
1.0,1,0.9753382
0.0,0,0.04093275
1.0,1,0.93552005
0.0,0,0.028648693
1.0,1,0.98285544
1.0,1,0.9298162
1.0,1,0.42445478
1.0,1,0.51659465
1.0,1,0.6767236
0.0,0,0.0067011863
0.0,0,0.05255576
0.0,0,0.010890002
1.0,1,0.95385456
0.0,0,0.31419793
0.0,1,0.5034212
0.0,0,0.058307827
0.0,1,0.7822703
0.0,0,0.022880651
1.0,1,0.9617136
0.0,0,0.008601207
1.0,1,0.96781623
1.0,1,0.9449725
1.0,1,0.9690595
1.0,1,0.97934854
0.0,0,0.023061264
0.0,0,0.03492922
1.0,0,0.15235125
0.0,0,0.11036389
0.0,0,0.03336938
0.0,0,0.14088075
1.0,1,0.97381383
0.0,0,0.022926534
1.0,1,0.7216487
0.0,0,0.010504253
1.0,1,0.7794669
1.0,1,0.88395363
0.0,0,0.019321706
1.0,1,0.79425097
1.0,1,0.94784784
0.0,0,0.13114786
0.0,0,0.046432562
1.0,1,0.942964
1.0,1,0.9792717
1.0,1,0.9587634
0.0,0,0.008136291
0.0,0,0.015481618
0.0,1,0.75638056
1.0,1,0.9636336
1.0,1,0.9712922
0.0,0,0.040944807
1.0,1,0.90025806
0.0,0,0.019954
1.0,1,0.692333
0.0,0,0.05236474
0.0,0,0.38692933
0.0,1,0.5762855
1.0,1,0.98269415
1.0,1,0.9842302
0.0,0,0.08390247
1.0,1,0.9596562
0.0,0,0.08517461
0.0,0,0.059439883
1.0,1,0.9533026
1.0,1,0.95447034
0.0,1,0.44042128
1.0,1,0.62875247
1.0,0,0.14172974
1.0,1,0.9382304
0.0,0,0.038181033
0.0,0,0.0012689088
1.0,1,0.85757005
0.0,1,0.76518774
0.0,0,0.05614864
0.0,0,0.06277349
0.0,0,0.10618771
1.0,1,0.64074486
0.0,0,0.31754622
1.0,1,0.8692551
1.0,1,0.8798307
0.0,1,0.8749932
0.0,0,0.007352506
0.0,0,0.0036699031
1.0,1,0.93128705
1.0,1,0.92577446
1.0,1,0.9532426
0.0,0,0.023960752
0.0,0,0.024703663
1.0,1,0.9146017
1.0,1,0.97686386
1.0,1,0.97791183
1.0,1,0.9070668
1.0,1,0.9261925
1.0,1,0.97557646
1.0,1,0.98248154
0.0,1,0.77492565
1.0,0,0.0388126
1.0,1,0.9583481
0.0,0,0.00902475
0.0,1,0.92157865
1.0,1,0.97106194
0.0,0,0.043633666
1.0,1,0.652374
0.0,0,0.10936305
0.0,0,0.038526095
1.0,1,0.98239994
1.0,1,0.95428836
1.0,1,0.87292266
0.0,0,0.16695173
0.0,0,0.20203982
0.0,0,0.05406996
0.0,0,0.016778534
1.0,1,0.9719145
0.0,0,0.006625691
1.0,1,0.9660432
1.0,1,0.88827455
0.0,0,0.034921393
1.0,1,0.9170329
0.0,0,0.019925112
1.0,1,0.5455842
1.0,1,0.97936326
0.0,1,0.5302851
1.0,1,0.95973706
0.0,0,0.004774746
1.0,1,0.95664865
1.0,1,0.9812503
1.0,0,0.27274218
1.0,1,0.98781055
0.0,0,0.043006178
0.0,0,0.022617763
1.0,1,0.9257895
0.0,0,0.1536906
1.0,1,0.9616077
1.0,1,0.94516987
0.0,0,0.0125744175
1.0,1,0.9658654
0.0,0,0.035852045
1.0,1,0.98350984
1.0,1,0.88703233
0.0,0,0.03537872
1.0,1,0.86746573
0.0,0,0.004992803
0.0,0,0.10541149
1.0,1,0.96687627
0.0,0,0.0011403939
1.0,0,0.32871497
1.0,1,0.8902875
1.0,1,0.8404002
0.0,0,0.26927397
1.0,1,0.9792352
1.0,1,0.97930145
0.0,0,0.014272062
1.0,0,0.12812738
0.0,0,0.005845565
1.0,1,0.9815623
1.0,1,0.88165647
0.0,0,0.0034242265
1.0,1,0.9449655
0.0,0,0.057682738
0.0,1,0.9121539
0.0,0,0.01226593
1.0,1,0.7035226
0.0,0,0.073655896
0.0,0,0.043992035
0.0,0,0.007510631
1.0,1,0.85068965
1.0,1,0.96595305
0.0,0,0.0032747234
0.0,0,0.001067466
0.0,0,0.12274138
1.0,1,0.94963574
1.0,1,0.8230795
1.0,1,0.6141026
1.0,1,0.85616535
1.0,1,0.84867895
0.0,0,0.18621464
0.0,0,0.08056055
1.0,1,0.89167964
0.0,0,0.18569678
1.0,1,0.97243714
1.0,1,0.95949095
0.0,0,0.020571055
0.0,0,0.015795218
1.0,1,0.91202545
1.0,1,0.6328399
1.0,1,0.9790285
0.0,0,0.07135228
1.0,1,0.57976687
1.0,1,0.82660687
1.0,1,0.94570994
1.0,1,0.97151935
1.0,1,0.9512191
0.0,0,0.23760858
0.0,0,0.007483091
1.0,1,0.9178002
0.0,0,0.13143876
1.0,1,0.97455835
0.0,0,0.009727474
0.0,0,0.0713915
1.0,1,0.79295284
1.0,1,0.96517974
0.0,0,0.005068456
0.0,0,0.026525622
0.0,1,0.62292945
1.0,1,0.96127826
0.0,0,0.09691885
1.0,1,0.9601295
1.0,0,0.19616929
1.0,1,0.7584591
1.0,1,0.66394204
1.0,0,0.09469697
1.0,1,0.9571555
0.0,0,0.050788626
1.0,1,0.9427563
1.0,1,0.9516698
0.0,0,0.14518969
0.0,1,0.515067
1.0,1,0.9815594
1.0,1,0.89400566
0.0,0,0.012704955
0.0,0,0.10424197
0.0,0,0.12881587
1.0,1,0.96533376
1.0,1,0.9641323
1.0,1,0.9683082
0.0,0,0.008986031
1.0,1,0.9039517
1.0,1,0.8464844
1.0,1,0.9720809
0.0,0,0.32465407
1.0,1,0.53180337
1.0,1,0.97314095
0.0,0,0.004236483
0.0,0,0.29228598
0.0,0,0.10547267
0.0,0,0.12754571
1.0,1,0.7607254
1.0,1,0.96029925
1.0,1,0.78017735
0.0,0,0.0029739002
1.0,1,0.9739952
1.0,1,0.97630894
1.0,1,0.75248563
0.0,0,0.012657063
1.0,0,0.27459443
0.0,0,0.007810691
0.0,0,0.14493428
0.0,1,0.92439926
1.0,1,0.98006934
1.0,1,0.98431396
0.0,0,0.005012491
1.0,1,0.8875357
0.0,0,0.051700912
1.0,1,0.95002943
1.0,1,0.53561324
1.0,1,0.9604187
1.0,1,0.9045653
1.0,1,0.9740631
0.0,0,0.22150308
0.0,0,0.033301968
1.0,1,0.8895223
1.0,1,0.90598965
1.0,1,0.55271894
1.0,1,0.8867265
0.0,0,0.195966
0.0,0,0.03375597
0.0,0,0.06159223
0.0,0,0.013680562
1.0,1,0.9731164
1.0,1,0.98453003
0.0,0,0.049835388
1.0,1,0.9120048
0.0,1,0.7826266
1.0,1,0.9757032
1.0,1,0.7544733
0.0,0,0.012895004
0.0,0,0.1647741
1.0,1,0.90172374
0.0,1,0.8933372
0.0,0,0.017714694
1.0,1,0.85655713
1.0,1,0.9802181
0.0,1,0.9641706
1.0,1,0.9514905
1.0,1,0.98307514
1.0,1,0.81499004
0.0,0,0.2048176
1.0,1,0.97618705
0.0,0,0.012588624
1.0,1,0.9760268
0.0,0,0.069763064
1.0,1,0.9774576
1.0,1,0.5330996
0.0,0,0.0015153188
0.0,1,0.5394303
0.0,0,0.0035251165
1.0,1,0.9714602
1.0,1,0.92014116
0.0,0,0.39769718
0.0,0,0.17322016
0.0,0,0.08517682
0.0,1,0.837567
0.0,0,0.030131897
0.0,0,0.029308332
0.0,0,0.36011878
1.0,1,0.87511194
1.0,1,0.9840064
0.0,0,0.13353382
1.0,1,0.98263913
0.0,0,0.2913709
0.0,0,0.020429263
0.0,0,0.058181573
1.0,1,0.98133844
1.0,1,0.97929084
1.0,0,0.26090625
1.0,1,0.9510946
0.0,0,0.061688725
1.0,1,0.83751184
0.0,0,0.029750263
0.0,0,0.013124073
1.0,1,0.9691805
1.0,1,0.9713157
1.0,1,0.84616476
0.0,0,0.20292069
1.0,1,0.93256974
1.0,1,0.98293513
0.0,0,0.028462669
1.0,1,0.6600132
1.0,1,0.9740213
1.0,0,0.32188076
0.0,0,0.027780311
1.0,1,0.9756192
1.0,1,0.9786969
1.0,1,0.7712641
0.0,0,0.16164462
1.0,1,0.96866715
1.0,1,0.6834823
0.0,0,0.005551907
1.0,1,0.95622754
0.0,0,0.16404642
1.0,1,0.9810063
1.0,1,0.8129051
1.0,1,0.96179205
1.0,1,0.71145725
0.0,0,0.0015988429
0.0,0,0.020787986
0.0,0,0.06749428
0.0,1,0.9224827
1.0,1,0.8010085
1.0,1,0.967698
1.0,1,0.67389953
1.0,1,0.98613566
0.0,0,0.13634638
1.0,1,0.5858607
1.0,1,0.97436625
1.0,1,0.9086748
0.0,0,0.004069794
0.0,0,0.033139564
0.0,0,0.05769015
0.0,0,0.0077120727
1.0,1,0.9049172
1.0,1,0.98212767
1.0,1,0.8514493
1.0,1,0.8951264
1.0,1,0.95937014
0.0,0,0.009659734
0.0,1,0.43854418
1.0,1,0.9386597
0.0,0,0.14154099
0.0,0,0.008316317
1.0,1,0.8821106
1.0,1,0.95396644
0.0,0,0.30008328
0.0,0,0.025282668
0.0,0,0.008958027
1.0,1,0.98303044
0.0,0,0.018006265
1.0,1,0.9409884
0.0,0,0.0039000318
1.0,1,0.50620884
0.0,0,0.0042164167
1.0,1,0.61774087
0.0,0,0.3629697
0.0,0,0.41233557
1.0,0,0.19092926
1.0,1,0.85266286
1.0,1,0.9760705
1.0,1,0.9647503
1.0,1,0.8886217
0.0,0,0.011104056
1.0,1,0.9227982
0.0,0,0.05178775
1.0,0,0.32280692
1.0,1,0.98384804
1.0,0,0.33168077
0.0,0,0.11621487
0.0,0,0.09539799
0.0,0,0.00814401
1.0,1,0.97026086
1.0,1,0.95788264
1.0,1,0.46564996
0.0,0,0.04608637
0.0,0,0.08939874
0.0,0,0.12323024
1.0,1,0.82057774
1.0,1,0.8862807
0.0,1,0.5350933
1.0,1,0.9728688
1.0,1,0.5967703
0.0,0,0.12574394
0.0,0,0.025685642
1.0,1,0.9663645
1.0,1,0.74810886
0.0,0,0.2107282
0.0,0,0.0058039
0.0,0,0.10857141
1.0,1,0.7333259
0.0,0,0.07188513
0.0,0,0.37408468
1.0,1,0.97486836
1.0,1,0.9764186
1.0,1,0.5663538
1.0,0,0.012098334
0.0,1,0.749091
0.0,1,0.8936774
0.0,0,0.0016223505
1.0,1,0.9824133
1.0,0,0.04645329
1.0,1,0.937852
0.0,0,0.049607
1.0,1,0.9801035
1.0,1,0.5097847
0.0,0,0.017798768
1.0,1,0.931942
1.0,1,0.8162643
1.0,1,0.82021374
0.0,1,0.7133118
0.0,0,0.28486145
0.0,0,0.009251997
0.0,0,0.011914932
1.0,1,0.7887683
0.0,0,0.15562856
1.0,1,0.88487685
0.0,0,0.08535657
0.0,0,0.007522156
1.0,1,0.96248883
0.0,0,0.1932936
1.0,1,0.9174877
1.0,1,0.84827715
1.0,1,0.89707506
0.0,0,0.0313462
0.0,0,0.09849135
1.0,1,0.8093061
1.0,1,0.9133352
0.0,0,0.29042482
0.0,0,0.014806789
0.0,1,0.4891004
1.0,1,0.970878
0.0,0,0.002249636
1.0,1,0.91488886
0.0,0,0.0131326355
0.0,0,0.08489196
0.0,1,0.95571166
1.0,1,0.9662949
0.0,1,0.81473684
1.0,1,0.937841
0.0,0,0.044324525
1.0,1,0.94948167
1.0,1,0.75882167
1.0,1,0.57341576
0.0,0,0.054040436
1.0,1,0.9798524
1.0,1,0.81329846
1.0,1,0.8251046
0.0,0,0.055718068
1.0,1,0.97661036
1.0,1,0.49155617
1.0,1,0.77406204
0.0,1,0.5361002
1.0,1,0.9591123
0.0,0,0.02292997
0.0,0,0.009244666
0.0,0,0.011405876
0.0,0,0.04390494
1.0,1,0.98228896
1.0,1,0.8710853
0.0,0,0.001712947
0.0,0,0.02992685
0.0,1,0.5048466
0.0,1,0.86445194
0.0,0,0.009854737
1.0,1,0.7466575
0.0,0,0.03405914
1.0,1,0.91585165
1.0,1,0.97257763
1.0,1,0.97202396
0.0,0,0.046904348
0.0,0,0.009646449
1.0,1,0.9817108
0.0,0,0.036640853
0.0,0,0.016180584
0.0,0,0.01887107
1.0,1,0.87832874
1.0,1,0.9221517
0.0,1,0.94026315
0.0,1,0.48921376
0.0,0,0.20287059
1.0,1,0.8631922
0.0,0,0.0073472764
0.0,0,0.06843845
1.0,1,0.7025646
0.0,0,0.010288162
1.0,1,0.9726097
1.0,1,0.9699453
1.0,1,0.8840755
0.0,0,0.015502877
1.0,1,0.7220286
1.0,1,0.86039
1.0,0,0.1371057
1.0,1,0.9655006
1.0,1,0.8429321
1.0,1,0.85362804
0.0,0,0.012136544
0.0,0,0.06837675
1.0,1,0.96342003
0.0,0,0.109331705
1.0,0,0.28215095
0.0,0,0.19917646
1.0,1,0.8812701
0.0,1,0.79940057
1.0,1,0.88741904
1.0,1,0.97047406
0.0,0,0.03866267
0.0,1,0.5918822
1.0,1,0.6828519
0.0,0,0.0064579067
1.0,0,0.32628003
1.0,1,0.9797562
0.0,0,0.003394466
0.0,0,0.05426038
1.0,1,0.77136856
0.0,0,0.06693326
0.0,1,0.91311985
1.0,1,0.52066374
1.0,1,0.96309984
1.0,1,0.92074597
0.0,0,0.01936306
0.0,0,0.16141944
1.0,1,0.6649873
0.0,1,0.8567542
1.0,0,0.2627833
0.0,0,0.031547558
1.0,1,0.86040545
0.0,0,0.21665834
0.0,0,0.02893003
0.0,0,0.057959735
0.0,1,0.5846031
1.0,1,0.97032446
0.0,0,0.0062536686
0.0,0,0.02032292
0.0,0,0.13965623
0.0,0,0.03361965
0.0,0,0.006356085
0.0,0,0.020162504
0.0,0,0.037899453
1.0,1,0.91961056
0.0,1,0.8064154
1.0,1,0.64271057
1.0,1,0.9784292
1.0,1,0.6775613
1.0,1,0.48073393
1.0,1,0.9812612
0.0,0,0.0064449995
0.0,0,0.04772226
0.0,0,0.113774724
1.0,1,0.77712923
0.0,0,0.001181351
0.0,0,0.2655744
0.0,1,0.6164409
0.0,0,0.044552438
1.0,1,0.98364913
0.0,0,0.024347875
1.0,1,0.93094724
1.0,1,0.49369693
1.0,1,0.97879595
0.0,0,0.01158257
0.0,1,0.9354729
0.0,1,0.4820508
1.0,1,0.9052224
1.0,1,0.62852526
0.0,0,0.010412953
0.0,0,0.1676211
1.0,1,0.79840744
1.0,1,0.9833771
0.0,0,0.20803496
1.0,1,0.90915716
1.0,0,0.31958088
0.0,0,0.0067378376
0.0,0,0.027683763
1.0,1,0.9349542
0.0,1,0.8646704
0.0,0,0.16609497
1.0,1,0.97859263
0.0,0,0.015394297
1.0,1,0.8331029
1.0,1,0.94937235
1.0,1,0.9788462
1.0,1,0.53713524
1.0,1,0.982345
0.0,0,0.3372505
0.0,0,0.13032654
1.0,1,0.97866094
0.0,0,0.005615338
1.0,1,0.9651117
0.0,0,0.03119185
1.0,1,0.7793483
0.0,0,0.19346984
1.0,1,0.90416896
1.0,1,0.8230374
1.0,1,0.956543
0.0,0,0.0046009617
0.0,0,0.19374487
0.0,0,0.1425443
1.0,1,0.94498324
1.0,1,0.96699744
1.0,1,0.9637188
1.0,1,0.87265575
0.0,1,0.9005741
1.0,1,0.95376354
1.0,1,0.7421042
1.0,1,0.6381325
1.0,1,0.9789343
0.0,0,0.014144153
1.0,1,0.7691949
0.0,0,0.3880699
1.0,1,0.68766844
1.0,1,0.96350753
1.0,1,0.9581903
1.0,1,0.97039676
1.0,1,0.97801626
0.0,0,0.1686428
0.0,1,0.7699983
0.0,1,0.6867372
1.0,1,0.6645382
1.0,1,0.9762887
1.0,1,0.976902
1.0,1,0.9680666
1.0,1,0.46014172
0.0,1,0.93679816
1.0,1,0.97930807
0.0,1,0.9757249
0.0,0,0.02411889
0.0,0,0.06256532
0.0,0,0.030877566
1.0,1,0.95122635
0.0,1,0.47586605
0.0,0,0.021901263
0.0,0,0.3896471
1.0,1,0.9598715
1.0,0,0.3990348
0.0,0,0.08037571
1.0,1,0.9326707
0.0,0,0.010513679
0.0,1,0.51317436
1.0,1,0.75572574
0.0,0,0.024628751
0.0,0,0.1090306
0.0,1,0.90349495
1.0,1,0.96927947
1.0,1,0.9185306
0.0,0,0.0026542991
0.0,0,0.023005253
1.0,1,0.9745493
1.0,1,0.43094078
0.0,0,0.07848881
1.0,1,0.83847666
1.0,1,0.9703133
0.0,0,0.012862349
1.0,1,0.7951479
0.0,0,0.0040079593
0.0,0,0.28222972
1.0,1,0.9644354
0.0,0,0.09656243
1.0,0,0.16755666
1.0,1,0.97903705
0.0,0,0.0052077747
0.0,0,0.31359702
0.0,0,0.040237866
0.0,1,0.76883364
0.0,0,0.122510545
1.0,1,0.98251253
1.0,1,0.61445093
1.0,1,0.8377832
1.0,1,0.55421996
0.0,1,0.6442838
1.0,1,0.96704125
0.0,0,0.038644854
0.0,1,0.6076823
1.0,1,0.46024486
0.0,0,0.03373635
1.0,1,0.4419812
0.0,0,0.011495649
0.0,0,0.19125254
1.0,1,0.7401577
0.0,0,0.14175418
0.0,0,0.2674771
1.0,1,0.9221725
1.0,1,0.711919
0.0,0,0.175416
0.0,0,0.06157406
0.0,1,0.64970565
0.0,0,0.1528343
0.0,0,0.083262265
0.0,0,0.025384955
1.0,1,0.98241
1.0,1,0.9599885
0.0,0,0.06468968
1.0,1,0.97666466
1.0,1,0.9519109
0.0,0,0.03579726
1.0,1,0.6200342
0.0,0,0.043287296
1.0,1,0.78992456
1.0,1,0.69524455
0.0,0,0.042756632
1.0,1,0.9617615
0.0,0,0.020208301
1.0,1,0.93078166
1.0,1,0.9218466
0.0,0,0.018891867
1.0,1,0.93505406
0.0,0,0.03118591
1.0,1,0.8178456
0.0,0,0.016575912
1.0,1,0.42032585
1.0,1,0.98269683
0.0,1,0.57472146
1.0,1,0.9201159
1.0,1,0.8423799
1.0,0,0.1146413
0.0,0,0.0472619
0.0,0,0.16461143
0.0,0,0.035074975
1.0,1,0.7450791
1.0,1,0.9550371
1.0,1,0.9397909
0.0,0,0.004568633
1.0,1,0.7076
1.0,1,0.5677083
0.0,0,0.0023873977
0.0,0,0.1248764
1.0,1,0.9278079
0.0,0,0.04771123
1.0,1,0.81047344
1.0,1,0.6684245
0.0,0,0.007290572
1.0,0,0.33648446
0.0,0,0.06275229
1.0,1,0.56539875
1.0,1,0.9775253
1.0,1,0.6285866
1.0,1,0.93464494
0.0,0,0.18290716
0.0,0,0.08570323
0.0,0,0.3474095
1.0,1,0.97506726
0.0,0,0.07009351
1.0,1,0.9487658
0.0,1,0.9355234
0.0,0,0.047111563
1.0,1,0.9309328
1.0,1,0.9572788
0.0,0,0.0146816885
0.0,0,0.01793907
1.0,1,0.97593206
0.0,1,0.5714592
0.0,0,0.02938778
0.0,0,0.025122454
0.0,0,0.2980762
1.0,1,0.6750853
1.0,1,0.9817542
1.0,1,0.9600245
0.0,0,0.04906093
1.0,1,0.8307897
1.0,1,0.985937
0.0,0,0.07079064
1.0,1,0.9798208
0.0,0,0.0057750624
0.0,0,0.01710885
0.0,0,0.36491495
0.0,0,0.018101992
0.0,0,0.15409818
1.0,1,0.87426287
0.0,0,0.11892181
0.0,0,0.1472562
1.0,1,0.92431337
0.0,0,0.013384275
0.0,0,0.13404605
1.0,1,0.73741096
1.0,1,0.63915837
1.0,0,0.017230934
1.0,1,0.8985381
1.0,1,0.8870531
0.0,1,0.86360323
1.0,1,0.95592254
0.0,0,0.0050170114
0.0,0,0.008319838
1.0,1,0.966331
0.0,1,0.56432587
1.0,1,0.94915617
1.0,1,0.933844
0.0,1,0.72832537
0.0,0,0.037158217
1.0,1,0.8697905
0.0,0,0.007930998
1.0,1,0.8127365
0.0,0,0.012082376
0.0,0,0.027791865
0.0,0,0.01070555
1.0,1,0.96969116
0.0,0,0.04915321
0.0,0,0.18708706
1.0,1,0.901821
1.0,1,0.9735477
0.0,0,0.011333742
0.0,1,0.42007682
1.0,1,0.9620558
0.0,0,0.023797918
1.0,1,0.9533532
0.0,0,0.06371224
0.0,1,0.772114
0.0,0,0.05399734
1.0,1,0.8276821
0.0,1,0.823092
0.0,1,0.47514826
1.0,1,0.8710052
1.0,1,0.9687812
1.0,1,0.96279716
1.0,1,0.9722774
0.0,0,0.22189102
0.0,0,0.018910222
0.0,0,0.15486199
1.0,1,0.96404994
1.0,1,0.9506188
1.0,1,0.96027017
0.0,0,0.030680554
1.0,1,0.79431236
1.0,1,0.9846405
0.0,0,0.17342745
0.0,1,0.97818387
0.0,0,0.057822574
1.0,1,0.972345
1.0,1,0.7603274
0.0,0,0.04797269
1.0,1,0.9444273
0.0,0,0.19369338
0.0,0,0.023581672
1.0,1,0.8808688
0.0,0,0.013849045
0.0,0,0.021219404
1.0,1,0.9659661
0.0,0,0.19733356
0.0,0,0.04599895
1.0,1,0.8802018
1.0,1,0.9754782
0.0,0,0.021619475
0.0,0,0.25971073
1.0,1,0.9601584
0.0,0,0.014651947
1.0,1,0.9155608
0.0,0,0.22007497
0.0,0,0.19328475
0.0,0,0.015187238
1.0,0,0.1943006
1.0,1,0.9743664
0.0,0,0.012424171
1.0,1,0.95352155
0.0,0,0.00060091366
0.0,0,0.08951768
1.0,1,0.980347
0.0,0,0.012553387
0.0,0,0.011198853
0.0,0,0.118414626
0.0,0,0.0058364216
1.0,1,0.9783803
1.0,1,0.7172797
1.0,1,0.8649839
1.0,1,0.9845372
1.0,1,0.97947186
0.0,0,0.03381961
1.0,1,0.96070373
1.0,1,0.7153394
0.0,0,0.008711557
0.0,0,0.014798861
0.0,0,0.027718104
0.0,0,0.12756607
0.0,0,0.015649231
0.0,0,0.014366088
1.0,1,0.9777381
1.0,1,0.7581533
1.0,1,0.97134596
1.0,1,0.8657372
1.0,1,0.9582207
0.0,0,0.11996339
0.0,0,0.03267788
0.0,1,0.49836925
0.0,0,0.024151294
1.0,1,0.9682008
1.0,0,0.39619628
1.0,1,0.89359164
1.0,1,0.95972276
1.0,1,0.9746186
1.0,1,0.9762929
0.0,0,0.02396478
0.0,0,0.012249303
0.0,0,0.33747178
1.0,0,0.32321644
1.0,1,0.9661384
1.0,1,0.8957296
0.0,0,0.006541737
0.0,0,0.009532088
0.0,0,0.00740225
1.0,1,0.9318937
1.0,1,0.86312056
0.0,0,0.12700108
0.0,0,0.014213024
1.0,1,0.61405975
0.0,0,0.001554715
0.0,0,0.060510956
0.0,0,0.03232911
1.0,1,0.87232304
1.0,1,0.6383335
1.0,1,0.45721057
1.0,1,0.9787591
1.0,1,0.97652346
1.0,1,0.9364315
1.0,1,0.92135143
0.0,0,0.0019866526
0.0,0,0.09062476
0.0,0,0.3428245
1.0,1,0.44266158
1.0,1,0.9624314
1.0,1,0.973265
1.0,0,0.17159103
0.0,0,0.010390316
0.0,0,0.022059422
0.0,1,0.51338834
1.0,1,0.9646848
1.0,0,0.20737362
1.0,1,0.5512397
0.0,0,0.015560687
1.0,1,0.9681184
0.0,0,0.12351848
1.0,1,0.97189045
0.0,0,0.012892139
0.0,0,0.008584526
1.0,1,0.8375431
1.0,1,0.8734791
0.0,0,0.008934609
0.0,0,0.1892753
0.0,1,0.7590168
0.0,0,0.00489648
0.0,0,0.033292603
1.0,1,0.9589656
1.0,1,0.9691489
1.0,1,0.8039786
0.0,0,0.2136856
1.0,1,0.8833464
1.0,1,0.9208586
0.0,1,0.5375488
0.0,0,0.045957197
0.0,0,0.122992665
1.0,1,0.9175571
1.0,1,0.97210556
1.0,1,0.9644773
0.0,1,0.9027598
1.0,1,0.9630679
0.0,1,0.5749208
1.0,1,0.7230008
1.0,1,0.79209673
0.0,0,0.08353418
1.0,1,0.7917247
1.0,1,0.9753383
0.0,0,0.05858649
1.0,0,0.21096638
0.0,0,0.041204084
0.0,0,0.3815722
1.0,0,0.3985988
0.0,0,0.012148492
1.0,1,0.9730765
1.0,0,0.27665266
1.0,1,0.9787468
1.0,1,0.5165751
1.0,1,0.9547607
0.0,0,0.007107558
0.0,1,0.5479924
1.0,1,0.81367683
1.0,1,0.9276993
1.0,1,0.74481463
0.0,0,0.0022439125
0.0,0,0.16662332
1.0,1,0.82635045
1.0,1,0.9778756
0.0,0,0.37951428
0.0,0,0.019051416
1.0,1,0.5521735
1.0,1,0.8475866
0.0,0,0.008430725
0.0,0,0.036818154
1.0,1,0.9035185
0.0,0,0.41792417
1.0,1,0.96142226
0.0,0,0.05039346
1.0,1,0.96820426
1.0,1,0.9320519
1.0,1,0.7320379
1.0,1,0.79556847
1.0,1,0.73244286
0.0,0,0.008705835
1.0,1,0.97625256
1.0,0,0.11931949
0.0,1,0.5417882
1.0,1,0.96839947
1.0,1,0.8909275
1.0,1,0.96887815
1.0,1,0.95817775
1.0,1,0.97587115
0.0,0,0.013174293
1.0,1,0.9826194
1.0,1,0.96265197
0.0,0,0.065883555
0.0,1,0.62730587
1.0,1,0.96298665
1.0,1,0.950623
0.0,0,0.15754348
0.0,0,0.012193926
0.0,0,0.027562289
1.0,1,0.837863
1.0,1,0.76028126
0.0,0,0.11747324
0.0,1,0.972139
1.0,1,0.7062267
0.0,0,0.006501845
0.0,1,0.9279859
0.0,0,0.016602347
0.0,0,0.40302354
0.0,1,0.45545238
0.0,0,0.039175063
1.0,1,0.6054352
0.0,0,0.19110791
1.0,1,0.66824657
1.0,1,0.7419709
1.0,1,0.9847176
1.0,1,0.8353771
1.0,1,0.82619727
0.0,0,0.019190079
0.0,0,0.013030077
1.0,1,0.43490818
1.0,1,0.96689934
1.0,0,0.3288472
1.0,1,0.71611625
1.0,1,0.9269483
0.0,0,0.0040115053
1.0,1,0.926519
1.0,1,0.974323
1.0,1,0.756899
1.0,1,0.9808665
1.0,1,0.8097216
0.0,0,0.029224122
1.0,1,0.9833709
0.0,0,0.0029187058
1.0,1,0.68578714
1.0,1,0.9653093
1.0,1,0.88983214
1.0,0,0.25082
0.0,0,0.010785356
1.0,1,0.4851177
1.0,1,0.9337398
1.0,1,0.96964306
1.0,1,0.92324376
1.0,1,0.95906943
1.0,1,0.9404502
1.0,1,0.9825822
1.0,1,0.76699895
0.0,0,0.073665455
0.0,0,0.033973034
0.0,0,0.069323815
1.0,1,0.9782754
1.0,1,0.46740156
1.0,1,0.8419385
0.0,0,0.043590624
1.0,1,0.5544395
0.0,0,0.11690771
0.0,0,0.007599441
0.0,0,0.20913507
1.0,1,0.9624057
1.0,1,0.8644623
1.0,1,0.9785959
1.0,1,0.9625144
1.0,1,0.91595435
1.0,1,0.6139375
0.0,0,0.10022466
0.0,1,0.42851675
1.0,1,0.984122
1.0,1,0.7972776
0.0,0,0.2812099
0.0,0,0.013641607
0.0,0,0.015334259
1.0,1,0.47896335
1.0,1,0.97263664
1.0,1,0.97019947
0.0,0,0.2561889
1.0,1,0.9353538
0.0,0,0.0070735775
0.0,0,0.22619861
1.0,1,0.85889906
0.0,1,0.7149391
1.0,1,0.97025895
1.0,1,0.842529
1.0,1,0.7872927
0.0,0,0.036822226
0.0,0,0.019493125
1.0,1,0.8581843
1.0,1,0.960043
1.0,1,0.8478062
0.0,0,0.023538271
1.0,1,0.6995765
1.0,1,0.9821856
0.0,0,0.019444099
1.0,1,0.97853464
1.0,1,0.97204304
1.0,1,0.89835656
1.0,1,0.8942047
0.0,0,0.043387815
0.0,1,0.55782485
1.0,1,0.98275906
1.0,0,0.021890026
1.0,1,0.93641406
1.0,1,0.9728718
0.0,0,0.005680812
1.0,1,0.98046595
0.0,0,0.1214845
1.0,1,0.51422477
1.0,1,0.9120408
0.0,1,0.55667996
0.0,0,0.049982887
1.0,1,0.9843688
0.0,0,0.010261592
0.0,0,0.065836646
1.0,1,0.79413795
0.0,0,0.029458106
0.0,0,0.012337436
1.0,1,0.9440313
1.0,1,0.6830734
0.0,0,0.064233676
0.0,0,0.12966314
1.0,1,0.976823
1.0,1,0.9796629
0.0,0,0.04250247
1.0,1,0.9612576
1.0,1,0.8689796
1.0,1,0.7910572
0.0,0,0.0058590164
0.0,1,0.62125057
1.0,1,0.63535905
0.0,0,0.12160196
0.0,0,0.022140883
1.0,1,0.976313
1.0,0,0.12811905
1.0,1,0.9520513
0.0,0,0.014404056
0.0,1,0.95429766
1.0,1,0.72301775
1.0,1,0.9045634
1.0,1,0.97461414
1.0,1,0.97736716
1.0,1,0.86162895
0.0,0,0.010945274
0.0,0,0.1459684
1.0,1,0.96448874
1.0,1,0.9693308
0.0,1,0.8385341
0.0,1,0.47464484
1.0,1,0.7284523
0.0,0,0.012932147
1.0,1,0.94890577
0.0,0,0.018356811
1.0,1,0.9805031
1.0,1,0.9734306
0.0,0,0.019672055
0.0,0,0.014833872
0.0,0,0.046920855
1.0,1,0.962934
0.0,1,0.54552937
0.0,0,0.015290307
1.0,1,0.83883435
0.0,0,0.020463748
1.0,1,0.52912736
1.0,1,0.89638513
0.0,1,0.7320714
0.0,1,0.6187873
0.0,0,0.017945414
0.0,0,0.08017739
0.0,0,0.017789168
0.0,0,0.0022862332
0.0,0,0.080478385
0.0,0,0.068043664
1.0,1,0.95443714
0.0,0,0.28464335
0.0,0,0.0038052532
0.0,0,0.11307713
1.0,1,0.83852553
1.0,1,0.70804983
1.0,1,0.97236496
0.0,0,0.024337882
0.0,1,0.87874514
1.0,1,0.96595913
0.0,0,0.013746173
1.0,1,0.94104713
0.0,0,0.028814944
1.0,0,0.3482887
0.0,0,0.1086534
0.0,0,0.059017774
1.0,1,0.6718004
0.0,0,0.09211529
0.0,0,0.16329761
1.0,1,0.9724334
0.0,0,0.042612422
1.0,1,0.976812
1.0,1,0.95784175
0.0,0,0.003336648
1.0,1,0.9614998
0.0,0,0.0061164093
1.0,1,0.9250109
1.0,1,0.63418645
0.0,0,0.0637433
1.0,1,0.9769183
0.0,0,0.07234883
1.0,1,0.88924634
0.0,0,0.059386857
0.0,1,0.7682703
1.0,1,0.765044
0.0,0,0.011316822
0.0,0,0.002323462
1.0,1,0.76485336
0.0,0,0.005118154
0.0,0,0.056939516
1.0,1,0.92754686
0.0,0,0.033976074
1.0,1,0.95429605
0.0,0,0.28285617
1.0,1,0.7985768
0.0,1,0.8468085
0.0,0,0.29686394
0.0,0,0.003933376
0.0,0,0.21327524
0.0,0,0.012879372
1.0,1,0.91344255
0.0,0,0.11059698
0.0,0,0.23082832
0.0,1,0.500419
1.0,1,0.98589534
0.0,0,0.035592075
1.0,1,0.8492345
0.0,0,0.024101451
0.0,0,0.042465284
1.0,1,0.77794987
1.0,1,0.9771895
0.0,0,0.16860506
0.0,0,0.0051056016
0.0,0,0.091139145
1.0,0,0.19626167
1.0,1,0.8510827
0.0,0,0.009463643
1.0,1,0.7306901
0.0,0,0.037330862
0.0,0,0.02205809
1.0,1,0.962586
0.0,0,0.050271403
0.0,0,0.023108022
1.0,1,0.97655994
0.0,1,0.7791132
0.0,0,0.24355285
1.0,1,0.9716374
1.0,0,0.19733854
0.0,0,0.037356727
1.0,1,0.946546
1.0,1,0.96307164
1.0,1,0.89138407
1.0,1,0.9799091
1.0,1,0.6035621
0.0,0,0.00564074
0.0,1,0.67874885
1.0,1,0.97371554
1.0,1,0.68946874
1.0,0,0.34890962
1.0,1,0.973439
1.0,1,0.98295593
0.0,0,0.106317334
1.0,1,0.5888467
1.0,1,0.85582465
1.0,1,0.87861335
0.0,0,0.04303776
1.0,1,0.7694543
1.0,1,0.59364176
0.0,0,0.014081112
0.0,0,0.059044246
0.0,0,0.11082223
1.0,1,0.9745204
0.0,1,0.6509311
0.0,0,0.008779589
0.0,0,0.052016467
1.0,1,0.9740174
1.0,1,0.6387862
1.0,1,0.86636
0.0,0,0.0020514787
0.0,0,0.005588435
1.0,1,0.94412565
1.0,1,0.9620117
1.0,1,0.9747452
0.0,0,0.015734784
1.0,1,0.7285496
1.0,1,0.7174001
1.0,1,0.73357433
0.0,0,0.03253939
0.0,0,0.27379876
1.0,1,0.979602
1.0,1,0.80746067
1.0,1,0.8751592
1.0,0,0.28556034
0.0,0,0.06271986
0.0,0,0.01671481
0.0,1,0.68082297
1.0,1,0.8779855
1.0,1,0.96609014
0.0,0,0.08399838
1.0,1,0.98003167
1.0,1,0.98572314
1.0,1,0.981309
1.0,1,0.6198585
0.0,0,0.021504758
1.0,1,0.7646032
0.0,0,0.21912903
0.0,0,0.014327425
1.0,1,0.9598878
0.0,0,0.039699595
0.0,0,0.12003846
0.0,0,0.016220491
0.0,1,0.6491436
1.0,1,0.9823331
0.0,0,0.0008946646
1.0,1,0.9519446
1.0,1,0.9811653
0.0,0,0.050163694
0.0,0,0.03970147
0.0,0,0.033051
0.0,0,0.06728618
1.0,1,0.8693846
1.0,0,0.037456624
1.0,1,0.65837693
1.0,1,0.76080424
1.0,1,0.7477061
0.0,0,0.0035568713
